:020000040800F2
:1000000000010020C100000800000008B1D900086C
:10001000292800082928000829280008292800087C
:10002000292800082928000829280008292800086C
:10003000292800082928000829280008292800085C
:100040002928000881430008B54300082928000832
:10005000292800083D42000879420008B5420008FE
:100060002928000835400008F13D0008653E0008D9
:10007000F15800082928000829280008A540000890
:100080000D470008292800082928000825470008EE
:1000900029280008292800082928000829280008FC
:1000A000292800082928000829280008B547000841
:1000B000292800082928000829280008854C00085C
:1000C00072B6224880F30988022080F31488BFF3B7
:1000D0006F8F02F089FB04F0ADFE1D481D491E4ADA
:1000E000914202DA08600431FAE71C49174A91424A
:1000F00002DA08600431FAE719491A4A1A4B9A429F
:1001000004DA0868106004310432F8E70020174967
:10011000174A914202DA08600431FAE702F06AFBFA
:1001200002F064FB134C144DAC4203DA216888479B
:100130000434F9E70DF0B6FA104C114DAC4203DA75
:10014000216888470434F9E70E4908472003002056
:1001500055555555000000200000002000010020EA
:10016000D0B7010820030020AC05002000000020CB
:100170006C3B0020C0000008C0000008C000000860
:10018000C0000008F1270008F0B544464D46564629
:100190005F46F0B46B46CB60C3689D46F0BCA0469A
:1001A000A946B246BB46F0BD62B6281CA047002057
:1001B00002F0C4FD02F024FD014A024B1360FEE789
:1001C00004ED00E00000008002B4714649084900D7
:1001D000095C49008E4402BC7047C04603B47146B6
:1001E000490840004900095A49008E4403BC704741
:1001F000002243088B4274D303098B425FD3030A66
:100200008B4244D3030B8B4228D3030C8B420DD378
:10021000FF22090212BA030C8B4202D31212090206
:1002200065D0030B8B4219D300E0090AC30B8B4244
:1002300001D3CB03C01A5241830B8B4201D38B03F2
:10024000C01A5241430B8B4201D34B03C01A524197
:10025000030B8B4201D30B03C01A5241C30A8B42DA
:1002600001D3CB02C01A5241830A8B4201D38B02C5
:10027000C01A5241430A8B4201D34B02C01A524169
:10028000030A8B4201D30B02C01A5241CDD2C309DB
:100290008B4201D3CB01C01A524183098B4201D357
:1002A0008B01C01A524143098B4201D34B01C01A42
:1002B000524103098B4201D30B01C01A5241C308BA
:1002C0008B4201D3CB00C01A524183088B4201D329
:1002D0008B00C01A524143088B4201D34B00C01A15
:1002E0005241411A00D20146524110467047FFE781
:1002F0000000002000F0F0F802BDC0460029F7D051
:1003000076E7704703460B437FD4002243088B42B5
:1003100074D303098B425FD3030A8B4244D3030B8C
:100320008B4228D3030C8B420DD3FF22090212BA51
:10033000030C8B4202D31212090265D0030B8B42CD
:1003400019D300E0090AC30B8B4201D3CB03C01AB7
:100350000000830B8B4201D38B03C01A5241430B25
:100360008B4201D34B03C01A5241030B8B4201D382
:100370000B03C01A5241C30A8B4201D3CB02C01AED
:100380005241830A8B4201D38B02C01A5241430A65
:100390008B4201D34B02C01A5241030A000001D321
:1003A0000B02C01A5241CDD2C3098B4201D3CB01FB
:1003B000C01A524183098B4201D38B01C01A5241AA
:1003C00043098B4201D34B01C01A524103098B42AE
:1003D00001D30B01C01A5241C3088B4201D3CB0099
:1003E000C01A524183088B4201D38B00C01A52417C
:1003F00043088B4201D34B00C01A5241411A00D22C
:1004000001465241104670475DE0CA0F00D0494294
:10041000031000D34042534000229C4603098B4204
:100420002DD3030A8B4212D3FC22890112BA030A8C
:100430008B420CD3890192118B4208D3890192110E
:100440008B4204D389013AD0921100E08909C30993
:100450008B4201D3CB01C01A524183098B4201D395
:100460008B01C01A524143098B4201D34B01C01A80
:10047000524103098B4201D30B01C01A5241C308F8
:100480008B4201D3CB00C01A524183088B4201D367
:100490008B00C01A5241D9D243088B4201D34B0082
:1004A000C01A5241411A00D20146634652415B10C4
:1004B000104601D34042002B00D5494270476346A5
:1004C0005B1000D3404201B5002000F005F802BDEA
:1004D0000029F8D016E770477047C0468446081CCC
:1004E0006146FFE71FB500F06DFB002801D4002135
:1004F000C8421FBD10B500F0EFFA4042013010BDF8
:1005000010B500F05FFB002801DB002010BD0120CA
:1005100010BDC04610B500F055FB002801DD0020DD
:1005200010BD012010BDC04610B500F0FDFA002836
:1005300001DC002010BD012010BDC04610B500F048
:10054000F3FA002801DA002010BD012010BDC046DA
:100550009E2110B5C905041CFFF7F0FF002803D148
:10056000201C00F08BFE10BD9E21201CC90500F050
:10057000ABFC00F083FE80231B069C466044F2E740
:10058000F8B54746CE4643025B0A4400C20F9C467C
:100590004800DD004B02240E5B0A000E80B5984631
:1005A00026009146C90FDB00271A8A4229D0002F66
:1005B00015DD00284AD1002B00D095E0ED08FF2C76
:1005C00000D188E06B025B0AE6B25B02F605580ACE
:1005D0003043D20710430CBC90469946F8BD002F1B
:1005E00000D087E0601CC0B2012800DCB6E0EE1A43
:1005F000720100D5C5E0002E3DD100220026002367
:10060000E3E7002F00DC96E000285DD0FF2C60D0EF
:100610008022D20413431B2F00DDECE02022D21BEA
:1006200018009340F8405A1E93410343ED186B01A4
:100630007BD50134FF2C00D1B7E0012207262A40E8
:100640006B089A4D1D4015432E4029E0FF2CB5D074
:100650008022D20413431B2F00DDB2E02022D21BE4
:1006600019009340F9405A1E93410B43ED1A6B0158
:100670005BD5AD01AE09300002F090F80538864038
:10068000844265DC041B330020200134E340041B5A
:10069000A640751EAE41334307261D0000241E40B0
:1006A00000004B460000002E04D00F232B40042BEB
:1006B00000D004356B0100D480E70134E6B2FF2C92
:1006C0002FD1FF26002380E7002B52D1FF2C00D032
:1006D00074E70A000000002DF3D08023DB032B43D6
:1006E0005B025B0AFF2670E7013F002FBED0FF2CA4
:1006F000B1D163E7002C47D0FF2869D08024E404FF
:100700007A4225431B2A00DDC5E02C002026D44078
:10071000B21A95406A1E954125435D1B0400894627
:10072000A5E7AB015B0A50E7002401224B461A40C3
:100730006B07BAD142E7002F3BD10134E0B2012868
:100740004ADDFF2CBDD00726ED186D082E40A7E727
:100750000723574D241A35401E40A1E7002C1BD11A
:10076000002D6ED1002B00D19AE00A001D003C0044
:1007700024E7013F002F00D158E7FF2C00D04AE7C3
:10078000A7E75E1B894676E7002D1CD10A00FF28EB
:100790001FD004001D0011E7002D5DD1002B17D1E3
:1007A00080230022DB03FF260FE70A00FF26002339
:1007B0000BE7002C21D1002D66D1FF28E9D11D00C7
:1007C00087E7012352E77A1CA7D0FA43FF2899D183
:1007D0000A001D00FF24F1E6002E21D1002D4FD08C
:1007E000002B4CD0ED186B019ED5314B07362E40B7
:1007F00001241D4054E7012318E7FF28DFD080249F
:10080000E4047F4225431B2F4DDC2026F61B2C00E1
:10081000B540FC406A1E95412543ED18040006E7EB
:10082000002DCCD0002B00D153E780216046C903B6
:10083000084203D04046084200D11D00012111406A
:1008400047E7002B00D1B9E6EA1A500125D5072663
:100850005D1B2E40894623E7FF24002B00D1ADE627
:1008600080226046D203104204D04046104201D19B
:100870001D00894601224B46FF241A409EE62B00AC
:10088000DD080A0000249DE67A1CC6D0FF43FF283D
:10089000B9D11D001DE701253FE7151E00D044E733
:1008A0000022002391E60125B7E7C046FFFFFF7D48
:1008B000FFFFFFFBF8B557464E464546DE4644026D
:1008C000E0B546008846640A360EC70F002E63D096
:1008D000FF2E24D08023E400DB041C430023994630
:1008E0009B467F3E434642465D02D20F5B006D0A47
:1008F0001B0E9046924665D0FF2B55D080220021DA
:10090000ED00D2047F3B1543F61A43464A467B402E
:100910000F2A00D98DE06D48920082589746002C2E
:1009200054D108239946063BFF269B46DAE700256B
:10093000534602291BD0032900D1BFE0012928D04A
:1009400030007F30002820DD6A0704D00F222A40C3
:10095000042A00D004352A0103D530005C4A8030D7
:100960001540FE2803DCAC01640AC2B201E0FF229C
:1009700000246402D205600ADB07104318433CBC24
:1009800090469946A246AB46F8BD0122101A1B2894
:100990007CDD00220024ECE7002C1DD104239946C5
:1009A000033B00269B469DE7FF3E002D20D1022100
:1009B00043464A467B400A430F2AD8D8454892000E
:1009C00082589746002D19D10121F1E70C23994651
:1009D000093BFF269B4685E7200001F0DFFE7626D7
:1009E000431F9C4000237642361A99469B4679E77E
:1009F0004A4603231A439146032186E7280001F063
:100A0000CDFE431F36189D40763600217DE78024B9
:100A10000023E403FF22ACE700258023DB031C4214
:100A200028D01D4226D12B435C02640A4346FF2294
:100A30009FE762016C01A24224D21B210025013EE6
:100A4000012710006D005200002801DB944201D8FC
:100A5000121B3D4301390029F3D11400621E944159
:100A600025436DE7BA46594625005346022900D072
:100A700061E77CE78023DB031C436402640A3B00DC
:100A8000FF2276E7121B1A210125D9E79E362A009C
:100A9000B5402C00C240651EAC411443620704D02F
:100AA0000F222240042A00D00434620103D4A4019E
:100AB000640A00225DE7012200245AE78024E4034F
:100AC0002C436402640AFF2253E7C0469C59010884
:100AD000FFFFFFF7DC59010870B542004E024C00E1
:100AE00045026D0A120EC30F760A240EC90FFF2AA3
:100AF0000FD0FF2C11D00120A24200D070BDB54212
:100B0000FCD18B420DD0002AF8D12800451EA84107
:100B1000F4E70120002DF1D1EBE70120002EEDD10B
:100B2000E9E70020EAE7C04670B54A004E024502F8
:100B300044006D0A240EC30F760A120EC90FFF2C53
:100B400015D0FF2A0ED0002C15D1002A01D1002E7D
:100B50001CD0002D14D08B4227D00220013B18401E
:100B6000013870BD002EEED002204042F9E7002D82
:100B7000FAD1FF2A0ED0002A0ED1002EEDD00BE0C4
:100B800001230139994308000130EAE70020002DD4
:100B9000E7D0E2E7002EE7D18B42DED1944205DDBB
:100BA0000221581E08400138DBE70024A24204DC81
:100BB000B542D2D80020B542D3D2581E0123984363
:100BC0000130CEE730B5420044024D02C30F480069
:100BD000640A120E6D0A000EC90FFF2A12D0FF28F8
:100BE0000CD0002A12D1002819D1002D17D1002CC9
:100BF0002BD00220013B1840013826E0002DF0D018
:100C0000022022E0002CFBD1FF281FD000281FD19A
:100C1000002D1DD10220013B1840013815E0002CA9
:100C20000ED08B42E5D10022904204DCAC42E0D8E9
:100C30000020AC4209D2581E01239843013004E041
:100C40000123013999430800013030BD002DD7D16F
:100C50008B42CED18242E7DD0221581E0840013886
:100C6000F3E7C046F0B54E4657464546DE46E0B58A
:100C700043025B0A450083B00F1C99462D0EC60F38
:100C8000002D57D0FF2D24D08020DB00C004184356
:100C9000002381469A469B467F3D7C027A00FB0FEB
:100CA000640A120E984623D0FF2A4BD0E30080241A
:100CB0000020E4047F3A1C43AD186B1C47460193A7
:100CC000534677403A000F2B48D87D499B00CB58BC
:100CD0009F46002B00D085E008339A46063B9B4692
:100CE0007C027A00FB0FFF25640A120E9846DBD1C6
:100CF000002C00D090E0524601231A439246012076
:100D0000DBE74C4658461700022824D0032800D1C0
:100D1000CFE00022002301284DD15802D205400A1D
:100D2000FF071043384303B03CBC90469946A246A7
:100D3000AB46F0BD002B5BD104239A46033B002554
:100D40009B46AAE7FF35002C60D1524602231A4386
:100D500092460220B1E7FF220023DEE74B461B0C40
:100D60009C464B462604360C180461463300220C80
:100D70006446000C43434E435043544380191A0CBD
:100D80001218964203D9802149028C4664441B0400
:100D90001B0C1004C01883015E1EB341800E184363
:100DA000130C1B199B0103431C00230179D501235C
:100DB00062081C401443019A7F32002A4DDD63070C
:100DC00004D00F232340042B00D00434230103D587
:100DD0003C4B019A1C408032FE2ABCDCA3015B0A1A
:100DE000D2B29AE70C239A46093BFF259B4654E76B
:100DF000180001F0D3FC4A46431F76259A40002391
:100E00006D4291462D1A9A469B4646E75246032369
:100E10001A439246032050E7200001F0BFFC431F15
:100E20002D1A9C40763D002047E780230027DB03F6
:100E3000FF2272E7424666E74C463200584662E7B8
:100E400080234A46DB031A4222D01C4220D123438E
:100E50005B025B0A4746FF225FE701239A1A1B2ABF
:100E600021DC23000199D3409E318C401A002300DD
:100E70005C1EA34113435A0704D00F221A40042AD0
:100E800000D004335A0111D49B015B0A002244E7CD
:100E900080234A46DB0313435B025B0A3700FF22D1
:100EA0003BE7019587E70022002336E70122002374
:100EB00033E78023DB0323435B025B0AFF222CE73B
:100EC0001C5A0108FFFFFFF7F8B54746CE4644001D
:100ED000C20F80B547024802400A84466646480071
:100EE0007F0A240EF60025009046FB00000EC90F75
:100EF000B146FF2800D185E001267140261A9142B3
:100F000057D0002E43DD002800D07FE0494600295D
:100F100000D1AAE0013E002E00D0F7E05B1A5A0192
:100F200000D48BE09B019C09200001F037FC0538C0
:100F30008440854200DDD3E0451B2300202001359D
:100F4000EB40451BAC40621E94412343072400251F
:100F50001C40012241460A40002C04D00F211940B8
:100F6000042900D00433590100D480E00135ECB2EB
:100F7000FF2D00D0A3E0FF2400235B02E405580A04
:100F8000D207204310430CBC90469946F8BD002E72
:100F900074D1601CC0B2012800DCA7E04A469C1A4C
:100FA000620100D5B6E0002CBED10022002400234F
:100FB000E3E7002E00DC85E0002846D0FF2C49D076
:100FC00080224846D2041043814601221B2E09DCB0
:100FD00020204C46801B84404A462000F240441E9C
:100FE000A04102439B185A0128D50135FF2D00D19D
:100FF000A8E00122072494491A405B080B401343E0
:101000001C40A6E7002E00D078E775E7FF2C54D0EF
:1010100080224946D2041143894601221B2E09DC55
:1010200020214846891B88404A460100F240481E5C
:1010300081410A439B1A5A0100D573E701224146B8
:101040000A40590700D089E711E04846002858D1E6
:10105000FF2C0CD1DB08002B00D18CE78020C003D3
:1010600003435B025B0AFF2487E7FF2C25D0DB08E4
:10107000FF2DF0D05B025B0AECB27EE7002C4DD076
:10108000FF2818D08024E404724223431B2A00DD89
:10109000C4E01C002025D440AA1A93405A1E934154
:1010A00023434A460500D31A884638E7721CF8D015
:1010B000F243FF28EAD10A004B46FF25D7E79B0100
:1010C0005B0A5AE7002E41D1651CE9B2012945DDD2
:1010D000FF2D00D14FE707244B445B081C4038E745
:1010E00007225A4B2D1A2340144032E7002C1DD101
:1010F000002B7AD14B46002B00D191E00A0000254D
:10110000B5E7013E002E19D14B446CE7FF2C84D18A
:10111000FF25ACE74A468846D41A05E7002BC5D11F
:101120000A00FF28C8D005004B46A0E7002B49D194
:101130004B46002B77D00A00FF2598E7FF2C00D004
:1011400043E787E70A00FF24002316E7002C15D1A8
:10115000002B57D1FF28E6D14B467BE7002C20D14E
:10116000002B57D04946002953D04B445A0168D52B
:101170000724364A1C4001251340EAE6FF28EBD03D
:101180008022D204764213431B2E53DC2025AD1B54
:101190001A00AB40F2405C1EA34113434B440500D0
:1011A00021E7002BD8D04946002900D152E7802101
:1011B000C9030F4200D14DE76046084200D049E71D
:1011C0004B4647E74846FF25002800D14FE78022DD
:1011D000D203174204D06046104201D14B468846E4
:1011E00001224146FF250A4041E7484600281FD01A
:1011F0001A1A500120D54A460724D31A1C408846A3
:101200000025A6E6741CC9D0F643FF28BCD14B4686
:1012100020E799464B460025DB082BE7012340E7F2
:1012200000220023A9E680230022DB03FF24A4E69A
:1012300000251CE70123B1E7002AF1D013000025A7
:10124000FCE60025FAE6C046FFFFFF7DFFFFFFFB3F
:1012500042024B0240004900520A5B0A090E000E8E
:10126000FF2806D00020FF2902D11800431E984114
:101270007047FE38002AFBD1F4E7C0464102420025
:10128000C30F490A120E00207E2A0DD99D2A0CD8C0
:10129000802000040143952A0ADC9620821AD1405E
:1012A0004842002B00D108007047034A9818FBE71A
:1012B000963A9140F4E7C046FFFFFF7F70B50028E3
:1012C0003DD0C317C5185D40C40F280001F066FA71
:1012D0009E22121A962A07DCD2B2082833DD08387B
:1012E00085406802400A23E0992A0BDD0523290086
:1012F0001B1AD94003001B339D402B005D1EAB41E0
:1013000019430D00052801DD431F9D402B000F49A7
:101310000B406E0709D00F263540042D05D004334D
:101320005D0102D59F220B40121A9B01580AD2B2CE
:101330004002D205400AE4071043204370BD002458
:1013400000220020F4E76802400AF1E7FFFFFFFBFC
:1013500070B5041E34D001F021FA9E22121A962A8A
:1013600007DCD2B208282EDD083884406002400A2B
:1013700021E0992A09DD030021001B3399404B1E0F
:10138000994105231B1ADC400C43052801DD431F4E
:101390009C4023000D490B40650709D00F252C40C8
:1013A000042C05D004335C0102D59F220B40121A95
:1013B0009B01580AD2B24002D205400A104370BDC8
:1013C00000220020F7E76002400AF4E7FFFFFFFB7E
:1013D000F0B54F464646D6460C000903C0B5490A4B
:1013E000470F5E0039431F03DB0F9C4665007B0AF5
:1013F000570F1F436D0DE40F760DA146C000B84690
:10140000D200AB1B64457BD0002B5FDD002E00D0EB
:10141000A4E03E00164300D112E15E1E002E00D073
:101420009EE1871A4346B84280410125C91A4042CD
:10143000091A0B0200D431E149024E0A002E00D1F4
:101440006EE1300001F0AAF90300083B1F2B00DD1C
:1014500061E120223900D21A9E40D1409F400E43C4
:101460009D4200DD51E15D1B6B1C1F2B00DD7CE10B
:101470002021C91A3D0030008F408840DD40791E90
:101480008F41310007222843D940002507433A40C5
:10149000002A09D00F233B40042B05D03B1DBB4243
:1014A000BF417F42C9191F000B0200D426E26A1C0B
:1014B000C64B55056D0D9A4200D106E1C44AFF089E
:1014C0000A40530752023B43120B8EE0002B00D020
:1014D000B8E06B1C5B055B0D012B00DC30E1871A6B
:1014E0004346B842B641CB1A76429E1B330200D522
:1014F0004CE13B003343A1D100220024002570E0E1
:10150000002B00DCE5E0002E00D183E0AF4EB542B9
:1015100060D0802636043743B846382B00DC3EE1E5
:10152000434613431F007A1E97413F18874280416C
:10153000404209180B0200D4B0E0A44B01359D4293
:1015400000D1C3E0A24A7B080A4001210F401F439B
:101550005108D30707221F433A4099E79B4EB542F3
:1015600038D0802636043743B846382B00DDDCE01F
:101570001F2B00DC30E11E004746203EF740BC46F2
:10158000202B04D04026F31A46469E4032431700D3
:1015900063467A1E97411F43CCE0002B00D104E242
:1015A0004346134300D159E14B07C0081843802339
:1015B000C9081B03194208D04546ED081D4204D155
:1015C0004346D008590708432900420FC9007F4D00
:1015D0001143C0004B07CA087C49C00803438D4231
:1015E00068D012036D05120B6D0D00211203180057
:1015F000130B0A0D12051A43764B2D0513402B438E
:101600005B00E4075B08234319001CBC9046994625
:10161000A246F0BD3E00164312D05E1E002E00D042
:1016200000E1871887428041414440420918012562
:101630000B0233D5022585E764463300414610008E
:101640001D00C7E7002D00D0DAE00C000443F3D002
:101650005C1C00D19FE15D4CA64200D12FE1DB4331
:10166000382B00DD66E11F2B00DD83E1202405001F
:10167000E41A0F00DD40D940A0404346A7405B1A62
:10168000441EA04198462F433843171ABA4292414C
:1016900043465242991A64463500CAE607223A4048
:1016A000002A00D0F6E64B07CA084849FF083B432A
:1016B0008D4296D11900114300D19EE1802109038A
:1016C0000A431203120B414D8FE71500002200233D
:1016D0008BE7002B00D0C7E06B1C5F057F0D012F4F
:1016E00000DCF1E0394DAB4200D1B9E085180A00C9
:1016F000854289414244494251180722CF076D086B
:101700002F4349083A401D00C2E607223049ED1A2E
:1017100031403A40BCE63E002838864000279FE62C
:10172000380001F03BF820308EE6434613431F009B
:101730007A1E9741C71BB84280414042091A78E699
:101740000E003B0006431343002D61D1002E00D054
:10175000F4E0002B00D11BE164463900100039E7AA
:101760001A4FBB427AD03300FFE630001F3DE840FD
:10177000202B03D04021CB1A9E4037437B1E9F4134
:10178000072207433A400021002589E7171A4346FC
:10179000BA42B641591A76428E1B64464EE61F2B5A
:1017A00000DDADE020264746F61AB740B9461700DF
:1017B000B246DF404E463E4337005646B240561EC4
:1017C000B24117434246DA408918AEE6FF070000EF
:1017D000FFFF7FFFFFFF0F8020264746F61AB74026
:1017E000B9461700B246DF404E463E4337005646E4
:1017F000B240561EB24117434246DA40891A99E771
:101800007F4CA6425BD0802424045B42214327E71F
:10181000002E0CD1002B00D1CBE064463900100023
:10182000774DD7E6764FBB4218D0330075E6002BD4
:1018300014D04B07C00818438023C9081B03194262
:1018400007D0FC081C4204D17907D0080843E146C0
:1018500021004C46420FC9001143C000684DB9E653
:101860001D0000220023C0E6002D5BD10D000543C2
:1018700000D1E2E65D1C00D1B0E0614DAE421FD068
:10188000DB43382B71DC1F2B00DD96E020250F0099
:10189000ED1AAF40B9460700AA46DF404D463D432A
:1018A0002F005546A840D940451EA841884407430B
:1018B000BF18974292415142414435003AE664468E
:1018C00035004146100085E60B000343002D00D093
:1018D00063E6002BF5D04346134300D17AE6871820
:1018E0008742804107224144404209183A400B0296
:1018F00000D4D5E6434B01351940C9E5380069E607
:101900001E004746203EF740BC46202B04D0402610
:10191000F31A46469E403243170063467A1E9741AB
:101920001F4302E6364DAE42CAD080252D045B42ED
:101930002943A6E70843411E8841A6E6002B00D1B3
:1019400048E6871A4346B842B641CB1A76429E1BF8
:1019500033024BD5171A4346BA429241591A5242A2
:10196000891A072264463A4092E501430F00791E26
:101970008F419DE71C000F00203CE740202B03D047
:101980004024E31A99400843411E884138437CE6CD
:101990000022002425E6171A4346BA429241591AFA
:1019A0005242891A6446350043E541461000144D01
:1019B00010E680220024120380E61D000F00203D67
:1019C000EF40BC46202B03D04025EB1A994008433A
:1019D00007006346781E87411F4369E787189742CF
:1019E0009B4141445B42C9183500A3E53B003343AA
:1019F000CED0072231003A4052E600231A00F4E527
:101A0000FF070000FFFF7FFFF0B55746DE464E465A
:101A10004546E0B5834606000F03480087B092466E
:101A20001D003F0B400DCC0F002800D16FE0DE4BB6
:101A3000984238D08023FF001B041F43730F3B43A1
:101A40000193DA4B0027994600239B46F600814418
:101A50002B0369001B0B52469846490DED0F0029D8
:101A600000D185E0D04B994200D173E04346DA00C3
:101A700080231B0413435246CC48520F8446134321
:101A8000524600206144D2008944210069400091FF
:101A90008C46012149448A460F2F00D990E0C44961
:101AA000BF00CF59BF465B463B43019300D06AE17C
:101AB00002230827002681469B46C9E73200584684
:101AC000019B61460091022800D175E0032800D1F6
:101AD000FEE1012800D02CE100230027002600258C
:101AE0003F032A0D3F0BB34812053A4302401B0542
:101AF0001343009A5B00D1075B080B4330001900C9
:101B000007B03CBC90469946A246AB46F0BD5B464A
:101B10003B43019300D12FE1002F00D1A5E1380014
:101B200000F03CFE03000B3B1C2B00DD96E11D2268
:101B3000D31A5A460100DA405E4608398F40130036
:101B40008E403B4301939C4B00271B1A9946002370
:101B50009B467DE7414653460B4393498C46E144FF
:101B6000002B00D01AE102220220174300228CE74A
:101B7000134300D10DE14346002B00D181E14046E3
:101B800000F00CFE02000B3A1C2A00DD72E101009D
:101B9000434608398B4098461D239A1A5346D34032
:101BA0001A004346134352468A404946081A82495E
:101BB00089468144002068E77B4B002700268EE79A
:101BC000140C1204120C1100370C3604350C794336
:101BD00028008C462E006043604483465643210013
:101BE000300C80465846794340440291844506D9DA
:101BF0008846802149028C46E044414602913604E1
:101C0000010C360C00048B4681191E0C1B041B0CA6
:101C10000391190079438C46280075436544A84612
:101C20005843050C45447743A94203D98021490212
:101C30008C466744290C8C4639000004000C2D04A6
:101C40002D186144AB4405915946049101990F0444
:101C50003F0C080C390051434243904602008C4629
:101C6000090C8B4662437C4344445C44A04503D941
:101C70008021490288464244210C88466146090475
:101C8000090C8C4639005943434370437E430F0C83
:101C9000F6182404BE19644442448C46B34203D966
:101CA00080235B0298464044029B61469846049B11
:101CB000370443449B46AB45AD416B420D04059947
:101CC0002D0C8C467F196744FD18A8465D462D19DA
:101CD000A542A44193466442A446C344DC448F42D7
:101CE000BF4198459B4193459241A445A4415B4225
:101CF0007F421F43360C52426442BF192243BF1831
:101D0000624638184302D20D039913436A020A430C
:101D1000501E82416146ED0D2A434E023243D901E5
:101D200000D4B3E00126500832400243DE073243BC
:101D30005B08224C5444002C62DD510709D00F206F
:101D40001040042805D0101D9042924152429B1829
:101D50000200D90104D580241948E400034054440A
:101D60001848844200DD27E75E075B02D2081F0B9C
:101D7000630516435B0DB2E6002399460133042741
:101D800000269B4664E60323019781460C279B4669
:101D90005EE6012201201743002276E6032303209A
:101DA0001F43434671E6C046FF07000001FCFFFFEA
:101DB0005C5A0108FFFF0F800DFCFFFFFF030000CE
:101DC000FFFFFFFEFE0700000023802700933F0374
:101DD0000026434B83E6019B3200A446584670E63A
:101DE000AC466EE6802701993F0339422DD03B4235
:101DF0002BD11F433F033F0B00951600384B6EE677
:101E000001252D1B382D00DD66E61F2D40DC3548F1
:101E10001C005044160082408440EE40501E824117
:101E200034431443EB40620709D00F222240042AB6
:101E300005D02200141D9442804140421B181A0212
:101E40003ED501230027002649E68027019B3F035A
:101E50001F433F033F0B0094214B40E603005A46CB
:101E6000283B9A40002601926DE6584600F096FC09
:101E7000203057E603005246283B9A4013000022C8
:101E800093E6504600F08AFC20307BE6CA4650E7D5
:101E90001F201E004042041BE640202D03D0124CA0
:101EA0005444A3401A43501E824132430726002760
:101EB000164009D00F200023104014000428B9D187
:101EC00022005E075B021F0BD2081643002306E6C2
:101ED00080273F031F433F033F0B1600004BFEE5E7
:101EE000FF0700001E0400003E040000F8B557463E
:101EF0004E464546DE460C000903E0B5490A460F4A
:101F00005F0031431E03DB0F760A9B46530F3343BA
:101F1000C84E6500C000E40FD2006D0DA246814698
:101F20007F0D9C469046B74200D1B9E05B46012642
:101F300073409B46EE1BA34500D183E0002E63DD7A
:101F4000002F00D0B1E06346134300D123E1731E9C
:101F5000002B00D0BAE1861A6346B04280410125C9
:101F6000C91A4042091A0B0200D447E149024B0A40
:101F700098464346002B00D189E1404600F00EFC14
:101F80000300083B1F2B00DD7CE120223000D21A29
:101F90004146D040994002009E400A439D4200DDE8
:101FA0006AE15D1B6B1C1F2B00DD94E120211000FA
:101FB0003500C91A8E40DA408840DD40711E8E41DE
:101FC000110007222843002506433240002A09D089
:101FD0000F233340042B05D0331DB342B641764264
:101FE00089191E000B0200D43DE26A1C914B550575
:101FF0006D0D9A4200D119E18F4AF6080A40570741
:1020000052023743120B9BE0002E00D0C5E06E1C3D
:102010007605760D012E00DC48E16746861ACB1B5B
:10202000B042BF417F42B8461F004346FF1A3B0003
:10203000B8461B0200D55FE137439AD10022002445
:10204000002579E0002E00DCFAE0002F00D18DE0C1
:10205000784B9D4267D0802367461B041F43BC46D4
:10206000382E00DC52E1634613435A1E93411E187A
:1020700086428041404209180B0200D4BEE06D4BFD
:1020800001359D4200D1D2E06B4A73080A4001211C
:102090000E401E435108D30707221E43324095E7E6
:1020A0001E00164300D045E740E7624B9D423AD000
:1020B000802367461B041F43BC46382E00DDEBE03F
:1020C0001F2E00DC3AE133006746203BDF403B0037
:1020D000202E05D04027BF1B6646BE4032439046A7
:1020E0004646721E96413343DAE0002B00D114E2DB
:1020F0006346134300D168E180234E07C008C90836
:102100001B030643194208D06046C008184204D198
:1021100063460100D2085E071643F3009946C900E2
:10212000720F444D11434B46DE08424B4F07374375
:10213000CA089D4200D16EE012036D05120B6D0DB1
:1021400000211203130B0A0D12051A433B4B2D05F8
:1021500013402B435B00E4075B082343380019005E
:102160003CBC90469946A246AB46F8BD6346134335
:1021700011D0731E002B00D007E1861886428041E3
:1021800061444042091801250B0237D502257BE73F
:102190003E00614691463500C5E75C46002D00D003
:1021A000E1E00B000343F3D0731C00D1ACE1214B01
:1021B0009F4200D13AE1F343382B00DD6FE11F2B42
:1021C00000DD8CE120250E00ED1AAE40B046060081
:1021D000AA46DE40454635432E005546D940A84024
:1021E0006346451EA8415B1A9C463043161AB2420C
:1021F000924163465242991A3D00B4E607223240AA
:10220000002A00D0E4E60B4BF6084F073743CA0814
:102210009D4200D090E73B00134300D1A6E180230C
:102220001B031A431203120B024D89E7150000220B
:10223000002785E7FF070000FFFF7FFFFFFF0F80FC
:10224000002E00D0C7E06B1C5E05760D012E00DC71
:10225000F0E0C84DAB4200D1B9E085180A008542D4
:1022600089416244494251180722CE076D082E4326
:10227000490832401D00A9E6BF49ED1A1140072266
:102280003240A3E6320028388240002686E630003D
:1022900000F084FA203073E6634613435A1E9341DC
:1022A000C61AB04280414042091A5CE60E006746F9
:1022B00006431743002D5ED1002E00D0F3E0002F1F
:1022C00000D11EE15C46614691462CE7A94FBE4213
:1022D0007BD01E00F1E610001F3DE840202B03D00C
:1022E0004021CB1A9A401643731E9E410722064393
:1022F00032400021002583E7161A6346B24280412E
:10230000591A40420B1A98465C4632E61F2E00DDF1
:10231000ABE02027BB1B9A4663465746BB40994615
:1023200013004F46F3401F433B005746BA40571E29
:10233000BA4113436246F240891898E62027BB1B36
:102340009A4663465746BB40994613004F46F340B2
:102350001F433B005746BA40571EBA4113436246DB
:10236000F240891A9CE7834B9F425FD080252D0461
:102370007342294320E7002E0CD1002F00D1D0E07A
:102380005C46614691467B4DCDE67A4FBE421CD0FD
:102390001E0065E6002F18D0C0084E0706438020B7
:1023A000C9080003014208D06346DC08044204D196
:1023B0002100DA46D2085E071643F300994601244D
:1023C0005346C900720F11431C406A4DABE61D0015
:1023D00000220027B4E6002D59D10B00034300D1A1
:1023E000D6E6731C00D1B2E0624B9F421ED0F3438D
:1023F000382B6FDC1F2B00DD97E020250E00ED1A37
:10240000AE40B0460600AA46DE40454635432E00A3
:102410005546A840D940451EA8418C440643B618ED
:1024200096429241514261443D0025E63D0061469D
:10243000914678E60B000343002D00D055E6002BB3
:10244000F5D06346134300D16DE68618864280417D
:1024500061444042091800220B0200D4D0E6464BEA
:1024600001351940B2E5B1465DE633006746203BD1
:10247000DF403B00202E05D04027BF1B6646BE40F4
:10248000324390464646721E96413343EFE5394B40
:102490009F42CBD080252D0473422943A8E70843EF
:1024A000411E8841A2E6002F00D13CE66346861A11
:1024B000CF1AB0429B415B42FB1A98461B024ED595
:1024C000161A6346B2429241591A5242891A5C4620
:1024D00000227BE501430E00711E8E419FE71D0027
:1024E0000E00203DEE40B046202B04D04025EB1AD4
:1024F00099400843814648464346411E8841184357
:1025000074E60022002417E6161A6346B24292418E
:10251000591A5242891A3D0025E561469146154DEA
:1025200001E680220024120379E61D000E00203D02
:10253000EE40B046202B04D04025EB1A99400843CA
:1025400081464E464346711E8E411E4367E78618FC
:1025500096429B4161445B42C9183D008CE5474669
:102560003743CED007224146324049E600273A00A1
:10257000E6E5C046FF070000FFFF7FFF70B50028BB
:102580002DD0C317C5185D40C40F280000F006F910
:10259000154B1B1A5B055B0D0A2815DD0B388540B2
:1025A00000222D032D0B002110002D030A0D2D0BF1
:1025B00012052A430D4D1B052A4013435B00E40717
:1025C0005B082343190070BD0200290015329140B9
:1025D0000A000B21081AC5402D032D0BE3E7002448
:1025E000002300250022DEE71E040000FFFF0F800D
:1025F0004100090E4B1C70B5DBB24602750AC40FD0
:10260000012B14DDE0239B006D07360BCB18002156
:102610000A0D280012051C4D32435B052A405B0859
:1026200013435B00E4075B082343190070BD0029D6
:1026300014D1002D1ED0280000F0B0F80A281CDCB0
:102640000B232A001B1ADA40030015339D400F4B61
:1026500012031B1A5B05160B5B0DD8E7002D06D085
:10266000320B802636036D071643094BCFE7084B24
:102670000026CCE700230026C9E703002A000B3B15
:102680009A400025E3E7C046FFFF0F808903000062
:10269000FF070000F0B54C00640D0B03621C5B0AE1
:1026A000460F5205C90F1E43C500520D012A29DDF0
:1026B000374BE718FE2F1CDC002F3BDD8001431E4B
:1026C00098410722F3006D0F03432B431A40002A61
:1026D00004D00F221A40042A00D004338022D204EE
:1026E0001A4024D00137FAB2FF2F02D09B01580ABA
:1026F00001E0FF2200204002D205400AC907104332
:102700000843F0BD3543002C04D1002D0AD100222E
:102710000020F0E7002DECD08020C0033043FF22E2
:10272000E9E7002400235B02580AE2B2E3E7DB0892
:102730003C00F8E73B001733F3DB80231B043343F3
:102740001E26F61B1F2E14DD02225242D71B1A0032
:10275000FA401700202E04D00E4A94466444A34049
:102760001D432B005D1EAB4107223B431A4000274F
:10277000ADE7094A2800A218954093406C1EA54178
:10278000F04007222B4303431A4000279FE7C0462F
:1027900080FCFFFFA2FCFFFF82FCFFFF1C21012346
:1027A0001B04984201D3000C10391B0A984201D334
:1027B000000A08391B09984201D30009043902A212
:1027C000105C40187047C046040302020101010179
:1027D00000000000000000000023C25C0133002A5A
:1027E000FBD1581E704700007047C0467047C04676
:1027F000FEE7C0460A4A0EE001C901C3906898424C
:10280000FAD801E0002102C3D1689942FAD8103207
:10281000044B9A4202D211685368EFE77047C046F2
:102820009C5A01081C5B0108FEE7C046FEE7C04653
:1028300010B500F0F5F800F063F80B4C80220B495E
:10284000200000F0FFF9303CA061094BC361202358
:102850000122C254074A136A07490B40136262B649
:10286000064800F01FFA10BDA0060020545B0108C6
:102870000001002000ED00E0FFFF00FF1C5B0108ED
:1028800072B6014BD862FEE77006002070B51B4B94
:10289000DC698023DB055A6A08E062B62069A84734
:1028A00072B6164BDC698023DB055A6AA3681349AC
:1028B000886A111A8B4211D8104A1B18936221683A
:1028C00013001C334B602168D161E5680021E16091
:1028D000D2699A42E1D100F0D1FADEE70749CC692A
:1028E0001C318C4206D01818801A012803D9101800
:1028F00000F0CAFA70BD0220F9E7C0467006002059
:10290000054B1A001C32DA611A62012252425A62E5
:1029100000229A627047C0467006002070B505001C
:102920000361C2608023DB05586A01290ED91A4B66
:10293000DA691C339A420BD00818174B9C6A041BA7
:102940009368A34212D8144BDB6914E00221EEE72E
:10295000114B9862DD611D621A001C322A606A60A8
:10296000A960986A401800F081FA14E000F08CFA2F
:10297000E9E7A41A1B689A68A242FAD32B605A6846
:102980006A6015605D60AC609A68141B9C60024BC5
:10299000012252425A6270BD7006002010B51E4BD3
:1029A000DB69834211D0436802681A600368426899
:1029B0005A600023C3600368184A934204D08268B7
:1029C00099688C4662449A6010BD0168124BD961C7
:1029D0001A001C324A600021C160DB69934215D0A5
:1029E000826899688C4662449A608023DB055C6A41
:1029F00009498B6AE01ACB699B688342E4D9181AAB
:102A0000012806D9001900F03FFADDE700F036FA98
:102A1000DAE70220F6E7C046700600208C060020A8
:102A2000034B1B605B6000229A601B615B61704717
:102A30007006002020230022C254064B1B689A68AF
:102A400081688A42FAD203605A6842601060586016
:102A50007047C0467006002010B572B62023C35CD4
:102A6000032B0CD0042B0ED0002B06D001235B428D
:102A70004362FFF7DFFF62B610BD62B6FCE7436A50
:102A800000221A60F2E7436802681A60036842682D
:102A90005A60EBE720230022C254064B1B689A6859
:102AA00081688A42FAD803605A68426010605860B0
:102AB0007047C0467006002010B50D4B9C69202160
:102AC00060541A681068186043609A610123535477
:102AD000EFF30983243BE269934205D3044B9869E1
:102AE0002100FDF751FB10BD0248FFF7C9FEF5E7D5
:102AF000700600203C5B010810B586B004004B1C3A
:102B000013D00B4B9B690B4A01A8FFF707FF20006E
:102B1000FFF7D2FF049B002B02D001A8FFF73EFF76
:102B2000034B9B69586A06B010BDFFF7C5FFF7E776
:102B300070060020592A000870B50400104B9869EF
:102B40006162A3688268934212D9FFF773FF0500A0
:102B50000B4B9C6120230122E254EFF30983243BB9
:102B6000C269934208D329002000FDF70DFB70BD18
:102B70002000FFF75FFFFAE70248FFF781FEF2E768
:102B8000700600203C5B0108044B1A6892689B6940
:102B900098689042804140427047C04670060020CD
:102BA00010B50E4B98691A68116819604B609A61EC
:102BB00020230121D154FFF76DFF0400EFF30983B7
:102BC000243BC269934205D3044B98692100FDF769
:102BD000DBFA10BD0248FFF753FEF5E77006002050
:102BE0003C5B010810B5054B1A6892689B699B68AD
:102BF0009A4200D810BDFFF7D3FFFBE77006002014
:102C000010B50E4B98691A68116819604B609A618B
:102C100020230121D154FFF73DFF0400EFF3098386
:102C2000243BC269934205D3044B98692100FDF708
:102C3000ABFA10BD0248FFF723FEF5E7700600204F
:102C40003C5B0108826020230222C254013300222F
:102C5000C25401330132C2548161034B03615A698A
:102C600042611061586170477006002001E00270F7
:102C700001308842FBD3704710B50100836818000B
:102C800028384A68C2614C3BC3600A691A614A69C4
:102C90005A61034A1A62CA680968FFF7D3FF10BD78
:102CA000A901000810B50400552281684068FFF7AB
:102CB000DDFF72B62000FFF7DFFF04000021FFF701
:102CC0003BFF62B6200010BDF8B506000C001500F1
:102CD0001F0041185522FFF7C9FF72B6200028389F
:102CE0003018C6610300243BC3601F61069A5A6115
:102CF000064A1A622A000649FFF7A4FF04000021D1
:102D0000FFF71AFF62B62000F8BDC046A90100080F
:102D10004C5B010810B5084B9B69586222229A5CF3
:102D2000002A05D15A69196911611A695B695361F1
:102D30000F20FFF7C1FE10BD7006002010B572B65F
:102D4000FFF7E8FF10BDC04610B5010072B60820BD
:102D5000FFF7D2FE62B610BD10B500290AD0074BAE
:102D60009B69186042685A60136043600420FFF753
:102D7000C3FE10BD01204042FBE7C04670060020A4
:102D800010B50368984206D01A6802605060596214
:102D90001800FFF74FFE10BD70B504000D0005E0F0
:102DA000036823605C604562FFF744FE206884424C
:102DB000F6D170BD72B6024B186962B67047C04654
:102DC0007006002072B60069034B984201D062B6CB
:102DD00070470020FBE7C0467006002080B500AFBA
:102DE000EFF30983203383F3098862B6BD4680BDC3
:102DF000B0B500AF0F3010D072B6EFF309842300E6
:102E0000203B83F3098880225204DA61FFF7BCFE7D
:102E1000002804D1203C044BA361BD46B0BD203C3A
:102E2000024BA361F9E7C046B8010008B5010008EC
:102E300010B501F081F80A4801F012FB00F0E6FA43
:102E400000F0F8FA00F040FB00F020FE00F000FC7B
:102E500000F082FF02F00AF800F004F810BDC0464E
:102E6000D05C010810B501F031F910BD8023DB05FD
:102E7000586300221A610232DA6070478023DB0552
:102E80000022DA607047C0468023DB055863704734
:102E90008368013B836003698269944663440361EC
:102EA0004269934201D3036A03617047C3681960A2
:102EB000836801338360C368826994466344C36056
:102EC0004269934201D3036AC360704710B58368B7
:102ED000002B01D0002010BDFFF73EFFFBE7C046EE
:102EE00010B5C3680269934204D00023002B06D1B9
:102EF000002010BD8368002BF8D00123F6E7FFF710
:102F00002BFFF6E730B5006040600024846001616B
:102F1000C16004321D0055434D1945618261C36192
:102F2000016244628462039BC362049B036330BDFD
:102F300010B500238360026A0261C260436283624B
:102F400002214942FFF728FF10BDC04610B504001A
:102F5000FFF7ACFF00212000FFF712FF10BDC046B5
:102F600010B50400FFF7B2FF002805D12269131D38
:102F7000636212689B18A36210BDC04610B50400BE
:102F8000FFF786FF00236362E36A002B01D0200075
:102F9000984710BD70B5040072B6436A002B09D083
:102FA000636A1D7801336362A26A934208D262B6F3
:102FB000280070BDFFF7D4FF051EF1D062B6F7E719
:102FC0002000FFF7DBFFF2E7C3680269934204D0F9
:102FD0000022002A06D1181D70478268002AF8D006
:102FE0000122F6E70020F7E78368002B05D003698C
:102FF0001B680B600069043070470020FCE7C04686
:1030000010B50400FFF744FF00212000FFF7B8FED1
:1030100010BDC04610B50400FFF762FF002806D1BE
:10302000E3681A1D6262A26994466344A36210BDFC
:1030300010B50400FFF73AFF00236362E36A002B38
:1030400001D02000984710BDF8B5CE46474680B560
:103050000400884691461F0072B600261EE04346D3
:10306000002B0BD008992000FFF7D4FF002818D0C0
:1030700062B630000CBC90469946F8BD0899200015
:10308000FFF76EFFF2E72A000100484612F054FCF9
:1030900016E02000FFF772FFB742E9D9636A002B00
:1030A000DDD0606AA36A1B1ABD1B9D4200D31D00C0
:1030B0004346002BE7D04B4699192A0012F03CFCFE
:1030C000636A5B1963627619A26A9342E4D343464A
:1030D000002BDED0A369191F2000FFF7A9FFDBE753
:1030E00000B583B0009313000A000021FFF7ACFF86
:1030F00003B000BD70B504000D0072B6436A002B2A
:103100000AD0636A1D70636A01336362A26A9342E4
:1031100009D262B6002070BD1100FFF77BFF0028C6
:10312000EFD062B6F7E7A369191F2000FFF780FF11
:10313000EFE7C04600B583B0009313000A000121F9
:10314000FFF782FF03B000BD10B504008368002BB9
:103150000FD1416A00290ED0C368C91A0439002969
:1031600001D1002006E0FFF7A1FE002363620120E9
:1031700000E0002010BD0020FCE7C046030002690B
:10318000013A0261C1694A1CC261C068405C596968
:103190008A4201D30022DA617047C04603690133D5
:1031A000036183695A1C8261C268D1548369426990
:1031B000934201D3002383617047C04610B5036971
:1031C000002B01D0002010BDFFF7C6FDFBE7C04675
:1031D00010B503694269934201D2002010BDFFF788
:1031E000BBFDFBE7F8B505000F000469944200D36E
:1031F0001400002C13D0012C13D0E9696B695E1AFE
:10320000B44213D2EB689C4661442200380012F0AD
:1032100093FBEB691B19EB612B691B1B2B612000D6
:10322000F8BD2800FFF7AAFF3870F8E7EB689C4666
:1032300061443200380012F07FFBB819A21BE96824
:1032400012F07AFB7642EE61E3E7C046F8B505007E
:103250000E0047690369FC1A944200D31400002C45
:1032600012D0012C12D0A8693F1ABC4213D2EB68CD
:103270009C4660442200310012F05EFBAB691B19D2
:10328000AB612B691B192B612000F8BD3178280038
:10329000FFF784FFF8E7EB689C4660443A00310092
:1032A00012F04AFBF119E21BE86812F045FB7F427D
:1032B000AF61E3E710B50060406000240461C160C5
:1032C000C46184614261836010BDC04610B50023B3
:1032D000C3618361036102214942FFF75DFD10BDB7
:1032E00010B5040003694269934207D2FFF756FF05
:1032F00000212000FFF744FD002010BD01204042C6
:10330000FBE7C04670B5050072B6FFF757FF041E15
:1033100002D062B6200070BD2800FFF72FFF040026
:10332000AB68002BF5D028009847F2E7F0B5CE4601
:1033300000B582B005000E001700019372B600249C
:1033400001992800FFF73AFF00280DD131193A1BE7
:103350002800FFF747FF8146AB68002B01D028000B
:1033600098474C44A742EBD862B6200002B004BC98
:103370009146F0BD70B504000E0072B61100FFF763
:1033800027FF051E02D062B6280070BD3100200064
:10339000FFF704FFA368002BF5D020009847F2E761
:1033A00070B504000369002B08D0FFF7E7FE0500A5
:1033B00000212000FFF7E4FC280070BD01256D42CC
:1033C000FAE7C046F0B5CE4600B582B005000E0063
:1033D0001700019372B6002401992800FFF7F8FE48
:1033E00000280DD131193A1B2800FFF72FFF814625
:1033F000AB68002B01D0280098474C44A742EBD87B
:1034000062B6200002B004BC9146F0BD10B500F0D9
:1034100081FE10BD01230370002343607047C04646
:1034200010B5040072B6416000F0ECFE0223237078
:1034300062B610BD10B501F0BFF810BD01230370D6
:10344000002343607047C04610B5040072B6416067
:1034500001F0C6F80223237062B610BD10B5032335
:10346000037001F00DF910BD10B572B6FFF7F6FF4D
:1034700062B610BD10B504000423037001F024F9F6
:103480000223237010BDC04610B501210830494207
:10349000FFF738FF10BDC04610B501222830524258
:1034A000FFF768FF10BDC04610B5012308305B422E
:1034B000FFF73CFF10BDC04610B5012328305B422A
:1034C000FFF780FF10BDC04610B501F07FF910BDB9
:1034D00070B504000B001500094A02600122027158
:1034E0000830210048310F32FFF7E4FE2000283079
:1034F000210058312B001022FFF7DCFE70BDC046C2
:103500006C5B010810B5040072B601F09BF9022350
:10351000237162B610BDC04610B5040072B601F04A
:10352000ADF90123237120002830FFF7CFFE2000E2
:103530000830FFF7CBFEFFF755FB62B610BDC04663
:1035400010B582B0046B9023DB00E3581A68117841
:10355000042901D002B010BD21790229FAD11289C3
:10356000197901238B401342F4D120003C3001A98A
:10357000FFF73AFD021EEDD09023DB00E3581979E6
:103580001868019B00F0E4FAE4E7C04610B50400B7
:103590009023DB00C3581A681178042901D0012058
:1035A00010BD0179022901D00120F9E7528959792A
:1035B00001238B40134201D00120F1E70830FFF7CF
:1035C00003FD021E0AD09023DB00E05880234179DE
:1035D00000685B0000F0A8FA0020E1E70120DFE7C7
:1035E00010B5006BFFF7D2FF10BDC04610B501212A
:1035F00008304942FFF7CEFC10BDC04610B59023FD
:10360000DB00C3581B681B78042B05D101223C301A
:103610005242FFF76FFD10BD02204042FBE7C0465B
:1036200010B5012308305B42FFF75AFD10BDC046BC
:1036300010B59023DB00C3581B681B78042B01D006
:10364000002010BD033B3C305B42FFF773FDF8E701
:103650007047C04630B583B004000F4B03600123B0
:10366000037108302100703180256D0001940B4BEF
:10367000009302232A00FFF745FC20003C309E23E4
:103680009B00E1180194064B009302232A00FFF7E8
:1036900039FC03B030BDC0468C5B0108E135000841
:1036A000413500080A6872B60B7909339B00D318BC
:1036B00058604B7911339B0098508B79002B03D0C5
:1036C00009339B00D31858609023DB00C1500223BC
:1036D000037162B67047C04610B504000830FFF7AA
:1036E00027FC20003C30FFF723FC10BD10B5040080
:1036F0000830FFF71DFC20003C30FFF719FC2000CC
:10370000FFF744FF10BDC0467423C25C143B134056
:10371000202B01D0002070475533C35C212B05D0EE
:10372000222B0FD0202B07D00020F4E7084B836614
:103730000723C3660120EEE7054B83660723C366B4
:103740000120E8E700238366C3660120E3E7C04663
:103750002003002030B583B004009023DB00C35861
:103760001A681178042901D003B030BD017902290B
:10377000FAD11289197901238B401342F4D1050043
:103780003C352800FFF7E0FC0028EDD001A9280017
:10379000FFF72AFC02009023DB00E3581979186830
:1037A000019B00F0D5F9DFE770B582B005000E008F
:1037B0000B0009339B00C3185C68002C16D072B64E
:1037C0008B1C9B00C3185B685B691B68002B0FD1C7
:1037D00020003C3001A9FFF707FC00280DD0019B19
:1037E00002003100280000F0B3F962B602B070BDEB
:1037F00020003C30FFF704FCEAE7B31C9B00EB1809
:103800005B685A6912681B8A9A42EED10023002233
:103810003100280000F09CF9E7E7C04610B51131EF
:1038200089000C58002C11D072B69023DB00E358AD
:103830001A685B7902339B00D3185B689B695968EF
:10384000002904D12000FFF7A1FE62B610BD2000C0
:103850000830FFF77BFBF5E77047C04670B5040002
:10386000092956D88B002D4AD3589F4603007C3334
:1038700083660223C366012070BD7623C35A012BE1
:1038800001D00020F8E77C22835A02208343A35210
:10389000032904D00023A366E3660120ECE702229B
:1038A00013437C22A352F5E700238366C3661C4BB7
:1038B00003670120E0E743685D687623C25A110A76
:1038C000D2B20233C35AA847002824D04368A36663
:1038D0000368E3660120CFE703007F33836601239B
:1038E000C3660120C8E77623C35C7F228354002B84
:1038F0000DD00423237063681B68002B02D00221C3
:10390000200098470023A366E3660120B4E7032361
:10391000F0E70020B0E70020AEE7C046AC5B01084E
:1039200065390008002905D1034B83660223C3666D
:10393000012070470020FCE7145C010810B504006A
:10394000002101F0F1F90021200001F0DBF96368AA
:103950001B68002B02D00521200098476423062213
:10396000E25410BD10B504007623C25A0833C25485
:1039700001F014F863681B68002B02D001212000BD
:1039800098470323237010BD10B504007823C05A54
:10399000693B034080220240012928D0002909D038
:1039A000032924D00C2946D1264BA3660223E366C3
:1039B000012010BD002A09D0D9B2200001F080F802
:1039C000012808D002280CD00020F2E7D9B220004C
:1039D00001F062F8F4E71C4BA3660223E3660120C2
:1039E000E7E71A4BA3660223E3660120E1E77620AE
:1039F000205A002821D1002B21D001290AD0002AE9
:103A000014D0D9B2200001F08FF90023A366E36639
:103A10000120CEE7002A04D0D9B2200001F0B0F98D
:103A2000F3E7D9B2200001F091F9EEE7D9B2200016
:103A300001F068F9E9E70020BBE70020B9E70020C2
:103A4000B7E7C046145C0108105C01080C5C010873
:103A500010B57423C25C143B134214D11533C15CFE
:103A6000563B1340012B08D0002B03D0022B07D06C
:103A7000002009E0FFF7F2FE06E0FFF753FF03E046
:103A8000FFF782FF00E0002010BDC04610B500F037
:103A900059FF10BD012303700023436000220AE098
:103AA00013000A339B00C31800215960130012331E
:103AB0009B0019500132062AF2D900230381438169
:103AC0007047C04610B5040072B64160002205E0A0
:103AD000931C9B00E318002159600132072AF7D993
:103AE000200000F037FF0223237062B610BDC046ED
:103AF00070B504000D0016008B1C9B00C3185A60A3
:103B00005069002803D00C22002111F01FFFB0697A
:103B1000002803D00C22002111F018FF29002000FA
:103B200000F046FF70BDC04670B501248C40A4B2C1
:103B300045892C4344818C1CA40004196468A46941
:103B4000A26023600023636000F0E2FF70BDC04606
:103B500070B501248C40A4B205892C4304818C1CCF
:103B6000A400041964686469A26023600023636090
:103B700000F0E0FF70BDC04610B5040002230370E2
:103B800000237C228352002102328154013281546D
:103B900003814381002205E0931C9B00E318002170
:103BA00059600132072AF7D964230022E254200029
:103BB00000F050FF63681B68002B02D0002120003A
:103BC000984710BD10B50523037043681B68002B90
:103BD00001D00321984710BD10B50423037043683A
:103BE0001B68002B01D00421984710BD70B504005C
:103BF00000256423C5540200743200F071FF25676C
:103C000063689B68002B03D020009847002804D1EC
:103C10002000FFF71DFF002817D07A23E35AE26E39
:103C20009A4200D9E36672B67423E356002B10DB88
:103C3000E36E002B23D0A26E00212000FFF774FF5B
:103C400064230422E25462B670BD2000FFF776FEC2
:103C5000FAE7E36E002B08D0A26E00212000FFF7E8
:103C600077FF64230122E254EDE7002300220021C4
:103C70002000FFF759FF64230322E254E3E7002307
:103C8000002200212000FFF763FF64230522E25495
:103C9000D9E7C04610B504006423C35C062B19D8CD
:103CA0009B00184AD3589F46C06E7A23E35A984225
:103CB00005D2E368198AFCF721FB00290BD072B604
:103CC0000023002200212000FFF72EFF62B66423AC
:103CD0000322E25410BD72B6002300222000FFF739
:103CE00037FF62B664230222E254F3E7036F002B2E
:103CF00000D0984764230022E254EBE7FFF71EFE52
:103D0000E8E7C046D45B010810B504006423C35C37
:103D1000062B0DD89B000F4AD3589F4672B600233E
:103D200000220021FFF714FF62B664230522E2544B
:103D300010BDC3689B695B68002BF9D1036F002B32
:103D400000D0984764230022E254F1E7FFF7F6FD24
:103D5000EEE7C046F05B010810B501F029F810BD90
:103D600070B583080C4DC0339B005C5903220240A0
:103D7000D200FF269640B443890191402143595116
:103D80001F2202404009012393400200603292004A
:103D900053518000435170BD00E100E0124A1168A8
:103DA00080235B000B431360104B1B6AC022920000
:103DB0001340013AFF3A934205D00C4B8022520245
:103DC0001A6200221A62094B1B6A1B040AD4074BB1
:103DD000196A802292000A431A62196A802212022A
:103DE0000A431A627047C04600700040001002404B
:103DF00070B57446194B25229E5C5A6911682420BF
:103E0000185CC1400F2529400CD00B008340536043
:103E1000F200134BD558002D04D01300104AD318CC
:103E20005868A8470D4B39229E5C9A6A1168382061
:103E3000185CC1400F2529400CD00B008340536013
:103E4000F200074BD558002D04D01300044AD318B4
:103E50005868A8472000FEF7CBFF70BD185C01082A
:103E6000C806002070B57446314B4D229E5CDA6B5B
:103E700011684C20185CC1400F2529400CD00B0064
:103E800083405360F2002B4BD558002D04D0130013
:103E9000284AD3185868A847254B61229E5C1A6DA2
:103EA00011686020185CC1400F2529400CD00B0020
:103EB00083405360F2001F4BD558002D04D01300EF
:103EC0001C4AD3185868A847194B75229E5C5A6E35
:103ED00011687420185CC1400F2529400CD00B00DC
:103EE00083405360F200134BD558002D04D01300CB
:103EF000104AD3185868A8470D4B89229E5C9A6FC8
:103F000011688820185CC1400F2529400CD00B0097
:103F100083405360F200074BD558002D04D01300A6
:103F2000044AD3185868A8472000FEF761FF70BD07
:103F3000185C0108C806002010B50C4B9A6A0121D4
:103F40004942996200229A62186919611A61D86817
:103F500007490143D960DA60D969802252050A43D2
:103F6000DA61FFF71BFF00F07DF810BD0010024082
:103F7000FFFFBFFF2D4A136801210B4313602B4B3A
:103F80001B689B07FBD5294B5A6803218A435A605B
:103F90005A685A60254B5B680C221A42FAD1234BAF
:103FA0001968ED320A401A6000225A605A6B0121EA
:103FB0000A435A631D4B5B6B9B07FBD51B4A516B36
:103FC00080235B020B435363184B5B6B9B03FBD556
:103FD000164A536A01210B435362144B5B6A9B07D9
:103FE000FBD5124BE522D2045A600022DA6210326D
:103FF0001A631968802252040A431A600B4B1B682B
:104000009B01FBD50A4B11221A60084A5368022112
:104010000B435360054B5A680C231340082BF9D10E
:10402000024A936901210B439361704700100240DB
:104030000020024010B57446084B1B680F21194040
:1040400008D0064B5960064B1B68002B02D0044A6F
:10405000506898472000FEF7CBFE10BD00000240DC
:10406000C80600200B4B00221A6000230BE09A00C8
:10407000D2189100084A5218516800220A60D800EC
:10408000064942500133062BF1DD054B0122524215
:104090005A60704700070020185C0108C80600201D
:1040A0000000024010B574468023DB051B699B07A6
:1040B00003D42000FEF79CFE10BD8023DB05002208
:1040C0001A6172B6FEF7E2FB62B6F2E710B50E496E
:1040D000CB6901221343CB610C498B6813438B607E
:1040E0008023DB050A49996201214942D9620021F6
:1040F00099615963D96059605A611A6002310F2081
:10410000FFF72EFE10BDC0460010024000580140CF
:10411000BF12000010B50248FFF77CF910BDC04681
:1041200004070020F0B583B01F220A40012393400A
:104130000F2915D88A08019203250D40AD000F24E0
:104140002600AE40CF004268BF583F093C40AC401B
:104150001E4F019A02329200D559B5432C43D451D7
:104160001B4A13421ED1CA0044681259D2071BD5FC
:10417000184CA2681A43A260CA00446812599207F8
:1041800017D5144CE2681A43E2604268C90051181E
:104190004A68002A12D00F4A116819431160516809
:1041A0009943516003B0F0BD0A4CA2689A43A260E3
:1041B000E2E7084CE2689A43E260E6E7054A5168A4
:1041C00019435160116899431160EBE70000014009
:1041D0000000847F000401401F23194001228A400F
:1041E000074B1868D1430840186058680840586069
:1041F000986808409860D8680140D9605A61704753
:104200000004014070B505000378012B01D00024A3
:1042100007E000F0FBF8FAE721002800FFF7DCFFD9
:1042200001341F2C09D8E3006A689B585B07F3D55B
:1042300021002800FFF776FFF2E770BD70B57546E4
:104240000B4A5469032323405361E30704D509480B
:1042500043685B6800219847A30704D50548436875
:10426000DB68012198472800FEF7C2FD70BDC046FB
:10427000000401400407002070B575460B4A5469DC
:104280000C2323405361630704D5094843685B69E5
:1042900002219847230704D505484368DB690321B9
:1042A00098472800FEF7A4FD70BDC04600040140F9
:1042B0000407002070B575462E4A54692E4B2340E2
:1042C0005361E30604D52D4843685B6A042198478F
:1042D000A30604D529484368DB6A0521984763068D
:1042E00004D5264843685B6B06219847230604D50E
:1042F00022484368DB6B07219847E30504D51F4834
:1043000043685B6C08219847A30504D51B484368A4
:10431000DB6C09219847630504D5184843685B6D39
:104320000A219847230504D514484368DB6D0B2107
:104330009847E30404D5114843685B6E0C21984705
:10434000A30404D50D484368DB6E0D219847630430
:1043500004D50A4843685B6F0E219847230404D5AF
:1043600006484368DB6F0F2198472800FEF740FDA1
:1043700070BDC04600040140F0FF000004070020AB
:1043800010B57446094A50691368802149020B40F0
:10439000034053610B4205D0054884234268D3583B
:1043A000102198472000FEF723FD10BD00040140B6
:1043B0000407002070B57546124B5A691C68D0215D
:1043C00049030C4014405C61A30305D50E488C23BF
:1043D0004268D35811219847230305D50A489C23E6
:1043E0004268D3581321984780235B031C4205D0B1
:1043F0000548A4234268D358142198472800FEF7A3
:10440000F7FC70BD000401400407002010B5032133
:104410000520FFF7A5FC03210620FFF7A1FC0321DF
:104420000720FFF79DFC03210120FFF799FC0321E2
:104430000C20FFF795FC03210220FFF791FC10BD33
:104440004B6843608B688360CB68C3600B694361D2
:104450004B6903628B6943620B6803607047C04617
:1044600010B50400124A5169FC23DB030B4353616E
:1044700090202100C005FFF7E3FF21001C310D480B
:10448000FFF7DEFF210038310B48FFF7D9FF21008D
:1044900054310A48FFF7D4FF210070310848FFF774
:1044A000CFFF21008C310748FFF7CAFF10BDC0467F
:1044B000001002400004004800080048000C0048BA
:1044C0000010004800140048F0B5DE4657464E463E
:1044D0004546E0B583B01300032637001740920825
:1044E00001241440A446DA08324001925C092640B7
:1044F000DB090F241C40A146002416E0072C46D8F7
:10450000056A5246954342461543056205682B40AD
:104510003B430360490848D063465B009C46019BCF
:104520009B000193B600BF000134CB07F2D50725ED
:104530002540AD004B46AB4098460123A3409B4627
:1045400063009A460323524693400F22AA409246A4
:1045500045685A4695436246154345608568DB4386
:104560001D40019A15438560C5681D403543C560EF
:10457000022FC3D005682B403B430360072C0DD8A6
:10458000036A52469343424613430362C2E7456AB5
:1045900052469543424615434562B7E7436A524641
:1045A0009343424613434362B4E703B03CBC904696
:1045B0009946A246AB46F0BD10B50548054BC36011
:1045C000FEF73CFF0448054BC360FEF737FF10BD04
:1045D0001C070020000400400C07002000200040C1
:1045E00010B504000378012B19D063681968A0681E
:1045F000FBF7FEFD80B2013880B2E2680023136051
:104600006168E26889685160E2689062E2681361FB
:104610006368DB68E268FF218B43D36010BD144BF5
:10462000984214D0134B9C42DFD1134BD96980229E
:1046300052001143D96119690A431A6100221A61B3
:1046400002211320FFF78CFB0C4BA360CDE70A4B34
:10465000D96902200143D9611A6902431A61002213
:104660001A6102210E30FFF77BFB044BA360D9E7F0
:104670001C0700200C07002000100240006CDC0228
:10468000C3680139D962C36801225A61C268002334
:104690005362C268136143685B68002B04D0C26830
:1046A000D36801210B43D360C36805221A607047A9
:1046B000C26800231360C2681361C268D368FF2117
:1046C0008B43D3607047C046C3680139D962C36861
:1046D00001225A61C3680C321A60C3681A69D20792
:1046E000FBD500221A61704710B50400C368002290
:1046F0001A610378042B04D063685B682000984734
:1047000010BD023B0370FFF7D3FFF5E710B5744609
:104710000348FFF7E9FF2000FEF76AFB10BDC04623
:104720001C07002010B574460348FFF7DDFF20008A
:10473000FEF75EFB10BDC0460C070020002303609F
:10474000436083607047C046024A136880210B4370
:104750001360704700380140F8B50600846E276882
:10476000E569256272B606E030000830A18CC9B256
:10477000FEF7B6FDE569AB06F6D43B060DD47B0625
:1047800004D56B0602D540239F43276062B6F8BD6F
:1047900080233A009A432260F1E72B06EFD53000E0
:1047A0002830FEF7FDFD0028F2DB80B22085E569A8
:1047B000F3E7C04610B574460348FFF7CDFF20006D
:1047C000FEF716FB10BDC0462C07002010B5074CA5
:1047D000074A00212000FEF77BFE064BA366064B2E
:1047E000E36603211B20FFF7BBFA10BD2C07002056
:1047F0004947000800380140006CDC0270B5846E47
:1048000023680125AB432360C06EFBF7F1FCE06039
:1048100023682B43236070BD10B5846E40238A68E3
:10482000134363600123CA681343A3602E23FF333D
:104830004A68134323600968FFF7E0FF01235B42E6
:10484000236210BD10B5002905D00379012B04D0D7
:10485000FFF7E2FF10BD0649F7E7064B9842F7D194
:10486000054A94698023DB0123439361F0E7C04646
:10487000A45C01082C0700200010024010B50400C1
:104880000379022B00D010BD806EFFF757FF044B59
:104890009C42F8D1034A936903490B409361F2E7C4
:1048A0002C07002000100240FFBFFFFF80234022A2
:1048B000C250704710B58022835801310124A143B2
:1048C000C9188150180010BD70B50E4B1B6DC0008B
:1048D00018180D4B9C46604485886544C688B6B25E
:1048E000B005800D002303E05A00AC5A8C5201330E
:1048F00042089A42F8D8F20702D55B00EA5CCA5433
:1049000070BDC046005C00400060004030B50B4BFD
:104910001B6DC00018180A4B9C466044058865440E
:1049200093B24380002003E04300CC5AEC520130A4
:10493000531C5B088342F7D830BDC046005C004082
:104940000060004010B50248FFF7A4F810BDC04653
:104950009C07002070B504000378012B00D070BDC7
:104960000B4B984203D02000FFF706F9F7E7094AFE
:10497000D16980231B040B43D361074D01232B64B2
:1049800003211F20FFF7ECF900232B64EBE7C0465F
:104990009C07002000100240005C00407E23C25CA7
:1049A000FE3B1343DBB2014AD3647047005C004016
:1049B000F0B583B001900C008B1C9B0084466344CF
:1049C0005F6803233A6813403AD0022B04D9032BC3
:1049D00036D1C026F60000E000261C4B1D6DE3001A
:1049E000ED181B4B9C4665447B69002B09D00023C6
:1049F0006B80398A0198FFF75DFF80B22880202301
:104A00001E43BB69002B13D07B8A3E2B1BD9013B75
:104A10005B11202213439BB29B029BB2EB80798AED
:104A20000198FFF747FF80B2A88080239B011E43B7
:104A3000064BA200D158D1502643D65003B0F0BD4A
:104A40008026B600C9E701335B08E5E7005C00405B
:104A50000060004010B504000D4B00221A655A6436
:104A60008032DA644368DB68002B0DD09E2212028C
:104A7000074B1A642000FFF719FF064BE360002183
:104A80002000FFF795FF10BD9C221202F0E7C04600
:104A9000005C0040B45C01088900084BCB58C02280
:104AA0009201134005D080225201934203D002208C
:104AB00000E0002070470120FCE7C046005C004099
:104AC0008900064BCA583023134003D0102B03D063
:104AD000022000E0002070470120FCE7005C00405D
:104AE00010B5094B1B6DC9005918084B9C46614411
:104AF0008C886444002303E05900605A505201330B
:104B0000032BF9D910BDC046005C00400060004096
:104B1000054889000A58054B1A40C0239B015A409A
:104B2000034B13430B507047005C00408FB7FFFFEF
:104B30008080000070B50C008B1C9B00C018426880
:104B4000556969682B685B1A168A9E4215D2AB6854
:104B50009C46614432002000FFF7D8FE6B689C46FB
:104B600066446E600649A4006358064A134030222A
:104B70005340054A1343635070BD1E00E7E7C0462B
:104B8000005C0040BF87FFFF80800000F0B583B06D
:104B900005000F240C40A200364BD258A31C9B00EA
:104BA000C3185E68CB0622D43249A0004358324A6B
:104BB0001A4080231B021343435073695A681B68D1
:104BC0009A420FD30122A2402B8993432B81A31C2D
:104BD0009B00EB185B689B68002B1AD0E1B22800A1
:104BE000984716E0E1B22800FFF7A4FF11E0214941
:104BF000A0004358204F3B4080273B4343501305C0
:104C000009D5A31C9B00EB185B685B68E1B2280028
:104C1000984703B0F0BDB769E0B20190BB687A680D
:104C2000944663441900FFF74FFE7B68C3187B600E
:104C30003A68934202D2738A83420FD90122A2407A
:104C40006B8993436B810234A4002C196368DB6881
:104C5000002BDED0019928009847DAE70549A40027
:104C60006258064B1A40C0239B015A40044B134321
:104C70006350CEE7005C00400F07FFFF8FB7FFFFD8
:104C80008080000070B575461C4B5C6CE2435A6432
:104C9000630511D4230513D4E30403D5174B9B6C90
:104CA0001B0416D5A30523D5154B5B68DB68002BC9
:104CB0001ED0134898471BE01148FEF75DFFE9E757
:104CC0000E4A136C08210B4313640D48FEF77AFF5C
:104CD000E2E70A4A136C08218B4313640848FEF785
:104CE0007BFFDFE721000648FFF750FF034B5C6CBA
:104CF0002304F7D42800FEF77BF870BD005C004069
:104D00009C070020054889000A58054B1A4080235B
:104D10005B015A40034B13430B507047005C00404B
:104D20008FB7FFFF80800000054889000B58054AB7
:104D3000134010225340044A13430B507047C0469F
:104D4000005C0040BF87FFFF808000008A00094BA5
:104D5000D358C0229201134093420AD005488900DB
:104D60000A58054B1A4080239B015A40034B1343BA
:104D70000B507047005C00408FB7FFFF8080000041
:104D80008A00084BD25830231340302B09D00548F5
:104D900089000B58044A134020225340034A13430E
:104DA0000B507047005C0040BF87FFFF8080000011
:104DB000024B01221A70024A9A6070472C080020A8
:104DC00000300040144B1A68144B9A421FD0144A0A
:104DD0005169FC23DB030B4353619023DB05002265
:104DE0005A60104999601049D960104959611A6296
:104DF0001132FF325A620E4A1A601B695B0708D5EE
:104E00009023DB051B695B07FAD401207047012062
:104E1000FCE70020FAE7C046F03F0020EFBEADDE21
:104E200000100240000CFFFFA80401A8FFF90000D9
:104E300003F32A6880B500AFFFF7C4FF00280AD04B
:104E400062B6074B00221A60064B83F30888064BB4
:104E50001B689847FEE7FFF78DF8BD4680BDC0464A
:104E6000F03F00205022002004C8FF1F7047C046BA
:104E7000F0B5C64600B582B00700009101921E0051
:104E80000B2398468044444604E030210FE0009B09
:104E9000002B15D001990098FBF730FACDB201999B
:104EA0000098FBF7A5F90090092DEED93721013CB8
:104EB0004D192570002EEAD0013E002EEAD1E6E71A
:104EC00043461B1B781C22783A70013B07000134D3
:104ED000002BF7D102B004BC9046F0BDF0B5DE4621
:104EE00057464E464546E0B585B005000E00029295
:104EF0009A46002B14D1042201231A4390465346AC
:104F00000F2B01D90F239A460F239C46AC446346CE
:104F10000193674692235B00994600239B4605E078
:104F20000222E9E71F004B465B0899460A21300040
:104F3000FBF7E4F9CCB20A213000FBF759F906007F
:104F40007B1E30341C70002809D04A46D207E9D5B0
:104F5000023F20233B701F3B9C46E344E3E7254A86
:104F60005946575C0397019AD21A029900291AD020
:104F70008A4218D90A0016E04046C00706D5012328
:104F800041469943884623002E2111E04046800780
:104F900003D55978013A02330AE0230008E0013AC8
:104FA000002A11D025005C1C19782029E4D02300A8
:104FB0006C1C29704646F607F1D45646013E504611
:104FC000002801D0B246EAE72E2900D0250043464A
:104FD0005B0705D5039B202B02D020232B700135C6
:104FE000681C2F7005B03CBC90469946A246AB4663
:104FF000F0BDC0464C5E0108F0B583B001900E1CB8
:105000001400092A00D90924A300194A9F58301C0A
:10501000FBF79EFA0500FCF79BF9011C301CFBF71F
:1050200053FF061C3800FCF793F9311CFBF71AFEFE
:10503000FC218905FBF7A4FAFBF78AFA06008742F0
:1050400001D8C61B013500230A2229000198FFF769
:105050000FFF002C01D103B0F0BD451C2E230370BF
:1050600023000A2231002800FFF702FFF3E7C046C1
:10507000605E0108F8B506000C1C17003249201CC0
:10508000FBF752FA002830D1FE218905201CFBF7DE
:1050900037FA002845D1002513E02B49201CFBF7E7
:1050A00009FC041C01352B78002B05D02649201C57
:1050B000FBF73AFA0028F0D1013D2D78002D00D001
:1050C000013F201CFBF744FA63282ED9023F002F32
:1050D0002FDB3A00211C3000FFF78EFF002F2BD171
:1050E000002D01D005700130F8BD184D0135DAE70B
:1050F0001549201CFBF7B6FD041C01352B78002B4D
:1051000006D0FE218905201CFBF7FAF90028EFD113
:105110000F49201CFBF708FA002804D0013D2D7828
:10512000CCE70C4DEAE70025C8E70928CFD9013FB5
:10513000CDE70027CDE70138431E1B78302BFAD08E
:105140002E2BCDD10138CBE700007A444C5E01080C
:105150006F12833A885E0108F8B5CE46474680B59F
:1051600080460C1C16000021201CFBF7C3F9002808
:1051700001D100250BE04346581C302342461370F2
:1051800055E02F49201CFBF76DFD041C013D2C4907
:10519000201CFBF7B5F90028F3D105E02849201CB5
:1051A000FBF788FB041C01352549201CFBF7BCF9E3
:1051B0000028F3D1201CFCF761F83030434618700A
:1051C0001F49201CFBF74EFD011C43469F1C2E234C
:1051D00042465370002E13D1062611E00E1C081C07
:1051E000FCF74CF80A21FBF773F97B1C9946303128
:1051F00039701349301CFBF735FD011C26004F4662
:10520000741E002EEAD165233B70002D13DBBC1CFD
:105210002B237B700A212800FBF774F830302070B4
:105220000A212800FBF754F9A01C303161700CBC36
:1052300090469946F8BDBC1C383B7B706D42E9E74F
:10524000000020410389012B06D943685A1C4260A3
:1052500019700389013B038100207047F0B5DE46D9
:1052600057464E464546E0B58DB080460C00039249
:1052700000272023029306E043461B689B684046B4
:10528000984701372C00651C2178002900D1C1E125
:105290002529F1D1002602E02B3B1E4301352B7856
:1052A0002D2BF9D02B2B08D0302B09D0202B0AD056
:1052B000622B0AD11E331E43F0E7273B1E43EDE766
:1052C000203B1E43EAE71E43E8E7002301930BE07F
:1052D000039B1A1D03921B78019A9500944665441E
:1052E0006A00D318019325006C1C2B789B46303B39
:1052F000DBB2092BF0D95B462A2BE9D02E2B12D03A
:1053000040231E4300239A465B466C2B26D04C2B31
:1053100024D05B46443BDAB2342A00D931E1930011
:10532000C04AD3589F4600239A4606E05246920050
:105330005244500082469A440C00611C23789B46DC
:10534000303BDBB2092BF1D95B462A2B04D1039BFE
:105350001A1D03921B78E9E70C00D5E72378002B90
:10536000D7D001349B46D4E71022F2E010239E43AD
:10537000039B1A1D03921B78002B00D10BE105AA99
:10538000137091460D2302AA944663449B46EDE0B8
:10539000102331009943039B1A1D03921B68994601
:1053A000002B0FD0730610D4CB465B461B78002B26
:1053B00000D1F4E05346013B9A4609D401239C46B0
:1053C000E344F2E7984B9946ECE7984B9A46EBE7B3
:1053D0000E00CBE0039B1A1D03921B680B930B9BE3
:1053E000002B09DB73071CD505AB2B221A700D208F
:1053F00002AB9C4660440BE008231E4305AB2D2204
:105400001A700B9B5B420B930D2002AB9C466044D1
:105410000B9900230A22FFF72BFD834605AB994623
:10542000A4E0B30607D505AB20221A700D2002AB0D
:105430009C466044ECE705A8EAE7039B1A1D03922B
:105440001B680B93730601D50F239A460B9953469D
:10545000019A05A8FFF742FD834605AB994685E012
:10546000330615D5039B1A1D03921B680B930B98EB
:105470000021FBF745F8002817D1730734D505AB99
:105480002B221A700D2302AA9446634499461CE00D
:10549000039B0733072293431A00083203921868CC
:1054A0005968FDF7F7F80B90E1E708231E4305ABB9
:1054B0002D221A700B9B80221206944663440B9394
:1054C0000D2302AA9446634499460B985849FBF76A
:1054D0002BF8002816D001234B449B4619234A463B
:1054E000137005AB994641E0B30608D505AB202201
:1054F0001A700D2302AA944663449946E5E705AB6A
:105500009946E2E75B46462B0CD0652B13D00B99EE
:10551000730619D452464846FFF76EFD834605AB25
:10552000994623E00B9952464846FFF7A3FD834670
:1055300005AB99461AE00B9952464846FFF70CFE18
:10554000834605AB994611E00922E4E7082200E012
:105550000A22039B191D03911B680B930B990023CF
:1055600005A8FFF785FC834605AB99465B464A468E
:105570009B1A019AD51A14D4F30625D53023029329
:1055800010E005AB5A461A7099460D2302AA9446BC
:1055900063449B46EAE705AB99469B46E6E70E0067
:1055A000E4E70025B30727D42C23334217D0F306B2
:1055B00015D543461B689B684A46561C11784046E1
:1055C00098470137B1460AE020230293EAE74346B1
:1055D0001B689B680299404698470137013D002DA2
:1055E000F5D109E043461B689B684A46561C117872
:1055F000404698470137B146CB45F3D807E04346CC
:105600001B689B680299404698470137013D002D71
:10561000F5D138E638000DB03CBC90469946A2461C
:10562000AB46F0BD785D0108585E0108FF7F0000C1
:10563000FFFF7F7F024B0360426001817047C046DD
:10564000945E01080CB410B584B00C1E12DD02008B
:105650006846FFF7EFFF07AA039206996846FFF72F
:10566000FDFD0300019A00211170601E984202DBCB
:10567000180000E0002004B010BC08BC02B01847BD
:1056800002290DD0032905D0012901D0002000E016
:1056900005487047032A05D8D20004488018F8E767
:1056A0000348F6E70020F4E7405F0108905F010837
:1056B000F45E010810B572B60248FEF74BF862B608
:1056C00010BDC0463808002010B50400022902D0E1
:1056D00003290FD010BD72B6094A0121FEF708FA5E
:1056E000084A02212000FEF703FA0748FDF7FEFFF3
:1056F00062B6EFE772B60448FDF7EEFF62B6E9E77F
:10570000A45E0108C05E0108380800201C4A9169A7
:1057100080239B000B4393611A4B00225A601A4965
:105720000A609B68DB0705D5164A916803235B4234
:105730000B439360134B9B68DB07FBD4114BDA6878
:1057400001218A43DA609968802212060A439A602E
:105750000C4B9B68002BFBDB0A4B1B68DB0704D55B
:10576000084A136801210B431360064A936801211C
:105770000B439360034B1B68DB07FBD57047C046A8
:105780000010024000240140082701400A4B1A681B
:105790001A6000225A601A6207215961DA60986221
:1057A0009A6803390A439A60034B9B685B07FBD4F2
:1057B000014B186C80B2704700240140084B1A68F6
:1057C0001A6080225A60FA21C904196200215961C5
:1057D0009A62044ADA609A6804310A439A60704710
:1057E00000240140C0048000084B9B68DB070CD5F7
:1057F000064B9B685B0708D5044A936810210B434E
:105800009360024B9B68DB06FBD470470024014089
:10581000F8B58023DB055A6A264B1B68D31A264944
:105820008B4236D9234B1A60244B9B685B070AD402
:105830000027234A1168A0235B040B431360002454
:10584000002600250FE0FFF7CFFF0127F1E78020BA
:105850008002FFF79BFF2D188020C002FFF796FF04
:1058600036180134A4B20F2CF1D936092D09144A87
:10587000136814490B401360002F15D11248704370
:10588000000B124B1E8870432900FAF7B1FC104B35
:1058900018800F4B00229B5E632B08DD0D495622BA
:1058A000885AC01800B2F8BDFFF788FFE6E701206C
:1058B0004042F8E7280300204FC3000000240140C5
:1058C00008270140FFFFBFFEC8190000BAF7FF1FFD
:1058D000E00C00202C03002010B5044A136813606C
:1058E0001B0600D410BD0EF0CFFBFBE700240140E7
:1058F00010B57446FFF7F0FF2000FDF779FA10BDF0
:105900008023DB05586A7047006040607047C046DE
:105910000121024A13788B4313707047D004002092
:10592000002330B504000A787C2A00D100222578B3
:10593000954204D1002A0CD001340131F3E70A78F2
:10594000002A04D001317C2AF9D10133EAE701238E
:105950005B42180030BD000030B5037800212D2BCC
:1059600001D10130013103780A252B3B5A425341C2
:10597000C31800201A7801331400303C092C07D9D1
:105980004D2A0FD06B2A06D0472A07D1064B04E0D8
:1059900068430019EEE7FA239B005843002900D022
:1059A000404230BD014BF8E700CA9A3B40420F002D
:1059B0007047000070470000086810B5FFF7CCFF83
:1059C0000122034B2E331870024B1A7010BDC046D3
:1059D000481D0020B00400207047000010B5086882
:1059E000FFF7BAFF10BD000010B50868FFF7B4FF5D
:1059F00010BD000010B5094C0522230030331A7089
:105A00000868FFF7A9FF86239B009C460822644490
:105A1000034B2060C01760601A7010BD481D002045
:105A2000D0040020B523064A5B00D35C01205B074D
:105A300005D4044B1878043843425841C0B270472B
:105A40002C0300209C070020034AD16980239B057A
:105A50000B43D3617047C0460010024010B5FDF7FC
:105A600073F910BD70B5FFF753FF6420FDF76CF9B3
:105A700010236425044C23702378002B00D170BDC3
:105A80002800FDF761F9F7E7D004002010B5FFF713
:105A90003FFF0BF051FA10BD70B50D0002280AD17E
:105AA0000868FFF759FF04006868FFF755FF01B267
:105AB00020B20AF0A1FE0222024B1A700EF0E4FAA4
:105AC00070BDC046561C0020F7B5A027A0260024B4
:105AD0000A4D7F00F600210002233A0000200095C5
:105AE0000EF0A0FC064B320018682900036802344F
:105AF0001B689847F02CEED1F7BDC046602B002004
:105B0000BC1F002010B504000AF010FF002CFBD1D0
:105B100010BD000010B5FDF71FF910BD70B50400F1
:105B20000D000CF0DFFA0022144B1A70944224D0BE
:105B30000123134E3370944205DD2868FFF70CFFF4
:105B400001380DF02BFA012C15DD6868FFF704FF12
:105B500001380DF023FA022C0DD0A868FFF7FCFEE7
:105B600001380DF01BFA032C05D0E868FFF7F4FEAE
:105B700001380DF013FA0023337070BDA52A002000
:105B8000630E002070B50D0002280FD10868FFF7E2
:105B9000E3FE04006868FFF7DFFE01B220B20AF0FE
:105BA0002BFE0122024B1A700EF06EFA70BDC04639
:105BB000561C00200423054A03E0002313600B0059
:105BC0000432591E002BF8D17047C04650280040BF
:105BD000074B34331A7882431A70064B1A781043F5
:105BE00018702023044A11880B4313807047C04665
:105BF000481D00204A0E0020541C0020034B18783A
:105C000003231840434258417047C046D004002047
:105C1000034B044A1880022311780B43137070471A
:105C2000D2040020D00400200123024A11784B4006
:105C300013707047D00400200FB407B50020074B45
:105C40001B68834205D005AA049918000192FFF74A
:105C500005FB03B008BC04B01847C046BC1F0020B9
:105C600010B5064C012804D021680548FFF7E4FF71
:105C700010BD0868FFF770FE2060F9E7C40400203B
:105C80003766010870B505000A4C012805D02921A6
:105C900009486156FFF7D0FF70BD0868FFF75CFE4A
:105CA00040B22934431C02D100232370F4E725704D
:105CB000F2E7C046481D00203C63010810B5084CBF
:105CC000012804D021680748FFF7B6FF10BD086817
:105CD000FFF742FEC117091AC90F21600248F3E716
:105CE000E80C00200163010898690108F0B5D64668
:105CF0004F464646C0B51C4886B0FFF79DFFFDF7EE
:105D000059F81A4B04009846194B1A4F9A46E16904
:105D10000A00531A0132501E00785528F9D0464621
:105D2000A568E01CAC46651CED7FC07FAD00AD5999
:105D3000E268A946A5690138002D00D13D0004950F
:105D40004D46039565460190009402955046FFF735
:105D500073FF2000FDF736F8041ED8D106B01CBC36
:105D600090469946A246F0BDD0670108386F0108F9
:105D700017680108416E010870B5094C094D0434DB
:105D8000231F1968002907D1074B1B78002B02D06D
:105D90000648FFF751FF70BD2800FFF74DFFEEE703
:105DA000FC6D01087B610108600E0020AD630108F5
:105DB00070B50D48FFF740FF0C4C0D4E0D4D61883E
:105DC00023880904194305D0E388A2881B041343E0
:105DD000B34203D10848FFF72FFF70BD2800FFF73B
:105DE0002BFF0A34EBE7C046746301080C6A010814
:105DF000FDA600082E7801089E68010810B5094C20
:105E0000012803D1086803783F2B05D15634218837
:105E10000548FFF711FF10BDFFF79EFD56342080A7
:105E2000F9E7C0462C0300200163010810B5FFF715
:105E3000EFFC01000148FFF7FFFE10BDAA69010851
:105E400010B5012810D1086803783F2B0CD0FFF75C
:105E500083FD042808D880B20EF060FE0423044AB3
:105E600011880B43138010BD0248FFF7E5FEFAE7E7
:105E7000541C00203E66010810B5FFF7BFFE002845
:105E800003D00348FFF7D8FE10BD0248FAE7C0462A
:105E9000386701084167010870B500240C48FFF716
:105EA000CBFE0AF0BFFC0B48FFF7C6FE0A48FFF71F
:105EB000C3FE0A4E0A4D23004833F15E2800023427
:105EC000FFF7BAFE082CF6D10648FFF7B5FE70BD05
:105ED0003E6801086A680108716801082C03002007
:105EE000846801089E68010837B5FA240500E400BB
:105EF000012D00DC37BD01A968460AF0B9FC019A02
:105F000000990348FFF798FE2000FCF71DFFEFE71C
:105F1000C167010810B50B00012804DD0A490B48D0
:105F2000FFF78AFE10BD012809D107491868FFF75D
:105F3000F7FC0028F2DB064BC0B21870F2E704222F
:105F4000044B1A70EEE7C046A8650108F46001082A
:105F5000622A0020A62A002010B50EF093FD024808
:105F6000FFF76AFE10BDC0464A66010810B50B0077
:105F700001280BD10D491868FFF7D2FC002805D184
:105F80000B48FFF759FE0AF073FD10BD0948FFF7F3
:105F900053FE8023084A1B01D1690B43D361602261
:105FA000064B5A609F321A60FEE7C0460166010840
:105FB000056601082466010800100240002C00401C
:105FC00010B502490248FFF737FE10BDB05F010867
:105FD0007B610108F0B5CE464746042480B583B006
:105FE000220080460E0001A822490FF0A5FCB5232F
:105FF000214A5B00D25C214B224200D0204B214F32
:1060000000243B606B46DD1C01239946013E386845
:106010004A46036829005B689847002815D029780C
:10602000082901D07F2907D1002CF0D001A8013C1C
:10603000FFF702FEA4B2EAE70D290BD11248FFF7E1
:10604000FBFD002342460120135503B00CBC9046D3
:106050009946F0BD1F29DAD9B442D8DA3868002849
:1060600002D003689B68984741462A78631C0A550A
:106070009CB2CCE7885901082C0300203808002086
:106080002C070020BC1F00209E6801080FB413B528
:106090000020094C2368834209D005AB07480193CF
:1060A000FFF7CAFD019A04992068FFF7D7F816BCDC
:1060B00008BC04B01847C046BC1F0020B8760108D1
:1060C00070B506000D00012807D10B681B783F2B27
:1060D00003D11B48FFF7DAFF70BD0022194C1A49A3
:1060E0001A4822700BF0D2FC012E16D12868FFF757
:1060F00033FC0500002D08D12223154A0120118808
:106100000B43138009F094F8E6E72378002BF3D1D2
:106110001048FCF719FE013DECE7FFF7F9FBFA2503
:106120000120FFF775FDAD00FFF768FD0028E3D102
:106130002378002BE0D12800FCF706FEF4E7C046E8
:10614000B2690108642A0020C3690108CB6901080B
:10615000541C00201027000070B5BC24084D6400BA
:10616000012803D1086803783F2B04D1295F054833
:10617000FFF78CFF70BDFFF7EFFB2853FAE7C0462F
:106180002C030020F6690108F8B5012822D108681F
:1061900003783F2B1ED0FFF7DFFB02281AD891248B
:1061A00000250E4BE4001B5C0D4F5C430D4B0E4E67
:1061B000E4187B8FAB4200DCF8BDAB00E05807F081
:1061C000F9FDFCF715FA02000B003000FFF734FD73
:1061D0000135EEE70548FFF759FFEDE7646E01086A
:1061E000481D00207C0E0020066301080B63010897
:1061F00010B5012803D1086803783F2B03D1084864
:10620000FFF744FF10BD0749FFF78AFB002803D0C2
:106210000548FFF711FDF5E70EF020FD0348F8E70C
:106220008F61010882820108AE610108BF61010827
:10623000F0B54F46D6464646C0B503780A272B3BF5
:106240005A425341C0180378302B0AD143786F2B40
:1062500005D0782B2AD0622B03D1022700E0082733
:10626000023001235B429A462133050000260124B7
:1062700099462B782E2B1BD03022524290469844C0
:106280004246102A03D949468A43073A9046B84500
:1062900011D239005046F9F7ABFFB04209D9631E5D
:1062A0005A1E93417E43E41A464402E01027D7E782
:1062B00000240135DDE7012C00D100244D2B10D046
:1062C0006B2B03D0472B02D1093400E00334002CA0
:1062D00009DB002C0ED130001CBC90469946A2462A
:1062E000F0BD0634F3E730003900F9F781FF0134DF
:1062F0000600ECE77E43013CEBE7000010B5064CDE
:10630000012804D021680548FFF796FC10BD0868F5
:10631000FFF78EFF2060F9E7580E00203261010878
:1063200010B5064C012804D021680548FFF784FC0D
:1063300010BD0868FFF77CFF2060F9E7540E0020CD
:10634000ED600108431E70B506000D00012B03D857
:10635000086803783F2B03D10F48FFF797FE70BD05
:10636000FFF7FAFA0D4C23003033187086239B0098
:106370009C466444012E07D1002200232260636002
:106380000822074B1A70EAE76868FFF751FF0023FD
:1063900020606360F4E7C0461C670108481D0020C8
:1063A000D004002010B5002805D10C4B0C485968CA
:1063B000FFF742FC10BD01280CD1086803783F2B81
:1063C00008D0FFF735FFFAF7C3FFFAF7C1F8034B20
:1063D0005860EFE70348FFF759FEEBE72C03002076
:1063E0001863010826630108F8B50D0002281FD0C4
:1063F0002148E027F825FFF749FE0024F8267F0111
:106400002D041E4A63009B181B891D48DA08590990
:1064100031403A400A43190429405B070A431B0CE8
:1064200021001A430134FFF707FC202CE9D1F8BD05
:106430000868FFF791FA04001F28F8DC6868FFF786
:10644000F7FEE022F821C300120213404901420185
:106450000A40F8211343020C0A4013430722400B61
:10646000104018430434054B6400E0522023054AD1
:1064700011880B431380DAE7216201082C03002006
:1064800036620108541C002070B50D0090B0002841
:1064900029D0022827DCB523184A5B00D35C5B07B0
:1064A00021D4022821D14868FFF7C2FE0A244443C0
:1064B0002E683000FCF790F9114D020031002300E6
:1064C0002800FCF77FFF28004025230002220D4909
:1064D000FCF778FF0C4E2A00230069463000FCF7D9
:1064E00025FF021E04D110B070BDFA24E400DFE7DE
:1064F0000648694603681B689847ECE72C030020B0
:10650000540700209E680108340700203808002046
:1065100010B50B4C012803D1086803783F2B05D137
:10652000543421880748FFF7B1FD10BDFFF780FE06
:10653000054B0005000D543420805861F5E7C04636
:106540002C030020DD6201080074004010B5012812
:1065500008D1086803783F2B04D0FFF769FEFFF7E6
:10656000D7F910BD0148FFF791FDFAE75D63010817
:10657000F0B5C64600B5037805002D2B00D088E0A5
:10658000012701352800FFF7E7F9FAF797FE041C09
:106590002B781A00303AD2B2092A33D96B2B03D0A8
:1065A0004D2B01D0472B00D1013502222B7893438C
:1065B0002C2B08D1FE239B05984601352E78303EC2
:1065C000F3B2092B20D920222B789343452B0DD1F0
:1065D00001352800FFF7C0F9060080464346002B2E
:1065E00024DCF343DB179E43002E29D12B786D2B3F
:1065F00046D02CD84D2B41D06B2B30D0472B33D1EC
:1066000026492DE00135C3E725494046FAF752F9FE
:1066100080463000FAF752FE4146FAF723FB011C90
:10662000201CF9F7ADFF0135041CC7E7201C1C49ED
:10663000FAF718FB01235B429C46041CE044CDE7BB
:10664000201C1749FAF736F90136041CCCE7702BE9
:106650001DD0752B19D06E2B06D1104911E01149B0
:10666000201CFAF7FFFA041C002F03D080231B061E
:106670009C466444201C04BC9046F0BD0A49EFE7E8
:106680000849201CFAF716F9EDE70749F9E7074929
:10669000F7E700272B2B00D074E772E7286B6E4ECC
:1066A0000000204100007A4400247449A5D46853B6
:1066B00070B5012818D1002309680D4C1A19581C0F
:1066C000CB5C1370002B10D12000FFF751FF094D58
:1066D00028602000FFF7ACFD68600AF0E7F90122AE
:1066E000054B1A700BF0FEFC70BD0300E6E7C046D8
:1066F000782A00202C2B0020571C0020F0B5C6461D
:1067000000B53B4B0F6882B006000D003800190041
:106710009846FFF705F90400012E1ED1002839DB49
:106720003448FFF789FA282300265C43324B703443
:10673000324FE4182068FBF75BFF009001913200B4
:10674000A36F296838000136FFF776FA04340A2E61
:10675000F0D102B004BC9046F0BD022E18D12849F9
:106760006868FFF7DDF8002814D12823002163436F
:10677000214C8200D2181219013011670A28F8D171
:106780000122204B390020481A70FFF755FAE0E744
:10679000042E05D01D4A41461D48FFF777FCD8E777
:1067A0006868FFF7D9F80600A868FFF741FD070001
:1067B000E868FFF7DDFE0A2363439B191A000E49C0
:1067C0003A329200575001221C339B0058500D4B17
:1067D0001A7020230F4A11880B431380FBF708FF20
:1067E0003A000090019131000B48FFF725FAB0E71D
:1067F000C8600108456201082C0300205D620108A1
:1068000078620108B00400207E620108446E01082D
:106810009A620108541C0020C5620108F8B5060000
:106820000D0000283AD13E4DE86DFBF7E1FE3D4CEE
:1068300002000B0020003C49FFF7FEF9286EFBF731
:10684000D7FE02000B0020003849FFF7F5F9686E0B
:10685000FBF7CEFE02000B0020003549FFF7ECF9F4
:10686000A86EFBF7C5FE02000B0020003149FFF7C0
:10687000E3F92B00FC33986FFBF7BAFE02000B0024
:1068800020002D49FFF7D8F9E86EFBF7B1FE0200B2
:106890000B0020002949FFF7CFF9F8BD0868284F01
:1068A00003783F2B2DD03900FFF73AF8041E28DB80
:1068B000022E17D16868FFF75BFE021C032C20D85C
:1068C0002000174BF9F780FC0000090CDA65012263
:1068D0001C4B1A70E1E71A66F9E7FC339A67F6E792
:1068E000DA66F4E7032E0CD117496868FFF718F849
:1068F000002806D1A868FFF73BFE002C06D0012C2B
:106900000BD039001148FFF797F9C6E76A22012139
:10691000034BFF3258669954D9E7014B9866D6E786
:106920002C030020FB630108786E01081164010844
:106930001664010821640108356401082D6401080A
:106940006C650108B0040020266401083C6401085D
:1069500010B50400012803D00648FFF76DF910BDFB
:106960000868FFF705FE044B0833D867034B1C701B
:10697000F5E7C046DD630108481D0020B004002093
:106980009023F0B5C6461700124ADB00D35800B575
:106990001B680E001D78042D17D10F4C01002368D1
:1069A0001A681800126890460E22C04720683A0004
:1069B000036831001B68984720682A00036807496C
:1069C0001B68984704BC9046F0BD0022044B1A7027
:1069D0000000C04638080020BC1F0020BE6E010821
:1069E000220E002000B50B4B987C032809D80A4AD8
:1069F0000A4BF9F7E9FB0207020B00211160084A74
:106A00001A6000BD07491160074AF9E7054911609E
:106A1000064AF5E7481D0020141C0020B804002099
:106A20008093DC14001C4E0EC02D293900703839BB
:106A300070B51C4CA37C608F023BDBB2012B02D8EB
:106A4000C823584370BD184B26001A68A31DD97F70
:106A50000123194023009436983336681B68E58E6D
:106A60009E420DD07F3213004343104A01311288F9
:106A7000013D51436F2255434B436843C018E1E742
:106A8000012D0CD100009200094BA2589A4206D861
:106A9000084B4A1E1340084A94466344E5E7064BF8
:106AA000E3E7C046481D002044050020D80400202C
:106AB0009F86010070CCFFFF983A0000054B10B58F
:106AC000063300B2D8870EF0E5FC0122024B1A70A3
:106AD00010BDC046481D0020B00400200B0010B5BA
:106AE0000749012803D00748FFF7D0FA10BD1868FE
:106AF000FEF716FF431CF9D00138FFF7DFFFF5E77B
:106B0000D860010880610108134B70B5984222D803
:106B1000124C230090331B68002B18D1FAF7CEFBE0
:106B20000F49FAF79FF8051C608FFAF711FC011C5A
:106B3000281CFAF797F882239B00051CE058FAF707
:106B400007FC011C281CF9F7B5FEFAF797FB012298
:106B5000044BA0641A7070BD40420F00481D002015
:106B60000000FA43B0040020144B70B5984224D8BA
:106B7000134C230090331B68002B1AD1002818D027
:106B8000FAF79CFB0F49FAF76DF8051C608FFAF7CE
:106B9000DFFB011C281CFAF765F882239B00051C0B
:106BA000E058FAF7D5FB011C281CF9F783FEFAF729
:106BB00065FB0122044BE0641A7070BD204E00009A
:106BC000481D00200000FA43B0040020831E762BED
:106BD00005D80122024B2D331870024B1A707047F2
:106BE000481D0020B004002010B5002802D0C31EAC
:106BF000112B0AD8B223054A5B00D0520DF042FF98
:106C00000122034B1A7008F015FD10BD2C03002063
:106C1000B0040020084B10B5C218084B9A4209D89E
:106C2000074BFC3358660DF02DFF0122054B1A70FF
:106C300008F000FD10BDC046C0AB76FF80841E008A
:106C40002C030020B004002010B5012803D10868EF
:106C500003783F2B06D1064B0648FC33596EFEF7EE
:106C6000EBFF10BDFFF7E4FAFFF7D4FFF9E7C046EA
:106C70002C0300200861010801220F4BF0B55A7364
:106C800006280AD100225E8F0C4D0D4C96420ADC7C
:106C900000223A211A8799875A7101220533D87741
:106CA000084B1A70F0BD9127FF00BC46910061446B
:106CB0006C500132EAE7C046481D00207C0E0020DF
:106CC000000016C3B00400200122034B2E331870BD
:106CD000024B1A707047C046481D0020B0040020C7
:106CE0000122034B0833D867024B1A707047C04625
:106CF000481D0020B0040020054B984200D9180020
:106D00008023044A9B00D0500122034B1A70704725
:106D10000046C323481D0020B004002010B5012800
:106D200003D1086803783F2B10D182230C4A9B00C3
:106D3000D058FAF70DFB0B49F9F7BCFDFBF758FCEF
:106D400002000B000848FFF7A1F910BDFFF710FC87
:106D50000449F9F787FFF9F7FBFBFFF7CDFFF4E7ED
:106D6000481D002000247449A3670108012203493B
:106D7000CB795340CB71024B1A707047481D0020ED
:106D8000B004002001220349CB7A5340CB72024B5E
:106D90001A707047481D0020B0040020044B3533A2
:106DA0001A7851424A411A700122024B1A707047F8
:106DB000481D0020B004002030B501250B4A0620F4
:106DC00013786B4013700A4A140034342178002B76
:106DD00007D001432170557395730122054B1A703A
:106DE00030BD8143217053739373F6E7480E002042
:106DF000481D0020B004002010B5FFF7DDFF10BDD6
:106E0000012203498B7953408B71024B1A707047F2
:106E1000481D0020B0040020012203490B7A534092
:106E20000B72024B1A707047481D0020B0040020FE
:106E3000B322054952008B5A584243418B52034BAF
:106E4000663AFF3A1A7070472C030020B004002005
:106E50000221074B0122D87C084204D00021D974BA
:106E6000044B1A7070470028F9D1DA74F8E7C0466D
:106E7000481D0020B00400200122024BD875024BAF
:106E80001A707047481D0020B0040020FE2110B584
:106E90008905041CF9F734FB00280CD10749201C94
:106EA000F9F742FB002800D0044C0122044BDC66B9
:106EB000044B1A7010BDFE24A405F6E700401C46E2
:106EC000481D0020B004002070B505000C00114ED4
:106ED000002804DC31001048FFF7D8F870BD3100FD
:106EE0002068FEF71DFD0028F4DB0C4B8000C35822
:106EF000002B05DB0A4AD37501220A4B1A70EDE715
:106F0000022DE7D16068FEF727FDFAF7D7F9FFF702
:106F1000BDFFE3E7246501088B65010840650108B2
:106F2000481D0020B0040020034B421E9A4201D8A5
:106F3000024BD8867047C0460F270000481D00202E
:106F400010B5012806D10868FEF706FD80B2FFF7EC
:106F5000EBFF10BD0122014BDA86FAE7481D002045
:106F6000064B002805D101225A720122044B1A70E7
:106F7000704700225A72A0331860F6E7481D0020BF
:106F8000B004002010B50D4C012803D10868037827
:106F90003F2B05D1A03421680948FFF777F810BDD1
:106FA000FEF7DAFC002804D0064B074AC3189342C8
:106FB000F0D800236372FFF7D3FFF0E7481D0020ED
:106FC0007E630108404143E600093D000122084B71
:106FD0005A719A7C002A08D13C329A8700222A33BF
:106FE0001A70044B01321A7070470022F5E7C04650
:106FF000481D0020B0040020014B18717047C046A6
:10700000481D002010B5084B9A7C084B022A08D175
:107010000749586EF9F758FFFAF730F9FAF74EF9C1
:1070200010BD0449986EF5E7481D00202C03002090
:10703000000098420000184210B5074B9A7C074B9D
:10704000022A04D10649586EF9F73EFF10BD0549E2
:10705000986EF9F795FAF9E7481D00202C030020F7
:107060000000E0400000104110B5FFF7E5FF041CF0
:10707000FFF7C8FF011C201CF9F726FFFAF7FEF8FE
:10708000FAF71CF910BD0000F8B5DE4657464E462B
:1070900045462C4CE0B5231DDD6FFFF7CDFF011CED
:1070A000281CF9F711FF284B071C9946FC33996FF0
:1070B0002648F9F709FF80231B06051C391CC01858
:1070C000F9F73CFA23002A33002834D00122381C77
:1070D0001A70291CF9F754FA071CFFF7ADFF0B22B1
:1070E000A37C83469246032B01D10A339A46082695
:1070F000174BF056FAF7E2F859468046F9F7E4FEE6
:10710000391CF9F7FDF9002817D14B464046996E16
:10711000F9F736FA23002A331B78002B00D100251B
:10712000291CF9F7D1FE0434E0673CBC904699462F
:10713000A246AB46F8BD1870CFE75645E5DA0136F2
:10714000D6E7C046481D00202C0300200000E8417F
:10715000406D010870B5041CFFF754FF211C051C8D
:10716000F9F7E2F9002800D02C1CFFF765FF211C7D
:10717000051CF9F7C5F9002800D02C1C054B1A1D79
:10718000D4679B7C032B01D1FFF77EFF0122024BCA
:107190001A7070BD481D0020B004002010B50128F1
:1071A00003D1086803783F2B0DD1094CA37C022B37
:1071B00002D10848FEF76AFFA37C032B02D10648E0
:1071C000FEF764FF10BDFFF7D3F9FFF7C3FFF9E740
:1071D000481D0020BD630108CD630108014B043345
:1071E000D86F7047481D0020F8B5244D3C23E85E59
:1071F000FAF764F8FC218905F9F734FD2B00AA7C25
:107200002A33041C1E78022A23D1FFF715FF2F35DD
:107210002B781B4A071CD0560338FAF74FF8211C6D
:10722000051C381CF9F750FE011C281CF9F7A8F9B9
:107230000021041C002E06D0124B1348FC33996F1A
:10724000F9F742FE011C201CF9F73EFE041C201C2D
:10725000F8BD002EFBD00B4B002A08D10B49D86E8D
:10726000F9F78EF9011C201CF9F78AF9EEE7FC33D7
:10727000996F0548F9F728FEF4E7C046481D00203D
:10728000406D01082C0300200000E8410000C041CF
:1072900070B5234D041CAE7C012E37D10021F9F7C7
:1072A00043F9002832D02B002A331E701D4B1E4894
:1072B000FC33996FF9F708FE011C201CF9F704FE56
:1072C000041C0122194B00211A70201CF9F718F92F
:1072D000002821D11649201CF9F726F900281DD1D4
:1072E000012E00D10024211C201CF9F749F9041CAF
:1072F0003C23E85EF9F7E2FF211CF9F7FBF80028D0
:1073000003D1201CF9F7BAFFA88770BD2A0000231B
:107310002A3213706B71D4E70024E1E7044CDFE7F5
:10732000481D00202C0300200000E841B00400208C
:107330000000FC4170B5012803D10C6823783F2B75
:1073400009D1FFF751FFFBF753F902000B00154875
:10735000FEF79CFE70BD14492000FEF7E1FA0028FC
:107360000BD1124B5B79002B01D1FFF72FFE2423A9
:107370000F4A11880B431380ECE72000FEF7ECFA6C
:107380000400FFF731FF051C2000F9F797FF041CEC
:10739000011C281CF9F7AEF80028E8D1201CFFF7E3
:1073A00077FFE4E70F6101082D610108481D002007
:1073B000541C002030B5884211D09123DB001C0002
:1073C00058434C43064A8018A41800228558A550FB
:1073D00004329A42FAD1034B591801230B7330BD82
:1073E0007C0E0020481D002010B50C00FFF7E2FFC6
:1073F0000120A040C0B2FEF7EBFB10BDF8B5CE46B1
:107400004746040080B588421CD091231C4EDB0007
:1074100032180232D57F1B48002D17D14F1CD77769
:10742000320000278C3217601F005C43594375718E
:107430000419461871596059F9F746FD6051043531
:10744000BD42F7D10CBC90469946F8BD1A00624384
:107450008046914600271D00594381448844434695
:10746000D9594B46D859F9F78BF84B46D8510437C0
:10747000AF42F4D1002334190234E377E2E7C04687
:10748000481D00207C0E0020F8B54E465746454664
:10749000DE46E0B5334D1F232E000836F356324A40
:1074A0009A462B18DB7B04009146002B2BD15346C8
:1074B000013309D10221FFF77DFF2A000421343274
:1074C000F47713788B431370912701220026FF0075
:1074D0002B197C43DA734C4491234A461B01F31861
:1074E000A059D158F9F7F0FCA0510436BE42F3D1AF
:1074F00000236B7100238C352B603CBC9046994671
:10750000A246AB46F8BD002783464C46EB19984689
:10751000DB7B002B15D0DA4501D0BB4511D100260D
:1075200091234A461B01F318D158A059F9F728F8BE
:107530009123A0510436DB009E42F1D14346002244
:10754000DA739123DB009C466444012F08D1DA45AD
:10755000D3D12B00FF220833DA770023AB73CCE7BB
:107560000127D3E7481D00207C0E002070B5204B7A
:10757000041C1B781F4D002B05D12B00B4330022B7
:107580009B5E002B32D0002006F09CFC1A49061CA2
:10759000201CF8F7AFFF002814D1201C311CF9F78C
:1075A00093FC041CAB7C012B0ED1144D211C286EC6
:1075B000F8F7E6FF28660122114B1A700DF062FA07
:1075C000201C70BD0024EDE7002BF4D12A352B7868
:1075D000211C0A4D002B04D0E86EF8F7D1FFE866B5
:1075E000E9E7E86DF8F7CCFFE865E4E70024E7E7B2
:1075F000620E0020481D00200000C8422C0300201D
:10760000B0040020F8B507000020141C0D0006F09F
:1076100059FC011C201C0A247C436419F9F754FC12
:107620001C34094EA400A159F8F7AAFF0749051C0C
:10763000F8F77AFF002806D00549281CF8F760FF04
:10764000002800D0A551F8BD2C0300200000F0C197
:107650000000F04110B50F4B9B7C012B09D10E4B64
:107660000E491C6E201CF8F745FF002810D1201C85
:1076700010BD002B02D1084BDC6DF8E7022B02D1C4
:10768000054B5C6EF3E7032B02D1034B9C6EEEE7D8
:107690000024ECE7481D00202C0300200000C84215
:1076A00070B50DF029FE104D80B2AC7C63425C4198
:1076B0000E4B64421C40E034041BFFF7CBFF061C5A
:1076C000FFF792FD011C301CF8F75AFFA96FF9F77C
:1076D000FBFB8421C905F9F7C5FAF9F7CFFDA4B280
:1076E000034B24181C8070BD481D002070FEFFFF56
:1076F0003E0E002010B5114B9C7C012C09D1104B83
:107700001049186EF8F7F6FE4342584140422040B7
:1077100010BD00208442FBD1B422094B52009A5C78
:107720002000002AF4D0D86D0649F8F7E3FE434262
:107730005841434201201840EAE7C046481D002056
:107740002C0300200000C842044B9A7C002A04D17C
:107750000633D877024B01321A707047481D00205B
:10776000B0040020074B997C002907D10122063381
:10777000D87F104203D0D977034B1A707047DA775D
:10778000FAE7C046481D0020B0040020031F052B67
:107790000DD9094B98420ADC084B032808DC00226B
:1077A000D876DA870233DA870122054B1A707047E0
:1077B0000422D887DA76F7E730750000481D0020EC
:1077C000B00400200122034B0233D887024B1A7009
:1077D0007047C046481D0020B00400200C4B30B557
:1077E0001A18927F0B4C082A04D1082902D00025D0
:1077F0001A1815731A18917701222270002905D0E2
:10780000072903D00022183080001A5030BDC0462E
:10781000481D0020B0040020F8B507000D00154EEB
:1078200000280BDC00241448144A0419A37F3100FB
:107830009B009A581248FEF729FCF8BD08680378A7
:10784000303BDBB2092B12D8FEF786F8441E022C1F
:10785000E9D80123012FE6D09B0031005859FEF7EB
:107860005FF8011EDFDB2000FFF7B8FFE5E700232C
:107870001C00F1E73C610108481D0020087B01085D
:10788000676101080221074B0122987D084204D05C
:1078900000219975044B1A7070470028F9D19A7528
:1078A000F8E7C046481D0020B0040020074B5A7D71
:1078B000910705D500225A750122054B1A707047B1
:1078C000002A01D00322F6E70122F4E7481D002038
:1078D000B004002070B56024002801D14031CCB242
:1078E0000221094B094E9B7C8B43013B5D425D416C
:1078F000735DA34207D0E920054B1D802302184386
:107900000DF058FA745570BD481D0020E40C00209D
:107910003E050020012370B50C4D40246A7D1A42BB
:1079200000D02034AA7D1A4201D010231C43E92044
:107930002302184302210DF03DFA0222AB7C93434F
:10794000013B5A425341024AD45470BD481D0020A5
:10795000E40C0020144BF7B59867041CFFF752FBAA
:10796000F9F78CFC0500FFF77FFB071C201CF9F7DB
:1079700085FC2E1A04002800F9F7A0FC391CF8F742
:10798000FFFDF9F77BFC001B33000090074A0C2138
:107990000748FDF757FE2023064A11880B43138042
:1079A0000122054B1A70F7BD481D0020C36E010867
:1079B000FC040020541C0020B004002010B5012855
:1079C00003D1086803783F2B03D10448FEF75EFB20
:1079D00010BDFEF7CDFDFFF7BDFFF9E743630108DA
:1079E000034B044AD867642311880B431380704704
:1079F000481D0020541C0020C31F70B50400114D09
:107A0000114E022B05D86876442332881343338005
:107A100070BD031F012B01D8A876F5E7032807D115
:107A2000FDF776FF04233288134333802C76EBE78F
:107A30000122064B1A700028F8D02B0000223533A3
:107A40001A70F3E7481D0020541C0020D0040020C9
:107A500070B5050001280BD10C6823783F2B07D0A7
:107A600011492000FDF75CFF431C05D0002816D00B
:107A70000E48FEF70BFB11E02000FEF779FD0C4BE2
:107A800035331D7006F0DAF9FFF7AAFF0020FFF783
:107A9000B3FF2023074A11880B43138070BD044BAA
:107AA00035331870F5E7C046B26501086364010814
:107AB000481D0020541C002010B5041E2CD008685E
:107AC00003783F2B28D01A00303AD2B2092A01D9C4
:107AD0002D2B17D1FEF74CFD124B041C1B7E002BE7
:107AE00002D10120FFF788FF201C06F0A7F9FFF75D
:107AF00077FF24230C4A11880B43138001220B4B80
:107B00001A7010BD012CF4D10949FDF709FF0028B6
:107B100002DBFFF771FFECE705490648FEF78CF83A
:107B2000EFE7C046481D0020541C00203D0E0020F9
:107B300058690108386901080122034B3233187073
:107B4000024B1A707047C046481D0020B004002048
:107B50000122034B33331870024B1A707047C04632
:107B6000481D0020B0040020F8B5274CE07EE38FCC
:107B7000042801D0002B08D0244A02341360E38F7C
:107B8000002B01D0224A1360F8BD22009032204E13
:107B900012683360002A07D11C4B1A600234E38F4D
:107BA000002BF1D03360EFE71A4A17881A4ADD003C
:107BB000AD5A99B2BD4203D90133082BF7D1190050
:107BC000CB00D3185A885B68104D336032237B4357
:107BD00012492A600B60012802D193089B182B6080
:107BE000230032331978002903D02868F8F700FB06
:107BF00030602300333319780029CFD02868F8F794
:107C0000F7FA2860CAE7C046481D00204405002056
:107C100040050020FC0C0020786F0108CC040020F7
:107C2000F8B52C4B9B7C012B05D0022B06D0032BE7
:107C30004ED0002500E00125002402E00225FBE7EC
:107C40000134AA00521953001B193A339B00224AEF
:107C50009958814201D2092CF2DD092C17DC002C45
:107C60001DD0621EAE00761973009B183A339B003C
:107C7000194E9B59C01A800AC91A890A15D1AB003E
:107C80005D196B009B189B00144AD05E06E0AB00A8
:107C90005D19EA00114B9B182420185EF8BDAB005B
:107CA0005D19EB000D4AD05EF8E7AF007E19730056
:107CB0009B189B00094A9E587D196B001B199B005D
:107CC000074A9B585843F8F71DFB301800B2E5E708
:107CD0000020E3E7481D00202C030020D01C0020DA
:107CE000581C002070B500240DF09AFB0C4A0D4B77
:107CF0000D4D146054609460D4601C605C609C60A6
:107D0000DC602C800DF0F0F8012320002B800DF0BA
:107D1000B3F80DF0DBFB20000DF0E0FB70BDC046BA
:107D20001C1C0020441C00203E050020F0B5C64667
:107D3000344F8600F35900B50C008B420DD001285A
:107D400035DC314B314A1880314B9846314BCB18DA
:107D5000934205D9434601349C5104BC9046F0BD82
:107D6000012848D12C4BDB7E022B44D143465A6874
:107D70002A4B881A9A4200D940102949294D4118A6
:107D8000A94216D828498000F8F7BCFAF323020666
:107D9000120C1343C0220012920200041040184338
:107DA00003210DF007F80122204B7C601A70BC51B2
:107DB000D3E794420FD21E4AA5189D4201D91D4B0C
:107DC000E51828000DF0F8F803211B480CF0F2FF2D
:107DD00043465D60EBE7194AA5189D4205D9184B4B
:107DE000E518184B9D4200D91D0028000DF0E4F85D
:107DF00003211548EAE720000DF0DEF843469C51C8
:107E0000D5E7C0461C1C00203E0500200054EA2A8D
:107E1000441C002000E4B1F1481D0020FF379C1CE9
:107E20007F380100FD70020071020000613B0020FC
:107E300080C7FEFF008FFDFFF3FF010080380100C7
:107E40000071020000703839F3000200086810B5B4
:107E5000FDF782FD054B01001868002802D1044B94
:107E6000A0331960FFF762FF10BDC046E80C002088
:107E7000481D002010B5032101480CF09BFF10BDE8
:107E80008B1F1D0010B5032101480CF093FF10BD9E
:107E90008B1D1F0010B5032101480CF08BFF10BD96
:107EA0008B1D1F0070B5002406000DF0B9FA414B80
:107EB000414D1C605C60414B03211C605C600123F0
:107EC000F3202B800CF076FF2300032E1CD830000B
:107ED0003B4CF8F779F9022034572B800DF004F869
:107EE00023002A331B78002B0FD0FFF7C3FF012399
:107EF0002B80E379002B0BD0FFF7BCFF2E342078CA
:107F00000CF0BAFFFFF706FD70BDFFF7BBFFEEE711
:107F1000FFF7C0FFF2E700232B80FFF7B3FF0CF061
:107F2000E3FF01232A342B800CF0DEFF2378002BA3
:107F300002D0FFF79FFFE5E7FFF7A4FFE2E7237A10
:107F4000002BE8D12B8023002A331B78002B10D084
:107F5000FFF7A0FF23002F3318780CF08DFF0123CB
:107F60002B80E37D042B07D1FFF784FF0CF0BCFFCF
:107F7000CAE7FFF77FFFEDE7FFF78CFF0C200CF05F
:107F80007BFFC1E7237A002BC5D12B800CF0ACFF1F
:107F9000FFF778FF01232B8023002E331B78072B5C
:107FA00004D8FFF777FF2E342078E8E7FFF762FF69
:107FB000F9E7C0461C1C00203E050020441C0020A0
:107FC000481D0020F8B5304B47469846CE464246FD
:107FD000012380B52D4C1380A27C2D4D91469A42F1
:107FE00004D92B800CBC90469946F8BD23009033F1
:107FF000284E294F18683760002803D06421F8F70D
:10800000F7F83060A36D002B04D1E27E3368022ABA
:1080100000D05B00214A934203D81A001A2B00D2E9
:108020001A222A80A21DD27FD20703D5BB4201D9D2
:108030001B4B2B804A461B4B28881A800CF0A6FF4E
:10804000230090331B6801002880002BCAD0E27EF9
:108050003368901EC0B2012802D9012A0ED19B00BC
:108060009942BFD2032ABDD0481EC018F8F7C0F805
:1080700080B2002804D043461880B3E75B00EFE7E6
:10808000012342461380ADE7D8040020481D00209C
:10809000FC0C00205C0E0020B80B000070170000E4
:1080A000C40900003E050020044B10B59865FFF799
:1080B00089FF0122024B1A7010BDC046481D0020E6
:1080C000B004002010B5012803D10C6823783F2BA1
:1080D0000ED11F4B1888F9F7F1F81E49F8F7C2FDC9
:1080E000FAF786FA02000B001B48FDF7CFFF10BD20
:1080F0001A492000FDF714FC002807DB184B00206C
:108100009B6D002BF3D0FFF7CFFFF0E72000FEF7C9
:108110002FFA1449041CF8F7F3F90028D9D11249B1
:10812000201CF8F701FA0028D3D11049201CF8F7D9
:1081300099FD0B4B041C986DF9F70AF9211CF8F70F
:10814000D9F90028D3D1201CF9F798F8DBE7C0460D
:10815000FC0C00200000C842B6650108D06501088B
:10816000481D0020CDCC4C3E0000164400002041AC
:10817000002270B5154B1C7894421ED11449220080
:108180008B7C002B19D1497A1A00002915D0114A8D
:10819000114914881A008C420FD81A210F4A104D29
:1081A0001268861A80185A18521094006459A64210
:1081B00005D9531C9942F6DA0022100070BDA04286
:1081C00001D2511EF6E70222F7E7C046640E0020F6
:1081D000481D0020FC0C0020B80B0000CC0400203F
:1081E000CC6E01080F4A1368013304D10E4B1B6893
:1081F0001B0ADBB213601268531C11D0FF200A4B1C
:108200000002196812020140196019680A43F92135
:108210001A601A680A401A60982219680A431A609C
:108220007047C046B4040020001002400F4A136893
:10823000013304D10E4B1B681B0ADBB213601268BA
:10824000531C11D0FF200A4B000219681202014092
:10825000196019680A43F9211A601A680A401A60FD
:10826000602219680A431A607047C046B4040020AF
:10827000001002400F4A1368013304D10E4B1B68F3
:108280001B0ADBB213601268531C11D0FF200A4B8B
:108290000002196812020140196019680A43F921A5
:1082A0001A601A680A401A60802219680A431A6024
:1082B0007047C046B4040020001002400C2358430D
:1082C0002C4AF0B51018030091254646D6464F4675
:1082D000B3331B78ED005D43C0B5274BB430ED18C8
:1082E0000023C45E254B1B7A5BB2984601330AD04B
:1082F000A3002D325F591378013C9A4601235B425B
:108300009846002C05DA40461CBC90469946A24689
:10831000F0BDA300EE58381C311CF8F705F9002811
:108320000FD15046F8F7CAFF391C8146F8F728F9F3
:10833000311CF8F7E5F8002805D13E1C013C371C3C
:10834000DFE7A046FAE7A300EE58391C301CF8F727
:10835000EBF800280BD14946381CF8F7B5FD311C65
:10836000F8F7E2F80028CED1013CECD2CBE7371C7D
:10837000A046F9E7481D00207C0E00202C2B002091
:10838000F8B50C2357464E46DE46454658432D4A1F
:10839000E0B5101803009126B3331B78F6005E4356
:1083A000294BB430F6180023C45E284B1B7A5BB20D
:1083B0001F0001330BD0A3009D59538F2D329946D6
:1083C000137801279B4601347F42A14506DC380023
:1083D0003CBC90469946A246AB46F8BDA300F35874
:1083E000281C191C9846F8F79FF800280FD158460A
:1083F000F8F764FF291C8246F8F7C2F84146F8F7FF
:108400007FF8002805D1A84601344546DDE727005E
:10841000FAE7A300F358291C181C9846F8F784F8CB
:1084200000280CD15146281CF8F74EFD4146F8F7BC
:108430007BF80028CBD10134A145EADCC7E74546EB
:108440002700F8E7481D00207C0E00202C2B002080
:108450000A4A10B5140000210220094BE03459707B
:1084600018709970D9700C33A342F8D11300902082
:10847000B03340002B321880117010BD481D002011
:10848000F81D0020F8B5CE46474602000C20002615
:10849000912480B55043114B350018185B8FB330D1
:1084A00099460278E40054430D4AA4182768A94568
:1084B00004DC30000CBC90469946F8BDAB00E05897
:1084C000F8F7DCFEF8F7FAFE391C8046F8F72CF8CE
:1084D000002801D047462E000135E8E7481D00205E
:1084E0007C0E0020F8B50C23434322489126C01887
:1084F0000300B3331B78F6005E431F4BB430F6180D
:108500000023C75E1D4B1B7A5BB25A1C30D0BB00E8
:108510001B499859F8F7A6FBF8F7B0FE05007C1E3A
:10852000002C01DA3800F8BDA3001549F058F8F71F
:1085300099FBF8F7A3FE854204DB2B00643B8342E2
:1085400003DC2800013C0500EAE7A3000C49F058D1
:10855000F8F788FBF8F792FEA84206DB2B0064339D
:108560008342DFDB013CF0D2DCE705002700F9E7BE
:108570001F00D7E7481D00207C0E00202C2B002078
:10858000000020410C235843F0B5274F912638189E
:108590000300C646B3331B78F6005E43234B00B599
:1085A000B430F6180022835E9846214B1B7A5BB2EA
:1085B0005A1C36D043469B0098591E49F8F752FB87
:1085C000F8F75CFE434605007F8F5C1CA74203DC86
:1085D000404604BC9046F0BDA3001649F058F8F799
:1085E00041FBF8F74BFE854204DB2B00643B8342E2
:1085F00003DC280001340500E8E7A3000D49F0582A
:10860000F8F730FBF8F73AFEA84207DB2B0064339B
:108610008342DDDB0134A742EFDCD9E70500A04649
:10862000F8E79846D4E7C046481D00207C0E00209D
:108630002C2B002000002041F0B5CE46474680B5E7
:10864000294B83B01B68002B2DD00123252719252A
:10865000022498467F1A2D1ABEB264422DB201340C
:108660004046631C0CD0214BA200D3581520012B8F
:1086700006D00D38032B03D0023B5842584113302B
:108680000BF060FF14236343194AD35C9946631CC3
:108690000ED1184A39B2280005F0A2FD4B460D361E
:1086A000B6B2062BDBD103B00CBC90469946F0BDA8
:1086B0004B46062B06D1104B1B68002BEED031B277
:1086C0000E4AE8E7094AA00082580D4B9200D358A1
:1086D0000C4A0193835831B200930B4A631C280063
:1086E00005F07EFDDAE7C046C81F002044200020C8
:1086F000A07401088C600108AC2000209F60010874
:1087000080760108E01F0020B9600108F8B5CE4668
:108710004746384B384D840080B56351142343439A
:10872000364E8946F318D968354B07001868F8F7B4
:10873000CBFB40004308494648469846F7F720FFE0
:10874000011C4046F7F7F0FE002805D00223180070
:108750000CBC90469946F8BD49464046F7F7E4FE02
:1087600003230028F3D1274B27495A1DD27F88467F
:10877000052A24D11A001900D032C43109681268C0
:108780005218414652080A601900B8310A601A00AE
:10879000CC320021525E1900C0310020095EB43392
:1087A0005118CA0F521852101A80184B18491868DD
:1087B000F7F7BAFE002802D0164B6351C6E7142320
:1087C0005F43F61914497068F8F74CFAF7F7C0FEE2
:1087D000124B134A2B5143461B6882189A42B5D854
:1087E000104A944660448342B0D80F4B2B5101236A
:1087F000ADE7C046E6760108E01F0020A07401083E
:10880000341C0020481D00202C1C00204C0E002091
:10881000CDCC4C3FF476010800247449FE76010863
:10882000E05EF8FF20A10700416E0108F8B50B00DB
:1088300057464E464546DE4623339146FF33214A8E
:108840009B009B58E0B5884606009A460025002705
:108850008C00A4184346EB18994520DC01241A49E2
:108860005046F8F731FB80462800F8F727FD011C39
:10887000381CF8F71FF8011C4046F7F741FE0028A6
:108880001ED1012C04D00224104B114AB600F25024
:1088900020003CBC90469946A246AB46F8BDAB00D2
:1088A000E358381C191C9B46F7F76AFE5146071C13
:1088B00058460135F7F738FE0028CBD00224CEE722
:1088C0000324E1E77C0E00200000A040E01F002010
:1088D000CC760108F0B557464E464546DE46344B49
:1088E000E0B5344E8500AB51334B83B01B688146F5
:1088F00000939846314B5C8F314B1F68314B9A4641
:10890000009B9C422DDC434601932E4B9846019BD5
:10891000002B39DC009F019B4A46984614235343A1
:1089200029486421C0180223C05E6043F7F7EAFCBF
:1089300043464200FF1A022397420ADB009A019B3A
:10894000D21A03235843013B824202DC1F4B73516E
:108950000123180003B03CBC90469946A246AB46A2
:10896000F0BD009B1A499B009B46381CF8F7ACFAF7
:1089700053465A46011CD058F7F7C2FD0028C2D111
:10898000009B01330093BBE7019B11499B009A4672
:10899000381CF8F799FA43465246011CD058F7F7AD
:1089A000AFFD0028B6D1019B013B0193AFE7C04664
:1089B000DC760108E01F0020301C0020481D00204C
:1089C000341C00207C0E0020A0740108416E0108B8
:1089D0000000704170B5074B074D8400635106F0ED
:1089E000A9FD0223002802D0044B63510123180083
:1089F00070BDC046D3760108E01F0020416E01081B
:108A0000F8B557464E464546DE46E0B5194B0600DA
:108A10005B8F00249A46032302259946164FA245F0
:108A200004DC164B164AB600F2501CE0A300FA58BC
:108A3000144990469122D20094466344FB58181C76
:108A40009B46F7F79DFD011C4046F7F76DFD00289A
:108A500008D159464046F7F767FD002800D04D463B
:108A60000134DCE7012528003CBC90469946A2462B
:108A7000AB46F8BD481D00207C0E0020E01F002002
:108A8000CC7601080000A040B4220021034B520024
:108A900099520022DA655A667047C0462C030020BE
:108AA00010B515200BF04EFDDC22282101480BF0FB
:108AB0000DFE10BD7B600108F8B50F1C431C2CD0C7
:108AC0000C244443154D2C192300B1331B78002B83
:108AD00023D022002021B03213788B4313706E8F85
:108AE000701EF8F7EBFB391CF8F7BCF80C49F8F7E7
:108AF000B9F882239B00071CE858F8F729FC011CF1
:108B0000381CF7F7D7FEF8F7B9FB864205DD2300DE
:108B1000B43318800023B8342360F8BD481D00200A
:108B20000024744910B50400084B1988084B1868D4
:108B30004B086043C018F7F75BFB064B064A1B68FF
:108B4000126863439B18C01810BDC046EC0C00208F
:108B5000F40C0020F00C0020F80C0020F0B5DE46EC
:108B6000574645464E46E0B55D4A8BB0538F069258
:108B700003935C4B9B460023DA461D00584AA91814
:108B80000591897F082959D160236B439B460123B6
:108B90005B4200279846E032934407336B433C0026
:108BA0003E005F46D346AA46454609933B78002BD4
:108BB00019D0099B06995A1913008846B1465646A2
:108BC000AA460E331B01984413010893039BA3424A
:108BD00006DDA0B2FFF7A6FFBB680493984243D31B
:108BE000B2464D464E4601361037062EDED1A84617
:108BF000012155463A48A940030000224646343335
:108C0000DA4649B29A56013663D0062394465F4647
:108C10006B4343440E331B01C318039AA24253DC37
:108C200062460123BA46059C0A433430237302701E
:108C300020232D4A11880B43138001239122D20057
:108C400094460135E244032D98D1002B05D02548E8
:108C500005F0F6F9012006F0EBFA0BB03CBC9046AB
:108C60009946A246AB46F0BD53467D68013304D118
:108C70005A46A300D5500134A8E74346089A5B68DA
:108C800094460193069B6344E8331B68C01A029321
:108C9000F8F75EFB01990790281CF8F715F9011CFD
:108CA0000798F7F7DFFF049B029A051C981AF8F75C
:108CB0004FFB011C281CF7F7FDFD0199F7F760FC3D
:108CC0005B46A2009850D6E75A68A600BA51013414
:108CD000A3E70020059C8A4320731A70A8E7C046CA
:108CE000481D00207C0E0020541C0020F0B5C64614
:108CF000050000B50120FFF715FF04000020FFF775
:108D000011FF241A6408A8420DD8104B5E8F013E53
:108D1000B0B2FFF707FFA84205D32B1B98460027E8
:108D20006519B74205DD01246442200004BC904669
:108D3000F0BDBC196410A0B2FFF7F4FE804501D964
:108D4000671CEEE78542F0D2661EEAE7481D002068
:108D5000F8B50C25CE464746454380B5314F7D19C1
:108D60002B00B3331B7899462B00B43300241C5FCF
:108D7000B835A6B23000FFF7D5FE80462860002C3B
:108D80004CDD7B8F013BA34248DD91234A46DB004B
:108D900053439946244A30009144FFF7C3FE0136FD
:108DA0000700B0B2FFF7BEFE204B381A9C464B4678
:108DB0006444A4001E594C44A3689946C317C018C4
:108DC0005840F8F77BFAFC218905F7F74BFF494635
:108DD000071C301CF8F778F8011C381CF7F742FF25
:108DE000071C6068011CF7F7CBFB011C301CF8F76F
:108DF0006BF84946F7F7C4FB0D49F7F7C1FB011CB7
:108E0000381CF7F757FD041C4046F8F7A1FA011C7F
:108E1000201CF7F7B5FBF7F79BFB28600CBC9046CE
:108E20009946F8BD481D00207C0E00201A60FF3FC7
:108E3000CCBC8C2BF0B5DE4657464E464546E0B5D9
:108E40000000049008001400FFF750FF0023039374
:108E5000984245DBE20F1219541052101318041BEC
:108E60000193E343514ADB171C400199538F8B4216
:108E700001DC013B01930C23049900264B43D318DA
:108E8000B333197891230125DB004B4348490694FD
:108E90005B180293474B02991E80A3005F58464B14
:108EA0002D321F601378B146B3460396B046AA46EA
:108EB00026000593019BB3421ADA4B464646002B27
:108EC00003D03D4B1F603B4B1E800C22049B04983B
:108ED0005A43364B9B18069AB4331A80FFF738FF73
:108EE00003980BB03CBC90469946A246AB46F0BDF9
:108EF000029AB300D458391C201C002D1AD0F7F761
:108F0000FFFA002804D0B3B29846271CD1460FE0E0
:108F10000598F8F7D3F9391CF7F732FB211CF7F75E
:108F2000EFFA002804D0B3B29846D1460025271C9A
:108F30000136BFE7F7F7F8FA0028E4D10598F8F70B
:108F4000BDF9011C381CF7F7BFFF211CF7F7ECFA3D
:108F50000028EDD0AB450AD006AAAB009B58029A78
:108F60009B00391C9858F7F7E9FA002817D1042D0F
:108F70000ED0AD0005AA08AB52199A4211D1424653
:108F800006AB5A515B46032B02DC01239C46E344AB
:108F90000125B3B29846271CD1460395C8E7013591
:108FA000D8E71968043B9960E7E7C046481D0020F0
:108FB0007C0E0020DC1F0020D4040020F8B55746AA
:108FC000DE464E4645464E4BE0B583460E1E4D4F9F
:108FD0009A4608D088B2FFF7A5FD4B4B1A88C823E4
:108FE0005343984210D20023484A49491380494AC2
:108FF000504613805A4612680B8001210180464971
:109000003A600B60454B1A60404BB4001B885C44CF
:109010009846002B0CD12368404D191C28689946AE
:10902000F7F778FA002803D03B4B1E604B462B60C5
:109030003B6825689946534600241C5F4946281C16
:10904000002C20D0F7F75CFA002808D0314B3D60A7
:109050001E803CBC90469946A246AB46F8BD304BBC
:109060002D331878F8F72AF94946F7F789FA291CB9
:10907000F7F746FA0028ECD0264B3D601E8000230F
:1090800052461380E5E7F7F74FFA0028DED1244B6C
:109090002D331878F8F712F9011C4846F7F714FF3A
:1090A000291CF7F741FA0028D3D0A0450ADD184A59
:1090B00063009B5A5A469B0049469858F7F73EFA78
:1090C000002814D1042C0DD00323114AA34210D13F
:1090D00010495B000988D1524346032B02D80B4A42
:1090E000013313800B4B3D601E800123C8E7013420
:1090F000DBE75900881E105A013B5052E6E7C04694
:10910000B2040020D4040020FC0C0020420E0020F9
:10911000740E0020DC1F00203C1C0020401C00209E
:10912000481D002010B5084C8AB2638F93420AD9BB
:109130000C234343E4182300B43319801000FFF7D5
:10914000F1FCB834206010BD481D002010B5032884
:1091500001D8FFF7E7FF10BDF0B54F46D6464646AB
:109160000D00C0B50700431C37D00C2343431F4CF0
:10917000E3181A00B1321278002A2ED02021B03321
:109180001A7801208A431A70FFF7CCFC06000020F1
:10919000FFF7C8FC638F361A023B9A4601239946B3
:1091A0007608D14519DA4B469BB218009846FFF76E
:1091B000B9FC801B854215D34046013080B2FFF7D1
:1091C000B1FC801B85420DD20C235F43E4192300C0
:1091D0004A46B433B8341A8025601CBC9046994680
:1091E000A246F0BD01239C46E144DAE7481D002079
:1091F000F0B54F46D6464646C0B5050082B0894612
:1092000000282BD10C2398469E4C9F4F43466B431E
:109210001A00B132A25C6E1C002A16D00C331B1946
:109220001A00AC33A8320021525E1B682800914618
:109230009A4604F047FEF9F7DBF953460090019196
:109240004A4631003800FCF7F7FC3500042EDDD12A
:1092500002B01CBC90469946A246F0BD0C6823782B
:109260003F2B00D1F4E00823884A200011880B43EB
:1092700087491380FCF754FB002810D1814BFF2154
:109280001A002B3211701A00B13210701A00BD3260
:1092900010701A00D533C93210701870D8E720004A
:1092A000FCF75AFB441E0600032C00D9D0E0012D28
:1092B0001FD10C256543734F20007D192B00B4335B
:1092C00000229B5E2B3798462B00B8331B68B135C4
:1092D000994604F0F7FDF9F78BF94B4600900191A0
:1092E000424631006848FCF7A7FC01233C702B7014
:1092F000AEE74B465B68674918009846FCF710FBE1
:109300000700072834D8F6F75FFF040E1F5997A906
:1093100082960C23012163435A4AD318B1332B326E
:109320001970147094E70C2300216343554AD31835
:10933000B1331970130000222B339A56944200D097
:1093400086E7FF221A7083E70C23012163434D4A0D
:109350002000D318B13319702B321470FFF792F834
:10936000431C00D1002001B22000FFF7EFFEA0E770
:109370000C256543434E012275192B00B1331A7039
:1093800043461B78303BDBB2092B61D84046FCF7E3
:109390004FFF2022B0352B78010093432B70330010
:1093A0002B331C70738F984203D92000FFF7D4FE33
:1093B0004EE701B22000FFF7C9FE49E74B46986827
:1093C000032D14D10378313BDBB2082B0FD8FCF707
:1093D0002FFF0C2363432B4C0138E4182200022397
:1093E000B0321178B2340B431370207030E72A4941
:1093F000FCF796FA002800D02AE70C2302226343E8
:10940000204CE418B03423789343237020E70022E3
:10941000032D09D14B4698680378313BDBB2082B0A
:1094200002D8FCF705FF421E0C236343154CE418D9
:10943000B33422700CE71027032D00D008E74B4609
:1094400015499868FCF76CFA002809D001280FD05C
:10945000114A10491148FCF7EFFBF9E62027EBE72A
:109460000C236343074CE418B0342378BB43CCE7A8
:109470000C236343034CE418B03423781F43277054
:10948000E6E6C046481D0020AD640108541C0020DB
:10949000B2650108E86401081C650108BD640108A3
:1094A00070B50024074E084D738FA34200DC70BDD9
:1094B000A0B2FFF737FB01002800FCF7BDFB013429
:1094C000F2E7C046481D0020EF600108144B30B59C
:1094D0001A001C009832943421681568A94201D9F9
:1094E000256011600022042806D8F6F76DFE0307F8
:1094F0000912030094331A68100030BD9833FAE75C
:109500001A009833943212681868520840081218EA
:10951000F2E71A009433983212681868121AEBE7CF
:10952000481D0020F0B5DE46454657464E46E0B59C
:10953000002083B0FFF7CAFF04000120FFF7C6FF39
:10954000334B001B598F9A46324B01391C60324B0A
:1095500089B21980F6F7D2FE304B01241860304BE7
:1095600019605346903318602E4B00201C70FFF793
:10957000ADFF00902000FFF7A9FF002398462A4D79
:1095800001906B78002B0CD008232C781C4008D15C
:10959000AF68002F15D10423EC5E21B24046FFF7DF
:1095A000D5FD01239C46E04443460C35042BE8D10D
:1095B00006F040F803B03CBC90469946A246AB4644
:1095C000F0BD009BBB42E8D853465B8F9B46019B96
:1095D000BB421AD85C46013CDFE7A6B23000FFF779
:1095E000A1FA8146874203D301345C45F5DBD4E719
:1095F000013EB0B2FFF796FA4B4640085B08C01830
:109600008742BF417F42E41BC7E70124EDE7C04624
:10961000481D0020F80C0020EC0C0020F00C00206D
:10962000F40C0020B0040020F81D002010B5094AF9
:10963000538F83420CD0031C142800D21423912191
:1096400098B24900884200D90B1C5387FFF76AFF84
:1096500010BDC046481D0020F8B5032804D0514B6A
:109660001B68994200D219004F4B1C6823008C42A2
:1096700000D90B004D4A110094310E681100983149
:109680000D68042800D981E00121F6F79DFD033A19
:109690004B642600141DE08F884311009431E0874D
:1096A0000B609D4202D2110098310B60110098317D
:1096B0000968C91A4908002900D167E0538F5B087F
:1096C0008B4263D9130011009833943109681B68E9
:1096D0005B1801215B0819405B180121101DC48F24
:1096E0002143C187110094310B60110098310B6048
:1096F000AE4203D0802300219B00D150FFF712FF20
:10970000F8BD141DE08F884311009831E0870B608D
:109710009E4202D9110094310B6011009431096806
:10972000591AC7E7171DF88F01431E48F9870068CB
:10973000A91B490847189F4200D9191A601A984274
:1097400000D2E11A10005C1A943004601000CB18AB
:1097500098300360AFE7101DC78F3943C187710888
:109760006808081859080F4B1B68CB18834200D2B1
:109770000300641A9C4200D91C001300601A943341
:10978000186013000C1998331C6094E7AE42B5D0F2
:10979000110013009431983309681B689942ADD1C8
:1097A000A8E7C046141C0020B8040020481D002073
:1097B000002210B50D4B29339A5651425141197070
:1097C000002A0ED10220FDF779F909490220FFF79E
:1097D00043FF08490320FFF73FFF0122064B1A70A1
:1097E00010BD01204042FDF769F9F6E7481D002051
:1097F00080969800404B4C00B004002010B5012822
:1098000017D1086803783F2B13D0FCF7A5F804287C
:109810000FD880B20BF0E2F9431C02D10748FCF7E5
:109820000BFAFFF77FFE0423054A11880B431380D0
:1098300010BD0448FCF700FAFAE7C046D7650108F6
:10984000541C0020EB65010870B505000C00FFF703
:1098500069FE012D06D12068FCF77EF880B2FCF786
:10986000D7F970BD0123024A11780B431370F8E752
:10987000D0040020F0B54646D6464F460500C0B598
:109880008846002811D1FFF721FE04000120FFF7D0
:109890001DFE324B02005B8F21003148FCF7CCF9F2
:1098A0001CBC90469946A246F0BD2E4B9946032813
:1098B0004EDC0F683B783F2B4AD000239A469842F3
:1098C00003DD3800FCF7B4FC8246012D19DD434668
:1098D0005868FCF7ADFC00240600032D04D1434674
:1098E0009868FCF7A5FC040049463800FCF718F816
:1098F000002809DB3100FFF7AFFE01221A4B1A7076
:10990000CEE700263400EFE718493800FCF708F8E6
:10991000032802D8FDF73AFFC2E7042803D1012249
:109920000E4B9A72BCE7052802D10C4B0022F8E7D7
:1099300051460020FFF790FE002E03D03100012099
:10994000FFF78AFE002CD8D0A0B2FFF76FFED4E755
:109950004A4606490648FCF799FBA1E7481D002046
:109960004B67010860740108B00400207C74010892
:109970005667010870B5084C051CA834011C206806
:10998000F6F7B8FD002805D12423044A2560118884
:109990000B43138070BDC046481D0020541C00209E
:1099A00070B5084C051CAC34011C2068F6F7A2FD0C
:1099B000002805D12423044A256011880B43138015
:1099C00070BDC046481D0020541C0020F8B5574605
:1099D0004E464546DE46E0B5294D061C2B7D9A468F
:1099E000032B0BD92749F6F78BFD002821D12649F7
:1099F000301CF6F799FD002800D0234E2B000024E0
:109A00002C331C70FE222B00920588331A601F4BEA
:109A10002700984601239B46E3B299465346032B01
:109A200013D9042C07D1002F15D02B002C331C7018
:109A300011E0144EE2E742460134A300043B311C1E
:109A4000D058F6F75DFD002818D0002F03D02B006A
:109A50004A462C331A702B0041462A002C331B78BF
:109A600088329B00CB58301C2E671360FFF798FF9D
:109A70003CBC90469946A246AB46F8BD5F46CBE754
:109A8000481D0020CCBC8C2B003C1C46A476010851
:109A9000FC2170B50C4C8905656F281CF7F7E2F8BE
:109AA000216FF6F76DFD291CF6F704FF0BF0E2FDC0
:109AB000F7F7E4FBF7F702FC291CF7F7D3F8206768
:109AC000FFF76EFF70BDC046481D0020F8B53F4E41
:109AD000041C377D032F20D93D49F6F711FD0028DE
:109AE00049D13C49201CF6F71FFD002800D0394C15
:109AF000FE25AD053849201CF6F716FD00281AD0C2
:109B00003549281CF7F7AEF83349051C201CF6F739
:109B1000D1FE041CEEE7314CEAE73049F6F704FDCC
:109B20000028F8D12E49201CF6F7EAFC0028DFD0E7
:109B3000FE252B4CAD05FE21201C8905F6F7E0FC27
:109B400000281CD1032F25D92349201CF7F78AF8B8
:109B50002449F6F715FDF7F791FBF7F7AFFB1E4920
:109B6000F6F7A8FE291CF7F77DF87067FFF702FFEC
:109B7000FFF78EFFF8BDFE25154CAD05DBE7164956
:109B8000281CF6F797FE1449051C201CF7F76AF805
:109B9000041CD0E71449201CF6F7C6FC00280ED19F
:109BA0001249201CF6F7C0FC00280AD11049201CDD
:109BB000F6F7BAFC002806D1FE208005D2E7064859
:109BC000D0E70C48CEE78020C005CBE7481D002039
:109BD000132EE1299AF97944000020410000A041A8
:109BE000CDCCCC3DE5F2FF3ED200A040A301004029
:109BF0004703803F0000A040F8B500257B4C0600DD
:109C0000A074A57205F0D2FD6577E572FCF7EAFE57
:109C1000774B784A1D6023009C331D600123117827
:109C200075480B43137023002C331D70FE22230054
:109C3000920588331A6027002575FFF747FF6F48A4
:109C4000FFF7C4FE00200837F867A27CA5870B2326
:109C5000032A00D1023322002F3213700023220086
:109C6000902519002A321370A3652373E37363737D
:109C70002374A373E3832384638463746D00E21805
:109C80001700E03739743970571CFF373132397497
:109C90003970FF321037603339741170AB42EED136
:109CA00022005749343209781378002956D001210F
:109CB000617349180B431370220000233132137073
:109CC00022003532137022008C3210602200FF21F6
:109CD0000832D1772200F2392E32117003226275D8
:109CE0002200142029321370A064464A20000B3948
:109CF0000525A175E266E174621821002D3005701A
:109D00004148A031086021004048A4310860042186
:109D1000A17649196176210032310B702100D38779
:109D2000012233310B703A496371E375E387E376BF
:109D3000E365E3712376E2862271E2646272E16791
:109D40002387A384A3712365324B22726365032E9C
:109D500019D83000F6F738FA0538284306218B4326
:109D6000A9E72D4B00201968FFF776FC2B4B01204B
:109D70001968FFF771FC3C23A3873B3B6371802389
:109D800000229B00E250FDF757F9231DD867FEF72C
:109D90005FFB912000232B3440002370FFF746FC2B
:109DA00001221F4B1A70F8BD1E490220FFF754FC18
:109DB00000210320FFF750FC80231B4A9B00E25048
:109DC000FF3BFF3BE376DEE7134B00201968FFF70C
:109DD00043FC124B01201968FFF73EFCCFE723003C
:109DE00008222E331A701149DFE7C046481D0020B3
:109DF000500E0020D004002000002041000020C1AF
:109E0000640E002000007A444043DB1900E1F505B0
:109E1000000016C3A0860100141C0020B804002016
:109E2000B00400208096980080841E0000A3E111F9
:109E3000912370B5144C5B0063872300134AA83349
:109E40001A6023000022AC331A6021002300012293
:109E50000025B03134331A700A000D4BA58343CB73
:109E600043C243CB43C243CB43C243CB43C2902202
:109E70002900520007480BF069FD2B34280025709B
:109E8000FFF7BAFE70BDC046481D0020000020410B
:109E9000106D0108281E0020012210B5044B1A7015
:109EA000044B9B7C834201D0FFF7A6FE10BDC04649
:109EB000B0040020481D0020F0B59E4C0023220075
:109EC00057464E46DE464546BD32E0B51370220089
:109ED0002100C9321370293101220B7021000600C4
:109EE000954F627362723A70944A2A310B709446AD
:109EF00021006371A387A384143373439048A03176
:109F000063440860587883B007281BD8F6F75CF9DB
:109F100028049C8033C0CDCD0120FFF7BDFF012078
:109F20004042FCF7CBFD01236373638F83499C465A
:109F3000142388460022734382484344944511DC2D
:109F400000233B7014237D4A7343944663445B783B
:109F5000042B00D1B2E0072B00D1B4E00020AFE029
:109F60000020DAE79125ED00A8469100DD68414424
:109F700045500132E2E70020FFF78EFF0020FCF79A
:109F80009DFD01236373638F64219A465B089B46A2
:109F9000142373439846694B49429C46E044434628
:109FA00002229B5E52465A4310009146F6F7AAF9E8
:109FB0000022434658440700624897424FDC642120
:109FC0004846F6F79FF900238344062E00D15E4BE6
:109FD0001D1C1423594AB84694465F46B146734344
:109FE00063440193BA4543DC4E461423534A474623
:109FF000944658467343534963448742A2DA9125F5
:10A00000ED00AC46BA00DD6862448D500137F4E7DC
:10A010000020FFF741FF2300012229331A7000239B
:10A0200063722300494AA03302201A60FCF746FD00
:10A0300022008123BC325B0013802200C8321380CF
:10A040000522631DDA779CE70020FFF725FF022039
:10A05000FCF734FD0123E376A21DD37791E7912528
:10A06000ED00AC4691001D69614445500132A4E702
:10A070009123DB009C46334BBE0066449C46019B0B
:10A08000291C18696644F6F71FFF01373060A9E7FD
:10A090000020FFF701FF2E4B2E4A00201A60FCF72C
:10A0A0000DFD01232C4A1370D6E70120FFF7F4FEC3
:10A0B0000020FCF703FDA31D0122C3E78420C00597
:10A0C000FDF7E6F806E00020FDF7E2F823000122A4
:10A0D0002A331A7022000227343213781F493B4377
:10A0E00013700123637313335E43144B9D19E868A7
:10A0F000F6F746FAFFF76AFC19496868F6F7B2FD09
:10A10000F6F726FA01003800FFF7A6FA1449A86806
:10A11000F6F7A8FDF6F71CFA01000320FFF79CFAFA
:10A1200006F00AFF03B03CBC90469946A246AB46F7
:10A13000F0BDC046481D0020640E0020A074010838
:10A140004043DB197C0E0020000040409077DE1970
:10A15000B804002000943577B004002000002041AE
:10A1600000247449F8B50C001A4E1B4F022805D084
:10A17000320039001948FBF75FFDF8BD390020684F
:10A18000FBF7CEFB310005006068FBF7C9FB04005C
:10A19000002DEDDB0028EBDB08F0C6F9600040196C
:10A1A0000328EAD8F6F710F802080A100020FFF793
:10A1B00073FE07F097FFE0E70120F8E70220FFF7C2
:10A1C0006BFE07F07FFFD8E70320FFF765FE07F07F
:10A1D00081FFD2E7A0630108A46401085865010863
:10A1E00010B5012803D1086803783F2B03D10A4832
:10A1F000FBF74CFF10BDFCF71BF884B2042CF6D81B
:10A2000020000AF0EBFC431CF4D1002CF2D1034BEC
:10A21000987CFFF7F1FCEDE776640108481D00200B
:10A22000F8B52C4C0500237D83423DD0206F03F010
:10A2300005FE071C606F03F001FE061C381C257527
:10A2400003F0B8FD051C301C03F0B4FD237D032B87
:10A250002DD92149281CF6F753F9002825D11F498B
:10A26000281CF6F761F9002800D01C4D1C49281C59
:10A27000F6F720FBFFF72AFC1949606FF6F7F2FCAE
:10A28000FFF7A4FB637D9B0701D503236375A37DC3
:10A290009B0701D50223A375124803F0D1FE2023AA
:10A2A000114A11880B431380F8BD0B4DDEE70F49AF
:10A2B000281CF6F7D7FC0A49F6F7FCFA0BF0C6FAA9
:10A2C0000749F6F7CFFCFFF781FB0548FFF7FEFBD8
:10A2D000D8E7C046481D0020CCBC8C2B003C1C4657
:10A2E000000020417C0E0020541C00209A99993FC8
:10A2F000002370B5114C051C2371237D032B1AD943
:10A300000F49606FF6F7AEFC291CF6F70DF900282F
:10A3100011D00B49281CF6F7CDFAFFF7D7FB0849F7
:10A32000606FF6F79FFCFFF751FB2023054A118869
:10A330000B43138070BD281CF5E7C046481D002064
:10A3400000002041541C002070B50F4C237D032BCE
:10A3500001D900232371FFF7B9FB237D032B0DD90E
:10A360000A49606FF6F77EFC051C011C206FF6F7AA
:10A37000C7F8002802D0281CFFF728FB2023044A36
:10A3800011880B43138070BD481D00200000204140
:10A39000541C0020F0B54E46DE4657464546E0B513
:10A3A000040087B00E0001280AD10B681B783F2BF0
:10A3B0000AD1864B864A87498748FBF73DFC48E02F
:10A3C00000239846984211D030680378303BDBB2C6
:10A3D000092B45D8FBF7C0FA451E022DE9D8013CF0
:10A3E000002C00DD82E001232C009846342399469E
:10A3F0007A4DA9444B461B7801222341134222D0B7
:10A400002B7D774A9B009B589B46631C9A462B00EA
:10A41000AC331868F8F7ECF82B00A833060018687E
:10A420000F00F8F7E5F863191A7B6E4B002A00D08D
:10A430006D4B029003910493009601975A46514642
:10A440006A48FBF7F9FB4346002B02D10134032C89
:10A45000D0D107B03CBC90469946A246AB46F0BD71
:10A46000012C0CD15B49FBF75BFA002864DBFFF79A
:10A47000D7FE04235E4A11880B431380E9E7022CC0
:10A480005DD15349FBF74CFA002811D0012820D0A8
:10A4900000231D009C004D493059FBF741FA042868
:10A4A00000D986E73619F5F78FFE4F57626A7C00B0
:10A4B000746850492000FBF733FA002803D10122C9
:10A4C000464B1A71D5E72000FCF752F8FFF73CFF26
:10A4D000CFE7746847492000FBF722FA0028EED046
:10A4E0002000FCF745F8FFF703FFC2E701239C4279
:10A4F000D0D19B0040499859FBF712FA041EB8DBF3
:10A500000028B6D19126F6006E433C4B3C4FF6181E
:10A51000324B0135984643465B8FA342A9DDA30029
:10A52000F058F8F765F822000090019129003800F2
:10A53000FBF782FB0134EEE700231D00D9E700237F
:10A540001D00012CA6DC94E77068FBF705FA411E9C
:10A550002800FCF749FF8CE770682A49FBF7E0F90F
:10A560001E4B01385D19434243412B7381E77068EC
:10A57000FBF7F2F9411E2800FCF740FF79E721497B
:10A580007068FBF7CDF901220023AA40134952B2AB
:10A590003431CB56012802D113430B7069E7934342
:10A5A000FBE77068FBF7D8F90C4B04005B8F834224
:10A5B00000DCFEE6B068FBF7DBFF91235B005D4348
:10A5C0000E4B2D19AD00E85043E7C04684640108E6
:10A5D0005C6601086C690108C1680108481D00201B
:10A5E000089C0108416E010888680108916801080B
:10A5F000541C00202D610108A46901087C0E002074
:10A60000A1680108BA68010870B505000C00012AAC
:10A6100007D0220029000648FBF738FD0120404200
:10A6200070BD1800FBF77CF90028F9DAF1E7C046A5
:10A630006465010810B502000B6807480749FFF779
:10A64000E3FF012803D801231840054B18720122AB
:10A65000044B1A7010BDC04626640108AF6501089E
:10A66000481D0020B004002010B502000B68074808
:10A670000749FFF7C9FF002806DBFDF765F824232B
:10A68000044A11880B43138010BDC046336701088C
:10A69000BA680108541C002010B502000B68044879
:10A6A0000449FFF7B1FF002801DB034B187010BD10
:10A6B000F9650108BA680108220E00200100002097
:10A6C0000A78002A00D170471300303BDBB2092B17
:10A6D00004D80001303810180131F1E71300613B54
:10A6E000DBB2052B02D800015738F4E71300413BD9
:10A6F000DBB2052BE7D800013738ECE770B5050071
:10A700000E00002803DC1148FBF7C0FC70BD086890
:10A71000FFF7D4FF0E4B04001A680E4B1A80022D6F
:10A720000CD17068FBF784FD8023E4B200061C4363
:10A73000000C204329000AF03DFBE7E7C0B20AF015
:10A7400057FB01000448FBF777FADFE7D0690108FF
:10A75000E80C00203E050020F16901081FB5084BF8
:10A76000084C1B6D20000093002301930293039378
:10A77000F8F7D2FE69462000F8F7C4FE1FBDC046B8
:10A780002C0300202C07002010B50B4C01280DD104
:10A79000086803783F2B09D0FBF74AFD96235B003E
:10A7A000984200D218002065FFF7D8FF216D0348BA
:10A7B000FBF742FA10BDC0462C0300208669010851
:10A7C00070B51548FBF7A0F8144D154C2800F8F7A4
:10A7D00041FF14492800F8F765FFFFF7BFFFFA2093
:10A7E000114AA36D80001340A365F8F7ADFA0F4935
:10A7F0000F48F9F767F98023A26D1B021343A36585
:10A80000B5230C4A5B00D25C0B4B520700D42B00E3
:10A810000A4A136070BDC046C01F002038080020DF
:10A82000005C0040DC5E0108FF7FFFFFE45E010882
:10A830009C0700202C0300202C070020BC1F0020B8
:10A840000B4B10B51B78042B08D1B52209495200D7
:10A850008A5C09481A4208D0F8F73EFF0748F8F723
:10A8600035FD0748F8F732FD10BDF8F73FFFF5E773
:10A870009C0700202C0300203808002054070020EB
:10A8800034070020F0B50300D6464F464646002068
:10A890008C461100184AC0B592460700174E1C7826
:10A8A000002C04D11CBC90469946A246F0BD202C39
:10A8B0001FD0092C1DD05546222C01D13500013363
:10A8C000884202DA62468400A350013080B21A78CE
:10A8D0002C0090462278424507D001342278002A85
:10A8E000F8D101331C78002CF1D11C78002CD9D080
:10A8F0001F700133D3E7C0463F6E01083D6E01086B
:10A9000070B5114D05222900FFF7BCFF0F4B80B237
:10A910001880052805D90E48FBF78EF90024200081
:10A9200070BD041EFBD02D680A4C6088238800048B
:10A93000184301D10400F2E72900FAF7F1FF0028DB
:10A94000EDD00A34F1E7C046701F0020B81F002088
:10A95000D85F01080C6A010870B5FFF7D1FF002825
:10A9600046D003895A0705D5264A12787F2A01D98D
:10A97000012293430125C288818812040A432B4097
:10A98000214C17D00423214D2A60227813432370D1
:10A990001F4B1B78002B0CD12B68002B09D00124F6
:10A9A0001C4E644221003000FBF7B4F82B68002BEA
:10A9B000F8D170BD2370184B18491888043101383C
:10A9C00090471748FBF738F9164B1B78002BF0D04F
:10A9D000154B25709B7C023BDBB2012B02D807F0A4
:10A9E000C7F8E6E72623114A11880B431380E0E7F6
:10A9F0000A4B0F481968FBF71FF90948FBF71CF9C8
:10AA0000D7E7C046D0040020A62A0020841F0020DB
:10AA1000622A0020C01F0020B81F0020701F0020E5
:10AA2000BE6E0108B0040020481D0020541C002008
:10AA3000D25F010810B5040007E080210902084830
:10AA4000F8F718FD074B9C466444074B9C42F4DC26
:10AA5000012C03DDE1000248F8F70CFD10BDC046F3
:10AA60000C07002000F0FFFFFF0F000010B50400EE
:10AA700007E0802149010848F8F7FCFC074B9C4699
:10AA80006444074B9C42F4DC012C03DD21000248A6
:10AA9000F8F7F0FC10BDC0460C07002000F0FFFFE7
:10AAA000FF0F0000F0B55746DE464E464546E0B57E
:10AAB0008DB006908A4600920793002900D09DE051
:10AAC000D84B1B78002B00D18EE078239846D64DCA
:10AAD000D64ED74FA8448421286FC905F6F7C2F88F
:10AAE000F6F7CCFB0024306084212B19586FC90580
:10AAF000F6F7B8F8F6F7C2FB3319586032593B192C
:10AB0000801A04345860242CEED128352836283792
:10AB1000A845E0D1FEF722F8C64CA07CFDF7C2F9AB
:10AB2000A37C2820012B01D0A08FC0B20AF0D6FC54
:10AB3000A31D3E20185E0AF0ADFCFDF743FAFDF7B9
:10AB400013F8BD4BBD4A00251A6001239B465A46A7
:10AB5000BB4B25661A70B34B65661D70A566FAF788
:10AB6000CFFEB84B1860FBF763FF82239B00E050D9
:10AB7000083BE658070030009946F6F7E9FBB24972
:10AB8000F5F7BEFC83239B009846A84200D1EBE179
:10AB9000E5504B46E550A74CA37C012B00D9FBE1C7
:10ABA000FCF77EFDA94B1B78002B01D1FDF71AFBAA
:10ABB0000022A74B00981A60FDF732F8A54B1880C9
:10ABC000069B002B10D0A37C012B0DD80423A24A96
:10ABD00011880B4313802300983494331A68236838
:10ABE0009A4201D104F026FD924B1A6E01321A6688
:10ABF0005A6E01325A669A6E01329A668D4CA37C67
:10AC0000022B00D0D0E1230090331B68002B00D032
:10AC1000CFE1230008330021D86FF5F76BFC002843
:10AC200000D1C6E1230008330021D86FF5F762FC9C
:10AC3000002800D1CEE15346002B04D1804B1B7875
:10AC4000002B00D0C6E1A37C002B17D1637D9B07AE
:10AC500014D5824B1D78002D10D1237D032B0DD8E8
:10AC60007F4B009A9A4200D92BE309207D4950433B
:10AC7000F5F7BEFA01002800FCF72CFEA67CB31EF7
:10AC8000DBB2012B00D921E3E57D04232A009A439E
:10AC9000131E00D11BE3E76E0021381CF5F72AFCD8
:10ACA000041E00D012E3704B391C18606F4B186003
:10ACB0006F48F5F7FFFDF6F7E1FA5B4B58330022DA
:10ACC0009B5E02941B180193AB1EDBB2012B15D8BF
:10ACD000033D6B425D412B00022E00D0F4E2654A39
:10ACE0000099914200D9AB1C634A59018A1802921B
:10ACF000624A9B009B58009AD31A009301239946FD
:10AD00004C4A937C023BDBB2012B56D8D17D042008
:10AD10000B00834351D0544C2368012900D0DEE25C
:10AD20003C20105E564A9B009B58C01800D4D1E2CC
:10AD30000020C0B20AF0D2FB236801332360072B46
:10AD400038DD0023384D23602E009B46474B583694
:10AD50001A68571C1F600022B35EB4332AD1FAF779
:10AD6000CFFD484C2368C31A9846FA239B009845A8
:10AD700020DDFAF7C5FD20600023F45E019B64200E
:10AD80001B1B9C4601934346390058436444F5F726
:10AD9000B9FA241A24B25C4500DDB8E23480583593
:10ADA0000022AB5E019A94469C44634600220193C4
:10ADB0002E4B1A600198FFF759FE334B1B78002B7E
:10ADC00006D053462333FF33304A31499B00995014
:10ADD0003222304B52421B8804935B105A430023AB
:10ADE00005932D4B934603934B46049A13400993C6
:10ADF000049B1049009C012B54DD099A5B46002AF4
:10AE000000D11933254A12885343CA7E012A00D142
:10AE10005B10002B44DA00985A420024824241D849
:10AE20003EE0C046B00400202C030020D01C0020CF
:10AE3000581C0020481D0020C0040020000016C33C
:10AE4000C8040020D81F002000401C45640E0020CC
:10AE5000680E0020400E0020541C00203C0E0020F4
:10AE60005FE3160060E31600181C0020440E00206B
:10AE700000247449C0F4C002506D0108D06D01086F
:10AE8000F45F0108D01F0020480E00207C0E002037
:10AE90000000B4C2D804002040EDFFFFFC0C0020ED
:10AEA000009A9C1802228B7C9343012B00D1DCE397
:10AEB0005346002B00DC2DE200239846B94B0025B9
:10AEC0001A009833943212681B689A4200D1A5E2A6
:10AED000B44B02209A7C1100814300D0CCE3597A14
:10AEE000002900D01AE2A0331E68AE4B002A00D021
:10AEF00053E24246002A00D04FE2079A002A00D1CE
:10AF00000EE206333E229B5E4246591C02D0A64A00
:10AF100099008A583619B61A00245A1C02D0A24A3F
:10AF20009B009C589F4B1A002932127852B2002A7B
:10AF300000D03AE24A46DB7C311B134200D134E2B6
:10AF40004846FCF7F3FE974B9B7C002B00D042E277
:10AF5000964B1B78002B00D083E3954B9C4200D886
:10AF600086E22300934A25E2934B9E4205D842464F
:10AF70005946A1504A46A3500DE6B74209D2618F07
:10AF8000F01BF5F735F94346E05082239B00E6506D
:10AF900001E64346E050FEE5FDF76CF9B422874B2D
:10AFA000524258331A800BE6002B0DD1E37A002B66
:10AFB0000AD00122824B1A805346002B00D089E030
:10AFC0000221804809F0F6FE230090331B68002B15
:10AFD00000D127E6A37C022B00D007E12300083331
:10AFE000DD6F0021281CF5F79FFA002878D0FC219E
:10AFF000281C8905F5F7C4FA051C5046F6F75EF9DA
:10B00000061C608FF6F75AF9011C301CF5F752FC4C
:10B01000291CF5F727FE231DD96FF5F7B1FA011C9E
:10B02000F5F7AEFAF6F72AF9F6F748F9FC218905A3
:10B03000F5F718FE051C0098FCF7F2FD624B18802E
:10B04000F6F73CF9F4218905F5F70CFE291CF5F714
:10B0500097FA5E4D061C011C2868F5F74BFA00288C
:10B0600000D00BE62E60FBF7E7FF011C301CF5F764
:10B070002BFF524B061CFC33996F5548F5F724FF04
:10B0800080231B06071C311CC0182500F5F74CFA5D
:10B090002A35002830D0301C391CF5F771FA01230D
:10B0A000061C2B70C121301C0906F5F73DFA00285B
:10B0B00066D04849301CF5F737FA002864D0464975
:10B0C000301CF5F731FA002861D10A25424F434B75
:10B0D00098461AE0012B00D076E70221404871E73C
:10B0E0000021281CF5F70CFA002886D0FC21281C2A
:10B0F0008905F5F7E9FE7FE72870D3E74346013D70
:10B10000E8560338F6F7DAF8071C3649301CF5F72D
:10B1100037FA391CF5F7F4F9002801D0082DEDD1E4
:10B12000391C301CF5F7D0FE0021061CF5F7FCF9A0
:10B1300000282FD12C49301CF5F7E2F900282BD13B
:10B140008023FA211B06F0188905F5F7BDFE011CC6
:10B15000F5F716FAF6F792F80027194EA08728009F
:10B16000378009F07DFE230037802A331B78BB42ED
:10B1700014D0FCF787FEA08FC0B20AF0AFF962E5E9
:10B18000C12708253F06A2E7124F09259FE70027A0
:10B190000B259CE70026D3E7134ED1E7FCF76AFEA8
:10B1A000E9E7C046481D0020486E0108640E0020F3
:10B1B000005A6202001C4E0EB80B00002C03002047
:10B1C0003E0500208D1D0000400E0020C004002020
:10B1D0000000E8410000A0C0000040C0406D010830
:10B1E0008D1F00000000E0410000FCC1032B00D0D7
:10B1F00029E5231DDD6FFBF71FFF011C281CF5F758
:10B2000063FEA04E071C3300FC33996F9E48F5F790
:10B210005BFE802381461B064B441800391CF5F762
:10B220008DF99A4B0125984623002A33002840D0F7
:10B230001D70381C4946F5F7A3F94346071C1D80CD
:10B24000FCF720FEFBF7F8FE0B22A37C8346914619
:10B25000032B01D10A33994608258D4BE856F6F7A2
:10B260002DF859468046F5F72FFE391CF5F748F9B9
:10B27000002801D04D4522DBB16E4046F5F780F93C
:10B2800023002A331B78071C0021002B05D0FC3635
:10B29000B16F7D48F5F718FE011C381CF5F714FE58
:10B2A0000122261D794BF06728001A8009F0D8FD8D
:10B2B000C9E4187043461D80FCF7DCFDC2E7013588
:10B2C000CBE729000120D7E4724A09E50023029365
:10B2D000019313E53F2800DC2BE53F2029E5029A86
:10B2E000002A00D128E54946F320684A9B001180D6
:10B2F000029A03219B581A06120C02431812C0230B
:10B3000000049B021840104309F054FD14E55B460D
:10B31000338044E5002398461D00D9E55E4EE4E500
:10B3200049469A1DD27F0A4224D0DA7C5B4B022A1E
:10B3300012D17208A24201D8A6420DD21B78002B6E
:10B3400003D0574B1B78002B02D1002D00D1E9E52B
:10B350000322544BDA74E5E51B78002B03D0504BE5
:10B360001B78002B02D1002D00D1DBE54E4B9C4613
:10B370006644D7E52000FCF7FBFE002800D1D1E5AC
:10B38000464B1B78002B06D053462333FF33474AE6
:10B3900047499B009950474EC4E5DB7D042B00D103
:10B3A00036194346002B00D1BCE53119C8E54249A6
:10B3B0008C4663449342FAD8404A934254D8404A58
:10B3C000934255D83F4F3B68002B00D049E1FCF732
:10B3D0002DFF4B463B60002E03D031000020FCF7D0
:10B3E000A5FC304EB37C023BDBB2012B02D8C82057
:10B3F000FFF720FBB37C012B10D82A4B90331B683E
:10B40000002B06D15346002B08D12F4B1B78002B65
:10B4100004D02000FCF704FC2C4B18805246059BFE
:10B42000134303D1FAF76CFA294B18601D4B9A7C31
:10B43000023AD2B2012A51D8069A002A04D0254AEB
:10B440001278002A00D00AE15246012A00D006E113
:10B45000D87D0423984300D052E40DB03CBC904604
:10B460009946A246AB46F0BD1B498C466344A4E70F
:10B47000144F3B68002B00D1F3E0FCF7B3FE002330
:10B48000A8E7C0462C0300200000E8413E0500204C
:10B49000406D010800389C1C4043DB19480E002019
:10B4A000490E0020481D002020A107007C0E00202E
:10B4B000000070C28050DE1900E4B1F1006CDC02C3
:10B4C000FF2C3101680E0020C8040020400E00202F
:10B4D000D01F0020A62A0020009423FD5246002AF7
:10B4E0006DD11A0090321268002A26D11A7E002AE5
:10B4F00023D149469A1DD27F0A421ED15F4A126863
:10B50000002A1AD1DA8E012A17D1802189005C4ADB
:10B510005B58934211D85B4B1B78002B03D0C8209B
:10B520004001FFF787FA584B0021987C022398438B
:10B5300001384342584109F031FE534E33009033F5
:10B540001B68002B3BD1337E002B38D08421F06F59
:10B55000C905F5F787FB4D4BB77C08900020185EB6
:10B56000F5F7ACFE011C0898F5F7AEFC484B0890C7
:10B570000020185EF5F7A2FE011C0898F5F7A4FC60
:10B58000F5F77CFE00B20011C0B20AABD871B27EF2
:10B59000D979043A5042424102208743013F737EE9
:10B5A000C9B27842784109F041FD337E022B02D1C5
:10B5B0000320FCF721FAFAF7A3F9364B18600223AF
:10B5C000314E069AB17C2000994301394B425941D2
:10B5D00009F098FEB27C0300012A1BD849460636C2
:10B5E000F27F0A4216D02C4A1278002A12D12B4B35
:10B5F000002D02D118804D466AE41A88131C12B23D
:10B60000824200DD031C02201F4A1BB2D17C014292
:10B6100000D0D0746A4603999289994200DA1A1CC4
:10B6200013B20393059B01330593069B002B03D0B4
:10B630001B4B1B78002B08D132239C46059A049B98
:10B64000E344934201DDFFF7D3FB104B1888104B06
:10B650001B88C018039B9C46604400B2FDE6002096
:10B66000FBE6002E00D1C8E6B7E65346C8460025E3
:10B67000002B01DDFFF722FC002696E644050020A2
:10B680009F860100C8040020481D00203E0E0020B7
:10B69000400E0020D01F0020480E0020CA040020C9
:10B6A000A62A0020F0B54E46DE4657464546802382
:10B6B0000024E0B5C04A8FB01B010890BF495383F6
:10B6C000BF4B0D921C60BF4A0B789146A34261D0DC
:10B6D000BD4B03201C70FDF7F9FEBC4ABC4B9042E9
:10B6E00054D801221A7001944B4601229B7C02928D
:10B6F000934212D94B46012290331B680292002BD1
:10B700000BD14B460833D86F0021F4F7F3FE4342C8
:10B71000584101234042034002934B464A469B0056
:10B72000D31A0C9300239B4607930693A94BDA4642
:10B7300099460A935B46059381220021D046A14B8E
:10B740009200995084239F4C9B00E3580393002B55
:10B7500016D0FAF7D5F884239B00E358991C03937D
:10B76000F4F7CCFD0029F4D0964CFAF7C9F88423FD
:10B770009B00E358991C0393F4F7C0FD0029F4D112
:10B78000954BC346049300231E00E3E1934A1C70CB
:10B790001470A8E7927C0193012AABD84B469033F2
:10B7A0001B68002B01D101F02BF8874A1378013375
:10B7B000DBB21370322B01D801F022F801230B7099
:10B7C00069460979019311708EE70022844B29356F
:10B7D0001A702423FF3373439A46B0B2FDF7A2F9DF
:10B7E00000230200EB56310004000898FFF75AF9D5
:10B7F000F5F764FDF4218905F5F734FA019B039010
:10B80000002B02D00022774B1A70089B002B1DD012
:10B81000754B1B78002B19D082226A499200734B1A
:10B820008A5800259A4209D9280008F097FE9122EB
:10B8300001235200E7211E2008F04EFD28000FB022
:10B840003CBC90469946A246AB46F0BD684B1B787F
:10B85000002B46D15B4B9A7C012A42D102215A7DB2
:10B860000A423ED01A7D032A3BD8996F0398F4F719
:10B8700087FE071CFBF7B8FC5E49F5F725FB391C72
:10B880008046F4F73DFE002808D0391C4846F4F7FE
:10B8900037FE002802D0B9460A970594391C404665
:10B8A000F4F742FE002801D04A4B9946059B002B35
:10B8B00000D17EE0E41A504B9C427AD80A994F4856
:10B8C000F5F702FBFA218905F5F7CCF9F5F7D6FC77
:10B8D0004B496043F4F78CFC010000201031FBF76A
:10B8E000F9FF8122374B92009A580992002A10D111
:10B8F00083229200985800280BD09A7C012A02D902
:10B90000DB7D002B05D13F4B984200D986E0FFF745
:10B9100091F8F9F7F5FF82232A4A9B00D758334B59
:10B920009F4201D900F065FF029A002A33D0364ABF
:10B9300017686422C71B57439F422CD90723334003
:10B94000984628D11F4B5046598FF4F7DBFC040072
:10B950000F2008F003FE01232200E7211E2008F03B
:10B96000BBFC404608F0FAFD912220005200012362
:10B97000121B1E30E72108F0AFFC244B9F420AD96E
:10B98000234802F05DFB9123224A012011880B43DA
:10B99000138003F04DFC204B1B78002B63D0104B21
:10B9A0001A78002A5DD1049A0399116001221A7055
:10B9B00013E70021012092E700040048B0040020B2
:10B9C000181C0020481D0020D41F0020DF93040015
:10B9D0003C0E0020000016C38C170020CC1F002056
:10B9E000490E0020C8040020A62A002040420F0073
:10B9F000640E002000005C427F841E000000C8C16D
:10BA000080841E002F750000D01F002080969800B3
:10BA10007C0E0020541C0020480E0020FA218900D2
:10BA2000F4F7E6FBC64BFA2704009846BF00200057
:10BA3000642C00DD642043465843C24B39009C46C9
:10BA40006044F4F7D5FBFAF709F8089B002B04D003
:10BA5000BD4B1B78002B00D0DEE6643C002CE6DCFE
:10BA600057E700221A70B94B9A7C012A6ED80399C5
:10BA7000D86FF4F74FFD002801D001239B46B30097
:10BA80009C46B046B24CB34F0B9364443B78002BBA
:10BA900053D10B9B039DE61AFB78002B05D0049B2A
:10BAA000281C1968F5F710FA051C7A7D002A10D0B9
:10BAB0009123013A5B005343A54A43449B009958A4
:10BAC000281CF5F701FAA14B8C331968F4F758FDDF
:10BAD000051CA14B1B78002B0ED0692009F088F9BA
:10BAE0001F23034003205843069B5A38984202DD27
:10BAF000079B013307930690984BB87C1B78002B6B
:10BB00000DD1002818D00138062816D8F4F766FBA6
:10BB10000E0012014C01650171017A0191010328A7
:10BB20000AD18F4B434400221A7005E0291C20687B
:10BB3000F4F7FAFC002800D025609123DB009C4636
:10BB4000884B01376444BB42A0D14646049B013672
:10BB5000043304937D4D6B8FB34200DD35E6AB7C3F
:10BB6000D846023BDBB2012B07D8EB7D002B04D07B
:10BB70007D4B1B78002B00D1E4E5744BC2461A7E46
:10BB8000002A0CD090331B68002B08D04346002BB2
:10BB900000D1D1E5022A02D10320FBF72DFF82223A
:10BBA0006A499200714B8A589A4209D9002008F0DC
:10BBB000D5FC912201235200E7211E2008F08CFBC6
:10BBC0008123624C9B00E3580393002B09D1F9F7C2
:10BBD00097FE674B1B68C01A64235843A133FF3399
:10BBE000E05082218122594B9200890058589B587D
:10BBF000C21AD41712196240D200904204D206220F
:10BC00005C480488224302808022504C9200A05855
:10BC10006350834200D84EE18326B600A559002D1B
:10BC20001ED0181A618FF4F7E3FA0700854200D896
:10BC30003EE12D1AA551504B1B68002B0ED004235A
:10BC40004C4A11880B431380404B1A0098339432AE
:10BC500012681B689A4201D103F0ECFC464B1F604E
:10BC60003E4B1A78002A06D000221A700423414A5B
:10BC700011880B431380354CA37C023BDBB2012BB4
:10BC800004D83E4B1B78DB0700D555E53C4B9B4663
:10BC90005A463C4B1360344B2D4A1F7890467B42EA
:10BCA0005F4191237F00DB007B439844364B019337
:10BCB00001239A460B339946230034331B785246AE
:10BCC0003B41134200D15BE1304B1B78002B02D08B
:10BCD000012F00D154E10025638FAB4200DDF9E074
:10BCE0002B492C4A08882C4B002800D008E1186802
:10BCF000108052460A801D68002D14DD4246AB00BC
:10BD00009E585B46301C1968F4F70EFC00280AD0D8
:10BD1000224BA8B21D605B461E60FCF703FF204B60
:10BD20001860204B1F60A37C012B00D928E100265E
:10BD3000350003E1291C2068F4F7E2FBFAE6C0466F
:10BD400010270000E7030000A62A0020481D00205D
:10BD50007C0E0020541D00203C0E0020C804002052
:10BD6000000D0020571D0020640E002040420F00EF
:10BD7000D01F0020541C00206C0E0020D004002096
:10BD8000341C002000002AC30000C842610E0020BD
:10BD9000420E0020740E00203C1C0020301C0020AD
:10BDA0002C1C0020381C00202668291C301CF4F7AD
:10BDB000A7FB674B4344002800D0B4E665491A78D6
:10BDC000896C8A4206DDFC21301C8905F5F77CF878
:10BDD0002060B2E601321A70AFE65F492068F4F7DE
:10BDE00041FF291CF4F7CCFBFA218905F4F73AFF4F
:10BDF000EEE75A492068F4F735FF291CF4F7C0FB39
:10BE0000F621F2E70C9ABB00944663441E6B701E49
:10BE1000F5F79EFA2168F4F725FF291CF4F7B0FB2B
:10BE2000051C3000F5F794FA011C281CF4F742FDBC
:10BE3000CEE74346002B08D1494A464B94465B8FD8
:10BE400063449B009A59474B1A60464B291C1E6855
:10BE50009A46301CF4F754FB002819D03D4BDB6C9C
:10BE60000993012B14DD311C281CF5F72DF8051C56
:10BE70000998F5F723FA011C281CF4F71BFD311C67
:10BE8000F4F77EFB53461860364B1B68236054E67C
:10BE9000291C301CF4F748FB324B9A46002804D08A
:10BEA0002C4B9B6C0993012BDDDC53461D60EBE7AB
:10BEB0000023A351BFE60027834200D3BBE6C01A8C
:10BEC000618FF4F795F983229200A35807001B189D
:10BED000A350B0E629004046FDF770F84246AB009B
:10BEE000D6582149301CF4F71FFB002806D00199D1
:10BEF000301CF4F705FB002800D001960135EBE675
:10BF000012881A60F7E601360C32032E15DC5378DE
:10BF1000002BF8D0202113780B42F4D0D378BB4209
:10BF2000F1D14B467343114A69008A5AE318B4337E
:10BF300030001A80FCF70CFF013601350C4B054A26
:10BF40001B88AB4216DD4B467343B033D218DCE797
:10BF5000000D0020481D00200000404000007041FE
:10BF6000FFFFFF3FBC04002000002EC3740E002022
:10BF7000420E00204D4675435519032E00DC13E197
:10BF8000D04B9C46E044013F00D395E6A77C012FAF
:10BF900000D120E1CC4B1B78002B00D15FE1CA4BD4
:10BFA0001B78002B00D0A0E0A37C012B3FD80222FD
:10BFB000637D134000D1EFE1C44B1A6891235B000D
:10BFC0005343C34A12689B18C24A9B009D58FBF713
:10BFD0000BF9011C281CF4F777FFA16FF4F7D0FAD6
:10BFE000F5F74CF9237D0500032B07D90300002149
:10BFF00008002C3300DA0120FBF76CFCB64B1B78F1
:10C00000002B10D0B54B1A78002A00D1BAE10022DB
:10C01000283500DABEE119780120002901D010216D
:10C020000020FBF757FCA84B1B78002B5DD1A37CAD
:10C03000012B5AD82379002B57D05B46186801F0A2
:10C04000B9FE616F061CF4F735FC237D051C032B3C
:10C0500000D8AAE1236FA249181C9846F4F764FAA5
:10C06000A04F002812D08021281CC905F4F748FAF7
:10C070000523002809D18121281CC905F4F740FABD
:10C08000002800D18BE13B7801333B703B78042BD7
:10C090000BD895494046F4F733FA002825D0934948
:10C0A000281CF4F741FA00281FD08D49301CF4F702
:10C0B00027FA002800D074E18B49301CF4F734FAD9
:10C0C000002800D06FE1311C4046F4F713FA002835
:10C0D0000BD18649301CF4F7EDFBFDF7F7FC8349E3
:10C0E000606FF4F7BFFDFDF771FC631DDD7F012D6F
:10C0F00000D0D3E12600B4360022B35E0A2B40DD27
:10C100000C2398463088FCF70DFD01006F1C2800B9
:10C11000BA007943FCF78EFE43467B43A533E054D7
:10C120003D00042FEED1631DDB7F062B29D1258F27
:10C13000668FB54225D22800F5F7C0F86C49F4F7B0
:10C1400091FD071C3000F5F7B9F8011C381CF4F715
:10C15000B1FB011C6748F4F7B7FE011CF4F710FAB5
:10C16000F5F78CF80123644A637313702B005A4669
:10C1700023331168FF33574A9B000135A08799503C
:10C18000258780230D9A1B0113835C4A01251378B0
:10C19000002B01D1FFF752FB343421780B4323707D
:10C1A00000231370FFF74AFB2B00B1331B78002BE1
:10C1B0000ED02B002022B0331B78134208D02B0066
:10C1C000B3331B78BB4203D100213000FCF7BEFF24
:10C1D00001360C35D1E6A379002B00D1DAE6230035
:10C1E000903319684648F4F703F8032800D8D1E6DD
:10C1F000638FB9461B1A0293364B80001E184342C8
:10C200009846BA46029B4B4501DC5746C2E6434678
:10C21000F3185D683B49281CF4F786F9002819D00B
:10C220003949281CF4F750FE7768011C381CF4F7D4
:10C2300067F900280ED03568381C291CF4F774F90A
:10C24000002805D1B168281CF4F75AF9002801D05C
:10C250007560B56001239C460436E144D2E7002FA7
:10C2600000D0A1E66379002B00D19DE623002A339C
:10C270001F70174B1A68002A22D0144B196891239B
:10C280005B004B439B18134A9B009D58FAF7ACFF89
:10C29000011C281CF4F718FEF4F7F0FFF5F70EF870
:10C2A000A16FF4F76DF9F4F7E9FF030019332FDA02
:10C2B00000253C22A35EAB4232DD193005002FE0A1
:10C2C0001248EDE778FBFFFF640E0020381C0020C9
:10C2D000301C00207C0E00203C0E0020CC1F0020D3
:10C2E000CCBC8C2B700E0020003C1C460000204172
:10C2F0000000F0410000E841B00400204A0E002098
:10C3000050981C000000A0C20000C8410000C8C234
:10C3100003000025193303D03C22A35E3B2BCCDD68
:10C32000F9F7EEFAD24E3368C01AD24B984200D8D1
:10C3300035E66B1D0A2B00D831E6A38F6D005D1921
:10C340002DB2A587002D01DA0023A3873C22A35E2E
:10C350003C2B01DD3C23A387F9F7D2FA3060FAF7D2
:10C3600043FFF4F78BFF4000C0B209F0B7F8042395
:10C37000C14A11880B4313800022C04B1A80FBF77F
:10C380008FF90CE6079A142A00DC44E6283500DA17
:10C3900041E601221A703EE6B94A137043E638704E
:10C3A00074E6B84E8FE6B84E8DE6019801F002FDB6
:10C3B000676F391CF4F77EFA236F391C8046181C0E
:10C3C0009946F4F777FAB149061CF4F77DFD291C6C
:10C3D000F4F7AAF800280FD1311C4046F4F7A4F86E
:10C3E000002809D18021301CC905F4F7C9F8291C9F
:10C3F000F4F786F800281FD04146281CF4F764FDA6
:10C400008221C905F4F77CF800280CD0A0494046E9
:10C41000F4F7B6F8FE218905F4F7B2F809F02AF925
:10C42000011C381C5DE6281C09F024F9FE21890551
:10C43000F4F7A6F8391C54E6FC21301C8905F4F702
:10C4400043FD291CF4F75CF8002808D19049301C02
:10C45000F4F73AFD4146F4F753F8002804D0494672
:10C46000381CF4F78DF83EE68A49301CF4F72CFDB1
:10C470004146F4F759F8002800D136E6FF21301C78
:10C480008905F4F721FD291CF4F74EF8002800D1A6
:10C490002BE6391C4846F4F717FD24E6022D33D16C
:10C4A0002300B43300255D5F0A2D00DC69E623001C
:10C4B000C03300229B5E0A2B00DC62E619009D421D
:10C4C00001DC29001D0009B20020FCF72BFE29B277
:10C4D0000120FCF727FE2300B8331E682300C43375
:10C4E0001D687100491B28220220FCF7A3FC2300D1
:10C4F0006D00C9331870A91B28220320FCF79AFC91
:10C500002300D53318700EE6032D14D12300B43365
:10C5100000229B5E0A2B00DC33E6A17C9BB24A1E04
:10C5200091415D4A494211404831591809B20120F0
:10C53000FCF7F8FDF7E5052D02D0082D00D0CBE083
:10C540002300B43300229B5E99460A2B00DCC3E033
:10C55000658F524BAD086F007F199A46B846504E12
:10C56000371C45454ADB4F4B1B78002B52D04E49B8
:10C57000301CF4F7A9FC494B00279846061CB94526
:10C580000CDD42467D1CAB00D058311CF3F7B8FFE0
:10C59000002841D139B20130FCF7C4FD2300B43387
:10C5A00000229B5EB0469A463C4B658F9946013D02
:10C5B000AA450CDA4A466E1EB300D0584146F3F73E
:10C5C0009FFF00282AD129B20230FCF7ABFD7A196F
:10C5D000D30F9B185B10DA1BD60FEB1AB618DA0FC5
:10C5E000D3185B107610ED1AF619AF1B3B000B3B0E
:10C5F000582B34D92D4B2E4A1A6094E55246AB0085
:10C60000D658391C301CF3F78FFF002800D13E1C90
:10C610000135A5E72749ABE72F00B0E73500C7E7AD
:10C620005246AB00D158F3F7ABFF01354545F7DD76
:10C630008146781CF4F742FE4546011C8046484678
:10C64000F4F738F9154B824600279946AE4233DDA0
:10C650004146381CF4F72EF9144B186063E50023AB
:10C6600099460E4B48469A462B0035009846DDE722
:10C67000D81F002010270000541C00203E05002079
:10C68000CC1F0020CCBC8C2B003C1C460000204161
:10C69000CDCC0C419A99214170FF00007C0E002006
:10C6A000000048C3640E00200000C0404C0E002073
:10C6B000000080BF000040404A46B300D0585146B9
:10C6C000F4F702FC011CF4F7CDFA011C381CF3F757
:10C6D00057FF0136071CB9E7072D2AD1637D053DB9
:10C6E0002B4200D14DE5494B1A6891235B0053431F
:10C6F000474A12689B18AB40464A9E58FAF774FDA9
:10C70000011C301CF4F7E0FBA16FF3F739FFF4F7DD
:10C71000B5FD0300133304DB6575A575FBF7FAF867
:10C7200001E503232D3002DA6375A375F6E765751D
:10C73000FBE70E2D00D9F6E4374BEB4001259D4376
:10C7400000D0F0E40320FCF7C1FE0321F3F750FD15
:10C750000290237DA84601930623237500239A4661
:10C760002E4F53463B60608F0321F3F741FD454652
:10C7700086B27543AD00A9460025264B9944B542C3
:10C780002BDB0298F4F7E4FD254B051C1888F4F721
:10C79000DFFD2449F4F766FA011C281CF4F78AF837
:10C7A0003968F4F75FFA051C3000F4F787FD011CC7
:10C7B000281CF4F77FF801C701F040FB43469A00BC
:10C7C000194BD05001239C46E0444346032BC8D16B
:10C7D0006A46164B12791A75A5E44A46AB00D05842
:10C7E00001F0E8FA011C3868F3F7CAFE0135386039
:10C7F000C5E7029B002B01D0FFF7A0F8FFF7CBF8AD
:10C80000002301930133FEF787FFC046381C002048
:10C81000301C00207C0E0020106C0000300E002028
:10C82000FC0C00200000C842240E0020481D0020FF
:10C83000F8B5CE46474680B50400F9F769F81420EC
:10C8400060432C4B2C4CC35C2C4F0020092B4ED149
:10C85000FEF728FF002332269846658FB54207DD94
:10C86000B3004046F958F3F78BFE01368046F5E7F2
:10C8700028003238F4F722FD011C4046F4F71AF87C
:10C880000021F3F77DFE81460020FEF70BFF002319
:10C8900032269846658FB54221DC28003238F4F7FD
:10C8A0000DFD011C4046F4F705F84946F3F768FE14
:10C8B000FC218905F4F7D6F9114B186002233434B2
:10C8C000227838001343237001F0BAFB03230D4A8A
:10C8D00011880B4313800CBC90469946F8BDB300F9
:10C8E0004046F958F3F74CFE01368046D3E7FEF791
:10C8F000D9FEE3E7A0740108481D00207C0E00204B
:10C90000341C0020541C0020F0B54646D6464F4645
:10C91000204BC0B5204F8600F351002398460A23D0
:10C92000002401259A461D4BA200D058FAF7B0FC0E
:10C9300052461B4B1720DA86FFF77AFF172000F0CC
:10C9400037F8621C174B9146002C03D11B6814006A
:10C950009846E8E741461868F4F7B6FA1249041C0D
:10C96000F3F7D8FD002813D1FF21201C8905F3F728
:10C97000E5FD00280CD14C46072CD4D1012D01D166
:10C980000A4BBB5128001CBC90469946A246F0BDFC
:10C990000225F0E7C0760108E01F002014600108BE
:10C9A000481D0020341C00200000C0BF416E01085B
:10C9B000F8B514231A0057464E464546DE46424314
:10C9C000E0B5504E0400975D82009046092F00D9D3
:10C9D0007FE03800F3F7F8FB195F586619057D6AA8
:10C9E000736E6343F318DD680021281CF3F782FDA2
:10C9F000002807D0444B00211D68281CF3F77AFD5E
:10CA0000002802D1281CFAF7B1FD40492000FBF7AD
:10CA10007DFE3D4B05009A4601282BD13C4B6421FD
:10CA20005D8F9B4614236343F31802229B5E4942A9
:10CA3000180068439946F3F765FC6D084219002118
:10CA40002000FBF7F3FE050001280FD15B464846A6
:10CA50005D8F64216843F3F755FC690841182A008B
:10CA60002000FBF7E3FE050001282CD04146294BAE
:10CA7000294A5A500023524613600122274B1A605C
:10CA80002EE00023524623E02000FBF7B9FF05000B
:10CA90000128F2D11DE01E4B00215A8F2000FBF728
:10CAA000C5FEF4E72000FBF715FFF0E72000FFF7D5
:10CAB0002BFFECE74146174B194A5A5009E020007A
:10CAC000FBF788FFE3E7042FDBD15246154B1B68C9
:10CAD0001360142301345C43335D0125062BCCD055
:10CAE0004246114B01209D502423104A11880B43CC
:10CAF000138002F09DFB28003CBC90469946A2465C
:10CB0000AB46F8BDA0740108A82000200000204119
:10CB1000481D0020E01F002090760108AC20002076
:10CB2000416E0108341C002044200020541C0020C9
:10CB3000F0B50023D6464F464646744CC0B5744DFA
:10CB4000A367002800D0D7E0724A2B689046002BDC
:10CB500038D0714B1A68142353434246D35C062BDA
:10CB600000D196E086239B00E218136852681343B5
:10CB700000D08EE0012300272B6007F0AFFAB84207
:10CB800000D18CE0644A13680133136014225343CC
:10CB90004246D35C062B06D086239B00E21813681E
:10CBA0005268134349D0002F00D08AE0152007F0C7
:10CBB000C9FCCA223221594807F088FDD722322108
:10CBC000574864E0237F002B01D002F0EFFD0020E6
:10CBD000FDF712F801230021524A08001370524A4F
:10CBE0000527137005F0A8FE0023504A180091464F
:10CBF0004F4A504E92463A005A4394464246614646
:10CC0000525C062A06D04A46514698519950043340
:10CC1000602BF0D10121484B0027196086239B002F
:10CC2000E3181B683C4A1360BB4206D002DA0F00CF
:10CC30005B4213601368013B1360374E3068FDF7A9
:10CC40003BF93068FFF7F4FD336818009946FFF7A9
:10CC5000AFFE384B9A464B4652469B00985033687D
:10CC60009946022B20D1354B35491868F3F748FC1B
:10CC7000002819D00C231420336007F063FC8C22A9
:10CC80001E21304807F022FDD22200212E4807F055
:10CC90001DFD01232B6007F021FA002811D11CBCD7
:10CCA00090469946A246F0BD4B4652469B00D3584B
:10CCB000012B00D166E7002F00D15BE70022234B58
:10CCC0001A600122224B1A70862292009446002399
:10CCD000644406CC2B600A431C009A4201D107F041
:10CCE000FFFB104B00201C700F4B1C70FCF784FFE7
:10CCF00001204042F9F7E2FE00230F4A2B60136047
:10CD0000084A13700122124B1A70C8E7481D002010
:10CD1000AC200020A0740108A4200020AB6E010804
:10CD2000A0600108640E0020610E0020E01F0020BA
:10CD3000416E010844200020C81F0020341C002040
:10CD4000000070C2676E01087C6E01082C1C002078
:10CD5000D0040020F8B55746DE464E464546E0B5BD
:10CD6000574D6B8F9946FBF78FFE0123554F564C5D
:10CD70003B70002323700A339A462378012B6ED927
:10CD80000223EB7400230121504A3B706933FF33C7
:10CD9000D15407F077FE152007F0D4FBDC222821C0
:10CDA0004B4822E04B4A136006210020FAF716FD9B
:10CDB0000D20FFF73DFD0D20FFF7FAFDFBF770FE9C
:10CDC0002378002B31D1444B44491868F3F798FB82
:10CDD00000282AD0142007F0B5FBC8221E214048A5
:10CDE00007F074FCDC221E213E48002407F06EFC94
:10CDF000F02228213C4807F069FC07F069F907F0A8
:10CE00006FFB4846FCF712FC384B20001C70FCF707
:10CE1000F3FE01204042F9F751FE354B1C603CBC4B
:10CE200090469946A246AB46F8BD324B1B78002B84
:10CE300013D13148FAF79AFB8046FBF731FEFA200E
:10CE40008000F5F781FF2D494046F3F76DFB002880
:10CE50002BD10136022E2EDC03E02948EAE700261A
:10CE6000B3460020FCF7C8FE0020F9F727FE25484E
:10CE7000FAF70EFA24490220FCF7EEFB23490320BF
:10CE8000FCF7EAFB53462278EB86214BAB65D3B225
:10CE9000002B00D186E7012B00D085E72B002A3339
:10CEA0001A705A460B4B1A607EE71A494046F3F750
:10CEB00027FB0028CDD02378013323705DE7C046DF
:10CEC000481D0020620E0020230E00202C030020AD
:10CED00066600108500E0020341C0020000020C2B3
:10CEE0003060010847600108A0600108640E00205E
:10CEF000AC200020600E00200000C8C1CDCC4CBE8C
:10CF00009A99D1C10000204180C3C901404B4C0017
:10CF1000B80B0000CDCC4C3EF0B5DE464E46454643
:10CF20005746E0B5040083B000200E00FCF7CEFAAF
:10CF30000120FCF7CBFA5B4D6B8F9B46002C3BD05E
:10CF4000A31E022B09D95848F9F7A0F803B03CBC3E
:10CF500090469946A246AB46F0BD3068F9F768F9AD
:10CF600080467068F9F764F907005048B8450AD858
:10CF7000022C0CD0B068F8F7EFFC2223421EFF33DE
:10CF80009A4203D94A48F8F757FEDFE768874246D6
:10CF9000698F484B01391A60474B89B21980B81A1A
:10CFA000F3F7ACF9454B01221860454B19602B0093
:10CFB00090331860434B1A700127F8F7A9FC38002A
:10CFC000AF72FEF76FFB0023AB72042C02D05B46FE
:10CFD0006B87BBE73C4B1C78E4B2002CF7D1F068C0
:10CFE000F9F726F983B2002BF1D083B298463B4083
:10CFF0009946424602231A4092464EE04B46002B89
:10D0000006D0A0B2FBF78EFD01003048F8F714FE01
:10D010005346002B0FD02E4AA300D05800F0CAFE72
:10D02000F5F7E6FA0026002702000B0000960197AC
:10D030002848F8F701FE43465B0713D59122D2003A
:10D040009446A300224A6344D05800F0B3FEF5F79B
:10D05000CFFA02000B0000200021009001911D4832
:10D06000F8F7EAFD43461B0713D5912212019446B7
:10D07000A300174A6344D05800F09CFEF5F7B8FAB5
:10D0800002000B0000200021009001911148F8F7E8
:10D09000D3FD1148F8F7D0FD01346B8FA342ADD812
:10D0A00095E7C046481D00206B6601089C66010894
:10D0B000B9660108F80C0020EC0C0020F00C0020F0
:10D0C000F40C0020B0040020A62A0020DA66010833
:10D0D0007C0E0020DE6601089E680108F0B5DE4681
:10D0E0004E4645465746374BE0B51E68364B013E27
:10D0F0001D68364B83B018683100401BF3F7FEF80B
:10D10000334F83463B00A0331B680091ED1A730830
:10D1100098463B0090331A6818602E4B7B211868A4
:10D12000019203689B68984701222B4B1A700023D9
:10D1300099462B004546B0461E00284B1878C0B2D1
:10D1400000282CD1030032004946FDF7ABFCBC227D
:10D15000234B52009C5E1F4B64019A4624181868AA
:10D16000782103689B68984753461868E1B20368C2
:10D1700024129B68984753461868E1B203689B687D
:10D180009847009B9C466544A84502D84346013613
:10D19000ED1A01239C46E1445E44C845CDD20D4BB7
:10D1A0007D211868903703689B6898470022019B8F
:10D1B0003B600C4B1A7003B03CBC90469946A246AB
:10D1C000AB46F0BDC4040020540E0020580E0020D1
:10D1D000481D0020BC1F0020B0040020A62A00200B
:10D1E0002C030020D0040020F0B54546DE4657460B
:10D1F0004E460300E0B5023B93B080460C00022B84
:10D2000009D96448F8F742FF13B03CBC90469946F0
:10D21000A246AB46F0BD0868F9F70AF88146606897
:10D22000F9F706F80500814503D95B48F8F704FDD6
:10D23000EAE74346594E778F022B65D100239A4681
:10D24000337F002B01D002F0B1FA34009034236810
:10D25000390001934B46E81AF2F7CAFFF4F778F861
:10D260000090F3F775F90025206001244C4B28004D
:10D270001D704C4BA8461C7007F070F991222300DA
:10D280005200E7211E2007F027F80F2007F066F96B
:10D290007B2302AA1370BD4218D02800F4F758F877
:10D2A0000099F3F7DFFCF3F753F90023020029009C
:10D2B0004A441800FDF7F6FBBC223B4B52009B5E34
:10D2C000374A5B0112781B18002A2BD07D2302AA53
:10D2D0001355364B621C186802A9036890361B6808
:10D2E0009847002007F03AF9912201235200E721E4
:10D2F0001E2006F0F1FF0122019B3360294B1A70BA
:10D3000000222B4B1A807FE7A068F8F725FB00234B
:10D310009A4643460700042B92D1E068F8F71CFBBD
:10D32000C3B28CE7214A1068224A904206D190226B
:10D33000D200825812681278042AC7D1782102AA32
:10D3400011559446210061444B7061461B12A21C8A
:10D350008B5453460334002B01D13B2C05DD03686D
:10D3600022001B6802A9984700242420FF3068434C
:10D370003900F2F73DFF42468346821A082A06DD4D
:10D38000404601231E30E72106F0A6FFD8460135AE
:10D3900081E7C046E56601089C660108481D00203B
:10D3A000A62A0020B00400202C030020BC1F00206F
:10D3B000541C00203808002030B585B0A24B9B6972
:10D3C000A24A9A61A24B1B889A009B185A00A14B53
:10D3D0001A8006F061FE02F0F3F90DE19E4B9422F3
:10D3E0009A58009298229A5801925B79002B24D087
:10D3F00000236A461372984CA16F081CF3F7C0F81B
:10D40000F3F73CFF6B4618732379002B02D1237D81
:10D41000002B19D000236A4653728F4B9B6D002B53
:10D420001CD16A4693728C4B9B7C6A46D372002354
:10D43000D37355210F226B461AE0874B3C229B5E2B
:10D4400001336A461372D6E7834B186F8349F3F7AB
:10D4500097F8F3F77DF86B465872DEE7804B1B7840
:10D4600001336A469372DEE71A78514002000133B5
:10D47000501E002AF8D16B46D9730424794A04E07F
:10D48000186810600C0004320433611E002CF7D1C0
:10D49000714A2823D35C002B0AD013002B22995603
:10D4A0004A00521890001B18B1331B78012B0CD086
:10D4B0000120FEF7F7F86C4B18706C4B1B88012BA2
:10D4C0001CD9013B694A138026E0634D2B18B43305
:10D4D0001888FBF727FB0200002300210020FDF73E
:10D4E000E1FAAB7C012B07D0032B03D0200007F01F
:10D4F000B5FE11E00134F9E70124F7E75C4A13783F
:10D5000002218B43137007E0534A3023D05CFFF7AE
:10D510000FFB554B01221A70564B1B68002B3AD05B
:10D52000554B00221A7010E0FFF7D8FDF4E7FFF723
:10D5300011FC4F4B01221A70EEE75048F8F77CFBC4
:10D5400011E04C4B1B68002B16D04A4C23684C4909
:10D550004C4A108801380431984700232360464B19
:10D560001B78002BE9D0484B1B78002BE9D1002118
:10D570004648F5F705FCE4E7454B1B78002B0AD03D
:10D58000354B9B7C023BDBB2012B43D9414A1388CC
:10D5900026210B431380364B1B781A073DD5324B9F
:10D5A0001B78002B21D03C4B1B78002B07D02A493D
:10D5B0003422885C03438B54374B00221A7037485F
:10D5C00000F03EFD334A138811210B431380344B86
:10D5D0001B7B002B09D0204A2B23D4562000FAF7BE
:10D5E00051FF431C01D0631C23D11F4B1878431EED
:10D5F0009841C0B201F01CFE1D4B1B789A0700D069
:10D60000ECE61A0700D57FE7DA068DD45B078ED4E7
:10D6100030BF81E704F0ACFABDE7154C80225242DE
:10D620001343237006F0C8F822787F231340237039
:10D63000B5E701B22000FBF789FD164A13880821DF
:10D640000B431380D1E7C04670060020CC5F010871
:10D65000DA04002060240020481D002000000C4354
:10D66000623B0020502800403D0E0020D2040020E4
:10D67000D0040020841F0020A62A0020BE6E0108CE
:10D68000701F0020B81F0020622A0020C01F002049
:10D69000B0040020541C00204A0E00207C0E002004
:10D6A0002C2B002030B589B0F5F7C2FBA64CA7495A
:10D6B0002000F5F7C9FE50212000F5F7DBFEF5F755
:10D6C000B7F8A34B1B698022520113405A425341C1
:10D6D000A04A13709023DB051B699B0606D59C4B63
:10D6E0001B69DB0400D58FE0012400E00124984B86
:10D6F000802292001A839848F5F726FB06F0C4FDB5
:10D70000F8F7A2F9F8F702F8944B1968944A0A431B
:10D710001A6000229A6006F0EDFE8B4D8B492800BE
:10D72000F5F792FE50212800F5F7A4FE002C04D056
:10D730008C4ABA235B008C49D15003F055F8041E83
:10D7400064D0884B5822002199521532FF329954E7
:10D750006C22FF3299547022FF32985C431E98412C
:10D76000C0B206F003FE002C04D1002007F036FA08
:10D77000431C01D1FCF75CFBFDF722F8912040002F
:10D78000FBF754FFFAF7AEFA01F0C8FE0120FCF7F0
:10D7900083FB76490120FBF75FFF0020FDF782FF46
:10D7A000FA208000F5F7D0FA0020FCF775FB7049ED
:10D7B0000120FBF751FF0020FDF774FF002C04D17E
:10D7C000002007F00BFA431C01D1FCF731FB04F0F9
:10D7D00089FC002C05D1634AB5235B00D35C1B0791
:10D7E00027D501204042F9F769F95E4A5423D25AFD
:10D7F0005A4B5A61EC21002300935E4B7F22890033
:10D800005D48F5F761FA94E0002470E707F062F9EB
:10D81000002896D0F8F7CEF993E719681160010057
:10D8200004320433481E0029F7D155230F3104AACE
:10D8300007E0042104AA514BF4E711784B400100A2
:10D840000132481E0029F8D104AAD27B9A42C8D1DD
:10D8500004AB1B7B5BB2D80FC0184010F3F72EFD52
:10D86000FAF778F80499002902D1059B002BB8D06B
:10D8700004ABDB7A012B1BD80020FBF7EDFE0599EA
:10D880000120FBF7E9FE04AB187A002821D1F9F753
:10D890009DFB04AB5B7A002B25D10120F9F7ACFB93
:10D8A00004AB987A002829D1354B00229A6598E775
:10D8B000059B03939C46614449080420FBF7CCFE7A
:10D8C0000599049BC91A0320FBF7C6FE04F06EF904
:10D8D000D9E70138F3F7F2FCFC218905F3F7C2F927
:10D8E000F9F7D6FCD5E70020F9F786FB04AB587AA8
:10D8F0008C38F3F7E3FCFCF7FBFCD1E7013807F0C9
:10D9000021FBFAF7D1FB6CE7FA20C000F5F71CFA0F
:10D91000F8F788F8002809D030211A48F8F75AFBA0
:10D920000028F1D01748FDF717F8F1E71648F5F78A
:10D930000BFAF8F777F80028F8D01448F8F77CF9D4
:10D940001348F8F779F9E7E70C070020E06D0108C4
:10D9500000040048600E002088130000007400409E
:10D96000010001002C0300200000A0C080C3C901F9
:10D9700000093D00B9D30008B02000205028004025
:10D98000481D0020881F0020102700002C6E010871
:10D99000BE6E0108002006F0E1FD012006F0D2FD78
:10D9A00078221E21014806F069FEFEE7F06D0108AD
:10D9B00010B5EFF30980FFF7EDFFC046F0B5DE4686
:10D9C00057464E464546E0B5454B83B01E888246D5
:10D9D00030008B460192F3F771FC424C2300A833D0
:10D9E0001968F2F767FF2300071C207DAC331B6822
:10D9F00006281FD8F2F7E8FB3204251E272B2E003D
:10DA00003949FE240025A405181CF3F75DFA391CDA
:10DA1000F3F728F9FC218905F2F7B2FD391C81469C
:10DA2000201CF3F71FF90A27804677430026019B45
:10DA30009E4218DB03B03CBC90469946A246AB46DA
:10DA4000F0BD2A49DDE70021294C2A4DDCE7002101
:10DA5000294CFAE70021294C294DD5E70021FE2465
:10DA60000D1CA405D0E75A46B3000021281CD45849
:10DA7000F2F740FD00281FD1211C281CF3F7F2F813
:10DA80002049F3F7EFF8F3F7F9FBFE239B059C46DB
:10DA90001D4B60449C46C4111C4AA4B262431C4BFB
:10DAA000921362449C4662431A4B921362449C4612
:10DAB0005443E412644424184146201CF3F7D2F87E
:10DAC000011C4846F3F700FAF3F7D8FBB84200DD33
:10DAD0003800C343DB171840534698550136A6E774
:10DAE000DA040020481D002074F53B42BAFAD54202
:10DAF0002DF9643EE3C8EB3D58E2213F6F12833AB3
:10DB0000E3C86B3E3BAA384BE9390000FD04000036
:10DB10007BC8FEFF8EFDFFFFF0B5C64600B5104C7A
:10DB2000257812246C434D0065190E4C64190125AB
:10DB3000A846994202DD04BC9046F0BD07290DD9E4
:10DB400001310234F5E74646AE40B44667462688C2
:10DB500001353E4326809542F5DDF1E70500FAE701
:10DB60006224002084240020002310B5092219001B
:10DB70001800FFF7D1FF10BDF0B5DE4657464E4600
:10DB80004546E0B583B00C9C0094544284422EDAA2
:10DB90001A4C002624685B18A1460724A046184C9E
:10DBA0000193A446019B994221DA4C012418640098
:10DBB0004C44002517E043461D4203D1009B1E78CC
:10DBC0000133009373B2002B0ADA1F2908D84319D6
:10DBD0001F2B05D863461B889B465F466B00E752A8
:10DBE00076000135F6B2AA42E5DC0131DAE703B08E
:10DBF0003CBC90469946A246AB46F0BDE0040020EE
:10DC00005C2B0020F7B505000423C05E1F2813DC41
:10DC10000A0007230824163A5A43084FBE5CD2195B
:10DC20001E40A41BA4B200920626A95F2200FFF7A3
:10DC3000A3FFAB88E418AC800020FEBD58A101080A
:10DC4000F7B505000423C05E1F2814DC0A000B236F
:10DC50000726163A5A43094FBC5CD21926400824BD
:10DC6000A41BA4B200920626A95F2200FFF784FF3E
:10DC7000AB88E418AC800020FEBDC046E0B00108CF
:10DC8000F8B50C234343CE464746234A80B5D31804
:10DC900019003432B3310400087811780141CA0701
:10DCA00035D5B4330021595E1C4B4A00D65A912316
:10DCB0001F275B0058431A4B1B185D5C6A1ED31765
:10DCC0003B400A3D9B18F21C033EE917F017394010
:10DCD0003840491980195B11521149114011FFF761
:10DCE0001BFF104B104F98466300994643464A4627
:10DCF000395DD05A0B00821D09335B11521149095D
:10DD00004009FFF709FF43464A463D55D6520CBC31
:10DD100090469946F8BDC046481D0020B824002012
:10DD2000FC260020AC240020B424002070B580B272
:10DD3000FAF7F8FE0E4A1121944600220D4B0E4CC4
:10DD4000A4331B686344181853185B10DD00661970
:10DD50007668864204D25A1C8A42F5DD002070BDE6
:10DD60002959814201D9591EF6E70120F7E7C0463B
:10DD7000001F0AFA481D002040780108FE235B05B9
:10DD80009C4670B544106444211C051CF2F792FDBA
:10DD9000211CF2F7F5FBFA218905041CF2F762FF5A
:10DDA000211C061C281CF2F785FD011C301CF2F713
:10DDB000E7FB70BD10B5194A031C107D013805281A
:10DDC00009D8F2F701FA030A080C16201449181CA6
:10DDD000F2F7D6FB031C181C10BD1249F7E71249D5
:10DDE000181CF2F73FFF07F089FB1049F2F73AFFE2
:10DDF000F0E70D49181CF2F735FF07F07FFB0C49DF
:10DE0000F2F730FFF1E70B49181CF2F72BFF07F090
:10DE100075FB0949F2F74EFDDCE7C046481D0020BE
:10DE200074F53B42BAFAD542E3C8EB3D2DF9643EA6
:10DE3000F4FD3440E3C86B3E00007A4410B5184A44
:10DE4000031C107D0138052809D8F2F7BDF9030A33
:10DE5000080C191F1349181CF3F736F8031C181C7B
:10DE600010BD1149F7E71149181CF2F723FD07F01F
:10DE70004BFC0F49F2F7F6FE0E49F2F781FBEDE796
:10DE80000D49181CF2F716FD0849EEE70B49181C5E
:10DE9000F2F7E8FE07F038FC0949F2F7E3FEDDE7A8
:10DEA000481D002074F53B42BAFAD5423046E240A4
:10DEB00067F90A410000F041F4FD344000007A4463
:10DEC00067F98A40F8B50C2545432E4C9126651913
:10DED0002B00B3331B78F6005E432B4B4746F618F6
:10DEE0002B00CE46B43300229B5E80B59B0080465B
:10DEF0009859FFF75FFFB0352B78071CDA0617D566
:10DF0000227D91465B0701D5062323750025002756
:10DF1000608FA8422ADCF3F7D1F9011C381CF2F714
:10DF2000C9FCFFF78BFF4B462375FFF743FF071C28
:10DF300043460C2058432418B03423785B0710D58F
:10DF4000124B1888F3F7BAF91149F2F78BFE07F074
:10DF5000DBFB1049F2F786FE011C381CF2F7B4FF18
:10DF6000071C381C0CBC90469946F8BDAB00F05815
:10DF7000FFF720FF011C381CF2F702FB0135071CDC
:10DF8000C6E7C046481D00207C0E0020FC0C002087
:10DF90000000C84267F98A4070B500240C26084D7D
:10DFA00033006343B133EB5C002B02D02000FFF75A
:10DFB00067FE0134042CF3D1FFF7D6FD70BDC046D7
:10DFC000481D002030B5084C4D002C5B121B9124DD
:10DFD0006400444305480019405C1B1A1BB210B290
:10DFE0005B434043C01830BDB8240020FC2600200D
:10DFF000F0B54F464646D646C0B5104B00245B8F61
:10E000000FB29A46C8235B009946923BFF3B984665
:10E0100006B255B2A24505DC40461CBC9046994666
:10E02000A246F0BDA1B23B0032002800FFF7CAFFB4
:10E03000814501DD8146A0460134EBE7481D002003
:10E04000F0B557464546DE464E46E0B55E4B5F4D61
:10E050001A886C8F87B00700A2424AD101239946E3
:10E0600091239126DB000024984676002B00343360
:10E070001B784A462341134209D041463000614390
:10E080006043534B6A8F7918C018FFF797FC01342F
:10E09000032CEBD14F4B00261A78122353434E4AE0
:10E0A000B146D31800932B0034331B7802934B4BAB
:10E0B0001B885B09019301231A00019998468A4045
:10E0C00012B203926A8F04924B46029A1A41434657
:10E0D0001A402AD101239C46E1444B46032BF3D13D
:10E0E000FFF75AFF07B03CBC90469946A246AB46A4
:10E0F000F0BD1C80013CA4B263089B46374B002650
:10E100009A4691235B00994680462700BE4201DD76
:10E110004746A3E74846704339005844F2F7F2F8FF
:10E120007400544420800136F0E7912349465B0097
:10E130004B43274900988C469C44634682461B7893
:10E14000039C5B095900514492460888204308808B
:10E150000199049A9245BDDA524620485200805AED
:10E1600054466246145D40096409884207D10A009A
:10E170009C4209D1012293460100DA44E9E70200FA
:10E18000884201DB0A00010026009C4201DB1E00E0
:10E190002300009F7500BB465D449B465E450FDD36
:10E1A0002300E7E7404698400200288801331043E7
:10E1B00028808B42F6DD3800059A01360235EDE7FE
:10E1C000130007000592F4E7A8240020481D002052
:10E1D000FC2600206224002084240020B824002093
:10E1E0000CB4F0B589B007000C000E9D1F2805DDAA
:10E1F000002009B0F0BC08BC02B0184704AE0021F2
:10E200001022300007F0A2FB2B7802A8029687802C
:10E21000C480691C012B09D0022B00D10D000B34E6
:10E220002A2CE5D8064B2900B36004E00734262CDD
:10E23000DED8044BB3600FAA0192F7F70FF8D8E7C6
:10E2400041DC000805DC0008F0B5DE4657464E46C6
:10E2500045460023E0B5A1B019900B93BA4B0B9A39
:10E260001B881F335B11934217DC199B002B0BD0CB
:10E270000120B64B00211A785040122218705043EA
:10E28000B34B181807F062FB06F0A6F821B03CBCAF
:10E2900090469946A246AB46F0BD0B9B5A00AC4B4C
:10E2A0009918498AD35A19430E9100D18DE20B9BDC
:10E2B0005B010A935B420233189300230C930E9B7D
:10E2C000DB0700D477E20C9B5B010793A14B079A15
:10E2D0001B889B1A08931F2B01DD202308939A4B60
:10E2E0000A9A1B889B1A09931F2B01DD00F081FEFF
:10E2F000089B002B00DC5EE2099B002B00DC5AE24D
:10E3000006F05CF8944B1860099B9900934B1C89AC
:10E3100022042243013900D307E1914A34321478B0
:10E3200007221440621E94418E4A64421440B32274
:10E3300052009A5A002A17D000251F8F864E079B3D
:10E34000E818FFF7F3FC00280AD033686A009C46FF
:10E350000023624499015752099901338B42F9DB3A
:10E36000089B0135AB42EADC002C4CD07B4B0024EF
:10E370009B8998467C4B00229B5E9A46764B1D6893
:10E380007A4B2E000027DF5F079B9C4691235B00A2
:10E3900099466744079BE318002B0AD04B4507D0EA
:10E3A0000A23381958435146F2F792F8092908DC34
:10E3B000002341469A01B152099A02339342F9DB94
:10E3C0008846089B01340236A342E3DC91260A9C6E
:10E3D000674F760039882000F2F77AF800290BD1D0
:10E3E0004246079BCB18B34201DC4B00EA52089B24
:10E3F00002318B42F5DC90460A9B099A0134403584
:10E40000E31A9342E6DB564B0533DB7F0A2B01D040
:10E41000042B19D1514B1C8C4F4B1868079B602B58
:10E4200001D0C12B0AD10021079A9A1A52008218F2
:10E430008D015453099D0131A942F9DB079A0899CE
:10E4400001339A1A9142EADC454B1A7E002A03D125
:10E4500035331B78002B1FD0404B1AAD01224549A4
:10E4600028001C8CFFF7AAFA2B780A9A9B1A13D45F
:10E47000099A934210DA384A9B0112689121D31805
:10E480000022490007981018884201DC50001C52F5
:10E49000089801329042F5DC0C9B062B2EDD2024DF
:10E4A000192006F04FF82E4B64421A00A8331B685F
:10E4B0000A269A460C9BAC325C432F4BFF3499469C
:10E4C0002B4B17689846189D24B22BB2381C9B46DC
:10E4D000F4F78EF84A460090019159462000FFF764
:10E4E0007FFE43461B88381C5146ED18F2F7ECFCC2
:10E4F000013E071C002E01D01F2DE6DD079A089B68
:10E50000944663441C00164B00215A8F1B4D10008B
:10E510000B18DE0FF61876107300EB5A9C420ADCDB
:10E52000B04200D154E13000F2E702604260826004
:10E53000C2601030EEE6079FBB4221DAB14200D143
:10E5400046E13100E4E7C046602400206224002058
:10E5500084240020DC040020E00400202C030020A0
:10E56000481D0020E70700006C24002064240020E0
:10E57000DA040020C41D00203A770108B8240020E6
:10E580003100C24B0139002904DD4800185A079DAB
:10E59000A842F7DA8A46BD4B013A0136964203DAC1
:10E5A0007100595A8C42F8DCB94BB3461B6813937F
:10E5B000B84B0D9353465B00149300239946B64B1A
:10E5C000343315934A46159B1B78134101221A4098
:10E5D000119200D0FFE001239C460D9BE1442333C0
:10E5E000FF330D934B46032BECD13422914600248C
:10E5F000A94B99444B461B782341DB0749D591260B
:10E6000000250C27760066433A006A431300A249AE
:10E61000B133CB5C0135002B39D013000C335B18C0
:10E620001A00A7321278A24231D1A8330021595ED4
:10E63000964B4A00D25A079BD21A131D262B26D876
:10E64000944B9B195B5C0A995B1A292B1FD8033AE0
:10E6500090460A2252429246A01D80B29A4405F08A
:10E6600071FF8E4B072251469B46009340460A237A
:10E67000FFF782FA002005F065FF0A236B435B4435
:10E68000009307220A2351464046FFF775FA042DEE
:10E69000BAD10134032CADD10B9B002B6BD10F935E
:10E6A0001A007D4B1100B131595C0C32481E81417A
:10E6B0000F9884468C4461460F91302AF2D105337D
:10E6C000DB7F0A2B02D0042B00D049E1202401205B
:10E6D00005F038FF0320FAF7F9FE0321F1F788FD72
:10E6E0000C9B64425C436C4B824605330025984684
:10E6F0000A34A4B223B299465346694E0293AF003E
:10E70000F059F3F775FF674A0090019101214846DF
:10E71000FFF766FD4346DB7F0A2B00D002E1624E25
:10E720006249F059F2F79EFA7168071C3068F1F7F8
:10E7300027FFB168F1F724FF011C381CF2F7BAF883
:10E74000F3F756FF06000F00594B009601971A0089
:10E750000E2148469B46FFF743FD012D06D15A4640
:10E760000096019714215348F6F76CFF6034013589
:10E77000A4B2032DBED10A990798F9F75DFF089B53
:10E78000202B11D0424B089C1A68089B100059009E
:10E7900020231B1B5B00099D403052185B18013D74
:10E7A000002D01D000F01BFC0798099B1E30089A31
:10E7B0000A9905F01BFE0E9B5B080E930C9B013320
:10E7C0000C930E9B002B00D079E50B9B013344E5A5
:10E7D0000026B246E8E6384A4B4694465B0063445E
:10E7E0009B8A12930D9B53449C46149B1093634643
:10E7F0000D9A9B1A9B4500DCEDE6244A109B90463F
:10E8000043441D885988634618780A9B079AC01AA2
:10E810006346AD1A891A5A780A9BD21A002D07DA74
:10E82000002905DA01239846109BC4440233DDE732
:10E83000002801DA002AF5DB1F2D01DD1F29F1DC9C
:10E840001F2816DD1F2AEDDC119B4C1B0F93002C9B
:10E8500003DD01235B4264420F93861AE64211D521
:10E86000E30F1B195B105B42002A35DA1F0016907C
:10E8700025E09042E8DC1300020018000B0029009C
:10E880001D00E1E7F30F9B19ECE7C046B824002018
:10E89000E0040020FC260020481D0020D07801085C
:10E8A000240E002042770108300E00200000C842EC
:10E8B000A7770108702400202C0300201F009C4231
:10E8C00003DA0F989B1B80464144BE42F6DD0132BD
:10E8D0001B1B002AF2D11698400152011695179081
:10E8E0001F2908D813988F1880467F00474438881E
:10E8F000129D284338801698884202D1179890427A
:10E9000090D01F009C4203DA0F989F1B8046414421
:10E910009E4205DDBD4B20323F1B9A4200DD81E760
:10E920003B00DDE7012D00D020E7B1683068F1F74A
:10E9300027FEFC218905F2F795F9011C7068F2F7B2
:10E94000C3FAF3F755FE06000F00B14A009601978F
:10E950000E214846FFF744FC00960197AD4A01E7B7
:10E96000092B04D10F9B002B01D002230F932020F1
:10E97000A94B40429A460C9BD346584383B2159309
:10E9800092331BB21293002399469A464B46032BAF
:10E9900000D0F6E1A14C631DDB7F052B00D0BDE06C
:10E9A0002300C434D0331A6823689C1A9A4200D9D1
:10E9B000D41A23009A4A11211298FFF711FC230060
:10E9C000984A14219848F6F73DFECA465B465B78A4
:10E9D000002B00D197E00023D0465C46CA460D9339
:10E9E0008E4D0D9A2B0034331B78134101221340B6
:10E9F0009B4600D17EE0E3780D9A93427AD18B4B0F
:10EA00001E68F8F7F1FB0D9B011C5B19DA7B002AED
:10EA100000D014E221331B78002B00D00FE2301C11
:10EA2000F2F752FAA96FF1F7ABFDF2F727FCAA7CD7
:10EA30000300002A00D0FCE11420093308DA23780F
:10EA40005B0700D4FBE17A4B1B88012B00D8F6E171
:10EA500005F078FD002005F081FD42460123912755
:10EA600013405F43079B0137FF1A2378561010931A
:10EA70000422A35E50469946FFF724FA674B119093
:10EA80002B331B7836015BB201362022534500D16F
:10EA9000083A1AAB1A70524631325A7014AA944688
:10EAA0001A25109A6544920603D554221B259A70A4
:10EAB00065440223109A1A40139205D017232B7035
:10EAC000A37831336B70023520232B703BB2169341
:10EAD000584933B211981793F1F712FD002800D16D
:10EAE000B0E11AAB544A17991698FFF779FB012346
:10EAF0009C46E0440D9B01330D93032B00D06FE740
:10EB0000D146A346C24601239C460B33E1449C46B2
:10EB10004B46E344042B00D038E72CE6072B50D1BA
:10EB20002300C03300229B5E444D9B005E592300AE
:10EB3000CC3300229B5E301C9B005F59391CF2F7DE
:10EB4000C3F93F498046F1F7DBFC002800D012E60C
:10EB50003C494046F1F7E8FC002800D00BE6391CA0
:10EB6000301CF1F70DFDFC21B4348905F2F77AF879
:10EB70000022A35E9B005959F2F7A6F93249041C02
:10EB8000F1F7BEFC002800D0F5E50021201CF1F7CC
:10EB9000CBFC002800D0EEE52C49201CF2F762F8EF
:10EBA00006F0ACFC2A49F2F75DF8F2F767FB0400C7
:10EBB0000300284A11211298FFF712FB2300264A6E
:10EBC000FFE6082B52D1254B1888F2F777FB244932
:10EBD000F2F748F82300C433051C1868F2F7B8FBB5
:10EBE000011C281CF1F7CCFCF1F7B2FCD0342468EE
:10EBF000A04200D9BFE5241A64082300194A112154
:10EC00001298FFF7EDFA2300174ADAE6FF03000037
:10EC1000517701085E770108F81D0020481D00208B
:10EC2000647701087377010870240020D404002061
:10EC3000D8040020FFFF7FFFBE7701087C0E002074
:10EC40000000A0C00000A04000008CC2E3C8EB3D63
:10EC50007AFC47437977010880770108FC0C002093
:10EC60000000C8428677010898770108092B00D078
:10EC7000ACE62300B1331B78002B00D1A6E62500BB
:10EC8000B4350022AB5E628F9B01934200DC9DE6AF
:10EC9000237D00200F9306232375FFF713F91090AF
:10ECA0000023E85E0A23B8344F462468D1469846CC
:10ECB000092804DC40003900F1F724FB8046D14DDF
:10ECC0000027688F0226013880B2F9F72BFF002356
:10ECD0000D93033383469A46C435310061438B4517
:10ECE00034D81099381CF1F7E5FDFFF747F83C21BF
:10ECF0006A4652181278C34B041C1A75B33318783D
:10ED0000063005F01FFCC049201CF1F7ABFFF3F7FC
:10ED10006FFC4B46040001200D0018405910912350
:10ED20005843079B09010130C01A013109B2009410
:10ED300001950D9BB54A00B2FFF752FA0094019578
:10ED4000B34A1421B348F6F77DFC14E5424601208E
:10ED5000FAF770F8002812D00D9B310001332868B3
:10ED60000D93F1F745FA53465C4304190120FFF770
:10ED7000A9F8011C381CF1F703FCA408071C013694
:10ED8000ABE7022B00D021E69E4B5A1DD27F022A10
:10ED900000D01BE61A00C9321278002A00D115E60D
:10EDA000D5331B78002B00D110E64846FFF78AF8D0
:10EDB000041C0320FFF786F881460020FFF782F845
:10EDC00080460120FFF77EF8211C071CF2F77CF833
:10EDD000FC218905F1F746FF4146F1F7D1FBF3F736
:10EDE00007FC04000D0015988B4E01303200009492
:10EDF0000195112100B2FFF7F3F9884A00940195BB
:10EE000014218448F6F71EFC49464046F2F75CF8A8
:10EE1000FC218905F1F726FF391CF1F7B1FBF3F767
:10EE2000E7FB32000090019111211298FFF7D8F909
:10EE3000A1E4012A03D114201C3300DB08E6E078AA
:10EE4000063005E66F4B4E46197DA2681491139962
:10EE5000002900D19CE01499A078073114910C216D
:10EE600041435B181900B4330027DB5FB8310968F0
:10EE7000AF1C9E4200DB88E09E1B2D236B70551A51
:10EE80008A4200D28D1AFFF71DF8011C1198F2F783
:10EE90001BF8119080231B069D4203D92D236D4240
:10EEA0003B700137574B1A009946943298331268D9
:10EEB0001B689A4274D182234A469B00D058704303
:10EEC000F2F746FA4B46051C588F554B013858430C
:10EED000F2F73EFA011C281CF1F7ECFCF3F788FB73
:10EEE000504A009001910F213800F6F7ABFB454BDB
:10EEF0004D4D1B7D032B00D94C4D0F9B1198013BB1
:10EF00005A425341ED18F3F773FB149B484A9B0098
:10EF10009B5806001493474B0F009B46139B002BF6
:10EF200001D0454B9B46434B9946109B5B0701D54F
:10EF3000424B99463F4B1193109BDB0601D5404B4A
:10EF40001193119B0096019705934B4604935B46E2
:10EF50000393149B2A00029317991AAB1698FFF794
:10EF60003FF92C480378002B00D0C0E5119BEA1C28
:10EF700005934B4604935B460393149B00960197BD
:10EF800002931421F6F75EFBB1E5F61A2B2375E721
:10EF9000A4336F1C1D682B4B9C466544AD1879E764
:10EFA0000120F9F7BFFD06000020F9F7BBFD1C4B5F
:10EFB0009D4208D9361A06D05A46234B9E4201D8A4
:10EFC000052A08D1934600955B46204A0F21380058
:10EFD000F6F738FB8BE70A2101324E43EEE70024B7
:10EFE000065B16530234A142FAD15218C018FFF73B
:10EFF000D6FB089B002B01DCFFF7DDFB20230993E8
:10F00000FFF77EF9481D00200000C8429E770108E6
:10F01000A777010870240020AF7701085E77010808
:10F0200040420F00E48C0108207701080F770108A7
:10F03000089C0108416E0108317701083377010807
:10F0400037770108001F0AFA3F420F00C577010811
:10F0500010B5002813DB0C224243094B9B18B13337
:10F060001B78002B01D0FEF70BFEFEF77DFD012083
:10F07000FFF7EAF82023034A11880B43138010BDE1
:10F08000481D0020541C0020F0B5CE46474680B5F0
:10F09000584C95B0A37C023BDBB2012B62D902F045
:10F0A0008BFA002803D0544B1B78002B5AD0220037
:10F0B000A432524B1268524F9A4200D0514FA421B1
:10F0C0002200230088469432983312681B68A044BB
:10F0D0000AAE02AD9A424AD10420FAF7F7F94A4A39
:10F0E000434694461B68494A63441B182821300054
:10F0F000F6F7A8FA82239B00E058F2F729F9444971
:10F10000F1F7D8FBF3F774FA424A009001912021FD
:10F110002800F6F797FA012005F014FA002005F010
:10F120001DFA912209235200E7211E2005F0D4F890
:10F13000394B5B7A022B57D1163333702800F3F723
:10F140004BFB052148433C31FF31091AE8222800D6
:10F1500005F094FA3000E8221E2105F08FFA142001
:10F1600005F0F0F915B00CBC90469946F0BD0123AE
:10F170000434E08F99461840284C1ED1FAF7A6F9BE
:10F18000214A434694461B680197226863441B1832
:10F1900000922821224A3000F6F754FA4846FAF73E
:10F1A00095F9194A434694461B681E4A63441B1846
:10F1B00020212800F6F746FAADE70220FAF786F993
:10F1C000114A434694461B680197226863441B1802
:10F1D00000922821144A3000F6F734FA0320FAF797
:10F1E00075F9124A0300E3E7032BA7D115332B70FF
:10F1F000A4E7C046481D0020640E002000E1F5058C
:10F20000416E0108CD770108001F0AFAD577010881
:10F2100000247449DE7701082C2B0020682400208C
:10F22000EA770108077801081478010832780108A4
:10F23000F0B54546DE4657464E46E0B58BB0050074
:10F2400001F0D0FA002800D006E19E4B9E4C984673
:10F25000187023889A064FD512229C4B9C481B7825
:10F26000FF215343C01806F071FB692322881A421C
:10F2700000D19BE02800FEF7E7FF964B1B7F002B99
:10F2800072D023881B066FD4934B1A889123151CC8
:10F290005B009A4200D91D1C904BE5279B46904B82
:10F2A000ADB29A46012399465B4619888F423DDAF2
:10F2B000884B012034331A78002317001F4107427E
:10F2C00044D0844EF718BF7F002F3FD191220027F2
:10F2D00052005343834AFF209B187E4A401A528FA4
:10F2E000029094463A00624500DABEE001232A000B
:10F2F0001E2005F04BF837E01B0701D5FEF734FC64
:10F3000023885B06B1D504AE012277493000FEF7B1
:10F3100055FB33786D4A11785A0909234B43012173
:10F320009B186B4A5B00494299529EE7534639004D
:10F3300000932A004B461E2005F074F8791C4B46BA
:10F340002A001E2005F022F8013FADE70133032B10
:10F35000B3D10120024200D085E053100340B5D163
:10F36000921002330242B1D15A4B5B7F002B1DD069
:10F3700043461B78002B19D0002005F0EFF8012040
:10F3800005F0E0F8544B554E1D8832881E35033287
:10F39000009502232121404605F098FA854205DDBB
:10F3A00031882A1A03311C2304F096FF23885B0757
:10F3B00001D501F0C1FD23889B0701D5FFF764FE4D
:10F3C0002388DB0646D5F6F723FA071E42DD474BB6
:10F3D0000B209F4204DD464B01389F4200DC04387D
:10F3E00005F0B0F8002005F0B9F803229146BA32D2
:10F3F0009046404A042581219446BA463E4B04AECD
:10F4000004933E4B48466A1C054252D171556345F0
:10F410004DDC8123B354FF2273199A70C821EB1C71
:10F42000F73A0720009605F0A5F85046F1F746FF99
:10F430003349F1F73FFAF3F7DBF8324A00900191D4
:10F4400018213000F6F7FEF82A000121CE323000F4
:10F4500005F014F9002323800BB03CBC904699467C
:10F46000A246AB46F0BD002330E7029E985CB14651
:10F47000484480B2FF2800D938E7234E4000805B23
:10F48000013283469120400050438246380067464F
:10F490004743B94603930700CA4501DC039B22E7B3
:10F4A0005B460F4E4700F3530130E144F3E715008C
:10F4B000A8E740469A4500DA0800571EF055643B1D
:10F4C000A5E7C04670240020541C002062240020C0
:10F4D00084240020481D0020DC040020E4040020D7
:10F4E000602B0020FC260020C41D0020E30C00003F
:10F4F0003B0F0000E40C0000003C3CFF68100000E3
:10F5000000007A4409770108047901082023024A9F
:10F5100011880B4313807047541C002010B5002045
:10F5200005F01CF804F0DCFFFFF7AEFD01F004FD70
:10F5300010BD0000F0B5CE4647460024A02680B599
:10F54000A146012785B07600A3B2984600231A0091
:10F550001C4D51006B52013243449BB2B242F8D170
:10F560003B0032002100002004F010FFA022002107
:10F570009200280006F0EAF93B00210000953200D5
:10F58000002004F04FFF4B4640210393FF31039BC3
:10F590008B4204DD0134F02CD6D101200DE0404631
:10F5A000039A039B52004343AA5A9BB29A4203D147
:10F5B000039B01330393EAE7002005B00CBC90469F
:10F5C0009946F0BD602B002070B5164D164C2B7F70
:10F5D000022B1DD15833238020880A21F0F708FE22
:10F5E000124B80B218800A235843114B1880AB8B02
:10F5F000002B0AD0002004F0B1FFE62391222188DD
:10F6000052005B1A1E2004F067FEFFF77FFF70BDFB
:10F61000012B02D06B7F002B01D0B423DBE7E62364
:10F62000D9E7C046481D0020E4040020DA04002089
:10F6300060240020F8B5DE4657464E464546002079
:10F64000E0B5F9F743FF514D06002B000320A4332A
:10F650001C68F9F73BFF071E53D04D4B05009C4635
:10F660006444A719B2234B4E5B00F25A002A4CD1D6
:10F670000A212800F0F7BCFD0400474B38001C604D
:10F680002100F0F73BFEFA239B009A469127434B5B
:10F6900008009846424B7F009946544567D964213B
:10F6A000F0F7A6FD7843642183462800F0F7A0FD1B
:10F6B00001005846F0F79CFD434664211880200065
:10F6C000F0F796FD514647432800F0F791FD010001
:10F6D0003800F0F78DFD4B461880B2235B00F35ADB
:10F6E000002B01D142461380FFF76EFF22232D4AE3
:10F6F00011880B4313803CBC90469946A246AB460A
:10F70000F8BD82239B00ED58ACE7022A01D80622FF
:10F71000F252F35A244C994609239846043B9B46DF
:10F720005B466343280019009A46F0F761FD48459F
:10F730001BD26300190028009A46F0F759FD814555
:10F7400013D921002800F0F753FD814595D90A21EE
:10F750002000F0F74DFD01235B429C46E044434608
:10F76000002B00D189E70400DAE7544685E7290039
:10F770007843F0F73DFD43460A2118802800F0F752
:10F7800037FD7C4301002000A3E7C046481D002050
:10F79000001F0AFA2C0300206824002064240020A3
:10F7A0006C240020541C002000CA9A3B002210B593
:10F7B000024B1A77FFF708FF10BDC046481D002016
:10F7C000362310B5034A012011880B431380FFF73D
:10F7D0002FFD10BD541C0020BFF34F8F034B044A74
:10F7E000DA60BFF34F8FC046FDE7C04600ED00E092
:10F7F0000400FA058023DB05586A70470823F0B53A
:10F800004E4699460023DE46574645461D4A9846D1
:10F810000733E0B59C4640272026022493464D46F8
:10F8200003782B4208D00B6801330B6045782D0913
:10F83000AB4219DB43460B6003006546807A0A330E
:10F84000284217D0180000280ED003789A463B4271
:10F8500003D05B469B7CA343E1D15346334203D0A4
:10F86000937CA343012BDAD13CBC90469946A24637
:10F87000AB46F0BDD8888246188953460004184329
:10F88000E1E7C046481D002013B50024074B084A95
:10F890001B7801949B009858002801D1200016BDC8
:10F8A00001A9FFF7ABFF0134F6E7C046A52A002007
:10F8B0000C05002010B5154B154A1B789B009C5871
:10F8C000FFF7E2FF134B01001A68002A02DA012257
:10F8D00052421A601A688A4201DB4A1E1A600720E7
:10F8E00022780240052A04D11A68002A01D1013287
:10F8F0001A60102900DD1021072900DA0721F02005
:10F90000F0F700FD044B0138188010BDA52A002037
:10F910000C050020242B00200805002001230A21CB
:10F920000A005A43824209D95A00824203D805216B
:10F930004B43834200D81A00100070471300EFE7D2
:10F9400070B56425194CFFF755FF2368C31A142BB3
:10F9500003D82800F3F7F8F9F5E790230E22DB052A
:10F960001B69134913401D000A880B80012395432E
:10F970002060A808184007332A001D4209D07023D0
:10F980000C49FF33C95C503BFF3B002900D1103BC1
:10F990001843930709D57023064AFF33D25C603BB6
:10F9A000FF3B002A00D11033184370BD902A00207D
:10F9B0008C2A00202C030020F8B59023DB05574645
:10F9C0004E464546DE4699460E23E0B59846042746
:10F9D000FFF710FF244E04003368C51A0A20F3F71E
:10F9E000B3F94B4642461B6920499BB208881A402E
:10F9F0008446504083461E48854201D93B4231D15E
:10FA00005846384008D001200A8034603CBC9046FB
:10FA10009946A246AB46F8BD944502D00A803460B0
:10FA2000F4E7144A9542D3D9134A1168A142CFD2C0
:10FA3000990707D570211148FF31415C50200029FA
:10FA400000D110301B0709D570230C49FF33C95C66
:10FA5000103BFF3B002900D1103B18439134FF3489
:10FA60001460D3E70420D1E7902A00208C2A0020DC
:10FA70008713000088130000942A00202C03002024
:10FA8000F8B59025012440270C4EED0530000022EA
:10FA90000221F4F719FD280040228021F4F714FD1B
:10FAA000348330002F8322002100F4F70DFD39004C
:10FAB00028002200F4F708FDF8BDC0460004004805
:10FAC000084B490010B5C85A002A08D0064B5B8F76
:10FAD00090601B1A59424B410433537110BDF9F722
:10FAE000A5FDFBE76C8F0108481D002010B5002A1A
:10FAF00007D0054B197A054B002900D1044B9360C0
:10FB000010BDF7F789F9FBE7481D0020938E010827
:10FB10000B7C0108F0B5D64646464F46C0B5984620
:10FB2000089B050007209A461C790E00044018889F
:10FB3000170004F007FD5346588804F00FFD002C11
:10FB40004AD0534610201B791840994643425841E9
:10FB50000D3004F003FD3A0031002300280004F0CA
:10FB6000BBFB4B4658B2C043C00F0D3004F0F6FC4F
:10FB7000E81922003100001B434604F0ADFB4B4660
:10FB800040201840434258410D3004F0E7FC220069
:10FB900031004346280004F09FFB4B4620201840CC
:10FBA000434258410D3004F0D9FC4346F118091B7B
:10FBB00023003A00280004F08FFB5346588804F0D5
:10FBC000CDFC4B461B0707D4434662009B1A3119F4
:10FBD000BA1A281904F080FB1CBC90469946A2462C
:10FBE000F0BD0000F0B5CE46474680B58FB0002886
:10FBF00043DB042203AB1A80314A1268824241D1AE
:10FC000005225A805D321A712E4A002411689046EE
:10FC10000122013002AE8A5647003480CC5D2A4969
:10FC2000D0008C4609188A882509914655436246BA
:10FC3000805A0F222D181440AAB29446C8884988C9
:10FC4000444364180093A1B203004A466046FFF79C
:10FC500061FF434601201B68DF19385663280CD02A
:10FC60005B785BB2002B24D11E280FDC2200290018
:10FC70000F322031C0B204F03FFE0FB00CBC9046F2
:10FC80009946F0BD03225A808F32BCE70F4B1F38D4
:10FC90008000C6583000F2F79FFD0C212200484337
:10FCA0004431091A490813324919300004F03EFD65
:10FCB000E3E722002900307009320C31F5E7C04635
:10FCC000242B0020742A00206C7E01087C7E010811
:10FCD0002B23F0B5C6469846042700B5214EB04404
:10FCE0002B22B256531C35D00C235343F318190062
:10FCF000B131097800292DD0B43300215B5E810633
:10FD000004D5B9085B1AD943C9170B40C10605D5FC
:10FD1000B9085B18718F994200DC4B1E0C256A43B1
:10FD2000B4182200B432138098B2F8F7FBFEB8344E
:10FD30002060434600201856FFF78AF943462022E8
:10FD40001B7801375BB25D437519B0352B78BFB2B4
:10FD500093432B70FFF730FE0028C1D104BC9046BE
:10FD6000F0BDC046481D0020094B8900C95810B598
:10FD7000084B002A07D01B6D91605B1A5842434123
:10FD80000433537110BD1965FAF7E8FCFAE7C04671
:10FD9000409C01082C03002010B5002A05D0044B1C
:10FDA000197801238B43537110BDF5F73DFFFBE735
:10FDB000D004002010B5002A0AD00221064BDB7CBB
:10FDC0000B4201D0517110BD591E8B415371FAE79E
:10FDD000F7F73EF8F7E7C046481D002010B5002AA7
:10FDE00007D0054B29331B785BB2591E8B415371E9
:10FDF00010BDF9F7DDFCFBE7481D002010B5002A17
:10FE00000AD00221064B9B7D0B4201D0517110BDDF
:10FE1000591E8B415371FAE7F7F734FDF7E7C046F7
:10FE2000481D002010B5002A07D0054B597D0B1C3A
:10FE3000022900D90223537110BDF7F737FDFBE704
:10FE4000481D002010B5002A03D0034BDB79537105
:10FE500010BDF6F78BFFFBE7481D002010B5002A08
:10FE600003D0034BDB7A537110BDF6F78BFFFBE732
:10FE7000481D0020F0B5CE46474680B585B0232802
:10FE80007AD8F0F7ABF924003100330035003A009E
:10FE90004B003C005600640067007E00A100F900A2
:10FEA0002D013001960038015901430147017900C5
:10FEB0008F00930079007E018901EB000601790033
:10FEC0000901160179009A013C00790074010020B3
:10FED000F9F7FCFABE4AA4321368BE4A944663445A
:10FEE0001B18BD4843603EE00120F1E70220EFE728
:10FEF0000320F9F7EBFA0300F3E70420E8E7B44B3B
:10FF0000B54C586F2060F2F773FB00900191B34A33
:10FF10000E341C212000F5F795FB2DE0AC4B186F3B
:10FF2000AD4C2060F2F764FB0E3400900191AC4AB6
:10FF3000EFE7F7F759F9A84C2060F1F79FF90300B4
:10FF40002000A84A0E301C21F5F77CFB14E0F7F7DF
:10FF500081FBF0E79E4AA0481300A0331B68436072
:10FF6000527A002A02D10E309F4AECE79A489F4A03
:10FF70001C210E30F5F766FB05B00CBC9046994687
:10FF8000F0BD934BDD8F2800F1F7E2F9924C002190
:10FF90002060F0F7AFFA0028E8D120002B000E30E7
:10FFA000934AD0E78A4B32331D7804E0884B3333D1
:10FFB000FAE7874BDD8E2800F1F7CAF9864C2B0053
:10FFC000206020000E3062E0F7F708F9824C2060D4
:10FFD000F1F754F9F1F772F97D4D2B000833D96F21
:10FFE000F0F7CEFA8046F7F70DF84146F0F79CFAA5
:10FFF000002802D0F7F706F88046F7F71DF84146CB
:020000040801F1
:10000000F0F77EFA002802D0F7F716F88046AB6FBB
:100010002168181C9946F0F7B3FA2060F2F7E8FA65
:10002000083506000F00E86F0021F0F763FA0E3480
:1000300000280FD141464846F0F7A2FAF2F7D8FA65
:1000400000960197029003916A4A1C212000F5F75F
:10005000F9FA91E700960197674A5AE7F7F7BEF871
:100060005B4B996FF0F78CFA5B4C2060F2F7C0FAAB
:100070000E3400900191EFE7554B986CF1F71EF9A3
:10008000554C2060F1F7FAF8030020000E305B4A6F
:1000900059E74F4BD86CF1E7594B1978594B1A78FF
:1000A00006234B439B184A4A1B01D318E8331B68AD
:1000B00017E7534B1978534B1A7806234B439B1879
:1000C0000E33434A1B01D3185868FDF773FE424CA8
:1000D0002060F2F78DFA0E34009001914A4A18E739
:1000E0003B4B2D3360E7494B3B48FC335B6E484A42
:1000F00043600E3027E7364B986F374C2060F2F79D
:1001000077FA0E3400900191424A02E7304B0833EF
:10011000D86FF2E780232E4A9B00D058F1F718F9E8
:100120003D49F0F7C7FB2C4C2060F2F761FA0E3422
:1001300000900191394AECE6254CE06FFDF73AFE5C
:10014000254B374D1860227D032A00D9354D0E33DB
:100150001C00354B9200D3580293F2F749FA2A005B
:10016000009001911C212000F5F76CFA04E784232C
:10017000174A9B00D058F1F7EBF82C49F0F79AFB9F
:10018000CEE62B21124B5956002900DAF4E60C2258
:100190004A439B18B8338AE70D4B1A002B3212786A
:1001A0007F2A00D9E8E6D86E0B4C2060F2F720FADF
:1001B0000E34009001911E4AABE6054B06489C3375
:1001C0001B684360002B00D1D0E60E30194ABAE616
:1001D000481D0020001F0AFA2C2B0020E67D010894
:1001E000EA7D0108EF7D010838780108F47D0108F7
:1001F000F97D0108FE7D01080E7E0108878E010849
:10020000702A0020632A0020177E01082C0300209A
:100210001C7E0108257E010800247449E48C010835
:10022000DF7D0108D87D0108089C010800401C46BC
:100230002C7E0108347E010810B5064A012311788E
:100240000C001C4005D14B401370F5F7B7FA024B78
:100250001C7010BD282B0020561C0020054B5A7A1C
:10026000824205D058720A23034A11880B43138037
:100270007047C0462C2B0020541C00202B2270B548
:10028000254CA256531C3ED00C2320205343E31888
:10029000B0331D7885431D7004292DD80800EFF771
:1002A00093FF03181C3337001000F8F71BF9431CA9
:1002B00022D023000C252B331B785BB25D436519DC
:1002C0002B00B433188080B2F8F72CFCB8352860C6
:1002D00012E01000F8F756F9E9E71000F7F7EEFF23
:1002E000431C09D02B220C23A2565343E318B433EA
:1002F00018801000F8F72CFD2B202056FEF7A8FEE2
:100300000020FFF7ABFF70BD1000F8F739F8E7E702
:100310001000F8F7B7F8E3E7481D002002000120BD
:10032000002A05D170470A3B59424B410132C0189F
:100330001378002BF7D1F5E7F8B55746DE464E4661
:10034000454682460020E0B53A4A835C002B42D104
:100350000321F0F7BDF80223374E591A11200E4140
:1003600004F0F0F8122004F0F9F800230125984673
:10037000033340249B46A9464746AE43B6B2534694
:10038000DD5D002D2BD14022FF322023121BD42112
:10039000200003F0A1FF53461B78002B15D1274CFA
:1003A0002068002811D0FFF7B9FF0500112004F0E4
:1003B000C9F80B2068432030C20F12185210524265
:1003C000F0325221206804F081F93CBC90469946F5
:1003D000A246AB46F8BD2E2BBAD00130B5E72E2D84
:1003E0001CD13601B6B2243D0C2398464B461E4222
:1003F00001D1022398462000444420234246D421C0
:10040000A4B203F069FF01372100E8B2D42210340E
:10041000760804F071FAA4B2BFB2B0E72D2D03D173
:100420005B46223D9E43DFE7303DEB43DB171D403B
:10043000DAE7C046782A002024490000882A0020F4
:10044000082906D8012203490B7813430B70024B8D
:100450001A707047A62A0020642A0020B52110B522
:1004600008484900435C002A05D06A39DB08FF3997
:100470009943517110BD08225340435404F002FBCC
:10048000F8E7C0462C03002070B50C00151E10D0F4
:1004900028000E4B8A00D35820210C300C4AF5F767
:1004A000D1F80C4BD97D091B4B425941043169717C
:1004B00070BD002906D003201100F9F7CDF8002007
:1004C000F6F70EFC2000F6F7D7FCF1E7188A0108D2
:1004D000F97B0108481D002070B50D00141E01D0E5
:1004E000A16070BDF7F7B4FF902322000C200549EE
:1004F0005B009542F5D90400544301320B53D2B24C
:10050000F7E7C046F81D0020020010B50020032ABE
:100510000CD80C235A43064B9B181A00B1321278A0
:10052000824203D0B4331888F8F7FCFA10BDC046F5
:10053000481D0020F0B5C646050000B508000F00B4
:10054000F8F7C4FF0400032F41D12A4B5B7B002B3B
:1005500013D00020284E2B363056FFF7D5FF8046AB
:1005600000200A2230564146F8F764FC4346002B2F
:100570001FD041460220F9F76FF8EB0605D51E4B58
:100580009C331B68002B17D0E418AB0605D51A4B1B
:100590009C331B68002B15D0E41A184B1B68A34230
:1005A00007D3174B1B68A34203D821003800F9F783
:1005B00053F804BC9046F0BDA0000130FFF7AEF93F
:1005C0000400E2E7601EFFF7A9F90400E5E70A4B23
:1005D0009C331868002805D10330F8F777FF8008AE
:1005E000FFF79CF9EB0600D52418AB06D5D5241AE5
:1005F000D3E7C0462C2B0020481D0020B804002063
:10060000141C002010B5002A10D17023084AFF33B3
:10061000D05C41424841C0B2D05403F0A7FE04F080
:1006200031FA2623034A11880B43138010BDC046BC
:100630002C030020541C002010B5002A07D0B3233F
:1006400007495B00CB5A591E8B41537110BDF6F719
:10065000EFFB2023034A11880B431380F6E7C046C3
:100660002C030020541C0020B52070B50A4C40001B
:10067000235C0425002A06D02B40591A4B425941CD
:100680004919517170BDAB431943215404F0FAF973
:10069000FAF7D6F8F6E7C0462C030020F8B5012398
:1006A000334A1178194203D04B401370F5F79CF888
:1006B0008020F5F76BF8FA23DB00984251D901232B
:1006C00090202C4E032273838021C005F3F7FCFE9B
:1006D0000824002580273800F5F758F8013C2D182C
:1006E000002CF8D10221318390268027F6057783EC
:1006F00001222048F3F7E8FE390030000122F3F729
:10070000E3FE220001211B48F3F7DEFE3000032246
:100710004021F3F7D9FE0826403F3800F5F736F8B8
:10072000013E2418002EF8D1FFF7AAF98020F5F732
:100730002DF8FA23DB00984205D90F4BE4081C8002
:100740000E4BED081D80002201200D4B1A70002277
:100750000C4B9A56824203D01870434258410230E3
:10076000F8BD074B1878013843425841EFE7C046BF
:10077000282B0020000400489A2A00209C2A0020F0
:10078000561C0020982A0020F7B50600012015000D
:100790000F001C0003F0D6FE002003F0DFFE03F084
:1007A0009FFE0C4B39000093092330001A0003F020
:1007B000E1FE2B00084A7421732003F0F3FFFFF7DA
:1007C0006DFF0328FBD1054B1B882380044B1B883E
:1007D0006380F7BD8C9B0108417E01089A2A0020A6
:1007E0009C2A0020002070479023DB0518690A230B
:1007F0001840431E98417047024B1880024B1980E5
:100800007047C0469A2A00209C2A002010B5C824B0
:10081000FFF744FF002800D110BD2000F2F794FA42
:10082000F6E70000702370B50E4DFF33EA5C02243A
:10083000002A01D00024022213000C2124335B0083
:10084000EB180800084AFFF79FFF23002C202433F1
:100850005B00EB18054ADB21FF30FFF795FF04F042
:1008600011F970BD2C0300209E9B0108A99B010873
:10087000F8B5CE464746294B80B500229B5E284AF4
:1008800081460025555F274A88461278002A05D000
:1008900003600D600CBC90469946F8BD224E40277F
:1008A000320048320021525E31004C310020095E96
:1008B00030209C1AFF306043CB1A1B01C018891AE4
:1008C000EFF720FDFF373C00B84202DCC443E417D9
:1008D000044033004A3300229B5E3200DF204E3258
:1008E0000021515EEA1A50434D1B2D014019C91ACF
:1008F000EFF708FDEF280DDDEF207023FF33F35CE9
:10090000002B02D0EF233C1B181A4B461C604346B9
:100910001860BFE7C343DB171840EEE79A2A0020B0
:100920009C2A0020561C00202C030020F0B501203A
:1009300085B003F007FE002003F010FE03F0D0FDA9
:10094000E9221E21214803F099FE9027012003F09F
:100950001BFF00250E26FF05FFF7A0FE022828D169
:100960000020FA2503F010FF01246D00FFF796FE2A
:10097000022818D101A96846FFF77AFF2800F2F78C
:10098000E3F903A902A8FFF773FF039B029A0199F9
:10099000009803F0C3FF029B0093039B0193FFF7B2
:1009A0007DFE0328EAD1FEF7CBFF2042DED005B062
:1009B000F0BD3C693440AC42CED078212300044ADB
:1009C000080003F0EFFE2500C6E7C046B59B01080E
:1009D000E59B0108F0B5C646012000B503F0B2FD65
:1009E000002003F0BBFD03F07BFD05221C4B110032
:1009F000186803F09BFE012321251824984605273B
:100A0000184E3068002819D1174B1B78002B05D0E1
:100A1000220005210A32154803F030FEC8240125C2
:100A20006400FFF73BFE022814D0FEF789FF28423E
:100A300010D12000F2F788F9F3E71C0042466D0858
:100A4000631D1542F9D10B342200390003F016FE64
:100A50000436D6E7002003F097FE04BC9046F0BDB4
:100A6000FC6D0108006E0108600E00200490010872
:100A700010B5012003F066FD002003F06FFD03F0C8
:100A80002FFD05220448110003F020FE034B044A09
:100A90001A60FEF7A1FEC046847C0108F03F0020EA
:100AA000EFBEADDE10B5FFF7E3FF000070B5A44B5D
:100AB0001878232831D8EFF791FB240031003C004F
:100AC00047004E005E00590063006B007200770023
:100AD0009A00A300DC00E3009300E8000101ED00B0
:100AE000F5007E0085008C001A01210138019A0072
:100AF000AA003000B100CB0030013D0159003000A8
:100B00000B01904B002059688F4B9C468F4B6144E2
:100B1000A4331B68C91AF8F79FFD70BD894B0120EB
:100B20005968894B9C46894B6144A4331B68C91A98
:100B3000F1E7844B02205968834B9C46834B614408
:100B4000A4331B68C91AE6E70022804B0320DA753C
:100B50007C4B5968DFE77B4B042059687A4B9C46F5
:100B60007A4B6144A4331B68C91AD4E7754B1868E3
:100B7000F9F7EAFBD1E7734B1868F9F7B9FBCCE753
:100B80000022724B5A716F4B1868F6F781FBC4E76D
:100B90006C4B1868F6F7EAFC03F074FFBDE7694B8D
:100BA0005868F6F7DDF9B8E7664B1868F0F766FBAA
:100BB000F6F7ECFDB1E7634B1868F0F75FFBF6F76B
:100BC00001FEAAE75F4B1868F0F758FBF6F7B4FF91
:100BD000A3E75C4B1868F0F751FBF6F7B9FF9CE709
:100BE000584B1868F0F74AFBF6F79EF995E7574B14
:100BF000996F544B1868F0F767F9F6F7ABFA8CE782
:100C0000504B1868F0F73AFBF5F77EFF85E74D4B40
:100C10001868F0F733FBF5F7A7FF7EE74C4B4B491D
:100C200018784C4B1A780623434347489B18844650
:100C3000444A1B01CB185268A43109686244E83366
:100C4000521A1A600122444B1A70F7F787FF64E7C3
:100C50003F4B1D783F4B1C783A4B1868FDF7EEF878
:100C600006236B431B190E33384A1B01D3185860F7
:100C7000E8E7344B1868F0F701FBF5F7A7FF4CE7FE
:100C8000304B5868F5F7C6FF47E72E4B1868F6F764
:100C900061FE42E700222D4BDA752A4B1868F6F701
:100CA0001FF83AE7274B2D491868EFF7DBFFEFF7FE
:100CB0004FFCF6F721F8FEF7BDFC2EE7214B186834
:100CC000FDF7BCF8F6F78CFE0122254B1A7024E7DD
:100CD0001C4B24491868EFF753FC2349EFF7C2FF78
:100CE000EFF736FC8423194A9B00D050ECE7154BF4
:100CF0001868F0F7C3FAF5F777FF0EE7114B2B20D2
:100D00005968114B9C46114B61441A00A432126879
:100D10001856891AF8F720FAFFE62B200B4B1856C5
:100D2000084B1968F7F7C8FEF7E6064B1868F6F7A0
:100D3000ADF8F2E6034A054B52689C331A60ECE6C4
:100D4000722A00202C2B002000E1F505481D002010
:100D5000702A0020632A0020B00400200024744977
:100D60003D0E002017B7513800401C4670B50125D4
:100D70005F4B01301E6840005E4C30184557200024
:100D8000F1F72AFD0300020001203056002800D0B0
:100D900089E0632D00D18BE0192D14D029000C3986
:100DA000032907D9152D1DD0162D1DD0172D21D1A2
:100DB0006E2306E00D2D19D00E2D19D00F2D02D166
:100DC0004723A354531C00222000E254F5F7D0FB24
:100DD000494D28602000F5F72BFA6860FFF766FEA2
:100DE000012065E06D23ECE77523EAE76B23E8E774
:100DF0004D23E6E7092D0BDC0B2B4DD83035E554A0
:100E0000013300252000E554FFF796FA28004FE053
:100E10001E2D12DD591C2B0038481F3B9B001B5810
:100E20001B78A3540B00222D02DD931C3022625448
:100E3000252DE6DD3022E254E2E70A2D0DD1002116
:100E40000B2BDED88A4204D0605C2E28D9D0013129
:100E5000F8E72E21531CA154D3E70B2D1CD10B2BEB
:100E6000CFD8002B03D12D2323702C3BC9E7217849
:100E70002D2908D100230133E15C5A1EA154E25C04
:100E8000002AF8D1BDE7E05CE1184870013BFAD2D6
:100E90002D232370531CB4E7102DB2D10220002A59
:100EA00006D0531EADE7162D03D10220002B95D19D
:100EB00070BD1A2D17D10220002BF9D0013B00255F
:100EC0001120E55403F03EFB122003F047FB0E23F4
:100ED000F022D921402003F0FFF9D922402120003F
:100EE00003F024FC92E7072BE9D8E5540133E6E749
:100EF000742A0020782A00202C2B00207C7E0108F8
:100F000030B5094B094A1B7802339B001818137837
:100F1000122B07D8064C5D0028535C1C1470054A40
:100F20009B00995030BDC046712A0020A42A0020A1
:100F3000FC2A0020AC2A0020F0B5DE4657464E467B
:100F40004546E0B51527DD4C87B0237D9A009B46CA
:100F5000DB4BD3580293002504AE2800B57103F093
:100F6000FDFAF0231E222900280003F0B5F9D54B25
:100F70001D709A46A37C023BDBB2012B00D8E2E253
:100F8000236F9846F6F7B6FB1423A84204D02279C3
:100F90003B00AA4200D0012398B203F0D3FA5B468B
:100FA000032B00D963E24046F0F768F90021030003
:100FB000C54A080003F0F6FBC4490020FFF7A0FF74
:100FC000230005002C331B78C14A01B2D35C029A7E
:100FD00000200092BF4A03F0E5FBBF492800FFF75D
:100FE0008FFF0500012003F0ADFA2BB2606F994628
:100FF000F1F7FEFAB94A009001914946002003F04A
:10100000D1FB28000621FFF700000000F4F7F6FDF1
:10101000002808D0380003F095FA2A0000000000EC
:1010200003F02CFB0C35237E013BDBB2012B08D8EF
:10103000380003F087FA2A000021AA4803F01EFBBB
:101040000C35A94B1B78002B08D0142003F07AFA3A
:101050002A000021A54803F011FB0C3553461B78EC
:10106000A34A59008D5251465A1C0A700021A14AC8
:101070009B009950637938008B4200D0012003F027
:1010800061FAF6F7B1F82BB29946F1F7B1FA9A4A3C
:10109000000000004946002003F084FB2800974927
:1010A0000830FFF72DFFA37F0500002B11D038007B
:1010B00000000000000000009B0029B29B580020A7
:1010C000904A03F06FFB28008F490830FFF718FFA4
:1010D0000500A31DDB7F002B19D00120834200D126
:1010E000380003F02FFAA31DDA7F29B2874B90074F
:1010F00003D4874B002A00D1864B874A002003F097
:101100000000000000000830FFF7FAFE0500A37998
:10111000002B0DD00000000015FA2A0000218048A5
:101120000000ACFA28007F490830FFF7E9FE05000F
:101130000000DB7F002B0CD0380003F003FA2A00FC
:101140000021794803F09AFA28007849FFF7D8FE81
:101150000000A36D0120002B00D0380003F0F2F94D
:10116000734B99461B78002B01D0F6F72BFF2BB25F
:101170000000704B1888F0F7A1F86F49EFF772FD87
:10118000F1F736FA6D4A009001910399002003F0BF
:10119000000028006A490830FFF7B2FE4B461B7872
:1011A0000500002B06D0F6F7DFFCF5F741FC8223A3
:1011B0009B00E050E37E01205B0700D0380003F085
:1011C000C1F90722E37E29B213405E4A0020D35CB6
:1011D0005D4A03F0E7FAE38F3800002B06D1802345
:1011E0009B00E3580120002B00D03800083503F0A5
:1011F000A9F92BB2994682239B00E058F0F7A8F892
:101200005249EFF757FBF1F7F3F9514A009001917A
:101210004946002003F0C6FA28004E49FFF770FE49
:10122000A31D9946000000000500002B00000000EF
:1012300003F088F9000000009B5E474A9B00985825
:101240004649EEF7D5FF29B200000000002003F068
:1012500000000000434908300000000005000021A4
:10126000A06FEFF747F98146002814D1380003F04A
:1012700069F92BB2A06F0393F1F7BAF93A4A0090DB
:1012800001910399484603F08DFA28001021083097
:10129000FFF736FE0500E38E012B69D0380003F01E
:1012A00051F929B2E38E314A000000007BFA280090
:1012B0000F210830FFF724FE050059E0481D0020EB
:1012C00000000000A42A0020BD7B0108A48A0108B8
:1012D0009C760108C97B010800000000CE7B010854
:1012E000D47B0108DB7B0108CC1F0020E17B0108D7
:1012F000FC2A0020AC2A0020E47B01089881010828
:10130000087B0108F37B0108C4810108F47D010812
:101310000B7C0108938E0108FC7B01088882010880
:10132000057C0108D08B01080E7C010800840108AF
:1013300000000000FC0C00200000C842147C0108E2
:10134000000000003C7E0108207C01080024744954
:10135000287C0108208D0108486E010840420F00DA
:101360002F7C0108708A01083A7C0108487C01083A
:10137000237E002B26D0F4F70000000003D1237E4B
:101380001420012B00D1380003F0DCF82A007B4840
:101390000021083503F072F92BB2994600000000D5
:1013A000032B74D8FCF706FDF1F722F900900191A8
:1013B000734A4946002003F0F5F928007149FFF708
:1013C0009FFD0500F6F796F9431E9841143003F08F
:1013D000B9F80222A37C6C48934300D16B482A00E1
:1013E000002103F073F90C239946012003F0AAF8B9
:1013F00000000000300004F09FFA637AA944002B3B
:101400004DD066233370637D9A074AD56723737086
:10141000A37D9A0749D56E23B370E37C00000000DA
:101420006223F3704A460021300003F027F91823A5
:10143000994608225749300004F090FA7279A9447D
:101440002D2A3ED13379302B00000000F3700021AB
:101450004A463000B17103F011F94B46C72B3ADD13
:101460004D4A1378002B36D0013B137073E52300EF
:10147000883319684046EFF71DFAF1F7B9F8009084
:1014800001910021454A080003F08CF9000000009A
:1014900091FCF1F7ADF8424A0090019189E74623AB
:1014A000B0E7DB07B4D54723B1E7DB07B5D54E235B
:1014B000B2E7DB07B6D54223B3E77371302333714C
:1014C000C4E7B3792D2B01D10333BFE731797371B1
:1014D000F1703271BBE753461D780135AD004D44C4
:1014E000C72D05DC2C4A1378012B01D80133BCE74A
:1014F000237F002B27D12B4B1D88F6F7FBF81423F5
:10150000002804D022790133002A00D0143B98B27D
:10151000000000005B46244C2EB22449000000006D
:1015200018D8EFF79FFB011C4046EFF700000000C2
:10153000A5FE1F4A03003100002003F033F91D49C6
:101540002800FFF7DDFC07B03CBC9046000000001F
:10155000AB46F0BDEFF786FB8834011C4046EFF741
:10156000B3FC2168EFF7A6F9F1F742F80B4A0090B7
:1015700001913100002003F015F9E0E7547C0108E7
:101580005A7C0108C08E0108B87B0108B47B0108B1
:10159000667C0108B85F0108712A00200000000085
:1015A000607C010860240020481D002000002041CC
:1015B0006D7C0108C4810108000000001B789B00BD
:1015C0009B5818787F2398437047C046A52A00206F
:1015D0000C050020F0B5002357464E46DE46454632
:1015E0009946E0B50000000093B0039000000000B1
:1015F000002C14D1A046E634E41B002C08DD404644
:1016000002F0ACFF230050223900F02002F064FE0B
:1016100013B03CBC90469946A246AB46F0BD4A4644
:1016200001239340059A1A4200D13FE1FF2307228C
:101630005B4207ADAB8023781340052B00D041E11E
:10164000043B079300232B71D44B2A791B684B452D
:1016500000D03AE105236B80000000002B71039A53
:10166000CF4B9A4200D033E14B46052B07D1CD4AF0
:10167000FC33FF33D3585A1E934102336B71072357
:1016800022781340032B00D03CE12689E3883604FE
:101690001E430CD0637899B2120705D5069A0F2124
:1016A00094460B40634499B22A004846B047A2884A
:1016B000638812041A430AAB0293002A0000000058
:1016C00020210298F3F7BEFF072223781340062B50
:1016D0000ED16078FEF7CEFBA2886188B24B12046F
:1016E0000A430E3320210AA8F3F7ACFF0AAB02939A
:1016F000AE4B1E88FFF760FF00000000009533002E
:10170000002800D190E18222000000001E20FEF798
:1017100001FA05222423AA560493002A11DB330080
:101720000B3BD90FC91816235343A14A49109B18E4
:101730000093C9190B231022212002F01BFF35232F
:101740000493102200000000134227D03300103B06
:10175000DD0FED18000000005343039A6D10904612
:1017600098444346000000001B095B019B18ED19DB
:1017700000935A465B46290000000000FBFE4346EA
:101780000F2285205B782900000000005B019B1878
:1017900000935A465B46400002F0ECFE0722237895
:1017A0001340062B00D03DE16378022B00D0AFE060
:1017B0007C4B9B461D6D3300093B53441BB298463E
:1017C0007E4BA0359A465B46586DEFF7C1FD8023EE
:1017D0001B069C466044F0F70BFF524600900191B7
:1017E00041462A2002F0DEFF5B46586DEFF7B0FD60
:1017F00080231B069C4672496044EFF75BF8F0F7C4
:10180000F7FE52460090019141465E2002F0CAFF69
:101810006C4A4146922002F0C5FF5B46586DEFF7D7
:1018200097FD6749EFF746F8F0F7E2FE5246009061
:1018300001914146C62002F0B5FF5B46586DEFF7B7
:1018400087FDF0F7D5FE5246009001914146FA20FF
:1018500002F0A8FF002D00D1E4E01E2D00DA1E25C5
:10186000594B281F009307220523390002F082FEFE
:10187000BB19984609235B4243449B4691235B0076
:1018800052259A462A00280043465946343503F02B
:1018900045F85545F6D102230E3EF20F921952102B
:1018A000D219D21A0499029802F040FF200006A92A
:1018B000FDF7A4FF01239C463C4B04001B88E14438
:1018C000FF1895E6414B0793BEE670235B42C4E6E2
:1018D0003F4B039A9A4209D14B46012B00D0CEE6EA
:1018E000304B1B795A4253410433C7E6394B039AB4
:1018F0009A4200D0C3E64B46012B00D0BFE6294BED
:101900005B79EFE7A38862881B0413430293DBE64D
:101910000B2B67D1F5F762FC8046F5F773FB834626
:10192000F5F7A2FB5946051C4046EFF7CDFA2A49C8
:10193000EFF798F9291CEEF7BDFF2849EEF720FED6
:101940008121C905EEF71CFEEFF798FC3300093B37
:1019500053441BB29A46224B514698460A234246AC
:1019600005005B422A2002F01DFF012342465B4234
:1019700051465E2002F016FF5146124A922002F0B4
:1019800011FF424651460123C62002F00BFF0A23F5
:1019900042465146FA2002F005FF5BE7242B002067
:1019A00000840108481D00202C2B00200805002081
:1019B000307B01089C800108848F0108717C01083C
:1019C000000020417A7C0108149001080400030003
:1019D000A48A01089881010800007C430000F041BE
:1019E0007E7C01081A2B1DD1F5F7F8FB8046F5F730
:1019F00009FB8246F5F738FB5146051C4046EFF7D8
:101A000063FA1F49EFF72EF9291CEEF753FF1D4922
:101A1000EEF7B6FD8121C905EEF7B2FDEFF72EFC1A
:101A2000050017E7002337E750225146F020FEF764
:101A300071F80522AA56F725002A10DB33000B3B6C
:101A4000D90FC918162353430F4A49109B18009306
:101A5000C9190B231022F22002F08CFD0B350298DD
:101A6000FEF75CFC0B22524242439619F20F921988
:101A70005210D2192900029802F028FE16E7C0463B
:101A800000007C430000F041307B0108F0B50124E8
:101A900007000E00164B8FB0039303AB1C711500AB
:101AA0000093B4223C2350214620FEF733F8552200
:101AB0005021380002F00AFE200002F04FFD2623DC
:101AC000AE226321492002F007FC712230005A2126
:101AD00002F0FCFD074BFA219C4607488900684349
:101AE0006044EEF785FBF1F72FF90FB0F0BDC0466B
:101AF00004000300E703000010270000F8B5194BAD
:101B000047461B68CE469846174B184C1E684346FE
:101B1000626D80B581469B1B934200D26365636D05
:101B2000FC2118005D08EEF763FB761907004E45AF
:101B300007D94B463900F01AEEF75AFB236D181AF5
:101B400020654D44A84508D243463900E81AEEF70F
:101B50004FFB236D9C46604420650CBC9046994623
:101B6000F8BDC046B8040020141C0020481D002009
:101B7000012110B5044B054A1B7849429B00985837
:101B8000FFF728FD10BDC046A52A00200C05002047
:101B900010B5044B044A1B7801009B009858FFF7CE
:101BA00019FD10BDA52A00200C05002001220F4BB5
:101BB00070B51A70FDF77EFEFFF7FEFC0C4D0D4C64
:101BC00000280CD0FDF7AAFC00232B802380FFF710
:101BD000CFFF1423084A11880B43138070BDD22312
:101BE0002B80064B1A880A235343EFE7292B00204A
:101BF000DC04002060240020541C0020DA040020B3
:101C000010B50400FDF740FA064A1378052B01D8F9
:101C1000013313701378044A9B009C50FFF7C6FFF2
:101C200010BDC046A52A00200C05002070B586B066
:101C3000002A3BD01F4D0C322B0008330021D86FF7
:101C40001400EEF757FC002825D10320F7F73EFCDF
:101C500080239B000600E858EFF77AFB1649EEF761
:101C600029FEF0F7C5FC049005910835E86FEFF701
:101C700005FB02903000EFF76BFB0F49EEF71AFE01
:101C8000F0F7B6FC0D4A0090019120212000F3F7F7
:101C9000D9FC06B070BD0320F7F718FC0028D4D19A
:101CA000074A20212000F3F7CDFCF2E70548FFF7B3
:101CB000A7FFEEE7481D002000247449D28C0108DC
:101CC000EA8C0108A08C010837B5002A1BD0104906
:101CD0000C32CB7D14000F4A9800855804229343A0
:101CE00006D12B000C4A20212000F3F7ABFC37BDB6
:101CF000C86EEFF7C3FA00950300084A20212000C0
:101D0000F3F7A0FCF3E70648FFF77AFFEFE7C046DA
:101D1000481D0020188A01089B8B0108A38B01082D
:101D2000C889010810B5002A09D0074B06333E21A7
:101D30005B5E064901339B005B58936010BD04480D
:101D4000FFF75EFFFAE7C046481D0020848A0108BD
:101D5000708A010870B5374D0C002B002B331B78AF
:101D60005BB2591C0DD0002A33D000203249C88103
:101D7000042C22D006D8844215D0022C16D00E3165
:101D8000916070BD102C18D0202C16D0082CF6D1E4
:101D90000C204343ED18B3352B781800063331304F
:101DA00088735380EBE731338B73E8E70C2058439B
:101DB0002818B230007831308873002050710C3010
:101DC0004343ED18B0352B781C42D8D00123537112
:101DD000D5E7022C13D10C225A43AA18B03212783C
:101DE000224214D11548FFF70BFF2B220C23AA56D1
:101DF0005343ED18B0352B781C432C7010E0082CA1
:101E000005D10F4B0F481A70FFF7FAFEB9E70C2205
:101E10005343EB18B0331A78144204D0A2431A701B
:101E2000FCF7BAF8ADE7002CDFD10748FFF7E8FE72
:101E3000F6E7C046481D00202C2B00205C870108D7
:101E4000702A0020D4870108C087010810B5034B11
:101E500003481960FFF7D4FE10BDC046682A002071
:101E600070830108F0B5C64600B5304B86B0904689
:101E700018782F4C002A47D0602325004343413572
:101E80001A00FF35EB180025E032A2181678103240
:101E9000771EBE41AD199A42F8D1002D05D16022BE
:101EA00001234243A218E03213700623434359181A
:101EB0000D000E352D01635D09015A1E9341424606
:101EC00061185371E8310868EFF742FAF0F790FBB8
:101ED0006519060068680F00FBF76CFF237D154A43
:101EE0009B009B5845460493F0F782FB0C3502900B
:101EF000039100960197104A20212800F3F7A2FBD6
:101F000006B004BC9046F0BDCAB206210B4B41435B
:101F10001A70012389180E310901094A635413709C
:101F2000F6F71CFE0748FFF76BFEE9E7702A002072
:101F3000481D0020089C0108A0850108632A002094
:101F4000B00400206485010870B50800002A53D051
:101F5000002906D14F4B1B78591C063391605380E2
:101F600070BD012908D14C4B34331978494B1B788B
:101F7000194108405071F3E7022906D1454B197801
:101F8000454B5B181B7B5371EAE7052916D11000FE
:101F9000404B0C301978404B5B180233DB7F002B31
:101FA00006D0012151713D4A1F31F3F74BFBD7E7B2
:101FB000537120213A4AF3F745FBD1E7042908D1B0
:101FC000344B19781623022947D0334B5B18DB7B3F
:101FD000D9E70329C4D12F4B19782F4B5B189B7F6E
:101FE0001900481E814151710C3210002D4A9B008E
:101FF0009B5820212C4AD8E70529B1D8EEF7E4F800
:10200000030734473F3D2948FFF7FAFDA8E7224A76
:10201000012513003433197800231C0008001841EF
:10202000013328402418032BF8D10D00194B1878E0
:10203000012305411D4212D09C4204DD834034320D
:10204000994311708CE7FA221949D2001948FFF719
:102050001DFD2023184A11880B43138080E783401D
:1020600034320B4313707BE70A4B1A780A4B9B18E8
:102070000122197B4A401A7372E71048C4E7054BE6
:102080001878012800D96BE7F5F7FEF968E70C48E6
:10209000BAE7C046702A0020481D0020788E01084B
:1020A0008A8E0108087B0108978E0108F88D0108C7
:1020B0009F8E0108B98E0108541C00208C8C0108E9
:1020C000C481010810B50248FFF79AFD10BDC04653
:1020D0002C86010810B50248FFF792FD10BDC046DE
:1020E0006C84010870B5174C2378002B28D0FFF7BB
:1020F00063FA002824D102F031FA134D2B7F002B14
:1021000001D0FDF761FA6B7F104D002B08D0104B0A
:1021100029881B8850221B015B1AF02002F0DCF892
:1021200036230C4A11880B43138091220A4B52002C
:102130001A800A4B1A880A2353432B8000232370EA
:1021400070BDC046292B0020481D002060240020BF
:1021500008050020541C0020DC040020DA040020C4
:1021600070B5124D06002B78002B1AD0FCF78CFFAF
:10217000FFF722FA04002B78013B2B70FFF71CFAC3
:10218000631E9C41844204D03623094A11880B43C4
:1021900013800122074B52421A60002E02D0FFF733
:1021A000A1FF70BDFFF702FDFBE7C046A52A002096
:1021B000541C0020242B002010B5481E141E0DD0E6
:1021C000094B890006333E229B5E181A4342584150
:1021D000064B0430CB586071A36010BDF4F76EFC61
:1021E0002000FFF7BDFFF8E7481D0020848A0108A2
:1021F000164B800010B5C458002A0DD0144B9B7CA0
:10220000A34206D1134B9360052353805C331371B3
:1022100010BD114B9360FBE72000F7F73DFE032C48
:1022200007D82000EDF7D0FF02020B0F0120FFF7C7
:1022300097FF0423094A11880B431380E8E70848F5
:10224000FFF7DEFCF5E70748FAE7C0465C7E0108C9
:10225000481D0020B8890108BF890108541C0020CE
:102260002C8601086C84010810B5002909D0084BA0
:102270001A68084B1968084B1868F5F7C3F902F09B
:1022800001FC0020054B1860FFF76AFF10BDC04637
:10229000A02A00206C2A0020682A0020500E00206E
:1022A0000F4B70B518002B3000780C2440B2002A78
:1022B0000DD044431B19B3331B784D1C5B1A584295
:1022C00043410631043395605371518070BD4443DE
:1022D0001B19B33319701000FFF742FFF6E7C04631
:1022E000481D0020F8B515004E1E164C0C27002A7C
:1022F0000ED023002B331B785BB27B43E418B2343F
:1023000020789160801B4342584104305071F8BDE1
:102310003A007243A21813000121B1331970B4328C
:102320000023D15E3000F6F711FF2B2020564743E3
:10233000E419B2342670FCF78BFE2800FFF710FF7B
:10234000E5E7C046481D00202B20F8B5124B185673
:10235000002820DB00220226150099180C00B13459
:102360002778002F09D00F00B0373F78374204D0CC
:10237000B2310978814200D125700C32302AECD17B
:102380000024243A42439B18B1331C70FBF704FE2F
:102390002000FFF7E5FEF8BD481D0020F8B5160047
:1023A0004C1E244D0C27002A08D07C432C19B13434
:1023B0002378B1605A1E93417371F8BD3B006343AB
:1023C000EB181A000121B1321170B4330021595EAB
:1023D0002000F6F7BBFE2A0017492B32631C1ED1E2
:1023E0000023CB560C701370013308D139007143B0
:1023F000B131695C01290AD12B002B331E702B20CF
:102400002856FCF725FE0020FFF7AAFED5E7013687
:10241000042EEBD12B00FF222B331A70EFE70020A4
:1024200063B2002410560C57844200D00870137019
:10243000E5E7C046481D0020340500202B2070B57C
:102440002B4C0E002056FEF75FF8051E19D0042E07
:102450000FD83000EDF7B8FE030303163E00290045
:10246000F7F7FAF8022E04D10322224B5A72023AED
:102470005A730120FFF774FE04231F4A11880B438F
:10248000138070BD00201D4E3056431C03D02B23FB
:10249000E35683420BD10220F7F718F8291A854238
:1024A00000D2411B03204900F7F7D6F8E1E7FEF719
:1024B0002BF8041EE5D0854205D900203056FEF7E2
:1024C00023F82C00050029000020F7F7C5F82100AB
:1024D0000120E9E72B220C23A2565343E418B4341D
:1024E0000022A35E064A9B009858F7F701FFC0E759
:1024F000481D00202C2B0020541C002034050020F7
:102500007C0E002010B5012902D0022907D010BD91
:102510000422044B08001A70FFF722FEF7E7F6F7D3
:10252000B3FAF4E7D004002010B5044C2378002B54
:1025300000D110BD0020FFF713FEF7E7A52A002009
:102540000D4B490070B51500CC5A002A0DD00A2158
:102550002000EDF74DFE094B80B2A860986D001B7E
:10256000434258410430687170BD2000F5F79CFD6E
:102570000120FFF7F5FDF7E7748F0108481D0020E3
:1025800010B5141E0BD0094B5B569360084B2E33CD
:102590001B78591A484241410431517110BD08005D
:1025A000F4F792FB2000FFF7DBFDF7E7406D010831
:1025B000481D002070B560201B4B1C491C780B0087
:1025C000604341330200FF3318180023E0325218F1
:1025D000157810326E1EB5415B198242F8D1144A4B
:1025E0001078012B0ED10622624312180E3212010E
:1025F0008B5C002B06D0FA220E4992000E48FFF7A2
:1026000045FA70BD0528FCD8062363430024012247
:102610001B180E331B01CC54084B1A70F6F79EFAA8
:102620002000FFF79DFDECE7702A0020481D0020E8
:10263000632A0020488501085B850108B00400205A
:1026400010B508000A4B002A09D02A3319781E2336
:102650004B43181A414241410431517110BD5A7126
:10266000EEF776FEF4F714FE0120FFF779FDF5E7AB
:10267000481D002010B50224134B987CA043002A6B
:1026800015D001280BD111482A33906018781E23E9
:102690004343591A4B4259410431517110BD0C4901
:1026A00091605B79591E8B4104335371F6E7012821
:1026B00007D100205A71F4F7EBFD0120FFF750FD20
:1026C000ECE7F4F783FCF8E7481D0020C08101081F
:1026D000F47D010810B5002A07D0074B1B7D591A5D
:1026E000484241410431517110BD0800F7F798FD8F
:1026F0000120FFF735FDF7E7481D002010B5002A3F
:1027000006D0074B1B79591E8B410433537110BD02
:102710000120F4F771FC0120FFF722FDF7E7C04626
:10272000481D002070B50D00141E0C4E0ED0200068
:102730004B1C0B4A20210C30F2F784FFAB1D638049
:102740003378AB4201D11623238070BD3078F4F783
:102750004BFE2000FFF704FDF7E7C046702A00207B
:10276000808C0108F8B50D0014004E1E144F002A8D
:102770001ED010000C30002915D00B00114A20216A
:10278000F2F760FF6B1D63803A780F4B9B180233A2
:10279000D97F491B4B42594104316171B24201D189
:1027A00016232380F8BD094A2021F2F74BFFEBE7FF
:1027B00038783100F4F722FE2000FFF7D1FCF1E772
:1027C000702A0020788E0108481D00208A8E01089A
:1027D00010B5002A0BD04B1C9360124B1B785B1A70
:1027E00058424341063104335371518010BD0E4BA2
:1027F0000833DB7F5BB2013310D002290ED1FA22FD
:102800000A49D2000A48FFF741F92023094A1188F2
:102810000B4313800020FFF7A3FCE7E7014B19707F
:10282000F8E7C046702A0020481D00200C8E0108E1
:102830005B850108541C00207FB50D00141E23D0B9
:10284000080002F0ABF90C34061E16D003009833D2
:102850001868EEF77DFDEFF7CBFE029003919436FA
:102860003068EEF775FDEFF7C3FE124A0090019154
:1028700020212000F2F7E6FE7FBD2B000E4A20212A
:102880002000F2F7DFFEF7E763290BD91000F7F716
:10289000B3F901204042F4F711F9652D01D1F3F7A6
:1028A00089F92500280002F039F90120FFF758FCCA
:1028B000E2E7C046548C0108628C01087FB50E0027
:1028C00014000800002A22D002F068F90C34051E1A
:1028D00016D0030098331868EEF73AFDEFF788FE3C
:1028E0000290039194352868EEF732FDEFF780FEF1
:1028F0000E4A0090019120212000F2F7A3FE7FBD37
:1029000033000B4A20212000F2F79CFEF7E702F08B
:1029100065F9431C05D1002E03D1064B987CF7F7CF
:102920006BF90120FFF71CFCE9E7C046548C010855
:1029300020860108481D002010B5064B987CF7F74B
:102940005BF9F5F785FD0122034B1A70FFF7CAFB0F
:1029500010BDC046481D0020B0040020F0B5574609
:10296000DE464E464546E0B57A4B83B01A787A4F3C
:10297000022A03D13A78824200D1C1E0774C387004
:10298000C0000259764E326002221A70FEF714FE21
:10299000002801D1FFF7ECF8002533681B789D4231
:1029A00000DA8BE0112001F0CDFD122001F0D6FD00
:1029B000A022D02152002023002001F08DFC3B7882
:1029C000DB00E41864682000FDF7A8FC0B225242EB
:1029D00050432030C20F12185210D0320A2120006A
:1029E00001F074FE5F48FDF7A7FC002233681D78F4
:1029F0005D4B1A705D4B1B78934200D080E0302312
:102A00009B46013DFCF79CFF5B4618425FD0FA27CE
:102A1000BF002023564C2268184202D0531E52D4C5
:102A200023601023184204D0236801339D424CDBFD
:102A300023601000FDF7D6F82068FDF7D3F83800C2
:102A4000F0F782F9FCF7B8FF0028E2D1FDF726FE87
:102A5000022800D072E00124684601A9FDF708FFB2
:102A60003368444A1C579946E400A35A00988342AD
:102A700064DC141962889246019A904692455DDCA6
:102A8000A188C01AEDF73EFC43465246070000906D
:102A9000E188981AEDF736FC0F23019018404B4659
:102AA00000243F0138431A78C0B2944246DA6300EA
:102AB0004B449B7883422AD00134F6E72800FDF787
:102AC00091F8013569E72560ABE70023B0E70128FD
:102AD000BCD1274B18680028B8DBFEF747F900285F
:102AE000B4D00022244B1A60FCF718FDFEF764FDF9
:102AF00000282BD0FFF75AF801221D4B52421A60D2
:102B000003B03CBC90469946A246AB46F0BD184F78
:102B100020003B683C609846FDF764F84046FDF7AE
:102B200061F8FDF773FE012320005B423B60FDF777
:102B300059F82000FEF71AF90028D2D10F4B1A7865
:102B4000002A00D15EE700221A70CAE7FFF7CAFA2E
:102B5000D6E7C046292B0020722A0020C87E010833
:102B6000742A0020416E0108782A0020630E00209C
:102B7000242B00206C7E0108882A0020571C00208E
:102B80000A4B10B519009833943109681B68002A64
:102B900005D00748994200D10648906010BD1F201B
:102BA000994200D01820FFF7D9FEF7E7481D002012
:102BB0005F8401085A84010810B5104B104A197837
:102BC0000023994201DC00200BE05C00A45A8442FF
:102BD00012DD0C4A9B009858232803D8FFF7BEFE4D
:102BE000012010BD0122084B52421A600022074BFF
:102BF0001A70FFF705F8F3E70133E2E7A42A002093
:102C0000FC2A0020AC2A0020242B0020A52A00202A
:102C100070B5151E0C4C05D0353423785A1E9341DF
:102C20006B7170BD3534F4F7B9F82378002BF8D008
:102C3000064B074A11201A60FFF790FE0123280077
:102C40002370F4F7D9FEECE7481D0020882A002005
:102C5000668B0108F0B545465746DE464E46E0B560
:102C60005B4F83B08846151E38681BD00A23584333
:102C70004044584E07001C308400A059EFF7B8FCC0
:102C80003A3700900191BF000C35BB59524A2021C0
:102C90002800F2F7D7FC03B03CBC90469946A24608
:102CA000AB46F0BD012803D0022822D00028F2D183
:102CB0000A24F6F7A1FF49490320F6F7CDFC3B684B
:102CC000444A634343443A339B0099580220F6F741
:102CD000C3FC01234146424A4248D376D486424A45
:102CE0001160424A13603A68414B1A60FEF788FF50
:102CF000D1E73B4B0A249B469B7C9946F6F77CFF29
:102D000001239A4652463B4B3B481A70F4F722FA8D
:102D10003B68304E634343443A339B009959042047
:102D2000F6F79AFC5B463A681D72624342443A32B7
:102D300092002B00925929002800F7F7B3FE3A6859
:102D40005146624342443A3292002B009259280085
:102D5000F7F7A8FE294A3B6892460E225244934652
:102D6000634343443A339B009B59254A1C215846F0
:102D7000F2F768FC5A46234B1C201A60224B9B46F4
:102D80001D70FFF7EBFD5B461B78002B1BD05346F5
:102D90003D6819686C4344441C341748A400EEF79E
:102DA00093F8A159EDF7ECFB1349051CEDF7BCFBBB
:102DB000002808D01549281CEDF7A2FB002802D0F6
:102DC000A55101F05FFE4846F6F716FF63E7C046DF
:102DD000682A00202C030020A483010840420F0031
:102DE000481D0020CC8301086C2A0020500E0020D2
:102DF00040200020B00400200000C8C12C2B00207F
:102E0000B5830108882A0020782A00200000C841E4
:102E10000B4B0C4A70B51A6000230B4C1C2023701E
:102E20000D00FFF79BFD2378002B08D0074B0848C7
:102E30001A68084B1A60084B1D60FEF7E1FE70BD72
:102E4000882A0020BC840108782A00202C2B00202E
:102E500070830108A02A0020682A0020F7B5141EFC
:102E600050D1294D0220AF7CF6F7C6FE2748F4F773
:102E700071F927490420F6F7EFFB2300244A2100CB
:102E800020002C72F7F70EFE2300214A01212000BA
:102E9000F7F708FE1F4B204D204A1C201A602C70AB
:102EA000FFF75CFD2B78002B29D01D4B1D4D1E68B4
:102EB0001D49301CEDF764FB696EEDF761FB1B49A2
:102EC0000190301CEDF716FB002804D0002301937D
:102ED000B4235B00EC5401981549EDF725FB00285D
:102EE0000DD001981349EDF70BFB002807D06A239A
:102EF0000122FF33EA54019B6B6601F0C3FD3800E9
:102F0000F6F77AFEF7BDC046481D00200000C8C194
:102F100080C3C901882A0020782A00202C8A010851
:102F20002C2B00202C0300200000C8410000C842C8
:102F3000000070C1000070410F4B104A10B52220F4
:102F40001A60FFF70BFD0E4B0E491868EDF7D2FA29
:102F500000280BD1FA220C49D2000C48FEF796FD4E
:102F600020230B4A11880B43138010BD01F076FE1D
:102F7000084B094ADA60FEE7882A00205C820108D3
:102F80002C2B002000409A446E8201085B850108CA
:102F9000541C002000ED00E00400FA05002373B586
:102FA0000500060001933F4B3F4A1B789B009C584D
:102FB000013E0CD2002C19D0072026783040013871
:102FC00005280DD8EDF700F946132B090C4D20000C
:102FD00001A9FCF713FC0400EAE70020FFF7C0F8A2
:102FE000324B1B78012B01D1FEF7C2FD73BD0022CD
:102FF0002F4B5A732389E2881B0413430BD062784A
:1030000091B2300705D50F210A4001998C466244E0
:1030100091B228009847274A0423118817E000221C
:10302000234B5A732389E2881B0413430CD0627824
:1030300091B2300705D50F210A4001998C466244B0
:1030400091B200222800984714231A4A11880B4392
:103050001380C5E72089E38800041843FEF7D0FDFC
:10306000BEE70022124B5A73FEF7A6FA002801D0E1
:10307000FCF754FA2389E1880F4A1B040B431360C1
:103080006078042806D802210C4B9B7C8B4304D12A
:103090000B4B1360FFF762FCBDE70A4B0328F8D027
:1030A000094BF6E7A52A00200C050020292B00205B
:1030B0002C2B0020541C0020882A0020481D0020B2
:1030C000D5840108DF840108E984010870B504296A
:1030D00007D80800EDF778F8030C0F242700FDF758
:1030E000A1FBFEF7FFFFFCF719FAFCF70FFA16E059
:1030F000FDF71CFCF5E700250D4C01202570FFF7BE
:103100002FF80C4B00201A003032157086229200E6
:10311000944600216344186059600823237070BDF1
:10312000FDF758FCDDE70448FEF76AFDF7E7C04607
:10313000D0040020481D00203482010810B508008A
:10314000002A1AD0204B062906D15B7E1F49073B77
:103150009B005B58936010BD043989B2012905D8E2
:10316000997E1B4B0429F5D01A4BF3E7197E081AF8
:103170004142484104305071EDE706290FD1124A0F
:10318000537E0133DBB2092B07D85376507EF4F718
:1031900033FC0122104B1A70DDE70723F5E70B1F04
:1031A0009BB2012B08D8084B9A7E042A02D1013227
:1031B0009A76EEE70422FBE70329EAD0F4F71CFC39
:1031C000FEF790FFE5E7C046481D002028050020D7
:1031D000108F0108138F01083D0E002010B5002A42
:1031E00007D0074BDB7E591A4842414104315171E7
:1031F00010BD0800F4F7CAFAFEF774FFF8E7C046FE
:10320000481D002010B509494B7F002A03D0591EE4
:103210008B41537110BD5A425A414A77002B00D15D
:103220000B77FCF7D1F9FEF75DFFF3E7481D0020AF
:1032300010B50F490B7F002A09D0591E8B415371DD
:103240000C32100020210B4AF2F7FCF910BD0133BB
:10325000DBB2022B0AD80B770B7F002B01D00023A7
:103260004B77FCF7B1F9FEF73DFFEFE70A77F3E79D
:10327000481D00205E8F01083549F0B50D00D64687
:103280004F464646A435C0B52B68002A0AD03149BE
:103290008C466344591E8B4153711CBC9046994621
:1032A000A246F0BD2C4A934203D02A60FEF71AFFD3
:1032B000F3E701260431CC8F284B34409846284F41
:1032C00023D12000F6F702F981463000F6F7FEF828
:1032D0004246244B824620001360FFF73FFB4846DE
:1032E000EEF736F8011C3868EDF7EEFD1E49EDF7F4
:1032F00047F9EDF72DF9494628602000F6F7ACF9BB
:1033000051463000F6F7A8F9D0E70220F6F7DEF8CC
:1033100004000320F6F7DAF84246144B06000220B8
:103320001360FFF71BFB2000EEF712F8011C386852
:10333000EDF7CAFD0C49EDF723F9EDF709F9210086
:1033400028600220F6F788F931000320DAE7C0464A
:10335000481D0020001F0AFA00E1F505882A002018
:103360002C2B00206C8B010820BCBE4C838B0108E9
:1033700010B50F4B997C002A0FD0002909D10D49B7
:1033800006339160D97F0B1C022900D902235371A7
:1033900010BD094991609B79F9E7002904D1F4F740
:1033A000E1F9FEF79FFEF3E7F3F72AFDF9E7C046E0
:1033B000481D0020B18B0108BE8B010810B50C4BD5
:1033C0000C001878002A08D00A4B1818817F091BB6
:1033D0004B4259410431517110BDF4F7FFF9082CEB
:1033E00003D10548FEF70CFCF6E7FEF77BFEF3E79A
:1033F000702A0020481D00208C850108F8B5CE46B3
:1034000047460D0080B5BD4C002A0AD00534E17F47
:10341000491B4B425941043151710CBC90469946AD
:10342000F8BD1000FEF79CFEF5F712F8002D1ED037
:10343000631DDB7F002B1AD1681E092849D8ECF7E1
:10344000CDFE25004E0081009D00AD00B700BD00FF
:10345000F40044004701FA22A949D200A948FEF726
:1034600015FB20230025A84A11880B431380631DF8
:10347000DB7F062B05D122000221343213788B43E7
:10348000137000210800F4F7A9F9D5E7A07CF6F73E
:10349000B3FB23000220BC3318702300C83318701C
:1034A0009A4A9B4BD43420701A60FFF757FA994B15
:1034B0001868EDF74DF8002104000800F6F7CCF885
:1034C000052101206143F6F7C7F804210020F4F735
:1034D00085F9FEF707FE2800F3F7CEFB9DE7A07CF9
:1034E000F6F78AFB22000123B13213702200C932A1
:1034F00013702200D53213702033BC34FF33238085
:10350000834F854B02203B60FFF728FA814C2068EF
:10351000EDF71EF8814B060002203B60FFF71EFA14
:103520002068EDF715F83118040049080220F6F775
:1035300093F80A21A41B6143794B994200D21900E8
:103540000320C0E7A07CF6F757FB8323BC345B0065
:1035500023806F4C734B02202360FFF7FFF9724BFF
:1035600003202360FFF7FAF98121C905694B186828
:10357000EDF778FBECF7ECFF0100E1E7A07CF6F754
:103580003BFB634C674B02202360FFF7E7F9674B77
:1035900003202360FFF7E2F96549E7E722000123F2
:1035A000BD32C934137023700520F3F765FB90E733
:1035B000022334342278134323708AE7A07CF6F781
:1035C0001BFB23000122BD331A702300C9331A707C
:1035D0004F4B0026994690464A46524BB0342670CF
:1035E00002201360FFF7BAF94A4F3868ECF7B0FFD2
:1035F0004A46504B040003201360FFF7AFF93868C8
:10360000ECF7A6FF0521070041430320F6F724F855
:1036100021003000F5F7A0FDE11B4046F5F79CFDC9
:10362000E1190220F5F798FD4FE7A07CF6F7E4FAE0
:1036300022000123BD3213702200C932137023000F
:103640000022B0331A70324F364B022090463B6056
:10365000FFF784F92F4E3068ECF77AFF01004046FF
:10366000F5F77AFD344B03203B60FFF777F93368B9
:103670003249181C9846ECF743FF002800D0EAE6D0
:103680002F494046ECF750FF002800D0E3E62D49D3
:103690004046EDF70FF9ECF75BFFF4F705FD2A4C18
:1036A0002A4B03203B60FFF759F9211C3068ECF7E7
:1036B00027FF002800D0346081213068C905EDF76C
:1036C000D1FAECF745FF01000320F5F7C5FF00E74D
:1036D000A07CF6F791FA0023B13423700C4C1C4BFC
:1036E00002202360FFF73AF91A4B03202360FFF70B
:1036F00035F9084B0E491868E1E7C046481D00201F
:10370000748801085B850108541C00208488010826
:10371000882A00202C2B00209D880108B6880108EB
:1037200030750000C3880108D7880108E8880108BF
:1037300000004040F28801081389010800007A4423
:1037400000401C450000C84200803B463589010806
:103750005A8901086C89010810B5094928310B788C
:10376000002A03D0591E8B41537110BD5A42534158
:103770000B70FEF7B7FCFBF7D1FEFBF7C7FEF4E7D3
:10378000481D0020084B094A10B51A600022084B5A
:1037900021201A70074B1B7D032B00D80620FFF752
:1037A000DDF8FEF79FFC10BD882A0020CC8A0108B6
:1037B000782A0020481D00209023F0B55746454642
:1037C000DE464E46DB051A690E23E0B51A40874BEC
:1037D0008BB09A461B789046002B09D1FDF7ECFE82
:1037E000002805D00122824B52421A60FEF7DEF912
:1037F000804B9B461B78DB0703D47F4B1B884345DC
:103800000CD053461D78002D29D0012D00D1A7E002
:103810004246794B1A8000235A4613705B461B7848
:103820009B0713D5FCF73AFF013801280BD806A9EE
:1038300005A8FDF71DF853461B78002B00D1E5E0E5
:10384000012B00D1EFE100226A4B1A70FCF7F4FC67
:103850000BB03CBC90469946A246AB46F0BDFCF787
:103860006FF8031ED4D00124044002D0FEF79EF965
:10387000CEE7624A507A0328CAD8ECF7A5FC0206C4
:103880003B461800FCF724FAC2E75D4D01262F00E5
:1038900076422B372B202856421C21D0002C1ED1DB
:1038A0009A0622D5F4F70AFD0600731C12D00C24E8
:1038B0000020230038564343EB18B4331E80F5F73D
:1038C00047FA00232022FB565C432C19B03423789E
:1038D0009343237000203856FBF7BAFB0424013CC5
:1038E000FCF76AF8031ED5D192E7DB06DDD5F4F7C5
:1038F00047FDD9E7424A0432D28FD20700D50224CD
:1039000021001800FCF716FE82E73D4A1000110066
:103910009430983100680968884219D18021890063
:103920005058E122D200904200D21000DA0609D5A8
:103930000A2319215843ECF75BFCFBF7EFFFF3F781
:10394000DBF965E79B06F8D519230A215843F2E70E
:103950000432D08F012203211042D2D11100D0E7CE
:10396000284B294A1B789B009B580293FBF7E8FFE2
:10397000061E00D14CE7FBF787FF83B299461C4C2B
:103980002E4228D130001E002F00102223689F40B5
:10399000104201D0013323602023184202D0236853
:1039A000013B236023689BB2B34203D3029B1B7885
:1039B0007F2B14D9FBF77EFF2800236898403843FB
:1039C000FEF7E6F8FA208000EFF7BEF9FBF7F4FF08
:1039D0000028D9D11CE7206883B2994502D8FEF7A8
:1039E00081FB15E7FFF7DAFA12E7C046292B002022
:1039F000242B0020A62A0020A82A00202C2B0020FF
:103A0000481D0020A52A00200C050020059B1D2B29
:103A100070DD069B01260293059B76421E3B0393B5
:103A2000C8235B0098460025B346BC4CBC4B012222
:103A30001B782B41134220D00C239A466B46082258
:103A40009B5E002799466B460C269E5F53467B4340
:103A5000E3181A00B1321278002A0BD0B433198857
:103A600068B24B463200FAF7ADFA404502DA8046BA
:103A7000BB4601950137042FE8D10135032DD5D17F
:103A80005E46731C40D0230000222B339A565A45C1
:103A900002D0A4491E700A700C237343E41822005C
:103AA0002021B032137800208B431370FCF7D6FB33
:103AB0006A469D4B12791A7209A908A8FCF7D8FE2C
:103AC0000898019A1E3809990890FAF791FA002887
:103AD0000BDB2300B433188080B2F5F723F8230002
:103AE000B83318603000FBF7B3FAFCF7D7FD0328B2
:103AF000E2D1A8E6069CFCF789FE2000FFF75CF8FF
:103B0000002800D09FE684E7FDF756FD002839D154
:103B100005990B00193BD72B34D8069E1E2E31DC9D
:103B200002270F2E00DC07000122962900DC00226C
:103B3000D7190C2213004343B133E35C002B1DD093
:103B4000002F1AD1230000222B339A56824210D123
:103B5000FCF75CFE0122754B52421A60744B7548AB
:103B60001F70FEF74DF8182E0CDC0020FCF776FBDA
:103B700069E61870FBF76CFAF5E7013F013004289D
:103B8000D8D1F0E76C4B06981A880A235343059E58
:103B9000984235DDFCF73AFE952E0BDC0225624B90
:103BA0005B7AAB422AD10434E08F40002840FEF714
:103BB000D5FE48E6F92E0ADC01230434E28F534097
:103BC000E38702235D4A11880B4313803BE6564B83
:103BD0005B7A032B12D122002300943298331268AF
:103BE0001B689A4206D001230434E28F1A4203D0A4
:103BF0002800DCE71325FBE71D00F9E72800B5E7FF
:103C00001D2E0DDCFEF7D8FF002800D01BE6FCF7C8
:103C1000FDFD0122454B52421A60FDF7C7FF12E637
:103C20001828F4DCA1E7059B454A9846404B069FBF
:103C30001B789B009C58FDF7BFFCF0239946002899
:103C400001D0D23B99463F4A0023934607222000E9
:103C50001D00924644460793002809D1FDF7ACFCAD
:103C6000002800D0EFE5FCF7D1FDFEF73BFAEAE5CE
:103C70005A46514616880278F6180A40052A00D19D
:103C8000E5E19F4200DCE2E1B74200DBDFE14C45C9
:103C900000DCDCE1A046040001200300AB409A46B2
:103CA000224F00263B683D60984053461843FDF77D
:103CB0006FFF63789B46FBF79DFD0190FCF7EEFCE0
:103CC000002806D0FBF796FD019BC61A1E4B9E42AC
:103CD000F4D9FDF771FC002800D1ADE1072223786B
:103CE0001340062B00D0A7E1184B9E4200D93AE1C1
:103CF00043464A463421981AECF704FB5B46074ECC
:103D00000B2B00D065E1042800D932E1ECF766FA0C
:103D10005F01580194015B015D01C046481D002010
:103D20007C1D0020340500202C2B0020242B00209B
:103D3000A52A0020C4860108DA040020541C0020B3
:103D40000C050020080500208813000087130000E0
:103D500009A908A8FCF78CFD089B1B1B0133022B4B
:103D600000D89CE02800FCF785F8089C022D00D0C4
:103D7000B3E0A03C26007F2C54DD7F26B74BB84C27
:103D800099464346002B53D14B461B6D9B1B273353
:103D90004E2B4FD96368310098464B461E650A2367
:103DA000A0315A000C2900DD89E04B465A65AD4E22
:103DB00033680193AC4B019A1B689B1A4A46526DBB
:103DC0009A4201D94A465365A44A00239146526D4E
:103DD00033606260A54A1100934602220A70FCF724
:103DE00065FEA349A34A8A4612215046F1F72AFCF0
:103DF0003800FDF7CDFE0199022231604146616035
:103E000059460A70FCF752FE9B4A12215046F1F7C0
:103E100019FC00234A4640461365FDF76FFE012357
:103E2000984637E023007F33A8DA7F267642A5E75D
:103E3000022BAFD14B46FC21586DECF7D9F94B461C
:103E40001B6DF31A58436368002835DA42429A42E0
:103E500032D900236360834B62681B689A4200D2A8
:103E60006360814B62681B689A4200D963604B466D
:103E700002221E657D4BA8461A70FCF717FE002033
:103E80007E4B6268187001000300F6F70BFE3800E5
:103E9000FDF77EFEFA208000EEF756FF089CFCF747
:103EA000FDFB002800D053E70122754B5242380039
:103EB0001A60FDF76DFEC6E4C0186060CBE79B009A
:103EC00052089B18182902DC4A4653656FE72439CB
:103ED0005B00002900DD64E7F6E70B2D2BD15F4B7B
:103EE0009E6FF3F7C1F8814620001A38EDF7E6F926
:103EF0004946ECF7B7FE6349ECF7DCFC311CECF704
:103F00003FFB041CF3F77EF8011C201CECF738FB88
:103F1000534B1860554B1D70FCF7C8FD3800FDF77A
:103F200037FE0220F5F7D2FA00230200190018002C
:103F3000F6F7B8FDB2E71A2DB0D1F3F795F8814640
:103F4000F3F760F8061C20001A38EDF7B7F9494678
:103F5000ECF788FE4B49ECF7ADFC311CECF710FB9D
:103F6000F3F7F8F8DAE70026574634005D46B04626
:103F700095E70024B56FF3F731F9011C281CECF725
:103F8000FFFA051C2000EDF799F9011C281CECF73D
:103F9000F7FA334B18605A46344B1A70FCF786FD1B
:103FA000012350465B423B60FDF7F2FD0220F5F72E
:103FB0008DFA0023020019001800F6F773FD42E4A1
:103FC00001246442D6E70124D4E70A24D2E70A2474
:103FD000F7E7022B30D104282CD8ECF7F5F80317BB
:103FE0002D1D2900736D5C42002C1ADA0220F5F7B2
:103FF0006DFA6342984214D20022194B5A60002392
:104000003365174B5868FDF779FDC4E70A21706DD9
:10401000ECF7EEF84442E7E70A21706DECF7E8F8B8
:1040200004000220F5F752FA0D4B24185C60E6E715
:10403000746DD9E70024F4E70022084B28001A65C4
:1040400001235B423B60FEF7A9FFFFF7FCFB07A9DA
:10405000FBF7D4FB01353300FEE5C046481D0020C8
:104060002C2B0020141C0020B8040020722A0020F1
:10407000E8040020F29B0108FD9B0108B004002029
:10408000242B002000007C430223024A11780B43BA
:1040900013707047A62A002010B509490948EFF7A8
:1040A000BFF9FBF7EDFC084C08492000EFF7CCF90D
:1040B0000A212000EFF7D8F9FCF7BEF810BDC04682
:1040C000D87C0108040700201C0700204C7E010852
:1040D00010B5FCF7E3FA0328FBD110BD10B5FCF7CF
:1040E000DDFA03384342584110BD0000094B5B68BC
:1040F000002BFBD1074B00221A60074B5B68002B9B
:10410000FBD1054B00221A60044B9B681B06FBD4B5
:104110007047C046300002401C00024000300140A1
:1041200008E0074B9B689B07FBD50178054B19708E
:10413000110001304A1E92B20029F2D17047C046E8
:10414000003001400C30014010B50B4B9B681B0642
:10415000FBD40A4B40245C8340345C83084B1870CA
:10416000054B9B681B06FBD4044B8020188389B247
:104170001000FFF7D5FF10BD0030014000040048DB
:104180000C300140F0B585B001900D0017001E0005
:104190000AAB1C88FFF7AAFF7619013E36042E43AE
:1041A00076BA0396E419013C24043C4364BA0294B1
:1041B00003AA04212A20FFF7C7FF02AA04212B200B
:1041C000FFF7C2FF002200210198FFF7BDFF05B0F5
:1041D000F0BDC046F0B587B006000D0017001C000A
:1041E000009313000A0001002C20FFF7CBFF0F4BB8
:1041F0000C9ADA6022007A435A600D4A1A600D4B1D
:104200001B78002B01D107B0F0BD02A80A4B1A6839
:1042100002929B888380C6800581478184817C438C
:104220006400A2B20C99F2F7ABFBECE7300002405D
:1042300091150000220E00208C590108074BFF2227
:104240001A70074B9B68DB07FBD5054B9B681B0669
:10425000F7D4024B1878C0B27047C0460C3001400A
:104260000030014001E0064B1B78064B9B68DB07E2
:10427000F9D4044B9B681B06F5D4014B1B7870479F
:104280000C300140003001400D4A916980235B01F0
:104290000B4393610B4B00211960C1218900196008
:1042A000094959605169012001435161074A084990
:1042B0008A6008498A601A6840210A431A60704778
:1042C0000010024000300140031700000C30014094
:1042D000300002401C000240F0B587B007000E001D
:1042E00015001C0093B28AB281B2A0B200902C20BB
:1042F000FFF748FF174A184BDA6022006A430BE0C9
:10430000154B596015481860134B5B68002BFBD1A7
:10431000114B00201860521A002A05D01100104BD2
:104320009A42EDD91900EBE70E4B1B78002B01D117
:1043300007B0F0BD02A80C4B9A6802929B8983805B
:10434000C78006814581848102220249F2F718FB69
:10435000EEE7C0465A2B0020300002401115000045
:10436000FFFF0000220E00208C59010800B583B029
:10437000002809D128236A4607321370012136200C
:10438000FFF7E2FE03B000BDE823F4E710B582B00A
:104390009BB292B289B280B2064C0094FFF71AFF2A
:1043A000054B5B68002BFBD1034B00221A6002B067
:1043B00010BDC046602B002030000240044B18782E
:1043C00080028023DB0018404000024BC018704779
:1043D000582B0020602B0020034B5B68002BFBD187
:1043E000014B00221A60704730000240F0B583B0E4
:1043F00004000D0016001F00FFF7EEFFFFF7DEFFC1
:10440000BBB2B2B2A9B2A4B200902000FFF7E2FEA4
:10441000034A137801214B40137003B0F0BDC0462E
:10442000582B0020F0B5C64600B582B01E00089C8F
:1044300093B2B6B235005D43ADB28AB281B2009696
:104440002E20FFF79FFEFFF70DFFFFF7F7FE690035
:10445000691889B21C4BDC6059601C4A1A601C4BFD
:104460001C4ADA6059601C4A1A60200001E00029E9
:1044700020D0154B5D68ADB20335ABB2984699427A
:10448000F5D3077846788378B208520312B25B01FD
:10449000F8256D012B401343072297433B437609D0
:1044A000A21C334323800330033989B214008845AA
:1044B000E7D3DCE7FFF71AFE084B40221A8302B06D
:1044C00004BC9046F0BDC0461C00024081100000B4
:1044D00030000240689C01081110000000040048F0
:1044E00010B5A022F023520000210020FFF7F4FEB7
:1044F00010BDC04670B5104B80221A839024E4058D
:104500000E4D65836420EEF71FFC25830C4C09E0FB
:10451000A21C6178FFF718FE63780233E4181420B8
:10452000EEF712FC20780028F2D1FFF7D9FF024BFA
:1045300040221A8370BDC046000400480080FFFF7F
:104540006C9C010804304000024BC25A024B1A8096
:104550007047C0462C0300205C2B00200430400034
:10456000024BC25A024B1A807047C0462C030020EF
:104570005A2B0020F0B583B0009001911900089BE0
:1045800000200025114E16E06FB2002F0EDB104FF9
:104590003F8837806D00EDB20134A4B202369442F8
:1045A00007DA6707F0D11D780133EDE7094F3F883F
:1045B000EFE7013080B2884201DA0024EFE70B0018
:1045C00001990098FFF7E2FE03B0F0BD602B0020D8
:1045D0005A2B00205C2B002070B582B004000A2901
:1045E0001BD016398B005B185B005B180E4EF25C1B
:1045F00007252A400825AD1AADB20822805E0A229E
:10460000A15E9B1900930B232A00FFF7B3FF2389B8
:10461000ED182581002002B070BD0422835E038165
:1046200043890B334381F5E7E0B0010870B582B0F0
:1046300004000A2919D01639CB005B1A0E4EF25C21
:1046400007252A400825AD1AADB20822805E0A224D
:10465000A15E9B19009307232A00FFF78BFF238994
:10466000ED182581002002B070BD0422835E038115
:10467000438908334381F5E758A10108F0B585B0B7
:104680000600039115000F0001E00835039F337801
:10469000002B16D001360A2BF7D0163BDA00D31ABE
:1046A000094A9918D35C072423400824E41AA4B2C9
:1046B00000910723220029003800FFF75BFF3F1914
:1046C000E5E705B0F0BDC04658A10108F0B585B0DA
:1046D0000600039114000F0001E00B34039F3378B0
:1046E000002B1ED001360A2BF7D0082B15D0163B15
:1046F0009A00D2185200D3180B4A9918D25C07239B
:104700001A4008239B1A9DB200910B232A00210016
:104710003800FFF72FFF7F19E1E71320FFF712FFA3
:10472000DDE705B0F0BDC046E0B00108F0B585B0EA
:104730000600039115000F000AE01035039F07E003
:1047400092B200910E2329003800FFF713FF3F19A2
:104750003378002B14D001360A2BEED0163BDA004A
:10476000D31A9A00074BD11801329B5C07242340CF
:104770000E24E41AA4B2221C082CE1D80922DFE797
:1047800005B0F0BD38A40108002803D0024A034B4D
:104790001A607047024AFAE7D94501083805002037
:1047A0002D4601080CB470B588B00CAA20CA04AC20
:1047B0000023049305930A4E36680696079301ABCF
:1047C00001949880D980188159810092290018009D
:1047D000F0F744FD08B070BC08BC02B01847C046F2
:1047E00038050020F0B5DE4657464E464546E0B552
:1047F00083B08846019299460C9B1638C100091A6D
:104800008A002E495018824601328A5C07200240F5
:104810000E20801A84B298454DDC4D464A466243CC
:1048200042449A4205DD4246981A4946EBF76AFD32
:1048300084B200239C46224A24E022490988118040
:10484000013302329D4205DD01B20029F5DB1E492C
:104850000988F4E70136400080B2B44201DD00234C
:10486000F0E70137BD4207DD534618880302000A0E
:10487000184380B20026F0E701239B46DC44013355
:104880009B46DA4463460D2B01DC0027EAE74D46E0
:1048900065434B46DB004A469F1A7B002A0001997C
:1048A0004046FFF773FD280003B03CBC9046994694
:1048B000A246AB46F0BD0025F5E7C04638A4010886
:1048C000602B00205C2B00205A2B0020F0B585B017
:1048D00005000C00170003930A9E07E001350096BF
:1048E000039B3A002100FFF77DFF24182878002859
:1048F000F4D1200005B0F0BD10B582B00C0011005D
:104900002C23434304481B18009316231022200035
:10491000FFF730FE02B010BDE09C0108F8B5CE46AE
:10492000474680B50600884614001D00294A1188B4
:10493000294B188810801980A64213DC2B004546AD
:104940009846230034001E000CE01900EBF7DAFC57
:10495000814601273B004A4629002000FFF7BCFCA6
:104960004C44ED19B4422BDC301B01304346591B3B
:104970000CD44B1C9842E8DA01001800EBF7C2FC9B
:104980000700002F19DD01239946E3E74A1E0123A2
:10499000591A814205DD01001000EBF7B3FC070056
:1049A000EFE7EBF7AFFC814601277F427B42E91935
:1049B0004A462000FFF790FCD2E701239946F5E72D
:1049C000044A1188044B1888108019800CBC90464A
:1049D0009946F8BD5C2B00205A2B0020034BDB6866
:1049E000012BFBD0014BD8687047C0460020024025
:1049F00070B50600FFF7F2FF074C236902252B4331
:104A0000236166612369402213432361FFF7E6FFB8
:104A10002369AB43236170BD0020024010B572B61C
:104A2000FFF7E6FF62B6002010BDC046F8B50600ED
:104A30000F00FFF7D3FF064C236901252B432361A9
:104A40003780FFF7CBFF2369AB432361F8BDC04636
:104A500000200240024B034A5A60034A5A607047E2
:104A60000020024023016745AB89EFCD03004118C8
:104A7000002003E01F22D04104CB10188B42F9D351
:104A80007047C04670B5104C104B2360C0256D00B8
:104A900029002000FFF7EAFF6051FFF7DBFF0C4D14
:104AA0002800FFF7BBFFC223200007E0861C018817
:104AB0002800FFF7BBFF0235230030005C1E002BEF
:104AC000F4DC002070BDC0462C030020674E4F432D
:104AD00000D0010870B50E4B1A680E4B9A4211D1E6
:104AE000C02464000A4D21002800FFF7BFFF2B59A6
:104AF00098420AD1C22252002900074800F01CFF48
:104B0000002070BD01204042FBE701204042F8E751
:104B100000D00108674E4F432C03002070B50428D5
:104B200030D81A4B9C466044C402194D194B2B6077
:104B30008826B600184BAB5131002800FFF796FFCE
:104B4000A851FFF787FF8A239B00E6182500B5428E
:104B500003D38A235B000E4A0FE02800FFF75EFFB5
:104B600080231B019C466544F1E7961C11882000B8
:104B7000FFF75CFF02342B0032005D1E002BF4DCDB
:104B8000002070BD01204042FBE7C0463B00010011
:104B9000481D0020684E4F437856341270B50428E3
:104BA00014D80C4B9C466044C4020B4B22689A42BA
:104BB0000ED18825AD0029002000FFF757FF63596B
:104BC000984201D1200070BD0024FBE70024F9E7E2
:104BD0000024F7E73B000100684E4F4370B50428FE
:104BE0002AD81A4B9C466044C402194B22689A4248
:104BF00025D18825AD0029002000FFF737FF635934
:104C000098421FD1134D8A2292002100280000F003
:104C100093FEF1F7E7FEF4F785FC686FF4F756FFB3
:104C2000286FF4F7D3FEFAF7CFFCF3F7CBF90A4B72
:104C300001221A70002070BD01204042FBE70120D4
:104C40004042F8E701204042F5E7C0463B00010042
:104C5000684E4F43481D0020D004002010B5FFF7D8
:104C6000F9FE064C06E02000FFF7D8FE80231B016A
:104C70009C466444024B9C42F5D910BD00D001080B
:104C8000FFFF01088023DB05586A704743B2002B01
:104C900002DA284B284A1A838023264A2749DB0058
:104CA00013835183430601D5234B13838023214A69
:104CB0002249DB0013835183830601D51E4B1383E6
:104CC00080231C4A1D49DB0013835183C30601D591
:104CD000194B13838023174A1849DB001383518330
:104CE000030701D5144B13838023124A1349DB00B9
:104CF00013835183430701D50F4B138380230D4A40
:104D00000E49DB0013835183830701D50A4B1383BC
:104D10008023084A0949DB0013835183C30701D567
:104D2000054B13838023034A0449DB00138351831B
:104D30007047C046000400480080FFFF0084FFFF6A
:104D4000802230B580218025194BD2001A831C693E
:104D50005A831A831869C9015A832D021A83640081
:104D60002C4008401D6920435A831A831C69400067
:104D70000D405A8305431A8318696D000C405A830D
:104D80002C431A831D69640008405A8320431A8308
:104D90001C6940000D405A8305431A836D00186951
:104DA0000C402C43640008402043800B5A8330BDE4
:104DB0000004004870B501260A4A0B4B1288050012
:104DC0005200D35A0C009E40084BB6B25E83013CA1
:104DD000E8B2A4B2FFF75AFF2D0A002CF7D1034B1B
:104DE0001E8370BD3E050020B4B0010800080048D5
:104DF00070B50124074A084B1288084D5200D35A57
:104E00009C40A4B26C83FFF741FFFFF799FF2C830E
:104E100070BDC0463E050020B4B00108000800483F
:104E200070B50320FFF7E4FF0420FFF7E1FF022144
:104E30000A48FFF7BFFF6420EDF786FF64240225D0
:104E400004E06420EDF780FF002C05D00420FFF77C
:104E5000CFFF013C0542F4D070BDC0468780000002
:104E600002000720ED2310B510401830000218434F
:104E70000221FFF79FFF10BD02000720ED23104025
:104E800018300002184370B50221FFF793FF02208B
:104E9000FFF7AEFF0323184002281FD01E20EDF7B6
:104EA00053FF02210E48FFF785FF1E20EDF74CFF50
:104EB00002210C48FFF77EFF6420EDF745FF6424D4
:104EC000032504E06420EDF73FFF002C06D002200C
:104ED000FFF78EFF013C28400228F3D170BDC04689
:104EE00087020000870B000070B50220FFF780FFEB
:104EF0000323184001281FD01E20EDF725FF0221B3
:104F00000E48FFF757FF1E20EDF71EFF02210C4849
:104F1000FFF750FF6420EDF717FF6424032504E03A
:104F20003220EDF711FF002C06D00220FFF760FFC2
:104F3000013C28400128F3D170BDC0468702000023
:104F4000870700009C2270B50C4C83000500185D9B
:104F5000022100021043E418FFF72CFF084B012048
:104F60009C4620560A2160444001EBF7CBF961884A
:104F7000044A054B15701880080070BDB4AF0108D5
:104F800050FBFFFF623B00203C05002010B51F21B5
:104F90000023084A04E0A3B2362B08D0118804325B
:104FA0005C1C8842F7D81800FFF7CCFF10BD3620F4
:104FB000FAE7C046BAAF0108174B70B540249842D3
:104FC00001D920344008B023144A5B00D158EBF7D4
:104FD00095F91F2318380340172B0CD91725104BB0
:104FE00020002843000218430421FFF7E3FE0122BA
:104FF0000C4B1A7070BD88000B49DDB2EBF7F8F866
:10500000FF21030A1B04020608041840F5261300BA
:1050100033430343E4E7C046FF379C1C2C030020C6
:10502000F500F9FF603B002071020000F0B5DE469C
:1050300057464E4645468446E0B54F4E87B0B1468A
:10504000039363464D4D83272B804B461600BF00CC
:10505000DB594B4C0004C00B045B02919846FFF7F0
:1050600011FE484B01270593330047495E1EB341AB
:1050700080228A464549A740002600248B460133FA
:105080000193D3010490BFB2009353461B78002BC9
:1050900020D13F4D26206F83FFF7F8FDFFF750FE2C
:1050A0004B4659465B8F621C08552F830024934260
:1050B00000DD1400012E2DD0022E21D0002E10D0A4
:1050C0004346002BE1D04046F5F7B4FC53461B782D
:1050D000002BDED007B03CBC90469946A246AB46BA
:1050E000F0BD013BA342EBD1FFF7CCFD6422049954
:1050F0008123401A50434A469B00D0500136DFE7D7
:10510000204B1B88A342DBD101202249224A087090
:105110001380DFE7029A00999042804104224900FF
:105120004042084380B20199904300908142C7D128
:10513000039A082A12D0092A06D00226072ABFD1CC
:10514000104B02261C80BBE75A08121992B29342F8
:105150000DD8D31A059A02261380B1E70120094A17
:10516000A3B213800B490C4A08701380B2E7054BB9
:1051700002261A80A4E7C046481D00203E050020F4
:10518000B4B00108663B0020A62A0020000D0020D4
:1051900000080048683B0020643B0020F0B5DE4674
:1051A00057464E46454683238B46E0B5234E9B002B
:1051B000F358234D234A040483B0E40BA45A2880F7
:1051C0009946FFF75FFD01255A460190738FA54070
:1051D0009B1A002498461C4FB2461C4EADB25F4449
:1051E00026207583FFF752FDFFF7AAFD38550134DD
:1051F0003583A04506DD4B46002BF1D04846F5F738
:1052000019FCEDE7FFF73EFD642201998123401A66
:105210005043524601249B00518FD0500C4A0D4BF5
:1052200014705A46013919800B4B1A8003B03CBCEC
:1052300090469946A246AB46F0BDC046481D0020A8
:105240003E050020B4B00108000D00200008004811
:10525000683B0020643B0020663B0020F0B54F46D1
:105260004646D646C0B501261D4F0204B9461D4B21
:10527000D20BD35A00219E401B4BFA2218801B4BA5
:1052800000259A464B46197093000024184FB6B279
:1052900098460CE00025DCB25346201AC0B21B5CD5
:1052A000144A1B0193604B461B78002B12D1262019
:1052B0007E83FFF7EBFCFFF743FDC2B23E83231C66
:1052C000944200D2031CDCB2631E4545E2D801358E
:1052D000ADB2E1E71CBC90469946A246F0BDC0467F
:1052E000A62A0020B4B001083E050020BCB0010889
:1052F0000008004800740040014B0020185E704711
:105300003C050020F0B5C6462E4C00B523781600AB
:10531000002B15D02C4D2D4928882D4A431C528F27
:10532000085C9BB22B8000019A4202D80022002325
:105330002A80284A12889A423CD004BC9046F0BD8C
:10534000254C2648264A257801801068002D27D054
:105350001822FF32904230DC8C2023704000F5F799
:1053600069FB1B4B002598461E4FDC8E2620FFF75D
:105370003FFD013C00012D18002C07D06420F5F7FB
:1053800059FB002EF2D03B78002BEFD04346D98E4C
:10539000012903D92800EAF7B5FF050028B2CCE7B8
:1053A000114B1A78002A02D0104A1D70106800288C
:1053B000D7D0D4E700232370BFE72370F5F73AFB7B
:1053C000CFE7C046683B0020663B0020000D002070
:1053D000481D0020643B0020603B00203E0500206B
:1053E00044050020A62A0020613B00204005002043
:1053F00070B58025FFF714FD6D4200220523074C90
:1054000000E062782B43D8B212021043023402212A
:10541000FFF7D0FC2378002BF3D170BD90B00108CA
:10542000F8B58023CE4647469B00984680B580223B
:105430008027802643461349134D144CFF019201E7
:10544000F6006F83642069836A8366836183638364
:105450008946EDF779FC434623834B462F8364202E
:105460002B83EDF771FC0022094B66831C001A8028
:10547000FFF7BEFF01232380FFF7BAFF0CBC904665
:105480009946F8BD0080FFFF00080048000400486E
:105490003E05002001220A4B10B5022104001A80AB
:1054A000072809D80748FFF785FC8A2024022043F3
:1054B0000221FFF77FFC10BD0348FFF77BFCFAE7F2
:1054C0003E0500208DC000008D1F00008023024A91
:1054D0009B0153837047C0460008004810B5002266
:1054E000FF2807D0FFF7D2FB8023012202499B014E
:1054F0000B834B83100010BD00080048F0B5CE466A
:10550000474680B585B0061CEDF772F8514A730026
:105510000D00040031005B0D934200D96EE04E4B4C
:10552000200098462933FF331A685B682900ECF79E
:105530006BFA43462133FF331E685F6804000D0099
:1055400002000B0030003900EBF742FF8C46814629
:10555000614632003B004846ECF7C8FC02000B00F5
:1055600020002900ECF7C2FC4A461F231340DB0051
:1055700043441A685B680092019343464133FF330A
:105580001A685B6804000D00ECF73EFA0022334B0A
:10559000EBF71EFF43463133FF33029003911A6845
:1055A0005B6820002900ECF72FFA43463933FF33BC
:1055B0001A685B68EBF70CFF22002B0006000F0057
:1055C00020002900ECF720FA02000B00300039001F
:1055D000ECF71AFA029A039B4D46EBF7F9FE00220C
:1055E000EB03009C019D12196B41ECF70DFAEDF7EE
:1055F00051F805B00CBC90469946F0BD184A964249
:105600001DD0184A934216D81749301CEAF78CFF70
:10561000002816D11549301CEAF772FF002814D172
:105620001349301CEAF76CFF002800D177E700200F
:1056300000F04AF9DDE7301CEAF7A2FFD9E70020C5
:10564000D7E7002000F046F9D3E7002000F036F954
:10565000CFE7C0462A04000068B501080000F03F0B
:10566000000080FFF70700001772B142B4F1CFC20B
:10567000CF8ECEC2F0B5C64643005F081B0E7F3BFF
:1056800000B5051C06001C00162B1CDC8046002BF8
:1056900021DB194F1F41074211D01849EAF770FF6B
:1056A0000021EAF741FF002809D0002D04DA802309
:1056B0001B0423419846A8444346BB431E00301CAC
:1056C00004BC9046F0BD0E4B9F42F8D9011CEAF78E
:1056D00057FF061CF3E70949EAF752FF0021EAF7F2
:1056E00023FF0028EBD0002D01DB0026E7E7002F89
:1056F000E5D0044EE3E7C046FFFF7F00CAF24971E0
:10570000FFFF7F7F000080BFF0B5D6464F4646467C
:10571000FE22C0B5030082B09205904200D16CE039
:10572000434A444982188A4200D968E0424A4349C0
:1057300092469A44524689465202120F12014A4436
:1057400090465246D00DC005181AECF751FF43465B
:105750001A685B68ECF758F90022394BECF7C6FB86
:1057600002000B0006000F00ECF74EF94B46113318
:10577000FF3304001A685B680D0030003900ECF755
:1057800043F94B461933FF331A685B68EBF720FE89
:105790004B460933FF33009001911A685B68200083
:1057A0002900ECF731F9009A019BEBF711FE22007A
:1057B0002B00ECF729F953460400D8150D00ECF73F
:1057C000DDFE4B460133FF331A685B68ECF71CF9CA
:1057D00043469A68DB68EBF7FBFD32003B00EBF7D2
:1057E000F7FD22002B00EBF7F3FDECF753FF02B0BF
:1057F0001CBC90469946A246F0BD0020F7E7420047
:105800000FD0FF21C9058842F1D000280DDB0D4BD8
:105810009A420AD89621C905EBF724FA0A4BC31815
:1058200084E7012000F05CF8E1E700F069F8DEE7CA
:10583000000080FFFFFFFF7E0000CDC0B0B6010872
:105840000000F03FFFFFFFFE000080F443001B0E4E
:105850007F3B10B5011C162B0BDC002B0EDB0B4C19
:105860001C41044204D08022D2031A411018A043E4
:1058700010BD802BFCD1EAF783FEF9E7C00FC0070B
:105880000133F5D1FE239B051843F1E7FFFF7F00AD
:1058900070B50D00041C00F049F80560201C70BDB7
:1058A00010B50B1C002802D080231B06CB18181C37
:1058B000EBF7D8F92221FFF7EBFF10BD802110B5DF
:1058C0004905FFF7EDFF10BDD12110B54905FFF7E0
:1058D000E7FF10BDE02110B5C905FFF7E1FF10BDDE
:1058E00010B5002808D1FE2080050021EAF7E2FF6C
:1058F0002221FFF7CDFF10BD0048F6E7000080BF72
:1059000070B5011C041CEBF7DFFA011CEAF7D2FFAB
:10591000211C051C201CEBF79BFC002804D1281C33
:105920002121FFF7B5FF051C281C70BD014B18682D
:105930007047C04648050020002310B59A4200D1A8
:1059400010BDCC5CC4540133F8E70000030012180A
:10595000934200D1704719700133F9E730B5050063
:10596000002A00D130BD0C78013A6B1C2C7001313B
:10597000002C05D19A189A42F4D01C700133FAE732
:105980001D00EDE7FFFFFFFF0820080062756C6B4C
:105990000D0A000066696C6C0D0A0000320A0008EE
:1059A0006E090008920900083009000892090008F1
:1059B0000E0A000892090008300900086E09000864
:1059C0006E0900080E0A000830090008640A000881
:1059D000640A0008640A00081A0A00086E09000830
:1059E0006E090008920900082E09000892090008B3
:1059F0000E0A0008920900082E0900086E09000826
:105A00006E0900080E0A00082E090008640A000842
:105A1000640A0008640A0008180A00085C0D0008FF
:105A2000060D0008060D0008340E0008020D0008DF
:105A3000020D00082A0E0008340E0008020D0008AE
:105A40002A0E0008020D0008340E0008380E000867
:105A5000380E0008380E0008400E0008C01B000871
:105A6000C21A0008C21A0008E01D0008BC1A00088B
:105A7000BC1A0008C81D0008E01D0008BC1A000878
:105A8000C81D0008BC1A0008E01D0008D61D00084B
:105A9000D61D0008D61D0008E41D00085CBA0108E8
:105AA0006C3B00206C3B00206C3B00205CBA010882
:105AB0000000000000000000000000005CBA0108C7
:105AC0000000000000000000000000005CBA0108B7
:105AD0000000000000000000000000005CBA0108A7
:105AE0000000000000000000000000005CBA010897
:105AF0000000000000000000000000005CBA010887
:105B00000000000000000000000000005CBA010876
:105B1000000000000000000000000000345B0108ED
:105B2000B005002070060020010000002D280008AC
:105B30000000000069646C6500000000737461631C
:105B40006B206F766572666C6F7700006E6F6E61AA
:105B50006D6500006D61696E001600200404280860
:105B60000C1014181C20210000000000B93400089B
:105B7000A9340008993400088934000800000000A6
:105B800000000000000000000000000031360008A6
:105B900021360008FD350008ED3500080000000042
:105BA0000000000000000000000000006C38000849
:105BB0007A380008123900087A38000812390008CB
:105BC000A8380008B638000812390008D83800088C
:105BD000E6380008FC3C0008A83C0008BE3C000871
:105BE000FC3C0008FC3C0008EC3C0008FC3C0008C5
:105BF0004C3D00084C3D00084C3D0008323D00087B
:105C00001C3D00084C3D00084C3D00080000000011
:105C100001000000000000000000024008000240F7
:105C20000100000000000000000009000000024028
:105C30001C000240060000000000000004010A00F1
:105C4000000002403000024006000000000000009A
:105C500008020A00000002404400024078000000F0
:105C6000000000000C030B0000000240580002403E
:105C7000780000000000000010040B00000002404B
:105C80006C000240780000000000000014050B00CA
:105C90000000024080000240780000000000000088
:105CA00018060B0000C201000000000000400000C8
:105CB0000000000000000000ED3B0008953C0008DB
:105CC000093D000840004000200800202008002076
:105CD00003F32A6800000000000CFFFFA80401A8DD
:105CE000FFF9000000000000100100009F5A554419
:105CF00000000000FFFFFFFF55555515FFFF000096
:105D0000000000001100000000000054000000002E
:105D1000FFFFFFFF55555555FFFF00000000000035
:105D2000000000000000000000000000FFFFFFFF77
:105D300055555555FFFF0000000000000000000011
:105D40000000000000000000FFFFFFFF4500000012
:105D5000FFFF000000000000000000000000000045
:105D600000000000FFFFFFFF00000000FFFF000039
:105D70000000000000000000D45300088255000815
:105D8000605400088255000882550008D45300086A
:105D90008255000882550008825500088255000887
:105DA000825500084C550008825500083A540008F6
:105DB0008255000882550008825500085055000899
:105DC0008255000882550008685300088255000873
:105DD0008255000882550008825500088255000847
:105DE0008255000882550008825500088255000837
:105DF000825500086C530008D45300086054000812
:105E0000605400088255000882550008D4530008E9
:105E10008255000882550008825500088255000806
:105E2000825500084C550008825500083A54000875
:105E3000825500089053000882550008505500080C
:105E4000825500088255000868530008206B4D47B2
:105E50005450455A59000000286E756C6C2900009A
:105E6000010000000A00000064000000E8030000D8
:105E700010270000A086010040420F008096980085
:105E800000E1F50500CA9A3B6D1D6E7066617A7976
:105E90000000000000000000000000004552000863
:105EA000000000000200000000000000A937000808
:105EB0001D38000840004000BC0C0020C80C002029
:105EC0000300000000000000593800080000000036
:105ED00010000000D40C0020000000009C070020EF
:105EE00001010200C9560008815600080937000860
:105EF000B556000843000000FC5E0108090243009B
:105F0000020100C032090400000102020000052461
:105F100000100105240100010424020205240600EA
:105F200001070582030800FF09040100020A0000BE
:105F30000007050102400000070581024000000043
:105F400012000000485F0108120110010200004029
:105F50008304405700020102030100000403090406
:105F60001603740069006E007900730061002E0052
:105F70006F007200670000000E03740069006E007D
:105F80007900530041000000080334003000300065
:105F9000040000005C5F010816000000605F01085B
:105FA0000E000000785F010808000000885F01080B
:105FB00074696E7953415F76312E342D3137352D2A
:105FC000673134313961393300000000737765651A
:105FD000700025733F0D0A00746F6F206D616E793C
:105FE00020617267756D656E74732C206D61782009
:105FF000340D0A0005000000010000000000000050
:1060000001000000050000000A0000000C00000074
:106010000A000000000000000000003F0000803F78
:10602000000000400000804000000041000080416E
:106030005369676E616C206C6576656C20696E6370
:106040006F727265637400436865636B206361629D
:106050006C65206265747765656E20636F6E6E6532
:1060600063746F72730043616C6962726174696F0B
:106070006E20636F6D706C6574650043616C69625E
:10608000726174696F6E2062757379000153656C7B
:10609000662074657374207374617475733A0001BB
:1060A000546F7563682073637265656E20746F202A
:1060B000636F6E74696E7565000154657374202595
:1060C000643A2025732573006C6F777C6869676874
:1060D0007C6F7574000000006F66667C33307C3125
:1060E000357C31307C347C337C327C3100613D2521
:1060F000550D0A0075736167653A2061626F7274AD
:10610000205B25735D0D0A002544487A0D0A006165
:106110007474656E7561746520302E2E33317C6128
:1061200075746F0D0A25342E32460D0A00617574A0
:106130006F00623D25550D0A000000006F66667C09
:106140006D696E687C6D6178687C6D6178647C6176
:10615000766572347C6176657231367C6176657203
:106160007C71756173690063616C63205B7B747221
:10617000616365237D5D2025730D0A25730D0A007B
:1061800063616C6F75747075742025730D0A0063FC
:106190006C656172636F6E666967207B70726F7485
:1061A000656374696F6E206B65797D0D0A004B65C0
:1061B0007920756E6D6174636865642E0D0A004305
:1061C0006F6E66696720616E6420616C6C2063612C
:1061D0006C206461746120636C65617265642E0D6E
:1061E0000A446F207265736574206D616E75616C11
:1061F0006C7920746F2074616B65206566666563D9
:10620000742E205468656E20646F20746F75636807
:106210002063616C20616E6420736176652E0D0AC7
:1062200000636F6C6F72207B69647D207B72676294
:1062300032347D0D0A00202532643A203078253032
:1062400036780D0A00696E6465782066726571752E
:10625000656E63792076616C75650D0A00636F72F7
:1062600072656374696F6E20257320256420254450
:1062700020252E31660D0A00726573657400636F08
:106280007272656374696F6E207461626C6520253B
:10629000732072657365740D0A00636F72726563B3
:1062A00074696F6E20257320257320667265717581
:1062B000656E637928487A292076616C7565286453
:1062C00042290D0A0075706461746564202564209C
:1062D000746F20254420252E31660D0A0064616309
:1062E000207B76616C756528302D34303935297DF9
:1062F0000D0A63757272656E742076616C75653A0D
:106300002025640D0A0025650D0A00646174612072
:106310005B302D325D0D0A006465766963656964E2
:106320002025640D0A006465766963656964205BF5
:106330003C6E756D6265723E5D0D0A00653D2564BB
:106340000D0A006578745F6761696E202D31303009
:106350002E302E2E2B3130302E300D0A0066726515
:1063600071207B6672657175656E637928487A293C
:106370007D0D0A00636F6D6D616E64733A00757315
:106380006167653A206966207B3433334D2E2E34A5
:1063900033354D7D0D0A2551487A0D0A0000000065
:1063A000696E7075747C6F757470757400455344B4
:1063B0002070726F7465637465640D0A006C657695
:1063C000656C202D37362E2E2D360D0A006C657625
:1063D000656C202D33382E2E31330D0A0075736114
:1063E00067653A206C6576656C6368616E676520E9
:1063F0002D37302E2E2B37300D0A006C6576656CEC
:106400006F666673657420257320252E31660D0A2C
:106410000068696768006C6F77206F7574707574B9
:106420000068696768206F757470757400726563C1
:10643000656976655F737769746368006C65766516
:106440006C6F6666736574205B25735D207B6F756A
:10645000747075747D205B2D32302E2E2B32305DA2
:106460000D0A006C696E65206F66667C7B6C6576D4
:10647000656C7D0D0A006C6F616420302E2E340D2A
:106480000A000000636F70797C667265657A657CCE
:1064900073756274726163747C766965777C76610A
:1064A0006C7565006C6F777C68696768002564208F
:1064B000256420254420252E32650D0A006D617269
:1064C0006B6572205B6E5D205B25737C7B667265FD
:1064D000717D7C7B696E6465787D5D205B7B6E7D04
:1064E0007C25735D0D0A00006F6E7C6F66667C70A4
:1064F00065616B7C64656C74617C6E6F6973657CCF
:10650000747261636B696E677C74726163657C74BD
:10651000726163655F617665720000006F66667C1C
:106520006F6E00006F66667C616D7C6E666D7C7759
:10653000666D7C65787465726E7C6672657100004C
:106540000000000001000000020000000300000045
:1065500004000000FFFFFFFF75736167653A206D5F
:106560006F64652025732025730D0A006C6F777C9E
:10657000686967687C7377697463687C7265636552
:106580006976655F737769746368006D6F64756CB5
:106590006174696F6E202573203130302E2E3630B5
:1065A00030300D0A000000006F66667C6F6E006F71
:1065B0006E7C6F66660072627720322E2E36303027
:1065C0007C6175746F0D0A252E3146487A0D0A00DC
:1065D0006175746F7C30004572722C206465666151
:1065E000756C74206C6F61640D0A00726563616C78
:1065F0006C207B69647D0D0A007265667265736844
:106600000064667500506572666F726D696E672012
:10661000726573657420746F20444655206D6F64F5
:10662000650D0A00506572666F726D696E67207243
:10663000657365740D0A00733D25640D0A0073616E
:106640007665207B69647D0D0A00436F6E6669671D
:106650002073617665642E0D0A0000007363616C1F
:10666000657C7265666C6576656C007363616E202F
:106670007B737461727428487A297D207B73746FF0
:106680007028487A297D205B706F696E74735D2075
:106690005B6F75746D61736B5D0D0A006672657179
:1066A00075656E63792072616E6765206973206914
:1066B0006E76616C69640D0A007377656570207091
:1066C0006F696E74732065786365656473207261A9
:1066D0006E6765203239300D0A002555200025658A
:1066E00020256620007363616E726177207B73746E
:1066F00061727428487A297D207B73746F702848F2
:106700007A297D205B706F696E74735D205B756E96
:1067100062756666657265645D0D0A0073656C6618
:10672000746573742028312D3329205B6172675D95
:106730000D0A0073707572005061757365640D0AFF
:1067400000526573756D65640D0A0025442025446B
:106750002025640D0A007377656570207B73746172
:10676000727428487A297D205B73746F7028487A88
:10677000295D205B706F696E74735D0D0A09737714
:10678000656570207B25737D0D0A097377656570DB
:10679000207B25737D207B6672657128487A297D70
:1067A0000D0A00737765657074696D6520302E3051
:1067B00030332E2E36300D0A25352E3346730D0A12
:1067C00000746F7563683A2025642025640D0A0003
:1067D00073746B6C696D69747C20202020202020EC
:1067E000207C73746B20667265657C20202020619C
:1067F0006464727C726566737C7072696F7C202041
:10680000202073746174657C2020202020202020AB
:106810006E616D650D0A00253038787C253038783A
:106820007C253038787C253038787C2534757C257B
:1068300034757C2539737C253132730D0A00666905
:1068400072737420746F7563682075707065722040
:106850006C6566742C207468656E206C6F77657249
:106860002072696768742E2E2E00646F6E650D0AA3
:1068700000746F7563682063616C20706172616D74
:10688000733A2000256420002C2066726F7A656EB2
:106890000025643A202573202566202566200D0AF0
:1068A0000074726163652025642076616C756520D3
:1068B000256420252E32660D0A006F66667C6F6E99
:1068C000007472616365207B25737D0D0A747261AB
:1068D0006365207B25737D206175746F7C7B766199
:1068E0006C75657D0D0A7472616365205B7B7472E3
:1068F000616365237D5D2076616C75650D0A747238
:10690000616365205B7B7472616365237D5D207BC1
:1069100025737D207B7472616365237D7C6F666661
:106920007C6F6E7C5B7B696E6465787D207B7661B5
:106930006C75657D5D0D0A0074726967676572200C
:106940007B76616C75657D0D0A7472696767657227
:10695000207B25737D0D0A006175746F7C6E6F72EC
:106960006D616C7C73696E676C65000064426D7C60
:1069700064426D567C644275567C5241577C567C0D
:106980005670707C570053657269616C3A202575AA
:1069900020626175640D0A0056464F2025640D0A79
:1069A0000000000076616C7565002564206D560D51
:1069B0000A0077616974207B7365636F6E64737D11
:1069C0000D0A0057616974696E6700496E666F0051
:1069D00079207B6164647228302D3935297D205BF4
:1069E00076616C756528302D30784646295D0D0A34
:1069F0000025780D0A007A65726F207B6C657665DC
:106A00006C7D0D0A256464426D0D0A00C06F01089B
:106A1000C15F00080000786201086D5F0008000097
:106A2000C86F01084D6500080300D06F01081165AB
:106A300000080200D46F0108595F00080200E06FEF
:106A40000108F16100080200EC6F0108896100088B
:106A50000100F46F0108A194000800000070010813
:106A600019CF0008010008700108E9D100080100F1
:106A700010700108155F00080000187001085961C6
:106A800000080300CC5F01087598000803007871C6
:106A90000108E95E0008000020700108995E000806
:106AA00001002C700108055B000801003870010826
:106AB0008D5A00080300407001084998000803003F
:106AC00048700108C1600008020050700108416F61
:106AD0000008020058700108795E0008020060702A
:106AE0000108DD6A000802006C700108415E0008C0
:106AF000020074700108FD97000803007C70010813
:106B000095A30008030084700108B97A0008020008
:106B10008C700108F1910008020094700108517A0C
:106B2000000802009C700108896400080100A4703C
:106B3000010889A700080300B0700108C95A0008BD
:106B40000500F965010899A600080000B870010861
:106B5000855B00080000C0700108995A0008000019
:106B6000C87001082D5E00080100D0700108FD5DAD
:106B700000080200DC700108B15D00080000E4704C
:106B80000108795D00080000EC700108E963000865
:106B90000200F4700108856F00080300F870010816
:106BA000496C0008030004710108357300080300F4
:106BB000107101089D7100080300187101081D6D16
:106BC00000080300247101081D68000802003071EC
:106BD00001085169000802003C710108C96E0008F3
:106BE000020048710108C580000803004C710108CB
:106BF00065A1000803003367010869A600080300C7
:106C000054710108E1A1000802005C710108BD791E
:106C1000000802002664010835A600080200687119
:106C20000108A563000802007471010845630008AB
:106C3000000080710108FD66000802008C710108E7
:106C4000197800080300947101081D5B0008030017
:106C50009C710108B16600080200A4710108B159D5
:106C600000080200AC710108ED5C00080000B89655
:106C70000108FDA600080100B4710108B55900081B
:106C80000100B8710108BD5C00080100BC71010879
:106C9000216300080100C0710108FD6200080100C5
:106CA000D4950108D9590008010080700108855C5D
:106CB00000080100BC910108615C00080100C4717A
:106CC0000108655A00080000D05F0108DD5900087E
:106CD0000100C8710108E95900080100CC710108E0
:106CE0004D7E000801009C960108B959000801007A
:106CF000D0710108F55900080100D4710108F96D3F
:106D0000000801000000000000000000000000007A
:106D1000200100001E000000000000000000000034
:106D20002800000000000000000000003C000000FF
:106D30000000000000000000500000000000000003
:106D4000DAE0E2E5E8EDF1F4FBFE000306090C10E1
:106D500014000000230000002800000023000000B1
:106D60001400000005000000000000000500000005
:106D70000000000068010000E00100006801000060
:106D80000000000098FEFFFF20FEFFFF98FEFFFFBF
:106D90000C000000150000001800000015000000A5
:106DA0000C000000030000000000000003000000D1
:106DB00000000000B4000000F0000000B40000007B
:106DC000000000004CFFFFFF10FFFFFF4CFFFFFF24
:106DD000084C010080380100888402000071020024
:106DE00000127A0000000000000000000000000017
:106DF000464154414C204552524F5200987201086E
:106E0000A4720108C8720108E4720108287301081D
:106E10004C7301087073010880730108D073010876
:106E20000074010824740108000000000D0A746950
:106E30006E795341205368656C6C0D0A0022002066
:106E400009000000302D390080C3C901C0E1E40011
:106E50008096980000093D00C0C62D0080841E0069
:106E600040420F000201005369676E616C206C653F
:106E700076656C20746F6F206C6F770044696420B6
:106E8000796F7520636F6E6E6563742068696768DB
:106E900020616E64206C6F7720706F72747320773E
:106EA000697468206361626C653F0053656C66209D
:106EB0007465737420636F6D706C657465006368CE
:106EC0003E2000252B642E2E252B640000A60E00EC
:106ED000006A1800802A2D0088454B0000AF4B0047
:106EE00080336A00F8247E0000B88800803CA70048
:106EF0008000B10000C1C50008DCE3008045E4006B
:106F000000CA0201804E21010097490100DC7C018A
:106F100000E5B901802DE2018072150210BB050267
:106F20000000710200C47A025099F502807E3C1084
:106F3000B0C429118775D113D8710108E071010817
:106F4000E8710108F0710108FC7101080472010880
:106F50000C720108147201081C72010828720108E1
:106F60003072010838720108447201084C7201083D
:106F7000547201085C72010876072C01640000005D
:106F80008C055E0164000000EE02C2016400000096
:106F900030028A02640000007201BC02C8000000D6
:106FA000B4004C042C0100005A00A406900100001B
:106FB0003200E40C2003000000000019400600002D
:106FC00076657273696F6E0066726571000000000D
:106FD0006461630073617665636F6E666967000064
:106FE000636C656172636F6E66696700646174618A
:106FF000000000006672657175656E6369657300F7
:107000007363616E000000007363616E72617700EC
:1070100061626F72740000007A65726F0000000098
:10702000746F75636863616C00000000746F756352
:10703000687465737400000070617573650000000A
:10704000726573756D6500007761697400000000FA
:10705000726570656174000073746174757300000B
:1070600063616C6F75747075740000007361766590
:1070700000000000726563616C6C000074726163F3
:107080006500000074726967676572006D61726BFC
:10709000657200006C696E650000000075736172B6
:1070A0007400000075736172745F636667000000AE
:1070B0006361707475726500746F756368000000B9
:1070C00072656C6561736500766261740000000032
:1070D000766261745F6F66667365740068656C7074
:1070E00000000000696E666F00000000636F6C6F47
:1070F000720000006966000061637475616C5F6610
:1071000072657100617474656E756174650000006C
:107110006C6576656C000000737765657074696DE9
:10712000650000006C6576656C6F6666736574005B
:107130006C6576656C6368616E6765006D6F64751C
:107140006C6174696F6E0000726277006D6F6465C8
:10715000000000006C6F6164000000006578745FDF
:107160006761696E00000000646576696365696443
:107170000000000073656C667465737400000000A5
:10718000636F7272656374696F6E000063616C6334
:10719000000000006D656E75000000007465787475
:1071A0000000000072656D61726B000074687265AA
:1071B0006164730069000000760000006100000057
:1071C000620000006D000000770000006F0000000A
:1071D000660000007500000052454144590000005F
:1071E00043555252454E5400575453544152540043
:1071F00053555350454E44454400000051554555A4
:1072000045440000575453454D00000057544D5419
:10721000580000005754434F4E440000534C45451E
:1072200050494E470000000057544558495400004B
:1072300057544F52455654005754414E44455654A6
:1072400000000000534E444D53475100534E444DEF
:107250005347000057544D534700000046494E41E4
:107260004C0000004D45415355524544000000007C
:1072700053544F52454400005241570050617373BC
:10728000000000004661696C0000000043726974F0
:107290006963616C0000000074696E795341207667
:1072A000302E3300323031392D3230323420436FBA
:1072B0007079726967687420404572696B204B6110
:1072C0006173686F656B0000323031362D323032B9
:1072D0003020436F70797269676874204065647903
:1072E000353535005357206C6963656E73656420CE
:1072F000756E6465722047504C2E205365653A20A8
:1073000068747470733A2F2F6769746875622E639E
:107310006F6D2F6572696B6B616173686F656B2F41
:1073200074696E795341000056657273696F6E3AE5
:107330002074696E7953415F76312E342D313735A3
:107340002D67313431396139330000004275696C81
:10735000642054696D653A204A756C2020322032D1
:10736000303234202D2031343A33373A3230000075
:107370004B65726E656C3A20342E302E3000000062
:10738000436F6D70696C65723A2047434320372E16
:10739000322E312032303137303930342028726586
:1073A0006C6561736529205B41524D2F656D626587
:1073B000646465642D372D6272616E636820726546
:1073C000766973696F6E203235353230345D000076
:1073D0004172636869746563747572653A204152DD
:1073E0004D76362D4D20436F72652056617269616E
:1073F0006E743A20436F727465782D4D3000000032
:10740000506F727420496E666F3A20507265656DD8
:107410007074696F6E207468726F756768204E4D66
:1074200049000000506C6174666F726D3A205354CD
:107430004D333246303732784220456E74727920AF
:107440004C6576656C204D656469756D2044656E8C
:107450007369747920646576696365730000000060
:1074600073746172747C73746F707C63656E746521
:10747000727C7370616E7C63770000006E6F726D5A
:10748000616C7C707265636973657C666173747C22
:107490006E6F6973657C676F7C61626F72740000E8
:1074A000010000000AD7A33B0AD7233C00000000DC
:1074B00000000000010000008FC2753C0AD7233C89
:1074C0000000F0C10000000000050A000000F041CB
:1074D0000000E0400000C8C10000B4C200020A0081
:1074E0000000F0410000E040000008C20000B4C20B
:1074F00001000000000048430000C842000096C29E
:1075000000000000010100000000164400003444A7
:10751000000096C20000000000031B000000204194
:107520000000E0400000A0C10000A0C20303090069
:107530000000204100008040000090C1000070C2A7
:10754000010500000000E1430000A042000096C2D7
:10755000000096C200040A000000F0410000E04074
:107560000000C8C1000070C2080591000000F04191
:10757000000000000000C8C1000070C207059100B3
:107580000000F041000000000000C8C1000070C20F
:1075900006000000000000000000000000000000E5
:1075A0000000000004050A000000F0410000E04077
:1075B0000000C8C100005CC204050A000000874347
:1075C00000008040000048C2000096C204060A0085
:1075D0000000874300008040000020C2000082C2FB
:1075E0000600000000000000000000000000000095
:1075F0000000000004050A000000F0410000803F88
:107600000000A0C1000070C20600000000000000E1
:1076100000000000000000000000000004060A0056
:107620000000964300008040000040C2000082C27B
:1076300004070A000000964300008040000020C2BA
:10764000000082C2070591000000F0410000000028
:107650000000C8C1000070C2010000000000C0426C
:10766000000000410000BEC20000000009059100BA
:107670000000F041000000000000C8C100005CC232
:10768000C36901087C720108847201088C720108C8
:1076900053746F7062616E6420000000206D1D6E77
:1076A000700000000000803F6F12833ABD378635BE
:1076B0005F708930CCBC8C2B75736167653A200094
:1076C000417474656E7561746F72200041626F76EB
:1076D000652000446973706C617920005061737398
:1076E00062616E6420005369676E616C206C657620
:1076F000656C2000466C61746E6573732000467281
:10770000657175656E63792000252E3266760001FD
:10771000257320252E334625732573257325730085
:1077200001257320252E3166257325732573257356
:107730000063002F487A002F5400012520372E3394
:10774000460025342E316664426D2F253351487A28
:1077500000534E523A2025342E31666442002534BF
:107760002E31660057494454483A2025382E33516B
:10777000487A0025382E33510044455054483A2069
:10778000253364252500444556494154494F4E3A16
:1077900025362E3151487A0025362E3151002325C9
:1077A00064205448443A2025342E316625250001B2
:1077B0004F4950333A2025342E31666442002573F8
:1077C0002D494E460025392E2A51487A00736869A2
:1077D0006674656400204357202551487A00205480
:1077E000494D4520252E33467300205354415254B1
:1077F00020252E3351487A2020202025352E315146
:10780000487A2F202573002053544F5020252E33C3
:1078100051487A002043454E54455220252E33517D
:10782000487A2020202025352E3151487A2F2025D6
:107830007300205350414E20252E3351487A0000CA
:1078400014120200481A0200C0330700184F070044
:1078500040771B0080841E00E0673500C0FB3900C4
:10786000D01B500010295300C0CF6A0000DD6D000E
:10787000201D9A0070E09A00809FD500B0F6DA00D3
:1078800020B21301C0381501406F4001104D47016F
:1078900090CA7B0130517D01003FAB01A02FC50193
:1078A00080F0FA0200751903801D2C04A0BE330479
:1078B00000449508004DD20880733B0D403A690D95
:1078C00000B108198074D21A806DC3350028503772
:1078D000FEFEFEFEFEFEFE7C381000103010101082
:1078E000380000000038440438407C0000000038B4
:1078F00044180444380000000008182848487C0850
:1079000000000000B800B800B800B800B800B80027
:10791000B800C000C000C000C000C000C000C0006F
:10792000C800C800C800C800C800C800C800D0000F
:10793000D000D000D000D000D800D800D800D800A7
:10794000E000D800E000E000E000E000E000E80037
:10795000E800E800E800F000E800F000F000F000C7
:10796000F000F000F800F800F800F800F800F80067
:10797000F800F840F860F860F860F8A0F8A0F8A007
:10798000F8C0F900F900F900F920F960F941F9406F
:10799000F9A1F9A1F9A1F9A1FA01FA01F9E1FA2194
:1079A000FA41FA42FA41FA81FAA2FA82FAA1FAE21B
:1079B000FAE2FAE2FB22FB22FB42FB22FB42FB82C1
:1079C000FBA2FBA2FC02FC22FC02FC41FC82FC812B
:1079D000FC81FCC1FCE1FCE1FCE1FD61FD61FD61BC
:1079E000FD81FDC1FDC1FDC1FE01FE41FE21FE4143
:1079F000FEA0FEA0FEA0FEC0FF20FF20FF00FF4073
:107A0000FF80FF80FF80FFC0FFE0FFE0FFE0FFE2BC
:107A1000FFE2FFE3FFE4FFE6FFE5FFE5FFE8FFE944
:107A2000FFE8FFE8FFEBFFEBFFEBFFEDFFEFFFEE03
:107A3000FFEEFFF1FFF1FFF1FFF1FFF5FFF4FFF4BF
:107A4000FFF6FFF7FFF7FFF7FFF9FFFBFFFAFFFB7A
:107A5000FFFDFFFEFFFDFFFEFFFFFFFFFFFFEFBF8C
:107A6000E79FE79FE79FD73FCF3FD73FCF1FB6FFA7
:107A7000BEFFBEFFAEBFA69FA69FA69F8E3F8E3FB6
:107A80008E5F8E3F7DDF75FF7DFF75BF659F659FB4
:107A900065BF555F4D5F4D5F555F34DF3CFF3CFF79
:107AA00034DF249F24BF249F249F1C5F1C3F1C3F66
:107AB0001BDD1BDD1BDD1BBD135C135C137C131B6B
:107AC00012FB12FB12FB0A9A0A9912990A790A18F8
:107AD0000A180A3809D709B709B709B70156015575
:107AE0000155013500D400D400D400930073007315
:107AF0000073001200120012001100110011001199
:107B00000010001000100000938E0108E898010892
:107B1000F0980108F89801080099010808990108EF
:107B20000C990108149901081C990108249901086D
:107B30003FF02010201020102010201020102010C6
:107B4000201020103FF03FF0200820182030206047
:107B500028D02D902710221020103FF03FF8200849
:107B600023E826682C682C682FE82C682C682008ED
:107B70003FF83FF820082C682C682EE82FE82D6885
:107B80002D682C6820083FF800000780084010206E
:107B90002010201020102010102008400780000026
:107BA00007800840132027902FD02FD02790132034
:107BB000084007804C4F57004849474800252B3460
:107BC0006400252B342E3346002563257300252EB3
:107BD00032462F005041555345440041524D4544D3
:107BE00000414D00417474656E3A0A25342E3246C8
:107BF00064420043616C633A0A25730053707572E6
:107C00003A0A2573004D61736B3A0A4F4E004E6F6E
:107C1000726D2E005242573A0A252E3146487A009C
:107C200025635363616E3A0025352E334673005247
:107C300065663A0A25644D487A004761696E3A0ADA
:107C400025342E31666442005265706561740A20E5
:107C500078256400545249473A0025362E31660093
:107C600025362E3446002020202020200025346494
:107C700000252B332E3046487A0053657400252B9F
:107C8000646442004446553A204465766963652041
:107C90004669726D77617265205570646174652004
:107CA0004D6F64650A546F206578697420444655A9
:107CB000206D6F64652C20706C6561736520726542
:107CC0007365742064657669636520796F75727376
:107CD000656C662E0000000000000000000000003F
:107CE00005000000410401080500000041040108EE
:107CF0000500000041040108000000000000000031
:107D00000000000000000000000000000000000073
:107D10000000000000000000000000000000000063
:107D20000000000000000000000000000000000053
:107D30000000000000000000000000000000000043
:107D40000000000000000000000000000000000033
:107D50000000000000000000000000000000000023
:107D60000000000000000000000000000000000013
:107D70000000000000000000000000000000000003
:107D800000000000000000000000000000000000F3
:107D900000000000000000000000000000000000E3
:107DA00000000000000000000000000000000000D3
:107DB00000000000000000000000000000000000C3
:107DC00000000000000000000000000000000000B3
:107DD0000000000000000000252E3346257300251A
:107DE0002E316625730025662F00252E334600258B
:107DF000646442004155544F002564757300252E7C
:107E0000316620746F20252E316664426D00252B6B
:107E10002E316664426D00252E31660025332E36E4
:107E2000664D487A00252E316664420025382E348E
:107E300046487A00252E3451487A00000050464EBC
:107E40004D544F554348202573202A00140000004C
:107E50000000000020000000000000000000000002
:107E6000010000000200000003000000000000000C
:107E70005000340000005000200020007C730108F6
:107E80001C90010820900108249001082890010806
:107E90006C7301082C90010830900108349001089F
:107EA000389001081000130A030002011202220395
:107EB000010411052106000710082009300F310EBA
:107EC000320D330C23100000A47E0108689A0108CB
:107ED000A47E0108709A0108A47E0108789A01081E
:107EE000A47E0108809A0108A47E0108889A0108EE
:107EF0000C800108909A0108308001089C9A0108C2
:107F000054800108709101080C800108A49A0108AE
:107F1000A47E0108B49A010854800108B89A0108A7
:107F2000E87F01082C95010854800108C0970108DA
:107F300054800108C89A0108A47E0108889A0108A3
:107F400054800108D49A0108E87F0108E49A0108E6
:107F50000C800108949A0108E87F0108F09A010852
:107F600078800108FC9A0108548001080C9B0108E4
:107F7000548001081C9B0108548001082C9B0108B7
:107F80005480010808930108A47E01083C9B010865
:107F900054800108489B0108E87F01082C950108DE
:107FA00054800108589B0108E87F0108949A010851
:107FB000A47E0108889A01080C800108949A01089F
:107FC00078800108609B0108A47E01086C9B010871
:107FD000E87F01089C9A010854800108789B0108F9
:107FE00078800108809B01081000130A0300020139
:107FF00012022203010411052106000710082009BE
:1080000030163115320B330C231000001000130A08
:1080100003000201120222030104110521060007D8
:108020001008200930163115320B330C23100000D4
:108030001000130A03000201120222050123112479
:108040002125002610272028301731163215330C31
:10805000231000001000130A030002011202220381
:108060000104110521060007100820093319231007
:1080700030633163326300001000130A0300020111
:10808000120222030104110521060007100820092D
:1080900023103215330C3063316300000000000000
:1080A00000000001000100010000000000000000CD
:1080B00000010001000100000000000000000000BD
:1080C000006000390FFF0039006000000000000070
:1080D000000100010001000000000000000000009D
:1080E000000000010001000100000000000000602D
:1080F00000390FFF003900600000000000000000A0
:1081000000000001000100010000000000000180EB
:1081100007010FFF070101800000000000000000C0
:10812000018007010FFF070101800000000000002F
:10813000000100010001000000000000000000003C
:108140000030003D03FF043D0830100010000830EF
:10815000043D03FF003D00300000000006080095CC
:1081600001080C95010803002C9501085D2E0108FB
:1081700002003C950108112E010802014C950108EE
:10818000112E010802025C9501084D1E0108000035
:1081900000000000208201080300F97B0108752619
:1081A00001084607689701087C970108231E8897F5
:1081B000010841260108800000000000208201081B
:1081C000306442000300938E0108BD3301080301AF
:1081D000A4970108BD3301080302B0970108BD331D
:1081E00001080303BC970108BD3301080304C897C5
:1081F0000108BD3301080305D0970108BD3301080C
:108200000307D8970108BD3301080308E497010864
:10821000BD330108000000000000208201080000BA
:108220000400749701080000000000000000000036
:10823000000000008500F4930108000000008201A6
:108240000C940108052501088202189401080525EF
:10825000010880000000000020820108436C656175
:108260007220756E6C6F636B20636F646500496E7E
:10827000636F727265637420636F64652C2075731D
:10828000652031323334000001009C920108D88D02
:1082900001080202A4920108CD3001080100B09249
:1082A0000108348201080203BC920108CD300108A4
:1082B0000300F97B010871330108060FC49201081D
:1082C000D49201080100E0920108EC83010801004A
:1082D000E8920108E482010800000000000020820A
:1082E000010800000300F09201085DFE0008430051
:1082F000FC92010845FE00080617089301081C932C
:108300000108062054930108649301080200709349
:108310000108392F010801008093010848830108F2
:1083200001008C9301085C8101080300A0930108FF
:10833000390601080100AC9301080C8B010800000C
:1083400000000000208201080300D49301086906A0
:1083500001080304D8930108690601080100E093AD
:108360000108F88A010800000000000020820108CE
:108370008B5000000000552C010881005C9401081E
:108380009083010800000000000020820108000026
:108390008B5500000000552C010800000000000073
:1083A0002082010825382E3351487A20252B342E7F
:1083B00031666442004C6576656C206F6620252E20
:1083C0003351487A206F75747075740002016C9592
:1083D000010869220108020070950108692201085C
:1083E0000000000000000000000000008200049671
:1083F0000108A50A01088000000000002082010891
:108400000300F091010899FD00080301000000003D
:10841000313201080301FC91010805320108030112
:1084200008920108112C01080613149201082092E9
:108430000108010034920108F88C010801004492FF
:108440000108208D01080300549201080506010867
:108450000000000000002082010854494D450046FC
:1084600052455155454E4359000000008300E499A0
:108470000108EDFA00088602E8040020009A0108CD
:10848000861A109A0108FC040020830000000000F6
:10849000C91C01088300000000002D1C0108861083
:1084A0001C9A0108309A01088400F4900108000029
:1084B000000080000000000000000000456E7465B0
:1084C000722061637475616C20696E707574206CC4
:1084D0006576656C00302E2E3335304D487A00308D
:1084E0002E2E3732304D687A003234302E2E393607
:1084F000304D687A00000000010058910108A48AFC
:10850000010802006491010885370108010070919B
:1085100001089881010801007C910108188F010869
:1085200006108491010800000000010094910108E8
:10853000C08E010803009C91010859370108000012
:1085400000000000208201084174206C6561737492
:10855000206F6E6520656E747279004572726F725D
:1085600000000000061DA0960108B0960108061E36
:10857000B4910108668B01080200BC960108B5257C
:108580000108000000000000208201080B600000CC
:108590000000651E010800000000000020820108A4
:1085A000252E3646487A0A252E32462573000000CD
:1085B000030F7098010881250108030E70980108C7
:1085C00081250108030D7098010881250108030C1D
:1085D0007098010881250108000000000000208239
:1085E00001080000030078980108BD2801080B412C
:1085F00000000000BD28010803658898010839289B
:1086000001080308989801085D0401080100A89872
:1086100001082C8C010800000000000020820108E5
:10862000454D5054592025640000000083003C9AB9
:108630000108EDFA00088602E8040020589A0108B3
:10864000860B109A0108FC04002083000000000043
:10865000C91C01088300000000002D1C01088610C1
:108660001C9A0108309A01088400F4900108000067
:1086700000008000000000000000000001001096D3
:108680000108C4860108010020960108208701081E
:1086900001002C9601087087010803013C9601082F
:1086A000D904010803024C960108D9040108030407
:1086B0004C960108D9040108000000000000208247
:1086C000010800000300C4960108551D01080302BB
:1086D000D0960108551D01080304DC960108551DBC
:1086E00001080320E4960108551D01080308F096CF
:1086F0000108551D01080310FC960108551D0108CD
:1087000001000C97010870870108024014970108C6
:108710004923010800000000000020820108000039
:108720000200589601083D240108020160960108E4
:108730003D2401080202689601083D240108020355
:10874000749601083D24010802047C9601083D242A
:108750000108000000000000208201080B418896FB
:108760000108E52201080000000000002082010845
:1087700002041C9701087D02010802002C970108E1
:108780007D0201080201389701087D0201080202FA
:10879000449701087D0201080203509701087D02F9
:1087A000010803005C970108812B01080320E4966F
:1087B0000108551D0108000000000000208201088A
:1087C0000B41949601089D23010800000000000061
:1087D000208201080B3064920108A12201080000E8
:1087E00000000000208201080300938E0108FD3381
:1087F000010803012C940108FD3301080302389499
:108800000108FD330108030340940108FD3301080A
:1088100003044C940108FD3301080305509401083A
:10882000FD33010801005C9401083888010800004C
:1088300000000000208201080307E17B0108FD33EE
:108840000108030864940108FD33010803096894D2
:108850000108FD330108030A6C940108FD33010887
:1088600043067C940108FD3301080000000000006D
:1088700020820108496E636F727265637420696EAD
:10888000707574004672657175656E6379206F66E8
:108890002066756E64616D656E74616C004672650C
:1088A0007175656E6379206F66206C6566742073E0
:1088B00069676E616C005269676874207369676EDE
:1088C000616C004672657175656E6379206F662014
:1088D0007369676E616C004672657175656E637968
:1088E000206F66667365740042616E6477696474B4
:1088F00068004D6F64756C6174696F6E2066726597
:108900007175656E63793A2033202E2E2031306BDD
:10891000487A004D6F64756C6174696F6E20667281
:10892000657175656E63793A2031202E2E20322EC6
:10893000356B487A004672657175656E637920649F
:108940006576696174696F6E3A20353030487A20F7
:108950002E2E203530306B487A004368616E6E658C
:108960006C206672657175656E6379004368616E2F
:108970006E656C2077696474680000009320949998
:108980000108F12101089310A4990108F1210108BF
:108990009333B4990108F12101089341C499010866
:1089A000F12101089351D4990108251D0108800087
:1089B000000000000000000052657475726E0053E4
:1089C000776974636800000085004C980108000016
:1089D000000083000000000089040108C301E17B5E
:1089E00001088904010883020000000089040108CD
:1089F00083030000000089040108C3040000000094
:108A000089040108861958980108649801088000B3
:108A10000000000020820108649901086C99010897
:108A2000749901087C99010888990108456E74655C
:108A3000722061637475616C206C6576656C206F63
:108A4000662033304D487A206F757470757400005D
:108A5000030094970108412501080B619C970108C8
:108A600041250108000000000000208201080000EC
:108A70008B80F97B0108B92101088000000000000B
:108A800020820108938E01082C990108349901086D
:108A90003C990108449901084C990108549901082E
:108AA0005C9901080300F47D0108FD260108060514
:108AB0006897010800000000040074970108000096
:108AC000000000000000000000000000456E74651A
:108AD00072207363616C6500060AD8950108E495FD
:108AE00001080614F8950108E4950108000000004B
:108AF00000002082010800000BA0F093010869FD2E
:108B00000008000000000000208201080300849497
:108B1000010825FE0008030088940108FDFD0008F7
:108B200043008C940108DDFD000843009094010887
:108B3000B5FD000846099C940108A89401080100AD
:108B4000B4940108D88A01084100C0940108B08596
:108B50000108060ECC940108E09401080000000012
:108B60000000208201084C6576656C0041637475D5
:108B7000616C207374617274206672657175656EC4
:108B800063790041637475616C2063656E7465720E
:108B9000206672657175656E6379004D4F443A20A9
:108BA0002573004D4F443A20253464487A202573BC
:108BB00000535055520A52454D4F56414C004D49B5
:108BC00052524F520A4D41534B494E47000000004C
:108BD0000600FC9001080000000006010891010851
:108BE00000000000060214910108000000000603C6
:108BF000209101080000000006042C9101080000EB
:108C00000000010038910108508A010803003C91DE
:108C10000108793201080202489101083D24010847
:108C20000000000000002082010800000300B0984E
:108C30000108392801080B4100000000392801080B
:108C40000364C498010839280108000000000000EE
:108C500020820108252E3646487A0A252E364648B7
:108C60007A0053544F524520256400000B30000019
:108C700000002527010800000000000020820108F4
:108C80001B54524143452025640000000B40000066
:108C90000000652701080000000000002082010894
:108CA0008603F4970108D5840108C61200980108CC
:108CB0001498010886131C9801082C98010881005B
:108CC0003C9801080C8D0108800000000000208203
:108CD000010853573A25332E32664D487A20252B0A
:108CE00064644220252E3346730053574545503A5D
:108CF000204F4646000000000B40CC950108C1FA09
:108D00000008000000000000208201088B40CC9584
:108D10000108C1FA000800000000000020820108DC
:108D20000300A4910108DD310108030178950108D1
:108D3000DD310108430280950108DD31010803039C
:108D400088950108DD310108061598950108A89558
:108D500001080616BC950108A8950108000000004E
:108D600000002082010800000300BC90010899FD6A
:108D700000080100C4900108E485010801005F8437
:108D80000108D08B01080100949A0108F8840108B9
:108D90000100CC900108288E01080100D490010840
:108DA000008401080100DC9001087C8601080100B4
:108DB000E4900108E88701080100EC90010888822E
:108DC00001080100F49001087C89010800000000FE
:108DD00000000000000000000200BC930108CD303C
:108DE00001080201C8930108CD300108000000000D
:108DF00000002082010800000B3064920108D12796
:108E0000010800000000000020820108446973612D
:108E1000626C65206E6F726D616C697A6174696FE6
:108E20006E20666972737400030064920108491F22
:108E30000108030170920108491F0108030278929A
:108E40000108491F0108030300000000491F010831
:108E5000030480920108491F010803050000000077
:108E6000491F010801008C9201086C8C0108000068
:108E700000000000208201085355425452414354DF
:108E80000A545241434520256400535542545241EF
:108E900043540A4F46460043414C430A257300455C
:108EA0006E61626C65206174206C65617374206F03
:108EB0006E652074726163650054726163650000C1
:108EC0000300F47D01083D3101080301A49101086C
:108ED0003D3101080302AC9101083D310108061142
:108EE000B4910108000000000304C09101083D3165
:108EF00001080306CC9101083D3101080623D891F1
:108F000001080000000000000000000020820108AD
:108F1000555000444F574E0003006C900108D52671
:108F20000108030170900108D5260108030278901A
:108F30000108D5260108030480900108D526010800
:108F4000030588900108D52601080306E891010869
:108F5000D5260108000000000000208201085741CA
:108F60005445520A46414C4C000000003300650055
:108F70009100220100001E0064002C01E803B80BE0
:108F80007017000000007FFF4001C001C001C00158
:108F9000480148014A894AA9CAA9DFFDC001400128
:108FA0007FFF000000007FFF4001C001CF8DC88916
:108FB0004889488948894889C889D8F9C001400149
:108FC0007FFF000000007FFF4001C081C3C1C7894F
:108FD000471D47B943F947F1CF81DF01CE01400179
:108FE0007FFF000000007FFF4001C001C031C04989
:108FF0004085508550855081C901C601C00140019E
:109000007FFF00004553442070726F746563746580
:1090100064000000FEFE7C381000000031000000FB
:109020003200000035000000313000003530000013
:109030003130300032303000353030004A616E005F
:10904000466562004D617200417072004D617900A9
:109050004A756E004A756C00417567005365700073
:109060004F6374004E6F76004465630064426D0088
:1090700064426D560000000064421D56000000006E
:1090800056726D73000000005670700057000000AB
:10909000644200003164422F000000003264422F1D
:1090A000000000003564422F0000000031306442AF
:1090B0002F000000323064422F0000005041555311
:1090C000450000005052455345540000545241435E
:1090D00045000000444953504C4159004D41524B0A
:1090E000455200004D45415355524500434F4E46B1
:1090F000494700004D4F4445000000005354415281
:10910000540A08257300000053544F500A08257371
:109110000000000043454E5445520A0825730000E4
:109120005350414E0A082573000000005A45524F23
:10913000205350414E0000005242570053484946C8
:10914000540A4652455100004D41524B45520A1BAC
:109150002043454E54455200524546204C45564505
:109160004C0000005343414C452F44495600000039
:10917000415454454E55415445000000554E495404
:1091800000000000455854204741494E0A08257305
:109190000000000054524947474552004C4953547F
:1091A000454E00004E4F524D414C000053494E4732
:1091B0004C4500004C4556454C0A082573000000FC
:1091C000454447450A0825730000000054524947AA
:1091D0004745520A08257300494E54455256414CA2
:1091E0000A082573730000005761747400000000C2
:1091F00050415553450A5357454550004249470A87
:109200004E554D4245520000445241570A4C494E7A
:109210004500000053574545500A54494D4500004C
:10922000302E2E363030732C20303D6469736162ED
:109230006C65000053574545500A504F494E5453F2
:109240000000000053574545500A414343555241E1
:1092500043590000524F544154450A444953504C1D
:10926000415900005452414345202564000000004C
:10927000454E41424C450000465245455A45000086
:109280004E4F524D414C495A450000005452414303
:10929000450A1B545241434500000000544F5543BA
:1092A0004800000053454C462054455354000000EC
:1092B0004C4556454C2043414C0000005645525306
:1092C000494F4E0053414D504C45205245500A08DD
:1092D00025730000312E2E31303030300000000078
:1092E0001B204446550000001B4D4F524500000016
:1092F00050554C53450A4849474800004C4F204FB1
:1093000055545055540000004D494E494D554D0A95
:10931000475249444C494E4553000000456E746520
:1093200072206D696E696D756D20686F72697A6FF4
:109330006E74616C20677269642064697669736910
:109340006F6E732C203020697320616C77617973A4
:10935000203130004A4F4720535445500A082573A6
:109360000000000030203D204155544F0000000017
:10937000434C4541520A434F4E46494700000000C6
:10938000434F4E4E454354494F4E00004C455645C1
:109390004C0A434F5252454354494F4E000000007F
:1093A00048414D0A42414E44530000004558504543
:1093B00052540A434F4E464947000000544F55430C
:1093C000482043414C000000544F55434820544529
:1093D000535400005553420053455249414C00003C
:1093E00053455249414C0A53504545440000000042
:1093F00025750000436F6E6E6563742048494748C9
:1094000020616E64204C4F570000000043414C49DE
:1094100042524154450000005245534554204341B7
:109420004C4942524154494F4E0000004841524D70
:109430004F4E4943000000004F49503300000000E8
:1094400050484153450A4E4F49534500534E520030
:109450002D3364420A574944544800001B204D4FA5
:1094600052450000464D0000544844004348414ED8
:109470004E454C0A504F5745520000004C494E454E
:1094800041520000414743004C4E410042504600CB
:1094900042454C4F572049460000000049462046AF
:1094A0005245510A08257300303D6175746F20499B
:1094B000460000005343414E0A53504545440000C6
:1094C0004D495845520A445249564500434F52525D
:1094D0004543540A4652455155454E4359000000F4
:1094E000456E7465722061637475616C206C304DDB
:1094F000487A206672657175656E637900000000B8
:10950000494E5055540A4C4556454C00456E7465BD
:10951000722061637475616C206C6576656C207572
:109520006E646572206D61726B6572004F555450A8
:1095300055540A4C4556454C00000000494E204CFD
:109540004F570A435552564500000000494E2048E7
:109550004947480A43555256450000004F5554208C
:109560004C4F570A43555256450000004F4B0000E0
:1095700043414E43454C000050524543495345003A
:1095800046415354000000004E4F4953450A534F83
:1095900055524345000000004E5350454544555038
:1095A0000A08257300000000322E2E32302C2030A5
:1095B0003D64697361626C6500000000575350455B
:1095C000454455500A0825730000000025336420E7
:1095D000706F696E740000005344454C41590A088D
:1095E000257300003235302E2E31303030302C20B3
:1095F000303D6175746F00004F44454C41590A0875
:1096000025730000454E5445522044465500000045
:109610004D4F444946590A4D41524B455253000063
:109620004D41524B45520A4F505300005345415251
:1096300043480A4D41524B455200000052455345A4
:10964000540A4D41524B4552530000002564204DB1
:1096500041524B45525300001B2053544152540079
:109660001B2053544F5000001B2043454E5445527D
:10967000000000001B205350414E00001B205245AB
:1096800046204C4556454C001B4D41524B455220FF
:10969000256400004D41524B4552202564000000D6
:1096A0004652455155454E43590A0825730000005E
:1096B0004672657175656E637900000044495341D7
:1096C000424C45004D41524B45522025730000004D
:1096D00044454C5441202573000000004E4F49532F
:1096E00045000000545241434B494E4700000000E2
:1096F0005452414345202573000000005452414319
:10970000450A4156455241474500000053454152E4
:109710004348000044454C45544500005045414BEA
:109720000A20534541524348000000004D494E0A6B
:109730001A204C45465400004D494E0A1B20524900
:10974000474854004D41580A1A204C4546540000E1
:109750004D41580A1B20524947485400454E544534
:10976000520A2573000000004D414E55414C0A0835
:10977000257300001A204241434B000030202D2069
:10978000333064420000000032322E35202D203468
:109790003064420020204155544F00002534646B52
:1097A000487A00004D494E0A484F4C4400000000E2
:1097B0004D41580A484F4C44000000004D41580AA2
:1097C00044454341590000004156455220340000B1
:1097D000415645522031360051554153490A5045B2
:1097E000414B00005441424C451B0A5452414345F1
:1097F000000000005350414E3A2025730000000045
:109800004C4556454C204348414E47453A20257328
:10981000000000002D37302E2E37300053574545BD
:10982000502054494D453A2025730000302E2E36E5
:109830003030207365636F6E647300005357454585
:109840005020504F494E5453000000004D4F445596
:109850004C4154494F4E0000465245513A20257321
:109860000000000031487A2E2E356B487A00000047
:10987000252B6464426D00004C4F41440A5354410F
:1098800052545550000000004C4F41440A44454694
:1098900041554C5453000000534156450A5345541A
:1098A00054494E475300000053544F5245000000A6
:1098B00053544F52452041530A535441525455502A
:1098C00000000000464143544F52590A4445464166
:1098D000554C54530000000050524500504F535413
:1098E000000000004D4944004D494E480000000072
:1098F0004D415848000000004D4158440000000010
:1099000020415645523400004131360041564552FF
:109910000000000051554153490000005441424CA1
:10992000450000004445434F4E56000033304D483B
:109930007A00000031354D487A00000031304D4842
:109940007A000000344D487A00000000334D487A18
:1099500000000000324D487A00000000314D487A86
:10996000000000004E6F6E6500000000414D203386
:1099700030250000464D20336B487A00464D203795
:10998000356B487A0000000045787465726E616C32
:1099900000000000257320746F204C4F5720696E23
:1099A00000000000257320746F2048494748206953
:1099B0006E000000257320746F204C4F57206F7588
:1099C00074000000257320746F2048494748206FB9
:1099D0007574000043616C2E206F75747075743A55
:1099E0002025730048494748204F5554505554206E
:1099F000202020202020202020202573000000008F
:109A00003234304D487A2E2E3935394D487A00009F
:109A10004C4556454C3A20257300000045585445A6
:109A2000524E414C204741494E3A202573000000D8
:109A30002D3130302E2E2B31303000004C4F57203E
:109A40004F555450555420202020202020202020E5
:109A5000202025730000000031306B487A2E2E3311
:109A600035304D487A0000005354415254000000F4
:109A700053544F500000000043454E5445520000DF
:109A80005350414E00000000465245510000000076
:109A90005245460A4C4556454C0000005343414C44
:109AA0004500000041435455414C0A504F57455220
:109AB000000000004946000053414D504C450A4407
:109AC000454C4159000000004E4F4953450A4C4552
:109AD00056454C0053414D504C450A524550454166
:109AE000540000004558540A4741494E0000000008
:109AF0004C4556454C0A535745455000535745452C
:109B0000500A5345434F4E44530000004F464653BE
:109B100045540A44454C4159000000004E41525200
:109B20004F570A5350454544555000005749444546
:109B30000A53504545445550000000004D41524BDA
:109B400045520A46524551004D4F44554C415449E7
:109B50004F4E0A465245510041545441434B000078
:109B60004D41524B45520A54494D45004A4F470A10
:109B70005354455000000000434F4445000000008E
:109B8000494E54455256414C00000000080049001F
:109B90002A000800F78008002A00490008005550F4
:109BA000504552204C454654004C4F574552205288
:109BB0004947485400544F5543482050414E454C66
:109BC0002C2044524157204C494E45532C20505292
:109BD00045535320425554544F4E20544F2046492C
:109BE0004E4953480053544154453A20252034648B
:109BF000200052414E47453A2025257300465245E4
:109C0000513A2025257300006C90010870900108DE
:109C10007890010878720108809001088890010806
:109C20008C90010890900108909001089090010894
:109C30007872010880900108889001088C900108D2
:109C4000004B00000096000000E1000000C201008F
:109C5000008403000008070000100E0000201C0014
:109C600080841E00C0C62D00FFFF000001002800F8
:109C7000CF0300C130ED0464031281E8038500784E
:109C8000CB05392C003402F70120EA020000C001A4
:109C900023C10110C5023E28C701BE3601283A0182
:109CA00055B1020018F20100260101E00F0F312B1F
:109CB0000C0E084EF1370710030E0900E10F000EDD
:109CC0001403110731C148080F0C31360FB70106D4
:109CD000B603088227F603000000110029000000E7
:109CE0000FF03FFC7FFE7C3EF81FF00FF00FF00FEF
:109CF000F00FF00FF00FF00FF00FF00FF00FF00F6C
:109D0000F00FF81F7C3E7FFE3FFC0FF000F001F0EB
:109D100003F007F00FF00FF00EF00CF000F000F081
:109D200000F000F000F000F000F000F000F000F0B3
:109D300000F003FC03FC03FC0FF03FFC7FFE7C3EC5
:109D4000F81FF00FF00F001F003F007E00FC01F82D
:109D500003F007E00FC01F803F007E00FC00FFFF04
:109D6000FFFFFFFF0FF03FFC7FFE7C3EF81FF00F70
:109D7000F00F001E003E01FC01F801FC007E001FF8
:109D8000000FF00FF00FF81F7C3E7FFE3FFC0FF03E
:109D900001F801F803F803F807F807F80FF80F784F
:109DA0001F781E783E783C787C787878F878FFFFCA
:109DB000FFFFFFFF0078007800780078FFFFFFFFCB
:109DC000FFFFF000F000F000F000F7F0FFFCFFFEF6
:109DD000FC3EF81F000F000F000F000FF00FF81FE0
:109DE0007C3E7FFE3FFC0FF00FF03FFC7FFE7C3E91
:109DF000F81FF00FF000F000F7F0FFFCFFFEFC3E54
:109E0000F81FF00FF00FF00FF00FF81F7C3E7FFEF1
:109E10003FFC0FF0FFFFFFFFFFFF001F003E007C35
:109E200000F801F001E003E003C007C007800780ED
:109E30000F800F000F000F000F000F000F000F002A
:109E400007E01FF83FFC7C3E781E781E781E3C3CE5
:109E50001FF80FF03FFC7C3E781EF00FF00FF00F64
:109E6000F00FF81F7C3E7FFE3FFC0FF00FF03FFC31
:109E70007FFE7C3EF81FF00FF00FF00FF00FF81F81
:109E80007C3F7FFF3FFF0FFF000F000FF00FF81F19
:109E90007C3E7FFE3FFC0FF0000000000000000051
:109EA00000000000000000000000000000000000B2
:109EB00000000000000000000000038007C007C091
:109EC000038000000000000000000000000000000F
:109ED00000000000000000003FFC3FFC3FFC3FFC96
:109EE0000000000000000000000000000000000072
:109EF00000030007000F001F003F007F000F000F4E
:109F0000000F60CFF1EF7BCF3F8F1F0F1F0F3F8FF1
:109F10007BCFF1EF60CF000F000F000FF000F000DB
:109F2000F000F000F000F000F03EF07CF0F8F1F00E
:109F3000F3E0F7C0FF80FF00FF00FF80F7C0F3E011
:109F4000F1F0F0F8F07CF03EF00FF00FF81FF81F82
:109F5000FC3FFC3FFE7FFE7FFFFFFFFFFFFFFFFF99
:109F6000F7EFF7EFF3CFF3CFF18FF18FF00FF00FA3
:109F7000F00FF00F0FF03FFC7FFE7C3EF81FF00F5C
:109F8000F00FF00FF000F000F000F000F03FF03FB5
:109F9000F03FF007F00FF81F7C3F7FFF3FF70FE720
:109FA00000000000004000C001C003C007C00FFF58
:109FB0001FFF3FFF7FFFFFFF7FFF3FFF1FFF0FFFE1
:109FC00007C003C001C000C0004000000000000046
:109FD0000000000000001E3C3F7E73E661C3E1C349
:109FE000C183C183C183C183C387C38667CE7EFC1F
:109FF0003C78000000000000000000000000077C2A
:10A00000077E036603660366036603663B7C7F7E0A
:10A01000E767C363C363C363C363C363C363E767C0
:10A020007F7E3B7C00000000038003800380038070
:10A030003FF83FF83FF8038003800380038000006F
:10A0400000003FF83FF83FF800000000000000006B
:10A0500000007BDE7BDE7BDE7BDE00007BDE7BDEEA
:10A060007BDE7BDE00007BDE7BDE7BDE7BDE0000DA
:10A070007BDE7BDE7BDE7BDE00000000000000007C
:10A08000000000000000000000000000EE1CFF3E89
:10A09000FFFFFFFFF3CFF3CFF3CFF3CFF3CFF3CF38
:10A0A000F3CFF3CFF3CFF3CF0000000000000000A8
:10A0B00000000000F01EF01EF01EF01EF01EF01E4C
:10A0C000F01EF01EF83EFC7EFFFEFFFFF7CFF38789
:10A0D000F000F000000000000000000000000000A0
:10A0E00000000000F1F0F7FCFFFEFE3EFC1FF80F41
:10A0F000F00FF00FF00FF00FF00FF00FF00FF00F68
:10A10000000000000000000000000000F3F0F7FC79
:10A11000FFFEFE1FFC0FF807F807F807FC0FFE1FF5
:10A12000FFFEF7FCF3F0F000F000F000F45F86446F
:10A13000F54484C4F44400000000000F000F000F39
:10A14000000F000F000F000F180F380F7FFFFFFFE9
:10A15000FFFF7FFF3800180000060646FEFE4002A3
:10A160002020505088F884C0E0F0E0C080006CB23D
:10A17000929A6C00022040F8402000022010F81053
:10A18000200002F8505050509802008888D8A880CB
:10A19000728888885050D863909060000000040056
:10A1A000000000000045404040400040505050003A
:10A1B0000000005250F850F850502278A07028F05B
:10A1C00020C2C8102040981802205060A8906864EF
:10A1D0004080000000002440808080402084402097
:10A1E000202040800220A870A82000022020F82013
:10A1F000200005000000C04080030000F0000000C7
:10A200000500000000C0C0242040404080806390D2
:10A210009090909060236020202020706390102008
:10A220004080F06390106010906093909090F010D8
:10A2300010F380E010109060639080E0909060F3E5
:10A240001020204040406390906090906063909018
:10A250007010906004C0C000C0C000046060006066
:10A260004080032040804020000300F000F0000008
:10A2700003804020408000639010204000406390A5
:10A28000B0B080807063909090F09090E39090E0F8
:10A290009090E063908080809060E39090909090A8
:10A2A000E0F38080E08080F0F38080E08080806355
:10A2B0009080B0909070939090F0909090E4404097
:10A2C000404040E073101010109060939090E09028
:10A2D0009090838080808080F08AD8A8A8A8888801
:10A2E0009390D0B090909063909090909060E39015
:10A2F00090E08080806390909090A050E39090E0F8
:10A3000090909063908060109060FA202020202030
:10A310002093909090909070939090909060608A2D
:10A320008888A8A8A8508A8850205088888A888859
:10A3300050202020F31020408080F0E48080808036
:10A3400080E084804040402020E42020202020E045
:10A3500044A00000000000030000000000F8C4401A
:10A3600020000000000300709090B0508380A0D0C7
:10A370009090E003007080808070131050B0909037
:10A380007003006090F08070235040E04040400334
:10A390000070907010608380A0D09090904400C0B6
:10A3A000404040E02400202020A040838090A0C0B6
:10A3B000A090C44040404040E00200F0A8A8A8A8F7
:10A3C0000300A0D0909090030060909090600300F4
:10A3D000E09090E080030070909070100300A0D097
:10A3E000808080030070806010E04340E040404087
:10A3F000300300909090B050030090909060600205
:10A40000008888A8A8500300909060909003009066
:10A41000907010E00300F0204080F0244040804025
:10A4200040202420202020202084404020404080C4
:10A43000030050A0000000000000007000700070D9
:10A44000007000700070107030707FF0FFF07FF0CF
:10A45000300010000000060006000F000F000F0083
:10A460001B801B8031C031C060E060E060E0FFF025
:10A4700000058000C000E000F000F800FC00FE00D5
:10A48000FC00F800F000E000C000800000000000C8
:10A4900039C07FE0EE70CE30C630C730E7707FE065
:10A4A00039C00000000000000004000000000000AF
:10A4B000100030007000FF00FF007000300010003E
:10A4C00000000000000400000000000008000C0074
:10A4D0000E00FF00FF000E000C000800000000004E
:10A4E00000010000000000007FE0FFE0B18031804B
:10A4F0003180318031803180E1F0E1E00000000006
:10A500000000000071C071C071C071C071C073D013
:10A510007EE06000E000E0000F003FC070E0E0700F
:10A52000E070E070E070E070E07070E039C0999029
:10A53000F9F0F9F01C043E006300630063003E0084
:10A540001C000000000000000000000000000000EF
:10A5500000070000000000000000000000000000F4
:10A560000000000000000000000000003007300084
:10A57000780078007800780030003000300030003B
:10A580000000300078003000660566006600660056
:10A590004400000000000000000000000000000077
:10A5A000000000000002330033003300FFC0FFC092
:10A5B00033003300FFC0FFC033003300330000001E
:10A5C0003E036B00C900C900E80078003C000E00A3
:10A5D0000B00098089808980CB007E007010883054
:10A5E000886088C08980730006000CE01910311063
:10A5F0006110C11080E000001E0031003100310008
:10A6000032001CF018602C404E80C700C300C3907D
:10A61000E5F07860380738003800380000000000A6
:10A62000000000000000000000000000000000002A
:10A6300000070000180030006000C000C000C0002B
:10A64000C000C000600030001800000000070000DB
:10A65000C000600030001800180018001800180032
:10A6600030006000C0000000000400000000100086
:10A67000D600D6003800D600D6001000000000003A
:10A68000000000000004000000001800180018007E
:10A69000FF00FF0018001800180000000000000074
:10A6A00000070000000000000000000000000000A3
:10A6B000000000006000F0007000E00000040000F6
:10A6C0000000000000000000FF00FF00000000008C
:10A6D0000000000000000000000700000000000073
:10A6E000000000000000000000000000000060000A
:10A6F000F0006000000400000000010003000600FC
:10A700001800180030006000C00080000000000049
:10A710003F027F80F3C0E1C0E1C0E1C0E1C0E1C021
:10A72000E1C0E1C0E1C0F3C07F803F0038057800A0
:10A73000F800F800380038003800380038003800D9
:10A7400038003800FE00FE003F027F80F3C0E1C009
:10A7500001C003C007800F003C007800F000F0004B
:10A76000FFC0FFC03F027F80F3C0E1C001C003C053
:10A770001F801F8003C001C0E1C0F3C07F803F0085
:10A78000E382E380E380E380E380E380E380E380AF
:10A79000E380FFC0FFC0038003800380FFC2FFC0CF
:10A7A000E000E000E000FF00FF80E3C001C001C066
:10A7B000E1C0F3C07F803F003F027F80F3C0E1C073
:10A7C000E000EF00FF80F3C0E1C0E1C0E1C0F3C0F2
:10A7D0007F803F00FFC2FFC0E1C001C001C003C0D5
:10A7E00007800F001E001C001C001C001C001C0029
:10A7F0003F027F80F3C0E1C0E1C0F3C07F807F8073
:10A80000F3C0E1C0E1C0F3C07F803F003F027F8022
:10A81000F3C0E1C0E1C0E1C0F3C07FC03DC001C0F2
:10A82000E1C0F3C07F803F00000700006000F0003F
:10A83000600000000000000000006000F000600008
:10A8400000000000000700006000F0006000000051
:10A850000000000000006000F00030006000000018
:10A860000002000000C003800E003800E000E0009D
:10A8700038000E00038000C000000000000200004D
:10A8800000000000FFC0FFC000000000FFC0FFC0CC
:10A89000000000000000000000020000C000700086
:10A8A0001C00070001C001C007001C007000C000B0
:10A8B000000000003F027F80F3C0E1C001C001C082
:10A8C000038007000E001C001C0000001C001C0080
:10A8D0000F0030C04020869089909090909090908A
:10A8E0009090899086E0400030000F000C021E001E
:10A8F0003F007F80F3C0E1C0E1C0E1C0FFC0FFC006
:10A90000E1C0E1C0E1C0E1C0FF02FF80E3C0E1C0FF
:10A91000E1C0E3C0FF80FF80E3C0E1C0E1C0E3C06D
:10A92000FF80FF003F027F80F3C0E1C0E000E00055
:10A93000E000E000E000E000E1C0F3C07F803F0005
:10A94000FF02FF80E3C0E1C0E1C0E1C0E1C0E1C0BF
:10A95000E1C0E1C0E1C0E3C0FF80FF00FFC2FFC073
:10A96000E000E000E000E000FF00FF00E000E000A9
:10A97000E000E000FFC0FFC0FFC2FFC0E000E00059
:10A98000E000E000FF00FF00E000E000E000E00089
:10A99000E000E0003F027F80F3C0E1C0E000E000A3
:10A9A000E7C0E7C0E1C0E1C0E3C0F7C07EC03CC083
:10A9B000E1C2E1C0E1C0E1C0E1C0E1C0FFC0FFC051
:10A9C000E1C0E1C0E1C0E1C0E1C0E1C0FE05380086
:10A9D00038003800380038003800380038003800B7
:10A9E000380038003800FE001FC21FC003800380FB
:10A9F00003800380038003800380E380E380F7808B
:10AA00007F003E00E0E1E1E0E3C0E780EF00FE0010
:10AA1000FC00FC00FE00EF00E780E3C0E1E0E0E0C6
:10AA2000E002E000E000E000E000E000E000E00024
:10AA3000E000E000E000E000FFC0FFC0E0E1E0E097
:10AA4000F1E0FBE0FFE0FFE0FFE0EEE0EEE0E4E05D
:10AA5000E0E0E0E0E0E0E0E0E1C2E1C0E1C0F1C060
:10AA6000F9C0FDC0FFC0EFC0E7C0E3C0E1C0E1C076
:10AA7000E1C0E1C03F027F80F3C0E1C0E1C0E1C0BE
:10AA8000E1C0E1C0E1C0E1C0E1C0F3C07F803F00B0
:10AA9000FF02FF80E3C0E1C0E1C0E3C0FF80FF0030
:10AAA000E000E000E000E000E000E0003F817FC067
:10AAB000F1E0E0E0E0E0E0E0E0E0E0E0EEE0EFE068
:10AAC000E780F3C07FE03EE0FF02FF80E3C0E1C02B
:10AAD000E1C0E3C0FF80FF00FF80E3C0E1C0E1C050
:10AAE000E1C0E1C03F027F80F3C0E1C0E000F000C0
:10AAF0007F003F8003C001C0E1C0F3C07F803F0002
:10AB0000FFE1FFE08E200E000E000E000E000E0092
:10AB10000E000E000E000E000E000E00E1C2E1C09D
:10AB2000E1C0E1C0E1C0E1C0E1C0E1C0E1C0E1C01D
:10AB3000E1C0F3C07F803F00E1C2E1C0E1C0E1C0FD
:10AB4000E1C0E1C0E1C0E1C0E1C0F3C07F803F00EF
:10AB50001E000C00E0E1E0E0E0E0E0E0E0E0EEE03C
:10AB6000EEE0EEE0EEE0EEE0FFE0FFE07BC0318003
:10AB7000E0E1E0E0E0E0F1E07BC03F801F001F008B
:10AB80003F807BC0F1E0E0E0E0E0E0E0E0E1E0E039
:10AB9000E0E0F1E07BC03F801F000E000E000E00E1
:10ABA0000E000E000E000E00FFE1FFE000E001E0ED
:10ABB00003C007800F001E003C007800F000E0009A
:10ABC000FFE0FFE0F807F800E000E000E000E00050
:10ABD000E000E000E000E000E000E000F800F80045
:10ABE0000004000000008000C00060006000180049
:10ABF0000C0006000300010000000000F807F80048
:10AC00003800380038003800380038003800380084
:10AC100038003800F800F80008031C003600630014
:10AC2000C1800000000000000000000000000000E3
:10AC30000000000000010000000000000000000013
:10AC4000000000000000000000000000FFE0FFE046
:10AC50006007300018000000000000000000000045
:10AC600000000000000000000000000000010000E3
:10AC7000000000007F80FFC0E1C001C07FC0FFC0B6
:10AC8000E1C0E1C0FFE07F60E002E000E000E00042
:10AC9000EF00FF80F3C0E1C0E1C0E1C0E1C0F3C05C
:10ACA000FF80DF0000020000000000003F007F8006
:10ACB000F3C0E1C0E000E000E1C0F3C07F803F00EE
:10ACC00001C201C001C001C03DC07FC0F3C0E1C0EE
:10ACD000E1C0E1C0E1C0F1C07FC03EC000020000A1
:10ACE000000000003F007F80F3C0E1C0FFC0FFC054
:10ACF000E000F0C07FC03F800FC21FC01C001C00DE
:10AD0000FF80FF801C001C001C001C001C001C009D
:10AD10001C001C0000020000000000003EC07FC0BC
:10AD2000F1C0E1C0E1C0F3C07FC03FC001C07F807F
:10AD3000E002E000E000E000EF00FF80F3C0E1C0CF
:10AD4000E1C0E1C0E1C0E1C0E1C0E1C038053800C8
:10AD500000000000F80038003800380038003800E3
:10AD6000380038003800FE0007040700000000002B
:10AD70001F00070007000700070007000700070083
:10AD8000E7007E00E001E000E000E000E0E0E1E05C
:10AD9000E3C0E780FF00FF00E780E3C0E1E0E0E020
:10ADA000F80538003800380038003800380038001E
:10ADB00038003800380038003800FE00000100007C
:10ADC00000000000DB80FFC0FFE0EEE0EEE0EEE020
:10ADD000EEE0EEE0EEE0EEE0000200000000000039
:10ADE000DF00FF80F3C0E1C0E1C0E1C0E1C0E1C02D
:10ADF000E1C0E1C000020000000000003F007F80D1
:10AE0000F3C0E1C0E1C0E1C0E1C0F3C07F803F001A
:10AE10000002000000000000DF80FFC0E1C0E1C0D0
:10AE2000E1C0E1C0E1C0FFC0FF80E0000001000020
:10AE3000000000003EE07FC0E1C0E1C0E1C0E1C031
:10AE4000E1C07FC03FC001C0000200000000000060
:10AE5000DF80FFC0F1C0E1C0E000E000E000E00002
:10AE6000E000E00000020000000000007F80FFC062
:10AE7000E1C0E000FF807FC001C0E1C0FFC07F8073
:10AE80001C021C001C001C00FF80FF801C001C001A
:10AE90001C001C001C001DC01FC00F800002000011
:10AEA00000000000E1C0E1C0E1C0E1C0E1C0E1C0DC
:10AEB000E1C0F3C07FC03EC00002000000000000FF
:10AEC000E1C0E1C0E1C0E1C0E1C0F3C07F803F006C
:10AED0001E000C000001000000000000E0E0E0E0C7
:10AEE000EEE0EEE0EEE0EEE0EEE0FFE07FC03B8083
:10AEF0000001000000000000E0E0F1E07BC03F80C6
:10AF00001F001F003F807BC0F1E0E0E00002000076
:10AF100000000000E1C0E1C0E1C0E1C0F1C07FC0BD
:10AF20001DC001C0E1C07F800002000000000000E1
:10AF3000FFC0FFC0038007000E001C003800700037
:10AF4000FFC0FFC000070000380060006000600024
:10AF50006000C00060006000600060003800000019
:10AF6000300730003000300030003000300030005A
:10AF700030003000300030003000300000070000AA
:10AF8000E0003000300030003000180030003000A9
:10AF900030003000E000000000030000000000006E
:10AFA00038C06D80C70000000000000000000000F5
:10AFB0000000000053011F0054FC20005501250033
:10AFC00056FD2A0057FD2D0041FC310042FC3600A1
:10AFD00043FD3B0044FC3D00450148004601520052
:10AFE0004701580031FC5F0032FC6A0033FD7300FA
:10AFF00034F8790035018E003601A2003701AF0028
:10B0000021FCBD0022FCD2002301E30024FCF0005F
:10B0100025011A012601420127015B0111FC79017A
:10B0200012FCA10113FDC40114FCDF011501320261
:10B03000160181021701B40201FCF00202FC400378
:10B0400003FD840304FCB903050661040601FF0443
:10B05000070163059410940595168E0699CB130786
:10B060008F987B078110CB088215B8098311850A58
:10B07000840B210B88ED1B0D89CA220E8AF26A10FF
:10B080008BF24C128CE944148DF28A168EF73F181D
:10B09000050006001F0069601D001E021F0321013C
:10B0A00022112311240125132AFF306169600B123C
:10B0B0000C150D1F0E000F0000000000FFE1C6AFD1
:10B0C0009A88786A5D52484038322C27221E1A1717
:10B0D0001512100E0C0B0A080707060505000000E4
:10B0E000000606062666FEFE6020000010103838B6
:10B0F0006C6CC6C6FE000280C0E0F0F8F0E0C080D4
:10B100000000006EDB919989DB76000000001030B2
:10B1100060FEFE60301000000010180CFEFE0C18DF
:10B12000100001000000FC6C6C6CECCC0000000016
:10B1300000C6C6C6C6EED6C0007CC6C6C6C6C66CAD
:10B140006CEE000270D8D87000000000000004000F
:10B1500000000000000000000004606060606060AB
:10B160000060600002D8D8D8000000000000000293
:10B170005050F8F850F8F850500000307CB0B078DB
:10B180003434F830006092966C18306CD2920C0017
:10B190000070D8D87072DCCCDC720003E0E060C0D4
:10B1A00000000000000003306060C0C0C06060307C
:10B1B0000003C060603030306060C00001000020DB
:10B1C000A870A8200000000100003030FCFC3030E6
:10B1D00000000400000000000040E060C00100002A
:10B1E0000000FCFC00000000040000000000004023
:10B1F000E04000010C0C1818306060C0C0000178FD
:10B20000CCCCCCCCCCCCCC7800013070B030303051
:10B210003030FC000178CCCC0C3860C0C0FC0001A0
:10B2200078CCCC0C380CCCCC7800010C1C3C6CCC11
:10B23000CCFC0C0C0001FCC0C0F8CC0C0CCC780091
:10B240000178CCC0C0F8CCCCCC780001FC0C0C1838
:10B250001830306060000178CCCCCC78CCCCCC7885
:10B26000000178CCCCCC7C0C0CCC7800040040E005
:10B27000400040E0400000040040E0400040E0406A
:10B280008000010C183060C06030180C0001000014
:10B2900000FC0000FC00000001C06030180C1830F9
:10B2A00060C0000178CCCC0C183000303000017840
:10B2B0008C8CBCACB8808C78000178CCCCCCFCCC2D
:10B2C000CCCCCC0001F8CCCCCCF8CCCCCCF8000168
:10B2D00078CCCCC0C0C0CCCC780001F8CCCCCCCCE5
:10B2E000CCCCCCF80001FCC0C0C0F8C0C0C0FC0091
:10B2F00001FCC0C0C0F8C0C0C0C0000178CCCCC048
:10B30000C0DCCCDC6C0001CCCCCCCCFCCCCCCCCC30
:10B310000003F060606060606060F000010C0C0C85
:10B320000C0C0C0CCC780001CCCCCCD8F0D8CCCC0C
:10B33000CC0001C0C0C0C0C0C0C0C0FC0000C6C6B8
:10B34000EEEED6D6D6C6C60001CCCCECECFCDCDCEE
:10B35000CCCC000178CCCCCCCCCCCCCC780001F8D7
:10B36000CCCCCCF8C0C0C0C0000178CCCCCCCCCC0C
:10B37000ECDC780C01F8CCCCCCF8D8CCCCCC0001EF
:10B3800078CCCC603018CCCC780001FCB4303030B4
:10B39000303030300001CCCCCCCCCCCCCCCC780014
:10B3A00000C6C6C66C6C6C3838100000C6C6C6D65F
:10B3B000D6D6D6FE6C0001CCCCCC483048CCCCCC18
:10B3C0000001CCCCCCCC78303030300001FC0C0CFF
:10B3D000183060C0C0FC0003F0C0C0C0C0C0C0C016
:10B3E000F00001C0C060603018180C0C0003F03091
:10B3F000303030303030F000013078CC8400000044
:10B40000000000010000000000000000FCFC03C080
:10B4100060300000000000000001000000780C7C9B
:10B42000CCCC7C0001C0C0C0D8ECCCCCECD80001A6
:10B4300000000078CCC0C0CC7800010C0C0C6CDC97
:10B44000CCCCDC6C000100000078CCFCC0CC7800D7
:10B4500001386C6060F060606060000100000074A2
:10B46000CCCCCC7C0C7801C0C0C0D8ECCCCCCCCC43
:10B470000003606000E060606060F000010C0C00A0
:10B480000C0C0C0C0CCC7801C0C0C0CCD8F0F0D89F
:10B49000CC00017030303030303030FC0000000023
:10B4A00000ECFED6D6D6D60001000000D8ECCCCCFD
:10B4B000CCCC000100000078CCCCCCCC78000100D2
:10B4C0000000D8ECCCCCF8C0C0010000006CDCCC93
:10B4D000CC7C0C0C01000000D8ECC0C0C0C0000146
:10B4E00000000078CC6018CC780001006060F86043
:10B4F00060606C380001000000CCCCCCCCDC6C006F
:10B5000001000000CCCC484830300000000000C6EC
:10B51000C6D6D6FE6C0001000000CC48303048CCC6
:10B520000001000000CCCCCC7C0CCC7801000000E9
:10B53000FC0C1860C0FC000238606060C060606095
:10B540003800036060606060606060600002E0304E
:10B55000303018303030E0000164FC98000000000A
:10B560000000000000000000000000000000F03FAC
:10B57000748515D3B0D9EF3F0F89F96C58B5EF3FFB
:10B58000515B12D00193EF3F7B517D3CB872EF3F8E
:10B59000AAB968318754EF3F3862756E7A38EF3F49
:10B5A000E1DE1FF59D1EEF3F15B7310AFE06EF3FA6
:10B5B000CBA93A37A7F1EE3F2234124CA6DEEE3F7C
:10B5C0002D89616008CEEE3F272A36D5DABFEE3FDF
:10B5D000824F9D562BB4EE3F295448DD07ABEE3F1A
:10B5E00085553AB07EA4EE3FCD3B7F669EA0EE3FF0
:10B5F000745FECE8759FEE3F8701EB7314A1EE3F9B
:10B6000013CE4C9989A5EE3FDBA02A42E5ACEE3F74
:10B61000E5C5CDB037B7EE3F90F0A38291C4EE3FC1
:10B620005D253EB203D5EE3FADD35A999FE8EE3F7C
:10B63000475EFBF276FFEE3F9C5285DD9B19EF3FA4
:10B640006990EFDC2037EF3F87A4FBDC1858EF3F11
:10B650005F9B7B33977CEF3FDA90A4A2AFA4EF3FD0
:10B6600040456E5B76D0EF3F000000000000E842EE
:10B670009423914BF86AAC3FF3C4FA50CEBFCE3F4F
:10B68000D6520CFF422EE63F000000000000384377
:10B69000FE822B65471547409423914BF86ABC3EC8
:10B6A000F3C4FA50CEBF2E3FD6520CFF422E963F27
:10B6B000BEF3F879EC61F63FDEAA8C80F77BD5BF4C
:10B6C0003D88AF4AED71F53FDB6DC0A7F0BED2BF3C
:10B6D000B010F0F03995F43F673A517FAE1ED0BFFD
:10B6E0008503B8B095C9F33FE92482A6D831CBBF12
:10B6F000A564880C190DF33F5877C00A4F57C6BF91
:10B70000A08E0B7B225EF23F00819CC72BAAC1BF9B
:10B710003F341A4A4ABBF13F5E0E8CCE764EBABF1A
:10B72000BAE58AF05823F13FCC1C615A3C97B1BF6F
:10B73000A70099413F95F03F1E0CE138F452A2BF9B
:10B74000000000000000F03F0000000000000000CA
:10B75000AC479AFD8C60EE3F8459F25DAAA5AA3FE2
:10B76000A06A021FB3A4EC3FB42E36AA535EBC3FBE
:10B77000E6FC6A573620EB3F08DB2077E526C53F1D
:10B780002DAAA163D1C2E93F7047220D86C2CB3FEB
:10B79000ED417803E686E83FE17EA0C88B05D13F06
:10B7A000624853F5DC67E73F09EEB6573004D43FF3
:10B7B000EF39FAFE422EE63F3483B848A30ED0BFDD
:10B7C0006A0BE00B5B57D53F23410AF2FEFFDFBF58
:10B7D0000040380000000800AF3CFFFF674E4F43B9
:10B7E000000000000000FFFF8410E73C0000D69A34
:10B7F000FFE047E8FA08F81F1F00F800001FFFFFEE
:10B80000841007E084100000FFFF001FFC1007E019
:10B810008C71DEFB528AC638FFFF07E007FFFFE0AE
:10B82000000000001602E502820D6A0D00C2010050
:10B830008207F4010000000000000000000000008A
:10B840000000000000000000000000000000C040F8
:10B8500033333340CDCCCC3FCDCCCCBE0000000048
:10B86000CDCCCCBECDCCCC3E0000404000008040D2
:10B870009A99014100000000000000000000000053
:10B8800000000000000000000000000000000000B8
:10B890000000000000000000000000000000C040A8
:10B8A00033333340CDCCCC3FCDCCCCBE00000000F8
:10B8B000CDCCCCBECDCCCC3E000040400000804082
:10B8C0009A99014110270000A0860100400D030055
:10B8D00020A1070080C3C901003B580800C2EB0B40
:10B8E00000A3E1118066AB134051CD14405E5D0EA4
:10B8F0000076B01000A3E1110084D7170065CD1DBC
:10B900000046C3230027B9290008AF2F00E9A4355A
:10B9100080EB193910270000A0860100400D0300BC
:10B9200020A1070080C3C901003B580800C2EB0BEF
:10B9300000A3E1118066AB134051CD1480969800AE
:10B9400000000000000020000000000033335340DE
:10B950000000000080000000000000000000000067
:10B9600001000100FFFFFFFF0092FE1E000016C352
:10B97000000016C3650000000100FFFF6400000026
:10B9800001000100000016C30100170022010000A1
:10B99000602B0020E6000000465245513A202573F6
:10B9A0000000000000000000000000002D37362ECF
:10B9B0002E2D36000000000021000000688D0108D7
:10B9C0000000000000000000000000000000000077
:10B9D0000000000000000000D8980108DC98010871
:10B9E000E4980108FF0000002D46010800F10E0058
:10B9F0002C010000DC0500004C05002000000000C8
:10BA00000000000000000000000000000000000036
:10BA10000000000000000000000000000000000026
:10BA20000000000000000000000000000000000016
:10BA30000000000000000000000000000000000006
:10BA400000000000000000000000000000000000F6
:10BA5000000000000000000000000000FFFFFFFFEA
:10BA6000FFFFFFFFFFFFFFFFFFFFFFFFFFFFFFFFE6
:10BA7000FFFFFFFFFFFFFFFFFFFFFFFFFFFFFFFFD6
:10BA8000FFFFFFFFFFFFFFFFFFFFFFFFFFFFFFFFC6
:10BA9000FFFFFFFFFFFFFFFFFFFFFFFFFFFFFFFFB6
:10BAA000FFFFFFFFFFFFFFFFFFFFFFFFFFFFFFFFA6
:10BAB000FFFFFFFFFFFFFFFFFFFFFFFFFFFFFFFF96
:10BAC000FFFFFFFFFFFFFFFFFFFFFFFFFFFFFFFF86
:10BAD000FFFFFFFFFFFFFFFFFFFFFFFFFFFFFFFF76
:10BAE000FFFFFFFFFFFFFFFFFFFFFFFFFFFFFFFF66
:10BAF000FFFFFFFFFFFFFFFFFFFFFFFFFFFFFFFF56
:10BB0000FFFFFFFFFFFFFFFFFFFFFFFFFFFFFFFF45
:10BB1000FFFFFFFFFFFFFFFFFFFFFFFFFFFFFFFF35
:10BB2000FFFFFFFFFFFFFFFFFFFFFFFFFFFFFFFF25
:10BB3000FFFFFFFFFFFFFFFFFFFFFFFFFFFFFFFF15
:10BB4000FFFFFFFFFFFFFFFFFFFFFFFFFFFFFFFF05
:10BB5000FFFFFFFFFFFFFFFFFFFFFFFFFFFFFFFFF5
:10BB6000FFFFFFFFFFFFFFFFFFFFFFFFFFFFFFFFE5
:10BB7000FFFFFFFFFFFFFFFFFFFFFFFFFFFFFFFFD5
:10BB8000FFFFFFFFFFFFFFFFFFFFFFFFFFFFFFFFC5
:10BB9000FFFFFFFFFFFFFFFFFFFFFFFFFFFFFFFFB5
:10BBA000FFFFFFFFFFFFFFFFFFFFFFFFFFFFFFFFA5
:10BBB000FFFFFFFFFFFFFFFFFFFFFFFFFFFFFFFF95
:10BBC000FFFFFFFFFFFFFFFFFFFFFFFFFFFFFFFF85
:10BBD000FFFFFFFFFFFFFFFFFFFFFFFFFFFFFFFF75
:10BBE000FFFFFFFFFFFFFFFFFFFFFFFFFFFFFFFF65
:10BBF000FFFFFFFFFFFFFFFFFFFFFFFFFFFFFFFF55
:10BC0000FFFFFFFFFFFFFFFFFFFFFFFFFFFFFFFF44
:10BC1000FFFFFFFFFFFFFFFFFFFFFFFFFFFFFFFF34
:10BC2000FFFFFFFFFFFFFFFFFFFFFFFFFFFFFFFF24
:10BC3000FFFFFFFFFFFFFFFFFFFFFFFFFFFFFFFF14
:10BC4000FFFFFFFFFFFFFFFFFFFFFFFFFFFFFFFF04
:10BC5000FFFFFFFFFFFFFFFFFFFFFFFFFFFFFFFFF4
:10BC6000FFFFFFFFFFFFFFFFFFFFFFFFFFFFFFFFE4
:10BC7000FFFFFFFFFFFFFFFFFFFFFFFFFFFFFFFFD4
:10BC8000FFFFFFFFFFFFFFFFFFFFFFFFFFFFFFFFC4
:10BC9000FFFFFFFFFFFFFFFFFFFFFFFFFFFFFFFFB4
:10BCA000FFFFFFFFFFFFFFFFFFFFFFFFFFFFFFFFA4
:10BCB000FFFFFFFFFFFFFFFFFFFFFFFFFFFFFFFF94
:10BCC000FFFFFFFFFFFFFFFFFFFFFFFFFFFFFFFF84
:10BCD000FFFFFFFFFFFFFFFFFFFFFFFFFFFFFFFF74
:10BCE000FFFFFFFFFFFFFFFFFFFFFFFFFFFFFFFF64
:10BCF000FFFFFFFFFFFFFFFFFFFFFFFFFFFFFFFF54
:10BD0000FFFFFFFFFFFFFFFFFFFFFFFFFFFFFFFF43
:10BD1000FFFFFFFFFFFFFFFFFFFFFFFFFFFFFFFF33
:10BD2000FFFFFFFFFFFFFFFFFFFFFFFFFFFFFFFF23
:10BD3000FFFFFFFFFFFFFFFFFFFFFFFFFFFFFFFF13
:10BD4000FFFFFFFFFFFFFFFFFFFFFFFFFFFFFFFF03
:10BD5000FFFFFFFFFFFFFFFFFFFFFFFFFFFFFFFFF3
:10BD6000FFFFFFFFFFFFFFFFFFFFFFFFFFFFFFFFE3
:10BD7000FFFFFFFFFFFFFFFFFFFFFFFFFFFFFFFFD3
:10BD8000FFFFFFFFFFFFFFFFFFFFFFFFFFFFFFFFC3
:10BD9000FFFFFFFFFFFFFFFFFFFFFFFFFFFFFFFFB3
:10BDA000FFFFFFFFFFFFFFFFFFFFFFFFFFFFFFFFA3
:10BDB000FFFFFFFFFFFFFFFFFFFFFFFFFFFFFFFF93
:10BDC000FFFFFFFFFFFFFFFFFFFFFFFFFFFFFFFF83
:10BDD000FFFFFFFFFFFFFFFFFFFFFFFFFFFFFFFF73
:10BDE000FFFFFFFFFFFFFFFFFFFFFFFFFFFFFFFF63
:10BDF000FFFFFFFFFFFFFFFFFFFFFFFFFFFFFFFF53
:10BE0000FFFFFFFFFFFFFFFFFFFFFFFFFFFFFFFF42
:10BE1000FFFFFFFFFFFFFFFFFFFFFFFFFFFFFFFF32
:10BE2000FFFFFFFFFFFFFFFFFFFFFFFFFFFFFFFF22
:10BE3000FFFFFFFFFFFFFFFFFFFFFFFFFFFFFFFF12
:10BE4000FFFFFFFFFFFFFFFFFFFFFFFFFFFFFFFF02
:10BE5000FFFFFFFFFFFFFFFFFFFFFFFFFFFFFFFFF2
:10BE6000FFFFFFFFFFFFFFFFFFFFFFFFFFFFFFFFE2
:10BE7000FFFFFFFFFFFFFFFFFFFFFFFFFFFFFFFFD2
:10BE8000FFFFFFFFFFFFFFFFFFFFFFFFFFFFFFFFC2
:10BE9000FFFFFFFFFFFFFFFFFFFFFFFFFFFFFFFFB2
:10BEA000FFFFFFFFFFFFFFFFFFFFFFFFFFFFFFFFA2
:10BEB000FFFFFFFFFFFFFFFFFFFFFFFFFFFFFFFF92
:10BEC000FFFFFFFFFFFFFFFFFFFFFFFFFFFFFFFF82
:10BED000FFFFFFFFFFFFFFFFFFFFFFFFFFFFFFFF72
:10BEE000FFFFFFFFFFFFFFFFFFFFFFFFFFFFFFFF62
:10BEF000FFFFFFFFFFFFFFFFFFFFFFFFFFFFFFFF52
:10BF0000FFFFFFFFFFFFFFFFFFFFFFFFFFFFFFFF41
:10BF1000FFFFFFFFFFFFFFFFFFFFFFFFFFFFFFFF31
:10BF2000FFFFFFFFFFFFFFFFFFFFFFFFFFFFFFFF21
:10BF3000FFFFFFFFFFFFFFFFFFFFFFFFFFFFFFFF11
:10BF4000FFFFFFFFFFFFFFFFFFFFFFFFFFFFFFFF01
:10BF5000FFFFFFFFFFFFFFFFFFFFFFFFFFFFFFFFF1
:10BF6000FFFFFFFFFFFFFFFFFFFFFFFFFFFFFFFFE1
:10BF7000FFFFFFFFFFFFFFFFFFFFFFFFFFFFFFFFD1
:10BF8000FFFFFFFFFFFFFFFFFFFFFFFFFFFFFFFFC1
:10BF9000FFFFFFFFFFFFFFFFFFFFFFFFFFFFFFFFB1
:10BFA000FFFFFFFFFFFFFFFFFFFFFFFFFFFFFFFFA1
:10BFB000FFFFFFFFFFFFFFFFFFFFFFFFFFFFFFFF91
:10BFC000FFFFFFFFFFFFFFFFFFFFFFFFFFFFFFFF81
:10BFD000FFFFFFFFFFFFFFFFFFFFFFFFFFFFFFFF71
:10BFE000FFFFFFFFFFFFFFFFFFFFFFFFFFFFFFFF61
:10BFF000FFFFFFFFFFFFFFFFFFFFFFFFFFFFFFFF51
:10C00000FFFFFFFFFFFFFFFFFFFFFFFFFFFFFFFF40
:10C01000FFFFFFFFFFFFFFFFFFFFFFFFFFFFFFFF30
:10C02000FFFFFFFFFFFFFFFFFFFFFFFFFFFFFFFF20
:10C03000FFFFFFFFFFFFFFFFFFFFFFFFFFFFFFFF10
:10C04000FFFFFFFFFFFFFFFFFFFFFFFFFFFFFFFF00
:10C05000FFFFFFFFFFFFFFFFFFFFFFFFFFFFFFFFF0
:10C06000FFFFFFFFFFFFFFFFFFFFFFFFFFFFFFFFE0
:10C07000FFFFFFFFFFFFFFFFFFFFFFFFFFFFFFFFD0
:10C08000FFFFFFFFFFFFFFFFFFFFFFFFFFFFFFFFC0
:10C09000FFFFFFFFFFFFFFFFFFFFFFFFFFFFFFFFB0
:10C0A000FFFFFFFFFFFFFFFFFFFFFFFFFFFFFFFFA0
:10C0B000FFFFFFFFFFFFFFFFFFFFFFFFFFFFFFFF90
:10C0C000FFFFFFFFFFFFFFFFFFFFFFFFFFFFFFFF80
:10C0D000FFFFFFFFFFFFFFFFFFFFFFFFFFFFFFFF70
:10C0E000FFFFFFFFFFFFFFFFFFFFFFFFFFFFFFFF60
:10C0F000FFFFFFFFFFFFFFFFFFFFFFFFFFFFFFFF50
:10C10000FFFFFFFFFFFFFFFFFFFFFFFFFFFFFFFF3F
:10C11000FFFFFFFFFFFFFFFFFFFFFFFFFFFFFFFF2F
:10C12000FFFFFFFFFFFFFFFFFFFFFFFFFFFFFFFF1F
:10C13000FFFFFFFFFFFFFFFFFFFFFFFFFFFFFFFF0F
:10C14000FFFFFFFFFFFFFFFFFFFFFFFFFFFFFFFFFF
:10C15000FFFFFFFFFFFFFFFFFFFFFFFFFFFFFFFFEF
:10C16000FFFFFFFFFFFFFFFFFFFFFFFFFFFFFFFFDF
:10C17000FFFFFFFFFFFFFFFFFFFFFFFFFFFFFFFFCF
:10C18000FFFFFFFFFFFFFFFFFFFFFFFFFFFFFFFFBF
:10C19000FFFFFFFFFFFFFFFFFFFFFFFFFFFFFFFFAF
:10C1A000FFFFFFFFFFFFFFFFFFFFFFFFFFFFFFFF9F
:10C1B000FFFFFFFFFFFFFFFFFFFFFFFFFFFFFFFF8F
:10C1C000FFFFFFFFFFFFFFFFFFFFFFFFFFFFFFFF7F
:10C1D000FFFFFFFFFFFFFFFFFFFFFFFFFFFFFFFF6F
:10C1E000FFFFFFFFFFFFFFFFFFFFFFFFFFFFFFFF5F
:10C1F000FFFFFFFFFFFFFFFFFFFFFFFFFFFFFFFF4F
:10C20000FFFFFFFFFFFFFFFFFFFFFFFFFFFFFFFF3E
:10C21000FFFFFFFFFFFFFFFFFFFFFFFFFFFFFFFF2E
:10C22000FFFFFFFFFFFFFFFFFFFFFFFFFFFFFFFF1E
:10C23000FFFFFFFFFFFFFFFFFFFFFFFFFFFFFFFF0E
:10C24000FFFFFFFFFFFFFFFFFFFFFFFFFFFFFFFFFE
:10C25000FFFFFFFFFFFFFFFFFFFFFFFFFFFFFFFFEE
:10C26000FFFFFFFFFFFFFFFFFFFFFFFFFFFFFFFFDE
:10C27000FFFFFFFFFFFFFFFFFFFFFFFFFFFFFFFFCE
:10C28000FFFFFFFFFFFFFFFFFFFFFFFFFFFFFFFFBE
:10C29000FFFFFFFFFFFFFFFFFFFFFFFFFFFFFFFFAE
:10C2A000FFFFFFFFFFFFFFFFFFFFFFFFFFFFFFFF9E
:10C2B000FFFFFFFFFFFFFFFFFFFFFFFFFFFFFFFF8E
:10C2C000FFFFFFFFFFFFFFFFFFFFFFFFFFFFFFFF7E
:10C2D000FFFFFFFFFFFFFFFFFFFFFFFFFFFFFFFF6E
:10C2E000FFFFFFFFFFFFFFFFFFFFFFFFFFFFFFFF5E
:10C2F000FFFFFFFFFFFFFFFFFFFFFFFFFFFFFFFF4E
:10C30000FFFFFFFFFFFFFFFFFFFFFFFFFFFFFFFF3D
:10C31000FFFFFFFFFFFFFFFFFFFFFFFFFFFFFFFF2D
:10C32000FFFFFFFFFFFFFFFFFFFFFFFFFFFFFFFF1D
:10C33000FFFFFFFFFFFFFFFFFFFFFFFFFFFFFFFF0D
:10C34000FFFFFFFFFFFFFFFFFFFFFFFFFFFFFFFFFD
:10C35000FFFFFFFFFFFFFFFFFFFFFFFFFFFFFFFFED
:10C36000FFFFFFFFFFFFFFFFFFFFFFFFFFFFFFFFDD
:10C37000FFFFFFFFFFFFFFFFFFFFFFFFFFFFFFFFCD
:10C38000FFFFFFFFFFFFFFFFFFFFFFFFFFFFFFFFBD
:10C39000FFFFFFFFFFFFFFFFFFFFFFFFFFFFFFFFAD
:10C3A000FFFFFFFFFFFFFFFFFFFFFFFFFFFFFFFF9D
:10C3B000FFFFFFFFFFFFFFFFFFFFFFFFFFFFFFFF8D
:10C3C000FFFFFFFFFFFFFFFFFFFFFFFFFFFFFFFF7D
:10C3D000FFFFFFFFFFFFFFFFFFFFFFFFFFFFFFFF6D
:10C3E000FFFFFFFFFFFFFFFFFFFFFFFFFFFFFFFF5D
:10C3F000FFFFFFFFFFFFFFFFFFFFFFFFFFFFFFFF4D
:10C40000FFFFFFFFFFFFFFFFFFFFFFFFFFFFFFFF3C
:10C41000FFFFFFFFFFFFFFFFFFFFFFFFFFFFFFFF2C
:10C42000FFFFFFFFFFFFFFFFFFFFFFFFFFFFFFFF1C
:10C43000FFFFFFFFFFFFFFFFFFFFFFFFFFFFFFFF0C
:10C44000FFFFFFFFFFFFFFFFFFFFFFFFFFFFFFFFFC
:10C45000FFFFFFFFFFFFFFFFFFFFFFFFFFFFFFFFEC
:10C46000FFFFFFFFFFFFFFFFFFFFFFFFFFFFFFFFDC
:10C47000FFFFFFFFFFFFFFFFFFFFFFFFFFFFFFFFCC
:10C48000FFFFFFFFFFFFFFFFFFFFFFFFFFFFFFFFBC
:10C49000FFFFFFFFFFFFFFFFFFFFFFFFFFFFFFFFAC
:10C4A000FFFFFFFFFFFFFFFFFFFFFFFFFFFFFFFF9C
:10C4B000FFFFFFFFFFFFFFFFFFFFFFFFFFFFFFFF8C
:10C4C000FFFFFFFFFFFFFFFFFFFFFFFFFFFFFFFF7C
:10C4D000FFFFFFFFFFFFFFFFFFFFFFFFFFFFFFFF6C
:10C4E000FFFFFFFFFFFFFFFFFFFFFFFFFFFFFFFF5C
:10C4F000FFFFFFFFFFFFFFFFFFFFFFFFFFFFFFFF4C
:10C50000FFFFFFFFFFFFFFFFFFFFFFFFFFFFFFFF3B
:10C51000FFFFFFFFFFFFFFFFFFFFFFFFFFFFFFFF2B
:10C52000FFFFFFFFFFFFFFFFFFFFFFFFFFFFFFFF1B
:10C53000FFFFFFFFFFFFFFFFFFFFFFFFFFFFFFFF0B
:10C54000FFFFFFFFFFFFFFFFFFFFFFFFFFFFFFFFFB
:10C55000FFFFFFFFFFFFFFFFFFFFFFFFFFFFFFFFEB
:10C56000FFFFFFFFFFFFFFFFFFFFFFFFFFFFFFFFDB
:10C57000FFFFFFFFFFFFFFFFFFFFFFFFFFFFFFFFCB
:10C58000FFFFFFFFFFFFFFFFFFFFFFFFFFFFFFFFBB
:10C59000FFFFFFFFFFFFFFFFFFFFFFFFFFFFFFFFAB
:10C5A000FFFFFFFFFFFFFFFFFFFFFFFFFFFFFFFF9B
:10C5B000FFFFFFFFFFFFFFFFFFFFFFFFFFFFFFFF8B
:10C5C000FFFFFFFFFFFFFFFFFFFFFFFFFFFFFFFF7B
:10C5D000FFFFFFFFFFFFFFFFFFFFFFFFFFFFFFFF6B
:10C5E000FFFFFFFFFFFFFFFFFFFFFFFFFFFFFFFF5B
:10C5F000FFFFFFFFFFFFFFFFFFFFFFFFFFFFFFFF4B
:10C60000FFFFFFFFFFFFFFFFFFFFFFFFFFFFFFFF3A
:10C61000FFFFFFFFFFFFFFFFFFFFFFFFFFFFFFFF2A
:10C62000FFFFFFFFFFFFFFFFFFFFFFFFFFFFFFFF1A
:10C63000FFFFFFFFFFFFFFFFFFFFFFFFFFFFFFFF0A
:10C64000FFFFFFFFFFFFFFFFFFFFFFFFFFFFFFFFFA
:10C65000FFFFFFFFFFFFFFFFFFFFFFFFFFFFFFFFEA
:10C66000FFFFFFFFFFFFFFFFFFFFFFFFFFFFFFFFDA
:10C67000FFFFFFFFFFFFFFFFFFFFFFFFFFFFFFFFCA
:10C68000FFFFFFFFFFFFFFFFFFFFFFFFFFFFFFFFBA
:10C69000FFFFFFFFFFFFFFFFFFFFFFFFFFFFFFFFAA
:10C6A000FFFFFFFFFFFFFFFFFFFFFFFFFFFFFFFF9A
:10C6B000FFFFFFFFFFFFFFFFFFFFFFFFFFFFFFFF8A
:10C6C000FFFFFFFFFFFFFFFFFFFFFFFFFFFFFFFF7A
:10C6D000FFFFFFFFFFFFFFFFFFFFFFFFFFFFFFFF6A
:10C6E000FFFFFFFFFFFFFFFFFFFFFFFFFFFFFFFF5A
:10C6F000FFFFFFFFFFFFFFFFFFFFFFFFFFFFFFFF4A
:10C70000FFFFFFFFFFFFFFFFFFFFFFFFFFFFFFFF39
:10C71000FFFFFFFFFFFFFFFFFFFFFFFFFFFFFFFF29
:10C72000FFFFFFFFFFFFFFFFFFFFFFFFFFFFFFFF19
:10C73000FFFFFFFFFFFFFFFFFFFFFFFFFFFFFFFF09
:10C74000FFFFFFFFFFFFFFFFFFFFFFFFFFFFFFFFF9
:10C75000FFFFFFFFFFFFFFFFFFFFFFFFFFFFFFFFE9
:10C76000FFFFFFFFFFFFFFFFFFFFFFFFFFFFFFFFD9
:10C77000FFFFFFFFFFFFFFFFFFFFFFFFFFFFFFFFC9
:10C78000FFFFFFFFFFFFFFFFFFFFFFFFFFFFFFFFB9
:10C79000FFFFFFFFFFFFFFFFFFFFFFFFFFFFFFFFA9
:10C7A000FFFFFFFFFFFFFFFFFFFFFFFFFFFFFFFF99
:10C7B000FFFFFFFFFFFFFFFFFFFFFFFFFFFFFFFF89
:10C7C000FFFFFFFFFFFFFFFFFFFFFFFFFFFFFFFF79
:10C7D000FFFFFFFFFFFFFFFFFFFFFFFFFFFFFFFF69
:10C7E000FFFFFFFFFFFFFFFFFFFFFFFFFFFFFFFF59
:10C7F000FFFFFFFFFFFFFFFFFFFFFFFFFFFFFFFF49
:10C80000FFFFFFFFFFFFFFFFFFFFFFFFFFFFFFFF38
:10C81000FFFFFFFFFFFFFFFFFFFFFFFFFFFFFFFF28
:10C82000FFFFFFFFFFFFFFFFFFFFFFFFFFFFFFFF18
:10C83000FFFFFFFFFFFFFFFFFFFFFFFFFFFFFFFF08
:10C84000FFFFFFFFFFFFFFFFFFFFFFFFFFFFFFFFF8
:10C85000FFFFFFFFFFFFFFFFFFFFFFFFFFFFFFFFE8
:10C86000FFFFFFFFFFFFFFFFFFFFFFFFFFFFFFFFD8
:10C87000FFFFFFFFFFFFFFFFFFFFFFFFFFFFFFFFC8
:10C88000FFFFFFFFFFFFFFFFFFFFFFFFFFFFFFFFB8
:10C89000FFFFFFFFFFFFFFFFFFFFFFFFFFFFFFFFA8
:10C8A000FFFFFFFFFFFFFFFFFFFFFFFFFFFFFFFF98
:10C8B000FFFFFFFFFFFFFFFFFFFFFFFFFFFFFFFF88
:10C8C000FFFFFFFFFFFFFFFFFFFFFFFFFFFFFFFF78
:10C8D000FFFFFFFFFFFFFFFFFFFFFFFFFFFFFFFF68
:10C8E000FFFFFFFFFFFFFFFFFFFFFFFFFFFFFFFF58
:10C8F000FFFFFFFFFFFFFFFFFFFFFFFFFFFFFFFF48
:10C90000FFFFFFFFFFFFFFFFFFFFFFFFFFFFFFFF37
:10C91000FFFFFFFFFFFFFFFFFFFFFFFFFFFFFFFF27
:10C92000FFFFFFFFFFFFFFFFFFFFFFFFFFFFFFFF17
:10C93000FFFFFFFFFFFFFFFFFFFFFFFFFFFFFFFF07
:10C94000FFFFFFFFFFFFFFFFFFFFFFFFFFFFFFFFF7
:10C95000FFFFFFFFFFFFFFFFFFFFFFFFFFFFFFFFE7
:10C96000FFFFFFFFFFFFFFFFFFFFFFFFFFFFFFFFD7
:10C97000FFFFFFFFFFFFFFFFFFFFFFFFFFFFFFFFC7
:10C98000FFFFFFFFFFFFFFFFFFFFFFFFFFFFFFFFB7
:10C99000FFFFFFFFFFFFFFFFFFFFFFFFFFFFFFFFA7
:10C9A000FFFFFFFFFFFFFFFFFFFFFFFFFFFFFFFF97
:10C9B000FFFFFFFFFFFFFFFFFFFFFFFFFFFFFFFF87
:10C9C000FFFFFFFFFFFFFFFFFFFFFFFFFFFFFFFF77
:10C9D000FFFFFFFFFFFFFFFFFFFFFFFFFFFFFFFF67
:10C9E000FFFFFFFFFFFFFFFFFFFFFFFFFFFFFFFF57
:10C9F000FFFFFFFFFFFFFFFFFFFFFFFFFFFFFFFF47
:10CA0000FFFFFFFFFFFFFFFFFFFFFFFFFFFFFFFF36
:10CA1000FFFFFFFFFFFFFFFFFFFFFFFFFFFFFFFF26
:10CA2000FFFFFFFFFFFFFFFFFFFFFFFFFFFFFFFF16
:10CA3000FFFFFFFFFFFFFFFFFFFFFFFFFFFFFFFF06
:10CA4000FFFFFFFFFFFFFFFFFFFFFFFFFFFFFFFFF6
:10CA5000FFFFFFFFFFFFFFFFFFFFFFFFFFFFFFFFE6
:10CA6000FFFFFFFFFFFFFFFFFFFFFFFFFFFFFFFFD6
:10CA7000FFFFFFFFFFFFFFFFFFFFFFFFFFFFFFFFC6
:10CA8000FFFFFFFFFFFFFFFFFFFFFFFFFFFFFFFFB6
:10CA9000FFFFFFFFFFFFFFFFFFFFFFFFFFFFFFFFA6
:10CAA000FFFFFFFFFFFFFFFFFFFFFFFFFFFFFFFF96
:10CAB000FFFFFFFFFFFFFFFFFFFFFFFFFFFFFFFF86
:10CAC000FFFFFFFFFFFFFFFFFFFFFFFFFFFFFFFF76
:10CAD000FFFFFFFFFFFFFFFFFFFFFFFFFFFFFFFF66
:10CAE000FFFFFFFFFFFFFFFFFFFFFFFFFFFFFFFF56
:10CAF000FFFFFFFFFFFFFFFFFFFFFFFFFFFFFFFF46
:10CB0000FFFFFFFFFFFFFFFFFFFFFFFFFFFFFFFF35
:10CB1000FFFFFFFFFFFFFFFFFFFFFFFFFFFFFFFF25
:10CB2000FFFFFFFFFFFFFFFFFFFFFFFFFFFFFFFF15
:10CB3000FFFFFFFFFFFFFFFFFFFFFFFFFFFFFFFF05
:10CB4000FFFFFFFFFFFFFFFFFFFFFFFFFFFFFFFFF5
:10CB5000FFFFFFFFFFFFFFFFFFFFFFFFFFFFFFFFE5
:10CB6000FFFFFFFFFFFFFFFFFFFFFFFFFFFFFFFFD5
:10CB7000FFFFFFFFFFFFFFFFFFFFFFFFFFFFFFFFC5
:10CB8000FFFFFFFFFFFFFFFFFFFFFFFFFFFFFFFFB5
:10CB9000FFFFFFFFFFFFFFFFFFFFFFFFFFFFFFFFA5
:10CBA000FFFFFFFFFFFFFFFFFFFFFFFFFFFFFFFF95
:10CBB000FFFFFFFFFFFFFFFFFFFFFFFFFFFFFFFF85
:10CBC000FFFFFFFFFFFFFFFFFFFFFFFFFFFFFFFF75
:10CBD000FFFFFFFFFFFFFFFFFFFFFFFFFFFFFFFF65
:10CBE000FFFFFFFFFFFFFFFFFFFFFFFFFFFFFFFF55
:10CBF000FFFFFFFFFFFFFFFFFFFFFFFFFFFFFFFF45
:10CC0000FFFFFFFFFFFFFFFFFFFFFFFFFFFFFFFF34
:10CC1000FFFFFFFFFFFFFFFFFFFFFFFFFFFFFFFF24
:10CC2000FFFFFFFFFFFFFFFFFFFFFFFFFFFFFFFF14
:10CC3000FFFFFFFFFFFFFFFFFFFFFFFFFFFFFFFF04
:10CC4000FFFFFFFFFFFFFFFFFFFFFFFFFFFFFFFFF4
:10CC5000FFFFFFFFFFFFFFFFFFFFFFFFFFFFFFFFE4
:10CC6000FFFFFFFFFFFFFFFFFFFFFFFFFFFFFFFFD4
:10CC7000FFFFFFFFFFFFFFFFFFFFFFFFFFFFFFFFC4
:10CC8000FFFFFFFFFFFFFFFFFFFFFFFFFFFFFFFFB4
:10CC9000FFFFFFFFFFFFFFFFFFFFFFFFFFFFFFFFA4
:10CCA000FFFFFFFFFFFFFFFFFFFFFFFFFFFFFFFF94
:10CCB000FFFFFFFFFFFFFFFFFFFFFFFFFFFFFFFF84
:10CCC000FFFFFFFFFFFFFFFFFFFFFFFFFFFFFFFF74
:10CCD000FFFFFFFFFFFFFFFFFFFFFFFFFFFFFFFF64
:10CCE000FFFFFFFFFFFFFFFFFFFFFFFFFFFFFFFF54
:10CCF000FFFFFFFFFFFFFFFFFFFFFFFFFFFFFFFF44
:10CD0000FFFFFFFFFFFFFFFFFFFFFFFFFFFFFFFF33
:10CD1000FFFFFFFFFFFFFFFFFFFFFFFFFFFFFFFF23
:10CD2000FFFFFFFFFFFFFFFFFFFFFFFFFFFFFFFF13
:10CD3000FFFFFFFFFFFFFFFFFFFFFFFFFFFFFFFF03
:10CD4000FFFFFFFFFFFFFFFFFFFFFFFFFFFFFFFFF3
:10CD5000FFFFFFFFFFFFFFFFFFFFFFFFFFFFFFFFE3
:10CD6000FFFFFFFFFFFFFFFFFFFFFFFFFFFFFFFFD3
:10CD7000FFFFFFFFFFFFFFFFFFFFFFFFFFFFFFFFC3
:10CD8000FFFFFFFFFFFFFFFFFFFFFFFFFFFFFFFFB3
:10CD9000FFFFFFFFFFFFFFFFFFFFFFFFFFFFFFFFA3
:10CDA000FFFFFFFFFFFFFFFFFFFFFFFFFFFFFFFF93
:10CDB000FFFFFFFFFFFFFFFFFFFFFFFFFFFFFFFF83
:10CDC000FFFFFFFFFFFFFFFFFFFFFFFFFFFFFFFF73
:10CDD000FFFFFFFFFFFFFFFFFFFFFFFFFFFFFFFF63
:10CDE000FFFFFFFFFFFFFFFFFFFFFFFFFFFFFFFF53
:10CDF000FFFFFFFFFFFFFFFFFFFFFFFFFFFFFFFF43
:10CE0000FFFFFFFFFFFFFFFFFFFFFFFFFFFFFFFF32
:10CE1000FFFFFFFFFFFFFFFFFFFFFFFFFFFFFFFF22
:10CE2000FFFFFFFFFFFFFFFFFFFFFFFFFFFFFFFF12
:10CE3000FFFFFFFFFFFFFFFFFFFFFFFFFFFFFFFF02
:10CE4000FFFFFFFFFFFFFFFFFFFFFFFFFFFFFFFFF2
:10CE5000FFFFFFFFFFFFFFFFFFFFFFFFFFFFFFFFE2
:10CE6000FFFFFFFFFFFFFFFFFFFFFFFFFFFFFFFFD2
:10CE7000FFFFFFFFFFFFFFFFFFFFFFFFFFFFFFFFC2
:10CE8000FFFFFFFFFFFFFFFFFFFFFFFFFFFFFFFFB2
:10CE9000FFFFFFFFFFFFFFFFFFFFFFFFFFFFFFFFA2
:10CEA000FFFFFFFFFFFFFFFFFFFFFFFFFFFFFFFF92
:10CEB000FFFFFFFFFFFFFFFFFFFFFFFFFFFFFFFF82
:10CEC000FFFFFFFFFFFFFFFFFFFFFFFFFFFFFFFF72
:10CED000FFFFFFFFFFFFFFFFFFFFFFFFFFFFFFFF62
:10CEE000FFFFFFFFFFFFFFFFFFFFFFFFFFFFFFFF52
:10CEF000FFFFFFFFFFFFFFFFFFFFFFFFFFFFFFFF42
:10CF0000FFFFFFFFFFFFFFFFFFFFFFFFFFFFFFFF31
:10CF1000FFFFFFFFFFFFFFFFFFFFFFFFFFFFFFFF21
:10CF2000FFFFFFFFFFFFFFFFFFFFFFFFFFFFFFFF11
:10CF3000FFFFFFFFFFFFFFFFFFFFFFFFFFFFFFFF01
:10CF4000FFFFFFFFFFFFFFFFFFFFFFFFFFFFFFFFF1
:10CF5000FFFFFFFFFFFFFFFFFFFFFFFFFFFFFFFFE1
:10CF6000FFFFFFFFFFFFFFFFFFFFFFFFFFFFFFFFD1
:10CF7000FFFFFFFFFFFFFFFFFFFFFFFFFFFFFFFFC1
:10CF8000FFFFFFFFFFFFFFFFFFFFFFFFFFFFFFFFB1
:10CF9000FFFFFFFFFFFFFFFFFFFFFFFFFFFFFFFFA1
:10CFA000FFFFFFFFFFFFFFFFFFFFFFFFFFFFFFFF91
:10CFB000FFFFFFFFFFFFFFFFFFFFFFFFFFFFFFFF81
:10CFC000FFFFFFFFFFFFFFFFFFFFFFFFFFFFFFFF71
:10CFD000FFFFFFFFFFFFFFFFFFFFFFFFFFFFFFFF61
:10CFE000FFFFFFFFFFFFFFFFFFFFFFFFFFFFFFFF51
:10CFF000FFFFFFFFFFFFFFFFFFFFFFFFFFFFFFFF41
:10D00000674E4F43000000000000FFFF8410E73C24
:10D010000000D69AFFE047E8FA08F81F1F00F80062
:10D02000001FFFFF841007E084100000FFFF001FB7
:10D03000FC1007E08C71DEFB528AC638FFFF07E068
:10D0400007FFFFE0000000001602E502820D6A0DF6
:10D0500000C201008207F40100000000A09913C083
:10D060000000000000000000000000002033BB3F73
:10D070000000C04033333340CDCCCC3FCDCCCCBE10
:10D0800000000000CDCCCCBECDCCCC3E000040405A
:10D09000000080409A99014100000000000000005B
:10D0A0000000000000000000000000000000000080
:10D0B0000000000000000000000000000000000070
:10D0C0000000C04033333340CDCCCC3FCDCCCCBEC0
:10D0D00000000000CDCCCCBECDCCCC3E000040400A
:10D0E000000080409A99014110270000A0860100AD
:10D0F000400D030020A1070080C3C901003B580870
:10D1000000C2EB0B00A3E1118066AB134051CD14BC
:10D11000405E5D0E0076B01000A3E1110084D717C9
:10D120000065CD1D0046C3230027B9290008AF2F95
:10D1300000E9A43580EB193910270000A086010012
:10D14000400D030020A1070080C3C901003B58081F
:10D1500000C2EB0B00A3E1118066AB134051CD146C
:10D1600080969800000000000100200000000000F0
:10D17000333353400000A0C08000000000000000D6
:10D18000DCF280FCFFFFFFFFFFFFFFFFFFFFFFFF61
:10D19000FFFFFFFFFFFFFFFFFFFFFFFFFFFFFFFF9F
:10D1A000FFFFFFFFFFFFFFFFFFFFFFFFFFFFFFFF8F
:10D1B000FFFFFFFFFFFFFFFFFFFFFFFFFFFFFFFF7F
:10D1C000FFFFFFFFFFFFFFFFFFFFFFFFFFFFFFFF6F
:10D1D000FFFFFFFFFFFFFFFFFFFFFFFFFFFFFFFF5F
:10D1E000FFFFFFFFFFFFFFFFFFFFFFFFFFFFFFFF4F
:10D1F000FFFFFFFFFFFFFFFFFFFFFFFFFFFFFFFF3F
:10D20000FFFFFFFFFFFFFFFFFFFFFFFFFFFFFFFF2E
:10D21000FFFFFFFFFFFFFFFFFFFFFFFFFFFFFFFF1E
:10D22000FFFFFFFFFFFFFFFFFFFFFFFFFFFFFFFF0E
:10D23000FFFFFFFFFFFFFFFFFFFFFFFFFFFFFFFFFE
:10D24000FFFFFFFFFFFFFFFFFFFFFFFFFFFFFFFFEE
:10D25000FFFFFFFFFFFFFFFFFFFFFFFFFFFFFFFFDE
:10D26000FFFFFFFFFFFFFFFFFFFFFFFFFFFFFFFFCE
:10D27000FFFFFFFFFFFFFFFFFFFFFFFFFFFFFFFFBE
:10D28000FFFFFFFFFFFFFFFFFFFFFFFFFFFFFFFFAE
:10D29000FFFFFFFFFFFFFFFFFFFFFFFFFFFFFFFF9E
:10D2A000FFFFFFFFFFFFFFFFFFFFFFFFFFFFFFFF8E
:10D2B000FFFFFFFFFFFFFFFFFFFFFFFFFFFFFFFF7E
:10D2C000FFFFFFFFFFFFFFFFFFFFFFFFFFFFFFFF6E
:10D2D000FFFFFFFFFFFFFFFFFFFFFFFFFFFFFFFF5E
:10D2E000FFFFFFFFFFFFFFFFFFFFFFFFFFFFFFFF4E
:10D2F000FFFFFFFFFFFFFFFFFFFFFFFFFFFFFFFF3E
:10D30000FFFFFFFFFFFFFFFFFFFFFFFFFFFFFFFF2D
:10D31000FFFFFFFFFFFFFFFFFFFFFFFFFFFFFFFF1D
:10D32000FFFFFFFFFFFFFFFFFFFFFFFFFFFFFFFF0D
:10D33000FFFFFFFFFFFFFFFFFFFFFFFFFFFFFFFFFD
:10D34000FFFFFFFFFFFFFFFFFFFFFFFFFFFFFFFFED
:10D35000FFFFFFFFFFFFFFFFFFFFFFFFFFFFFFFFDD
:10D36000FFFFFFFFFFFFFFFFFFFFFFFFFFFFFFFFCD
:10D37000FFFFFFFFFFFFFFFFFFFFFFFFFFFFFFFFBD
:10D38000FFFFFFFFFFFFFFFFFFFFFFFFFFFFFFFFAD
:10D39000FFFFFFFFFFFFFFFFFFFFFFFFFFFFFFFF9D
:10D3A000FFFFFFFFFFFFFFFFFFFFFFFFFFFFFFFF8D
:10D3B000FFFFFFFFFFFFFFFFFFFFFFFFFFFFFFFF7D
:10D3C000FFFFFFFFFFFFFFFFFFFFFFFFFFFFFFFF6D
:10D3D000FFFFFFFFFFFFFFFFFFFFFFFFFFFFFFFF5D
:10D3E000FFFFFFFFFFFFFFFFFFFFFFFFFFFFFFFF4D
:10D3F000FFFFFFFFFFFFFFFFFFFFFFFFFFFFFFFF3D
:10D40000FFFFFFFFFFFFFFFFFFFFFFFFFFFFFFFF2C
:10D41000FFFFFFFFFFFFFFFFFFFFFFFFFFFFFFFF1C
:10D42000FFFFFFFFFFFFFFFFFFFFFFFFFFFFFFFF0C
:10D43000FFFFFFFFFFFFFFFFFFFFFFFFFFFFFFFFFC
:10D44000FFFFFFFFFFFFFFFFFFFFFFFFFFFFFFFFEC
:10D45000FFFFFFFFFFFFFFFFFFFFFFFFFFFFFFFFDC
:10D46000FFFFFFFFFFFFFFFFFFFFFFFFFFFFFFFFCC
:10D47000FFFFFFFFFFFFFFFFFFFFFFFFFFFFFFFFBC
:10D48000FFFFFFFFFFFFFFFFFFFFFFFFFFFFFFFFAC
:10D49000FFFFFFFFFFFFFFFFFFFFFFFFFFFFFFFF9C
:10D4A000FFFFFFFFFFFFFFFFFFFFFFFFFFFFFFFF8C
:10D4B000FFFFFFFFFFFFFFFFFFFFFFFFFFFFFFFF7C
:10D4C000FFFFFFFFFFFFFFFFFFFFFFFFFFFFFFFF6C
:10D4D000FFFFFFFFFFFFFFFFFFFFFFFFFFFFFFFF5C
:10D4E000FFFFFFFFFFFFFFFFFFFFFFFFFFFFFFFF4C
:10D4F000FFFFFFFFFFFFFFFFFFFFFFFFFFFFFFFF3C
:10D50000FFFFFFFFFFFFFFFFFFFFFFFFFFFFFFFF2B
:10D51000FFFFFFFFFFFFFFFFFFFFFFFFFFFFFFFF1B
:10D52000FFFFFFFFFFFFFFFFFFFFFFFFFFFFFFFF0B
:10D53000FFFFFFFFFFFFFFFFFFFFFFFFFFFFFFFFFB
:10D54000FFFFFFFFFFFFFFFFFFFFFFFFFFFFFFFFEB
:10D55000FFFFFFFFFFFFFFFFFFFFFFFFFFFFFFFFDB
:10D56000FFFFFFFFFFFFFFFFFFFFFFFFFFFFFFFFCB
:10D57000FFFFFFFFFFFFFFFFFFFFFFFFFFFFFFFFBB
:10D58000FFFFFFFFFFFFFFFFFFFFFFFFFFFFFFFFAB
:10D59000FFFFFFFFFFFFFFFFFFFFFFFFFFFFFFFF9B
:10D5A000FFFFFFFFFFFFFFFFFFFFFFFFFFFFFFFF8B
:10D5B000FFFFFFFFFFFFFFFFFFFFFFFFFFFFFFFF7B
:10D5C000FFFFFFFFFFFFFFFFFFFFFFFFFFFFFFFF6B
:10D5D000FFFFFFFFFFFFFFFFFFFFFFFFFFFFFFFF5B
:10D5E000FFFFFFFFFFFFFFFFFFFFFFFFFFFFFFFF4B
:10D5F000FFFFFFFFFFFFFFFFFFFFFFFFFFFFFFFF3B
:10D60000FFFFFFFFFFFFFFFFFFFFFFFFFFFFFFFF2A
:10D61000FFFFFFFFFFFFFFFFFFFFFFFFFFFFFFFF1A
:10D62000FFFFFFFFFFFFFFFFFFFFFFFFFFFFFFFF0A
:10D63000FFFFFFFFFFFFFFFFFFFFFFFFFFFFFFFFFA
:10D64000FFFFFFFFFFFFFFFFFFFFFFFFFFFFFFFFEA
:10D65000FFFFFFFFFFFFFFFFFFFFFFFFFFFFFFFFDA
:10D66000FFFFFFFFFFFFFFFFFFFFFFFFFFFFFFFFCA
:10D67000FFFFFFFFFFFFFFFFFFFFFFFFFFFFFFFFBA
:10D68000FFFFFFFFFFFFFFFFFFFFFFFFFFFFFFFFAA
:10D69000FFFFFFFFFFFFFFFFFFFFFFFFFFFFFFFF9A
:10D6A000FFFFFFFFFFFFFFFFFFFFFFFFFFFFFFFF8A
:10D6B000FFFFFFFFFFFFFFFFFFFFFFFFFFFFFFFF7A
:10D6C000FFFFFFFFFFFFFFFFFFFFFFFFFFFFFFFF6A
:10D6D000FFFFFFFFFFFFFFFFFFFFFFFFFFFFFFFF5A
:10D6E000FFFFFFFFFFFFFFFFFFFFFFFFFFFFFFFF4A
:10D6F000FFFFFFFFFFFFFFFFFFFFFFFFFFFFFFFF3A
:10D70000FFFFFFFFFFFFFFFFFFFFFFFFFFFFFFFF29
:10D71000FFFFFFFFFFFFFFFFFFFFFFFFFFFFFFFF19
:10D72000FFFFFFFFFFFFFFFFFFFFFFFFFFFFFFFF09
:10D73000FFFFFFFFFFFFFFFFFFFFFFFFFFFFFFFFF9
:10D74000FFFFFFFFFFFFFFFFFFFFFFFFFFFFFFFFE9
:10D75000FFFFFFFFFFFFFFFFFFFFFFFFFFFFFFFFD9
:10D76000FFFFFFFFFFFFFFFFFFFFFFFFFFFFFFFFC9
:10D77000FFFFFFFFFFFFFFFFFFFFFFFFFFFFFFFFB9
:10D78000FFFFFFFFFFFFFFFFFFFFFFFFFFFFFFFFA9
:10D79000FFFFFFFFFFFFFFFFFFFFFFFFFFFFFFFF99
:10D7A000FFFFFFFFFFFFFFFFFFFFFFFFFFFFFFFF89
:10D7B000FFFFFFFFFFFFFFFFFFFFFFFFFFFFFFFF79
:10D7C000FFFFFFFFFFFFFFFFFFFFFFFFFFFFFFFF69
:10D7D000FFFFFFFFFFFFFFFFFFFFFFFFFFFFFFFF59
:10D7E000FFFFFFFFFFFFFFFFFFFFFFFFFFFFFFFF49
:10D7F000FFFFFFFFFFFFFFFFFFFFFFFFFFFFFFFF39
:10D80000FFFFFFFFFFFFFFFFFFFFFFFFFFFFFFFF28
:10D81000FFFFFFFFFFFFFFFFFFFFFFFFFFFFFFFF18
:10D82000FFFFFFFFFFFFFFFFFFFFFFFFFFFFFFFF08
:10D83000FFFFFFFFFFFFFFFFFFFFFFFFFFFFFFFFF8
:10D84000FFFFFFFFFFFFFFFFFFFFFFFFFFFFFFFFE8
:10D85000FFFFFFFFFFFFFFFFFFFFFFFFFFFFFFFFD8
:10D86000FFFFFFFFFFFFFFFFFFFFFFFFFFFFFFFFC8
:10D87000FFFFFFFFFFFFFFFFFFFFFFFFFFFFFFFFB8
:10D88000FFFFFFFFFFFFFFFFFFFFFFFFFFFFFFFFA8
:10D89000FFFFFFFFFFFFFFFFFFFFFFFFFFFFFFFF98
:10D8A000FFFFFFFFFFFFFFFFFFFFFFFFFFFFFFFF88
:10D8B000FFFFFFFFFFFFFFFFFFFFFFFFFFFFFFFF78
:10D8C000FFFFFFFFFFFFFFFFFFFFFFFFFFFFFFFF68
:10D8D000FFFFFFFFFFFFFFFFFFFFFFFFFFFFFFFF58
:10D8E000FFFFFFFFFFFFFFFFFFFFFFFFFFFFFFFF48
:10D8F000FFFFFFFFFFFFFFFFFFFFFFFFFFFFFFFF38
:10D90000FFFFFFFFFFFFFFFFFFFFFFFFFFFFFFFF27
:10D91000FFFFFFFFFFFFFFFFFFFFFFFFFFFFFFFF17
:10D92000FFFFFFFFFFFFFFFFFFFFFFFFFFFFFFFF07
:10D93000FFFFFFFFFFFFFFFFFFFFFFFFFFFFFFFFF7
:10D94000FFFFFFFFFFFFFFFFFFFFFFFFFFFFFFFFE7
:10D95000FFFFFFFFFFFFFFFFFFFFFFFFFFFFFFFFD7
:10D96000FFFFFFFFFFFFFFFFFFFFFFFFFFFFFFFFC7
:10D97000FFFFFFFFFFFFFFFFFFFFFFFFFFFFFFFFB7
:10D98000FFFFFFFFFFFFFFFFFFFFFFFFFFFFFFFFA7
:10D99000FFFFFFFFFFFFFFFFFFFFFFFFFFFFFFFF97
:10D9A000FFFFFFFFFFFFFFFFFFFFFFFFFFFFFFFF87
:10D9B000FFFFFFFFFFFFFFFFFFFFFFFFFFFFFFFF77
:10D9C000FFFFFFFFFFFFFFFFFFFFFFFFFFFFFFFF67
:10D9D000FFFFFFFFFFFFFFFFFFFFFFFFFFFFFFFF57
:10D9E000FFFFFFFFFFFFFFFFFFFFFFFFFFFFFFFF47
:10D9F000FFFFFFFFFFFFFFFFFFFFFFFFFFFFFFFF37
:10DA0000FFFFFFFFFFFFFFFFFFFFFFFFFFFFFFFF26
:10DA1000FFFFFFFFFFFFFFFFFFFFFFFFFFFFFFFF16
:10DA2000FFFFFFFFFFFFFFFFFFFFFFFFFFFFFFFF06
:10DA3000FFFFFFFFFFFFFFFFFFFFFFFFFFFFFFFFF6
:10DA4000FFFFFFFFFFFFFFFFFFFFFFFFFFFFFFFFE6
:10DA5000FFFFFFFFFFFFFFFFFFFFFFFFFFFFFFFFD6
:10DA6000FFFFFFFFFFFFFFFFFFFFFFFFFFFFFFFFC6
:10DA7000FFFFFFFFFFFFFFFFFFFFFFFFFFFFFFFFB6
:10DA8000FFFFFFFFFFFFFFFFFFFFFFFFFFFFFFFFA6
:10DA9000FFFFFFFFFFFFFFFFFFFFFFFFFFFFFFFF96
:10DAA000FFFFFFFFFFFFFFFFFFFFFFFFFFFFFFFF86
:10DAB000FFFFFFFFFFFFFFFFFFFFFFFFFFFFFFFF76
:10DAC000FFFFFFFFFFFFFFFFFFFFFFFFFFFFFFFF66
:10DAD000FFFFFFFFFFFFFFFFFFFFFFFFFFFFFFFF56
:10DAE000FFFFFFFFFFFFFFFFFFFFFFFFFFFFFFFF46
:10DAF000FFFFFFFFFFFFFFFFFFFFFFFFFFFFFFFF36
:10DB0000FFFFFFFFFFFFFFFFFFFFFFFFFFFFFFFF25
:10DB1000FFFFFFFFFFFFFFFFFFFFFFFFFFFFFFFF15
:10DB2000FFFFFFFFFFFFFFFFFFFFFFFFFFFFFFFF05
:10DB3000FFFFFFFFFFFFFFFFFFFFFFFFFFFFFFFFF5
:10DB4000FFFFFFFFFFFFFFFFFFFFFFFFFFFFFFFFE5
:10DB5000FFFFFFFFFFFFFFFFFFFFFFFFFFFFFFFFD5
:10DB6000FFFFFFFFFFFFFFFFFFFFFFFFFFFFFFFFC5
:10DB7000FFFFFFFFFFFFFFFFFFFFFFFFFFFFFFFFB5
:10DB8000FFFFFFFFFFFFFFFFFFFFFFFFFFFFFFFFA5
:10DB9000FFFFFFFFFFFFFFFFFFFFFFFFFFFFFFFF95
:10DBA000FFFFFFFFFFFFFFFFFFFFFFFFFFFFFFFF85
:10DBB000FFFFFFFFFFFFFFFFFFFFFFFFFFFFFFFF75
:10DBC000FFFFFFFFFFFFFFFFFFFFFFFFFFFFFFFF65
:10DBD000FFFFFFFFFFFFFFFFFFFFFFFFFFFFFFFF55
:10DBE000FFFFFFFFFFFFFFFFFFFFFFFFFFFFFFFF45
:10DBF000FFFFFFFFFFFFFFFFFFFFFFFFFFFFFFFF35
:10DC0000FFFFFFFFFFFFFFFFFFFFFFFFFFFFFFFF24
:10DC1000FFFFFFFFFFFFFFFFFFFFFFFFFFFFFFFF14
:10DC2000FFFFFFFFFFFFFFFFFFFFFFFFFFFFFFFF04
:10DC3000FFFFFFFFFFFFFFFFFFFFFFFFFFFFFFFFF4
:10DC4000FFFFFFFFFFFFFFFFFFFFFFFFFFFFFFFFE4
:10DC5000FFFFFFFFFFFFFFFFFFFFFFFFFFFFFFFFD4
:10DC6000FFFFFFFFFFFFFFFFFFFFFFFFFFFFFFFFC4
:10DC7000FFFFFFFFFFFFFFFFFFFFFFFFFFFFFFFFB4
:10DC8000FFFFFFFFFFFFFFFFFFFFFFFFFFFFFFFFA4
:10DC9000FFFFFFFFFFFFFFFFFFFFFFFFFFFFFFFF94
:10DCA000FFFFFFFFFFFFFFFFFFFFFFFFFFFFFFFF84
:10DCB000FFFFFFFFFFFFFFFFFFFFFFFFFFFFFFFF74
:10DCC000FFFFFFFFFFFFFFFFFFFFFFFFFFFFFFFF64
:10DCD000FFFFFFFFFFFFFFFFFFFFFFFFFFFFFFFF54
:10DCE000FFFFFFFFFFFFFFFFFFFFFFFFFFFFFFFF44
:10DCF000FFFFFFFFFFFFFFFFFFFFFFFFFFFFFFFF34
:10DD0000FFFFFFFFFFFFFFFFFFFFFFFFFFFFFFFF23
:10DD1000FFFFFFFFFFFFFFFFFFFFFFFFFFFFFFFF13
:10DD2000FFFFFFFFFFFFFFFFFFFFFFFFFFFFFFFF03
:10DD3000FFFFFFFFFFFFFFFFFFFFFFFFFFFFFFFFF3
:10DD4000FFFFFFFFFFFFFFFFFFFFFFFFFFFFFFFFE3
:10DD5000FFFFFFFFFFFFFFFFFFFFFFFFFFFFFFFFD3
:10DD6000FFFFFFFFFFFFFFFFFFFFFFFFFFFFFFFFC3
:10DD7000FFFFFFFFFFFFFFFFFFFFFFFFFFFFFFFFB3
:10DD8000FFFFFFFFFFFFFFFFFFFFFFFFFFFFFFFFA3
:10DD9000FFFFFFFFFFFFFFFFFFFFFFFFFFFFFFFF93
:10DDA000FFFFFFFFFFFFFFFFFFFFFFFFFFFFFFFF83
:10DDB000FFFFFFFFFFFFFFFFFFFFFFFFFFFFFFFF73
:10DDC000FFFFFFFFFFFFFFFFFFFFFFFFFFFFFFFF63
:10DDD000FFFFFFFFFFFFFFFFFFFFFFFFFFFFFFFF53
:10DDE000FFFFFFFFFFFFFFFFFFFFFFFFFFFFFFFF43
:10DDF000FFFFFFFFFFFFFFFFFFFFFFFFFFFFFFFF33
:10DE0000FFFFFFFFFFFFFFFFFFFFFFFFFFFFFFFF22
:10DE1000FFFFFFFFFFFFFFFFFFFFFFFFFFFFFFFF12
:10DE2000FFFFFFFFFFFFFFFFFFFFFFFFFFFFFFFF02
:10DE3000FFFFFFFFFFFFFFFFFFFFFFFFFFFFFFFFF2
:10DE4000FFFFFFFFFFFFFFFFFFFFFFFFFFFFFFFFE2
:10DE5000FFFFFFFFFFFFFFFFFFFFFFFFFFFFFFFFD2
:10DE6000FFFFFFFFFFFFFFFFFFFFFFFFFFFFFFFFC2
:10DE7000FFFFFFFFFFFFFFFFFFFFFFFFFFFFFFFFB2
:10DE8000FFFFFFFFFFFFFFFFFFFFFFFFFFFFFFFFA2
:10DE9000FFFFFFFFFFFFFFFFFFFFFFFFFFFFFFFF92
:10DEA000FFFFFFFFFFFFFFFFFFFFFFFFFFFFFFFF82
:10DEB000FFFFFFFFFFFFFFFFFFFFFFFFFFFFFFFF72
:10DEC000FFFFFFFFFFFFFFFFFFFFFFFFFFFFFFFF62
:10DED000FFFFFFFFFFFFFFFFFFFFFFFFFFFFFFFF52
:10DEE000FFFFFFFFFFFFFFFFFFFFFFFFFFFFFFFF42
:10DEF000FFFFFFFFFFFFFFFFFFFFFFFFFFFFFFFF32
:10DF0000FFFFFFFFFFFFFFFFFFFFFFFFFFFFFFFF21
:10DF1000FFFFFFFFFFFFFFFFFFFFFFFFFFFFFFFF11
:10DF2000FFFFFFFFFFFFFFFFFFFFFFFFFFFFFFFF01
:10DF3000FFFFFFFFFFFFFFFFFFFFFFFFFFFFFFFFF1
:10DF4000FFFFFFFFFFFFFFFFFFFFFFFFFFFFFFFFE1
:10DF5000FFFFFFFFFFFFFFFFFFFFFFFFFFFFFFFFD1
:10DF6000FFFFFFFFFFFFFFFFFFFFFFFFFFFFFFFFC1
:10DF7000FFFFFFFFFFFFFFFFFFFFFFFFFFFFFFFFB1
:10DF8000FFFFFFFFFFFFFFFFFFFFFFFFFFFFFFFFA1
:10DF9000FFFFFFFFFFFFFFFFFFFFFFFFFFFFFFFF91
:10DFA000FFFFFFFFFFFFFFFFFFFFFFFFFFFFFFFF81
:10DFB000FFFFFFFFFFFFFFFFFFFFFFFFFFFFFFFF71
:10DFC000FFFFFFFFFFFFFFFFFFFFFFFFFFFFFFFF61
:10DFD000FFFFFFFFFFFFFFFFFFFFFFFFFFFFFFFF51
:10DFE000FFFFFFFFFFFFFFFFFFFFFFFFFFFFFFFF41
:10DFF000FFFFFFFFFFFFFFFFFFFFFFFFFFFFFFFF31
:10E00000FFFFFFFFFFFFFFFFFFFFFFFFFFFFFFFF20
:10E01000FFFFFFFFFFFFFFFFFFFFFFFFFFFFFFFF10
:10E02000FFFFFFFFFFFFFFFFFFFFFFFFFFFFFFFF00
:10E03000FFFFFFFFFFFFFFFFFFFFFFFFFFFFFFFFF0
:10E04000FFFFFFFFFFFFFFFFFFFFFFFFFFFFFFFFE0
:10E05000FFFFFFFFFFFFFFFFFFFFFFFFFFFFFFFFD0
:10E06000FFFFFFFFFFFFFFFFFFFFFFFFFFFFFFFFC0
:10E07000FFFFFFFFFFFFFFFFFFFFFFFFFFFFFFFFB0
:10E08000FFFFFFFFFFFFFFFFFFFFFFFFFFFFFFFFA0
:10E09000FFFFFFFFFFFFFFFFFFFFFFFFFFFFFFFF90
:10E0A000FFFFFFFFFFFFFFFFFFFFFFFFFFFFFFFF80
:10E0B000FFFFFFFFFFFFFFFFFFFFFFFFFFFFFFFF70
:10E0C000FFFFFFFFFFFFFFFFFFFFFFFFFFFFFFFF60
:10E0D000FFFFFFFFFFFFFFFFFFFFFFFFFFFFFFFF50
:10E0E000FFFFFFFFFFFFFFFFFFFFFFFFFFFFFFFF40
:10E0F000FFFFFFFFFFFFFFFFFFFFFFFFFFFFFFFF30
:10E10000FFFFFFFFFFFFFFFFFFFFFFFFFFFFFFFF1F
:10E11000FFFFFFFFFFFFFFFFFFFFFFFFFFFFFFFF0F
:10E12000FFFFFFFFFFFFFFFFFFFFFFFFFFFFFFFFFF
:10E13000FFFFFFFFFFFFFFFFFFFFFFFFFFFFFFFFEF
:10E14000FFFFFFFFFFFFFFFFFFFFFFFFFFFFFFFFDF
:10E15000FFFFFFFFFFFFFFFFFFFFFFFFFFFFFFFFCF
:10E16000FFFFFFFFFFFFFFFFFFFFFFFFFFFFFFFFBF
:10E17000FFFFFFFFFFFFFFFFFFFFFFFFFFFFFFFFAF
:10E18000FFFFFFFFFFFFFFFFFFFFFFFFFFFFFFFF9F
:10E19000FFFFFFFFFFFFFFFFFFFFFFFFFFFFFFFF8F
:10E1A000FFFFFFFFFFFFFFFFFFFFFFFFFFFFFFFF7F
:10E1B000FFFFFFFFFFFFFFFFFFFFFFFFFFFFFFFF6F
:10E1C000FFFFFFFFFFFFFFFFFFFFFFFFFFFFFFFF5F
:10E1D000FFFFFFFFFFFFFFFFFFFFFFFFFFFFFFFF4F
:10E1E000FFFFFFFFFFFFFFFFFFFFFFFFFFFFFFFF3F
:10E1F000FFFFFFFFFFFFFFFFFFFFFFFFFFFFFFFF2F
:10E20000FFFFFFFFFFFFFFFFFFFFFFFFFFFFFFFF1E
:10E21000FFFFFFFFFFFFFFFFFFFFFFFFFFFFFFFF0E
:10E22000FFFFFFFFFFFFFFFFFFFFFFFFFFFFFFFFFE
:10E23000FFFFFFFFFFFFFFFFFFFFFFFFFFFFFFFFEE
:10E24000FFFFFFFFFFFFFFFFFFFFFFFFFFFFFFFFDE
:10E25000FFFFFFFFFFFFFFFFFFFFFFFFFFFFFFFFCE
:10E26000FFFFFFFFFFFFFFFFFFFFFFFFFFFFFFFFBE
:10E27000FFFFFFFFFFFFFFFFFFFFFFFFFFFFFFFFAE
:10E28000FFFFFFFFFFFFFFFFFFFFFFFFFFFFFFFF9E
:10E29000FFFFFFFFFFFFFFFFFFFFFFFFFFFFFFFF8E
:10E2A000FFFFFFFFFFFFFFFFFFFFFFFFFFFFFFFF7E
:10E2B000FFFFFFFFFFFFFFFFFFFFFFFFFFFFFFFF6E
:10E2C000FFFFFFFFFFFFFFFFFFFFFFFFFFFFFFFF5E
:10E2D000FFFFFFFFFFFFFFFFFFFFFFFFFFFFFFFF4E
:10E2E000FFFFFFFFFFFFFFFFFFFFFFFFFFFFFFFF3E
:10E2F000FFFFFFFFFFFFFFFFFFFFFFFFFFFFFFFF2E
:10E30000FFFFFFFFFFFFFFFFFFFFFFFFFFFFFFFF1D
:10E31000FFFFFFFFFFFFFFFFFFFFFFFFFFFFFFFF0D
:10E32000FFFFFFFFFFFFFFFFFFFFFFFFFFFFFFFFFD
:10E33000FFFFFFFFFFFFFFFFFFFFFFFFFFFFFFFFED
:10E34000FFFFFFFFFFFFFFFFFFFFFFFFFFFFFFFFDD
:10E35000FFFFFFFFFFFFFFFFFFFFFFFFFFFFFFFFCD
:10E36000FFFFFFFFFFFFFFFFFFFFFFFFFFFFFFFFBD
:10E37000FFFFFFFFFFFFFFFFFFFFFFFFFFFFFFFFAD
:10E38000FFFFFFFFFFFFFFFFFFFFFFFFFFFFFFFF9D
:10E39000FFFFFFFFFFFFFFFFFFFFFFFFFFFFFFFF8D
:10E3A000FFFFFFFFFFFFFFFFFFFFFFFFFFFFFFFF7D
:10E3B000FFFFFFFFFFFFFFFFFFFFFFFFFFFFFFFF6D
:10E3C000FFFFFFFFFFFFFFFFFFFFFFFFFFFFFFFF5D
:10E3D000FFFFFFFFFFFFFFFFFFFFFFFFFFFFFFFF4D
:10E3E000FFFFFFFFFFFFFFFFFFFFFFFFFFFFFFFF3D
:10E3F000FFFFFFFFFFFFFFFFFFFFFFFFFFFFFFFF2D
:10E40000FFFFFFFFFFFFFFFFFFFFFFFFFFFFFFFF1C
:10E41000FFFFFFFFFFFFFFFFFFFFFFFFFFFFFFFF0C
:10E42000FFFFFFFFFFFFFFFFFFFFFFFFFFFFFFFFFC
:10E43000FFFFFFFFFFFFFFFFFFFFFFFFFFFFFFFFEC
:10E44000FFFFFFFFFFFFFFFFFFFFFFFFFFFFFFFFDC
:10E45000FFFFFFFFFFFFFFFFFFFFFFFFFFFFFFFFCC
:10E46000FFFFFFFFFFFFFFFFFFFFFFFFFFFFFFFFBC
:10E47000FFFFFFFFFFFFFFFFFFFFFFFFFFFFFFFFAC
:10E48000FFFFFFFFFFFFFFFFFFFFFFFFFFFFFFFF9C
:10E49000FFFFFFFFFFFFFFFFFFFFFFFFFFFFFFFF8C
:10E4A000FFFFFFFFFFFFFFFFFFFFFFFFFFFFFFFF7C
:10E4B000FFFFFFFFFFFFFFFFFFFFFFFFFFFFFFFF6C
:10E4C000FFFFFFFFFFFFFFFFFFFFFFFFFFFFFFFF5C
:10E4D000FFFFFFFFFFFFFFFFFFFFFFFFFFFFFFFF4C
:10E4E000FFFFFFFFFFFFFFFFFFFFFFFFFFFFFFFF3C
:10E4F000FFFFFFFFFFFFFFFFFFFFFFFFFFFFFFFF2C
:10E50000FFFFFFFFFFFFFFFFFFFFFFFFFFFFFFFF1B
:10E51000FFFFFFFFFFFFFFFFFFFFFFFFFFFFFFFF0B
:10E52000FFFFFFFFFFFFFFFFFFFFFFFFFFFFFFFFFB
:10E53000FFFFFFFFFFFFFFFFFFFFFFFFFFFFFFFFEB
:10E54000FFFFFFFFFFFFFFFFFFFFFFFFFFFFFFFFDB
:10E55000FFFFFFFFFFFFFFFFFFFFFFFFFFFFFFFFCB
:10E56000FFFFFFFFFFFFFFFFFFFFFFFFFFFFFFFFBB
:10E57000FFFFFFFFFFFFFFFFFFFFFFFFFFFFFFFFAB
:10E58000FFFFFFFFFFFFFFFFFFFFFFFFFFFFFFFF9B
:10E59000FFFFFFFFFFFFFFFFFFFFFFFFFFFFFFFF8B
:10E5A000FFFFFFFFFFFFFFFFFFFFFFFFFFFFFFFF7B
:10E5B000FFFFFFFFFFFFFFFFFFFFFFFFFFFFFFFF6B
:10E5C000FFFFFFFFFFFFFFFFFFFFFFFFFFFFFFFF5B
:10E5D000FFFFFFFFFFFFFFFFFFFFFFFFFFFFFFFF4B
:10E5E000FFFFFFFFFFFFFFFFFFFFFFFFFFFFFFFF3B
:10E5F000FFFFFFFFFFFFFFFFFFFFFFFFFFFFFFFF2B
:10E60000FFFFFFFFFFFFFFFFFFFFFFFFFFFFFFFF1A
:10E61000FFFFFFFFFFFFFFFFFFFFFFFFFFFFFFFF0A
:10E62000FFFFFFFFFFFFFFFFFFFFFFFFFFFFFFFFFA
:10E63000FFFFFFFFFFFFFFFFFFFFFFFFFFFFFFFFEA
:10E64000FFFFFFFFFFFFFFFFFFFFFFFFFFFFFFFFDA
:10E65000FFFFFFFFFFFFFFFFFFFFFFFFFFFFFFFFCA
:10E66000FFFFFFFFFFFFFFFFFFFFFFFFFFFFFFFFBA
:10E67000FFFFFFFFFFFFFFFFFFFFFFFFFFFFFFFFAA
:10E68000FFFFFFFFFFFFFFFFFFFFFFFFFFFFFFFF9A
:10E69000FFFFFFFFFFFFFFFFFFFFFFFFFFFFFFFF8A
:10E6A000FFFFFFFFFFFFFFFFFFFFFFFFFFFFFFFF7A
:10E6B000FFFFFFFFFFFFFFFFFFFFFFFFFFFFFFFF6A
:10E6C000FFFFFFFFFFFFFFFFFFFFFFFFFFFFFFFF5A
:10E6D000FFFFFFFFFFFFFFFFFFFFFFFFFFFFFFFF4A
:10E6E000FFFFFFFFFFFFFFFFFFFFFFFFFFFFFFFF3A
:10E6F000FFFFFFFFFFFFFFFFFFFFFFFFFFFFFFFF2A
:10E70000FFFFFFFFFFFFFFFFFFFFFFFFFFFFFFFF19
:10E71000FFFFFFFFFFFFFFFFFFFFFFFFFFFFFFFF09
:10E72000FFFFFFFFFFFFFFFFFFFFFFFFFFFFFFFFF9
:10E73000FFFFFFFFFFFFFFFFFFFFFFFFFFFFFFFFE9
:10E74000FFFFFFFFFFFFFFFFFFFFFFFFFFFFFFFFD9
:10E75000FFFFFFFFFFFFFFFFFFFFFFFFFFFFFFFFC9
:10E76000FFFFFFFFFFFFFFFFFFFFFFFFFFFFFFFFB9
:10E77000FFFFFFFFFFFFFFFFFFFFFFFFFFFFFFFFA9
:10E78000FFFFFFFFFFFFFFFFFFFFFFFFFFFFFFFF99
:10E79000FFFFFFFFFFFFFFFFFFFFFFFFFFFFFFFF89
:10E7A000FFFFFFFFFFFFFFFFFFFFFFFFFFFFFFFF79
:10E7B000FFFFFFFFFFFFFFFFFFFFFFFFFFFFFFFF69
:10E7C000FFFFFFFFFFFFFFFFFFFFFFFFFFFFFFFF59
:10E7D000FFFFFFFFFFFFFFFFFFFFFFFFFFFFFFFF49
:10E7E000FFFFFFFFFFFFFFFFFFFFFFFFFFFFFFFF39
:10E7F000FFFFFFFFFFFFFFFFFFFFFFFFFFFFFFFF29
:10E80000FFFFFFFFFFFFFFFFFFFFFFFFFFFFFFFF18
:10E81000FFFFFFFFFFFFFFFFFFFFFFFFFFFFFFFF08
:10E82000FFFFFFFFFFFFFFFFFFFFFFFFFFFFFFFFF8
:10E83000FFFFFFFFFFFFFFFFFFFFFFFFFFFFFFFFE8
:10E84000FFFFFFFFFFFFFFFFFFFFFFFFFFFFFFFFD8
:10E85000FFFFFFFFFFFFFFFFFFFFFFFFFFFFFFFFC8
:10E86000FFFFFFFFFFFFFFFFFFFFFFFFFFFFFFFFB8
:10E87000FFFFFFFFFFFFFFFFFFFFFFFFFFFFFFFFA8
:10E88000FFFFFFFFFFFFFFFFFFFFFFFFFFFFFFFF98
:10E89000FFFFFFFFFFFFFFFFFFFFFFFFFFFFFFFF88
:10E8A000FFFFFFFFFFFFFFFFFFFFFFFFFFFFFFFF78
:10E8B000FFFFFFFFFFFFFFFFFFFFFFFFFFFFFFFF68
:10E8C000FFFFFFFFFFFFFFFFFFFFFFFFFFFFFFFF58
:10E8D000FFFFFFFFFFFFFFFFFFFFFFFFFFFFFFFF48
:10E8E000FFFFFFFFFFFFFFFFFFFFFFFFFFFFFFFF38
:10E8F000FFFFFFFFFFFFFFFFFFFFFFFFFFFFFFFF28
:10E90000FFFFFFFFFFFFFFFFFFFFFFFFFFFFFFFF17
:10E91000FFFFFFFFFFFFFFFFFFFFFFFFFFFFFFFF07
:10E92000FFFFFFFFFFFFFFFFFFFFFFFFFFFFFFFFF7
:10E93000FFFFFFFFFFFFFFFFFFFFFFFFFFFFFFFFE7
:10E94000FFFFFFFFFFFFFFFFFFFFFFFFFFFFFFFFD7
:10E95000FFFFFFFFFFFFFFFFFFFFFFFFFFFFFFFFC7
:10E96000FFFFFFFFFFFFFFFFFFFFFFFFFFFFFFFFB7
:10E97000FFFFFFFFFFFFFFFFFFFFFFFFFFFFFFFFA7
:10E98000FFFFFFFFFFFFFFFFFFFFFFFFFFFFFFFF97
:10E99000FFFFFFFFFFFFFFFFFFFFFFFFFFFFFFFF87
:10E9A000FFFFFFFFFFFFFFFFFFFFFFFFFFFFFFFF77
:10E9B000FFFFFFFFFFFFFFFFFFFFFFFFFFFFFFFF67
:10E9C000FFFFFFFFFFFFFFFFFFFFFFFFFFFFFFFF57
:10E9D000FFFFFFFFFFFFFFFFFFFFFFFFFFFFFFFF47
:10E9E000FFFFFFFFFFFFFFFFFFFFFFFFFFFFFFFF37
:10E9F000FFFFFFFFFFFFFFFFFFFFFFFFFFFFFFFF27
:10EA0000FFFFFFFFFFFFFFFFFFFFFFFFFFFFFFFF16
:10EA1000FFFFFFFFFFFFFFFFFFFFFFFFFFFFFFFF06
:10EA2000FFFFFFFFFFFFFFFFFFFFFFFFFFFFFFFFF6
:10EA3000FFFFFFFFFFFFFFFFFFFFFFFFFFFFFFFFE6
:10EA4000FFFFFFFFFFFFFFFFFFFFFFFFFFFFFFFFD6
:10EA5000FFFFFFFFFFFFFFFFFFFFFFFFFFFFFFFFC6
:10EA6000FFFFFFFFFFFFFFFFFFFFFFFFFFFFFFFFB6
:10EA7000FFFFFFFFFFFFFFFFFFFFFFFFFFFFFFFFA6
:10EA8000FFFFFFFFFFFFFFFFFFFFFFFFFFFFFFFF96
:10EA9000FFFFFFFFFFFFFFFFFFFFFFFFFFFFFFFF86
:10EAA000FFFFFFFFFFFFFFFFFFFFFFFFFFFFFFFF76
:10EAB000FFFFFFFFFFFFFFFFFFFFFFFFFFFFFFFF66
:10EAC000FFFFFFFFFFFFFFFFFFFFFFFFFFFFFFFF56
:10EAD000FFFFFFFFFFFFFFFFFFFFFFFFFFFFFFFF46
:10EAE000FFFFFFFFFFFFFFFFFFFFFFFFFFFFFFFF36
:10EAF000FFFFFFFFFFFFFFFFFFFFFFFFFFFFFFFF26
:10EB0000FFFFFFFFFFFFFFFFFFFFFFFFFFFFFFFF15
:10EB1000FFFFFFFFFFFFFFFFFFFFFFFFFFFFFFFF05
:10EB2000FFFFFFFFFFFFFFFFFFFFFFFFFFFFFFFFF5
:10EB3000FFFFFFFFFFFFFFFFFFFFFFFFFFFFFFFFE5
:10EB4000FFFFFFFFFFFFFFFFFFFFFFFFFFFFFFFFD5
:10EB5000FFFFFFFFFFFFFFFFFFFFFFFFFFFFFFFFC5
:10EB6000FFFFFFFFFFFFFFFFFFFFFFFFFFFFFFFFB5
:10EB7000FFFFFFFFFFFFFFFFFFFFFFFFFFFFFFFFA5
:10EB8000FFFFFFFFFFFFFFFFFFFFFFFFFFFFFFFF95
:10EB9000FFFFFFFFFFFFFFFFFFFFFFFFFFFFFFFF85
:10EBA000FFFFFFFFFFFFFFFFFFFFFFFFFFFFFFFF75
:10EBB000FFFFFFFFFFFFFFFFFFFFFFFFFFFFFFFF65
:10EBC000FFFFFFFFFFFFFFFFFFFFFFFFFFFFFFFF55
:10EBD000FFFFFFFFFFFFFFFFFFFFFFFFFFFFFFFF45
:10EBE000FFFFFFFFFFFFFFFFFFFFFFFFFFFFFFFF35
:10EBF000FFFFFFFFFFFFFFFFFFFFFFFFFFFFFFFF25
:10EC0000FFFFFFFFFFFFFFFFFFFFFFFFFFFFFFFF14
:10EC1000FFFFFFFFFFFFFFFFFFFFFFFFFFFFFFFF04
:10EC2000FFFFFFFFFFFFFFFFFFFFFFFFFFFFFFFFF4
:10EC3000FFFFFFFFFFFFFFFFFFFFFFFFFFFFFFFFE4
:10EC4000FFFFFFFFFFFFFFFFFFFFFFFFFFFFFFFFD4
:10EC5000FFFFFFFFFFFFFFFFFFFFFFFFFFFFFFFFC4
:10EC6000FFFFFFFFFFFFFFFFFFFFFFFFFFFFFFFFB4
:10EC7000FFFFFFFFFFFFFFFFFFFFFFFFFFFFFFFFA4
:10EC8000FFFFFFFFFFFFFFFFFFFFFFFFFFFFFFFF94
:10EC9000FFFFFFFFFFFFFFFFFFFFFFFFFFFFFFFF84
:10ECA000FFFFFFFFFFFFFFFFFFFFFFFFFFFFFFFF74
:10ECB000FFFFFFFFFFFFFFFFFFFFFFFFFFFFFFFF64
:10ECC000FFFFFFFFFFFFFFFFFFFFFFFFFFFFFFFF54
:10ECD000FFFFFFFFFFFFFFFFFFFFFFFFFFFFFFFF44
:10ECE000FFFFFFFFFFFFFFFFFFFFFFFFFFFFFFFF34
:10ECF000FFFFFFFFFFFFFFFFFFFFFFFFFFFFFFFF24
:10ED0000FFFFFFFFFFFFFFFFFFFFFFFFFFFFFFFF13
:10ED1000FFFFFFFFFFFFFFFFFFFFFFFFFFFFFFFF03
:10ED2000FFFFFFFFFFFFFFFFFFFFFFFFFFFFFFFFF3
:10ED3000FFFFFFFFFFFFFFFFFFFFFFFFFFFFFFFFE3
:10ED4000FFFFFFFFFFFFFFFFFFFFFFFFFFFFFFFFD3
:10ED5000FFFFFFFFFFFFFFFFFFFFFFFFFFFFFFFFC3
:10ED6000FFFFFFFFFFFFFFFFFFFFFFFFFFFFFFFFB3
:10ED7000FFFFFFFFFFFFFFFFFFFFFFFFFFFFFFFFA3
:10ED8000FFFFFFFFFFFFFFFFFFFFFFFFFFFFFFFF93
:10ED9000FFFFFFFFFFFFFFFFFFFFFFFFFFFFFFFF83
:10EDA000FFFFFFFFFFFFFFFFFFFFFFFFFFFFFFFF73
:10EDB000FFFFFFFFFFFFFFFFFFFFFFFFFFFFFFFF63
:10EDC000FFFFFFFFFFFFFFFFFFFFFFFFFFFFFFFF53
:10EDD000FFFFFFFFFFFFFFFFFFFFFFFFFFFFFFFF43
:10EDE000FFFFFFFFFFFFFFFFFFFFFFFFFFFFFFFF33
:10EDF000FFFFFFFFFFFFFFFFFFFFFFFFFFFFFFFF23
:10EE0000FFFFFFFFFFFFFFFFFFFFFFFFFFFFFFFF12
:10EE1000FFFFFFFFFFFFFFFFFFFFFFFFFFFFFFFF02
:10EE2000FFFFFFFFFFFFFFFFFFFFFFFFFFFFFFFFF2
:10EE3000FFFFFFFFFFFFFFFFFFFFFFFFFFFFFFFFE2
:10EE4000FFFFFFFFFFFFFFFFFFFFFFFFFFFFFFFFD2
:10EE5000FFFFFFFFFFFFFFFFFFFFFFFFFFFFFFFFC2
:10EE6000FFFFFFFFFFFFFFFFFFFFFFFFFFFFFFFFB2
:10EE7000FFFFFFFFFFFFFFFFFFFFFFFFFFFFFFFFA2
:10EE8000FFFFFFFFFFFFFFFFFFFFFFFFFFFFFFFF92
:10EE9000FFFFFFFFFFFFFFFFFFFFFFFFFFFFFFFF82
:10EEA000FFFFFFFFFFFFFFFFFFFFFFFFFFFFFFFF72
:10EEB000FFFFFFFFFFFFFFFFFFFFFFFFFFFFFFFF62
:10EEC000FFFFFFFFFFFFFFFFFFFFFFFFFFFFFFFF52
:10EED000FFFFFFFFFFFFFFFFFFFFFFFFFFFFFFFF42
:10EEE000FFFFFFFFFFFFFFFFFFFFFFFFFFFFFFFF32
:10EEF000FFFFFFFFFFFFFFFFFFFFFFFFFFFFFFFF22
:10EF0000FFFFFFFFFFFFFFFFFFFFFFFFFFFFFFFF11
:10EF1000FFFFFFFFFFFFFFFFFFFFFFFFFFFFFFFF01
:10EF2000FFFFFFFFFFFFFFFFFFFFFFFFFFFFFFFFF1
:10EF3000FFFFFFFFFFFFFFFFFFFFFFFFFFFFFFFFE1
:10EF4000FFFFFFFFFFFFFFFFFFFFFFFFFFFFFFFFD1
:10EF5000FFFFFFFFFFFFFFFFFFFFFFFFFFFFFFFFC1
:10EF6000FFFFFFFFFFFFFFFFFFFFFFFFFFFFFFFFB1
:10EF7000FFFFFFFFFFFFFFFFFFFFFFFFFFFFFFFFA1
:10EF8000FFFFFFFFFFFFFFFFFFFFFFFFFFFFFFFF91
:10EF9000FFFFFFFFFFFFFFFFFFFFFFFFFFFFFFFF81
:10EFA000FFFFFFFFFFFFFFFFFFFFFFFFFFFFFFFF71
:10EFB000FFFFFFFFFFFFFFFFFFFFFFFFFFFFFFFF61
:10EFC000FFFFFFFFFFFFFFFFFFFFFFFFFFFFFFFF51
:10EFD000FFFFFFFFFFFFFFFFFFFFFFFFFFFFFFFF41
:10EFE000FFFFFFFFFFFFFFFFFFFFFFFFFFFFFFFF31
:10EFF000FFFFFFFFFFFFFFFFFFFFFFFFFFFFFFFF21
:10F00000FFFFFFFFFFFFFFFFFFFFFFFFFFFFFFFF10
:10F01000FFFFFFFFFFFFFFFFFFFFFFFFFFFFFFFF00
:10F02000FFFFFFFFFFFFFFFFFFFFFFFFFFFFFFFFF0
:10F03000FFFFFFFFFFFFFFFFFFFFFFFFFFFFFFFFE0
:10F04000FFFFFFFFFFFFFFFFFFFFFFFFFFFFFFFFD0
:10F05000FFFFFFFFFFFFFFFFFFFFFFFFFFFFFFFFC0
:10F06000FFFFFFFFFFFFFFFFFFFFFFFFFFFFFFFFB0
:10F07000FFFFFFFFFFFFFFFFFFFFFFFFFFFFFFFFA0
:10F08000FFFFFFFFFFFFFFFFFFFFFFFFFFFFFFFF90
:10F09000FFFFFFFFFFFFFFFFFFFFFFFFFFFFFFFF80
:10F0A000FFFFFFFFFFFFFFFFFFFFFFFFFFFFFFFF70
:10F0B000FFFFFFFFFFFFFFFFFFFFFFFFFFFFFFFF60
:10F0C000FFFFFFFFFFFFFFFFFFFFFFFFFFFFFFFF50
:10F0D000FFFFFFFFFFFFFFFFFFFFFFFFFFFFFFFF40
:10F0E000FFFFFFFFFFFFFFFFFFFFFFFFFFFFFFFF30
:10F0F000FFFFFFFFFFFFFFFFFFFFFFFFFFFFFFFF20
:10F10000FFFFFFFFFFFFFFFFFFFFFFFFFFFFFFFF0F
:10F11000FFFFFFFFFFFFFFFFFFFFFFFFFFFFFFFFFF
:10F12000FFFFFFFFFFFFFFFFFFFFFFFFFFFFFFFFEF
:10F13000FFFFFFFFFFFFFFFFFFFFFFFFFFFFFFFFDF
:10F14000FFFFFFFFFFFFFFFFFFFFFFFFFFFFFFFFCF
:10F15000FFFFFFFFFFFFFFFFFFFFFFFFFFFFFFFFBF
:10F16000FFFFFFFFFFFFFFFFFFFFFFFFFFFFFFFFAF
:10F17000FFFFFFFFFFFFFFFFFFFFFFFFFFFFFFFF9F
:10F18000FFFFFFFFFFFFFFFFFFFFFFFFFFFFFFFF8F
:10F19000FFFFFFFFFFFFFFFFFFFFFFFFFFFFFFFF7F
:10F1A000FFFFFFFFFFFFFFFFFFFFFFFFFFFFFFFF6F
:10F1B000FFFFFFFFFFFFFFFFFFFFFFFFFFFFFFFF5F
:10F1C000FFFFFFFFFFFFFFFFFFFFFFFFFFFFFFFF4F
:10F1D000FFFFFFFFFFFFFFFFFFFFFFFFFFFFFFFF3F
:10F1E000FFFFFFFFFFFFFFFFFFFFFFFFFFFFFFFF2F
:10F1F000FFFFFFFFFFFFFFFFFFFFFFFFFFFFFFFF1F
:10F20000FFFFFFFFFFFFFFFFFFFFFFFFFFFFFFFF0E
:10F21000FFFFFFFFFFFFFFFFFFFFFFFFFFFFFFFFFE
:10F22000FFFFFFFFFFFFFFFFFFFFFFFFFFFFFFFFEE
:10F23000FFFFFFFFFFFFFFFFFFFFFFFFFFFFFFFFDE
:10F24000FFFFFFFFFFFFFFFFFFFFFFFFFFFFFFFFCE
:10F25000FFFFFFFFFFFFFFFFFFFFFFFFFFFFFFFFBE
:10F26000FFFFFFFFFFFFFFFFFFFFFFFFFFFFFFFFAE
:10F27000FFFFFFFFFFFFFFFFFFFFFFFFFFFFFFFF9E
:10F28000FFFFFFFFFFFFFFFFFFFFFFFFFFFFFFFF8E
:10F29000FFFFFFFFFFFFFFFFFFFFFFFFFFFFFFFF7E
:10F2A000FFFFFFFFFFFFFFFFFFFFFFFFFFFFFFFF6E
:10F2B000FFFFFFFFFFFFFFFFFFFFFFFFFFFFFFFF5E
:10F2C000FFFFFFFFFFFFFFFFFFFFFFFFFFFFFFFF4E
:10F2D000FFFFFFFFFFFFFFFFFFFFFFFFFFFFFFFF3E
:10F2E000FFFFFFFFFFFFFFFFFFFFFFFFFFFFFFFF2E
:10F2F000FFFFFFFFFFFFFFFFFFFFFFFFFFFFFFFF1E
:10F30000FFFFFFFFFFFFFFFFFFFFFFFFFFFFFFFF0D
:10F31000FFFFFFFFFFFFFFFFFFFFFFFFFFFFFFFFFD
:10F32000FFFFFFFFFFFFFFFFFFFFFFFFFFFFFFFFED
:10F33000FFFFFFFFFFFFFFFFFFFFFFFFFFFFFFFFDD
:10F34000FFFFFFFFFFFFFFFFFFFFFFFFFFFFFFFFCD
:10F35000FFFFFFFFFFFFFFFFFFFFFFFFFFFFFFFFBD
:10F36000FFFFFFFFFFFFFFFFFFFFFFFFFFFFFFFFAD
:10F37000FFFFFFFFFFFFFFFFFFFFFFFFFFFFFFFF9D
:10F38000FFFFFFFFFFFFFFFFFFFFFFFFFFFFFFFF8D
:10F39000FFFFFFFFFFFFFFFFFFFFFFFFFFFFFFFF7D
:10F3A000FFFFFFFFFFFFFFFFFFFFFFFFFFFFFFFF6D
:10F3B000FFFFFFFFFFFFFFFFFFFFFFFFFFFFFFFF5D
:10F3C000FFFFFFFFFFFFFFFFFFFFFFFFFFFFFFFF4D
:10F3D000FFFFFFFFFFFFFFFFFFFFFFFFFFFFFFFF3D
:10F3E000FFFFFFFFFFFFFFFFFFFFFFFFFFFFFFFF2D
:10F3F000FFFFFFFFFFFFFFFFFFFFFFFFFFFFFFFF1D
:10F40000FFFFFFFFFFFFFFFFFFFFFFFFFFFFFFFF0C
:10F41000FFFFFFFFFFFFFFFFFFFFFFFFFFFFFFFFFC
:10F42000FFFFFFFFFFFFFFFFFFFFFFFFFFFFFFFFEC
:10F43000FFFFFFFFFFFFFFFFFFFFFFFFFFFFFFFFDC
:10F44000FFFFFFFFFFFFFFFFFFFFFFFFFFFFFFFFCC
:10F45000FFFFFFFFFFFFFFFFFFFFFFFFFFFFFFFFBC
:10F46000FFFFFFFFFFFFFFFFFFFFFFFFFFFFFFFFAC
:10F47000FFFFFFFFFFFFFFFFFFFFFFFFFFFFFFFF9C
:10F48000FFFFFFFFFFFFFFFFFFFFFFFFFFFFFFFF8C
:10F49000FFFFFFFFFFFFFFFFFFFFFFFFFFFFFFFF7C
:10F4A000FFFFFFFFFFFFFFFFFFFFFFFFFFFFFFFF6C
:10F4B000FFFFFFFFFFFFFFFFFFFFFFFFFFFFFFFF5C
:10F4C000FFFFFFFFFFFFFFFFFFFFFFFFFFFFFFFF4C
:10F4D000FFFFFFFFFFFFFFFFFFFFFFFFFFFFFFFF3C
:10F4E000FFFFFFFFFFFFFFFFFFFFFFFFFFFFFFFF2C
:10F4F000FFFFFFFFFFFFFFFFFFFFFFFFFFFFFFFF1C
:10F50000FFFFFFFFFFFFFFFFFFFFFFFFFFFFFFFF0B
:10F51000FFFFFFFFFFFFFFFFFFFFFFFFFFFFFFFFFB
:10F52000FFFFFFFFFFFFFFFFFFFFFFFFFFFFFFFFEB
:10F53000FFFFFFFFFFFFFFFFFFFFFFFFFFFFFFFFDB
:10F54000FFFFFFFFFFFFFFFFFFFFFFFFFFFFFFFFCB
:10F55000FFFFFFFFFFFFFFFFFFFFFFFFFFFFFFFFBB
:10F56000FFFFFFFFFFFFFFFFFFFFFFFFFFFFFFFFAB
:10F57000FFFFFFFFFFFFFFFFFFFFFFFFFFFFFFFF9B
:10F58000FFFFFFFFFFFFFFFFFFFFFFFFFFFFFFFF8B
:10F59000FFFFFFFFFFFFFFFFFFFFFFFFFFFFFFFF7B
:10F5A000FFFFFFFFFFFFFFFFFFFFFFFFFFFFFFFF6B
:10F5B000FFFFFFFFFFFFFFFFFFFFFFFFFFFFFFFF5B
:10F5C000FFFFFFFFFFFFFFFFFFFFFFFFFFFFFFFF4B
:10F5D000FFFFFFFFFFFFFFFFFFFFFFFFFFFFFFFF3B
:10F5E000FFFFFFFFFFFFFFFFFFFFFFFFFFFFFFFF2B
:10F5F000FFFFFFFFFFFFFFFFFFFFFFFFFFFFFFFF1B
:10F60000FFFFFFFFFFFFFFFFFFFFFFFFFFFFFFFF0A
:10F61000FFFFFFFFFFFFFFFFFFFFFFFFFFFFFFFFFA
:10F62000FFFFFFFFFFFFFFFFFFFFFFFFFFFFFFFFEA
:10F63000FFFFFFFFFFFFFFFFFFFFFFFFFFFFFFFFDA
:10F64000FFFFFFFFFFFFFFFFFFFFFFFFFFFFFFFFCA
:10F65000FFFFFFFFFFFFFFFFFFFFFFFFFFFFFFFFBA
:10F66000FFFFFFFFFFFFFFFFFFFFFFFFFFFFFFFFAA
:10F67000FFFFFFFFFFFFFFFFFFFFFFFFFFFFFFFF9A
:10F68000FFFFFFFFFFFFFFFFFFFFFFFFFFFFFFFF8A
:10F69000FFFFFFFFFFFFFFFFFFFFFFFFFFFFFFFF7A
:10F6A000FFFFFFFFFFFFFFFFFFFFFFFFFFFFFFFF6A
:10F6B000FFFFFFFFFFFFFFFFFFFFFFFFFFFFFFFF5A
:10F6C000FFFFFFFFFFFFFFFFFFFFFFFFFFFFFFFF4A
:10F6D000FFFFFFFFFFFFFFFFFFFFFFFFFFFFFFFF3A
:10F6E000FFFFFFFFFFFFFFFFFFFFFFFFFFFFFFFF2A
:10F6F000FFFFFFFFFFFFFFFFFFFFFFFFFFFFFFFF1A
:10F70000FFFFFFFFFFFFFFFFFFFFFFFFFFFFFFFF09
:10F71000FFFFFFFFFFFFFFFFFFFFFFFFFFFFFFFFF9
:10F72000FFFFFFFFFFFFFFFFFFFFFFFFFFFFFFFFE9
:10F73000FFFFFFFFFFFFFFFFFFFFFFFFFFFFFFFFD9
:10F74000FFFFFFFFFFFFFFFFFFFFFFFFFFFFFFFFC9
:10F75000FFFFFFFFFFFFFFFFFFFFFFFFFFFFFFFFB9
:10F76000FFFFFFFFFFFFFFFFFFFFFFFFFFFFFFFFA9
:10F77000FFFFFFFFFFFFFFFFFFFFFFFFFFFFFFFF99
:10F78000FFFFFFFFFFFFFFFFFFFFFFFFFFFFFFFF89
:10F79000FFFFFFFFFFFFFFFFFFFFFFFFFFFFFFFF79
:10F7A000FFFFFFFFFFFFFFFFFFFFFFFFFFFFFFFF69
:10F7B000FFFFFFFFFFFFFFFFFFFFFFFFFFFFFFFF59
:10F7C000FFFFFFFFFFFFFFFFFFFFFFFFFFFFFFFF49
:10F7D000FFFFFFFFFFFFFFFFFFFFFFFFFFFFFFFF39
:10F7E000FFFFFFFFFFFFFFFFFFFFFFFFFFFFFFFF29
:10F7F000FFFFFFFFFFFFFFFFFFFFFFFFFFFFFFFF19
:10F80000FFFFFFFFFFFFFFFFFFFFFFFFFFFFFFFF08
:10F81000FFFFFFFFFFFFFFFFFFFFFFFFFFFFFFFFF8
:10F82000FFFFFFFFFFFFFFFFFFFFFFFFFFFFFFFFE8
:10F83000FFFFFFFFFFFFFFFFFFFFFFFFFFFFFFFFD8
:10F84000FFFFFFFFFFFFFFFFFFFFFFFFFFFFFFFFC8
:10F85000FFFFFFFFFFFFFFFFFFFFFFFFFFFFFFFFB8
:10F86000FFFFFFFFFFFFFFFFFFFFFFFFFFFFFFFFA8
:10F87000FFFFFFFFFFFFFFFFFFFFFFFFFFFFFFFF98
:10F88000FFFFFFFFFFFFFFFFFFFFFFFFFFFFFFFF88
:10F89000FFFFFFFFFFFFFFFFFFFFFFFFFFFFFFFF78
:10F8A000FFFFFFFFFFFFFFFFFFFFFFFFFFFFFFFF68
:10F8B000FFFFFFFFFFFFFFFFFFFFFFFFFFFFFFFF58
:10F8C000FFFFFFFFFFFFFFFFFFFFFFFFFFFFFFFF48
:10F8D000FFFFFFFFFFFFFFFFFFFFFFFFFFFFFFFF38
:10F8E000FFFFFFFFFFFFFFFFFFFFFFFFFFFFFFFF28
:10F8F000FFFFFFFFFFFFFFFFFFFFFFFFFFFFFFFF18
:10F90000FFFFFFFFFFFFFFFFFFFFFFFFFFFFFFFF07
:10F91000FFFFFFFFFFFFFFFFFFFFFFFFFFFFFFFFF7
:10F92000FFFFFFFFFFFFFFFFFFFFFFFFFFFFFFFFE7
:10F93000FFFFFFFFFFFFFFFFFFFFFFFFFFFFFFFFD7
:10F94000FFFFFFFFFFFFFFFFFFFFFFFFFFFFFFFFC7
:10F95000FFFFFFFFFFFFFFFFFFFFFFFFFFFFFFFFB7
:10F96000FFFFFFFFFFFFFFFFFFFFFFFFFFFFFFFFA7
:10F97000FFFFFFFFFFFFFFFFFFFFFFFFFFFFFFFF97
:10F98000FFFFFFFFFFFFFFFFFFFFFFFFFFFFFFFF87
:10F99000FFFFFFFFFFFFFFFFFFFFFFFFFFFFFFFF77
:10F9A000FFFFFFFFFFFFFFFFFFFFFFFFFFFFFFFF67
:10F9B000FFFFFFFFFFFFFFFFFFFFFFFFFFFFFFFF57
:10F9C000FFFFFFFFFFFFFFFFFFFFFFFFFFFFFFFF47
:10F9D000FFFFFFFFFFFFFFFFFFFFFFFFFFFFFFFF37
:10F9E000FFFFFFFFFFFFFFFFFFFFFFFFFFFFFFFF27
:10F9F000FFFFFFFFFFFFFFFFFFFFFFFFFFFFFFFF17
:10FA0000FFFFFFFFFFFFFFFFFFFFFFFFFFFFFFFF06
:10FA1000FFFFFFFFFFFFFFFFFFFFFFFFFFFFFFFFF6
:10FA2000FFFFFFFFFFFFFFFFFFFFFFFFFFFFFFFFE6
:10FA3000FFFFFFFFFFFFFFFFFFFFFFFFFFFFFFFFD6
:10FA4000FFFFFFFFFFFFFFFFFFFFFFFFFFFFFFFFC6
:10FA5000FFFFFFFFFFFFFFFFFFFFFFFFFFFFFFFFB6
:10FA6000FFFFFFFFFFFFFFFFFFFFFFFFFFFFFFFFA6
:10FA7000FFFFFFFFFFFFFFFFFFFFFFFFFFFFFFFF96
:10FA8000FFFFFFFFFFFFFFFFFFFFFFFFFFFFFFFF86
:10FA9000FFFFFFFFFFFFFFFFFFFFFFFFFFFFFFFF76
:10FAA000FFFFFFFFFFFFFFFFFFFFFFFFFFFFFFFF66
:10FAB000FFFFFFFFFFFFFFFFFFFFFFFFFFFFFFFF56
:10FAC000FFFFFFFFFFFFFFFFFFFFFFFFFFFFFFFF46
:10FAD000FFFFFFFFFFFFFFFFFFFFFFFFFFFFFFFF36
:10FAE000FFFFFFFFFFFFFFFFFFFFFFFFFFFFFFFF26
:10FAF000FFFFFFFFFFFFFFFFFFFFFFFFFFFFFFFF16
:10FB0000FFFFFFFFFFFFFFFFFFFFFFFFFFFFFFFF05
:10FB1000FFFFFFFFFFFFFFFFFFFFFFFFFFFFFFFFF5
:10FB2000FFFFFFFFFFFFFFFFFFFFFFFFFFFFFFFFE5
:10FB3000FFFFFFFFFFFFFFFFFFFFFFFFFFFFFFFFD5
:10FB4000FFFFFFFFFFFFFFFFFFFFFFFFFFFFFFFFC5
:10FB5000FFFFFFFFFFFFFFFFFFFFFFFFFFFFFFFFB5
:10FB6000FFFFFFFFFFFFFFFFFFFFFFFFFFFFFFFFA5
:10FB7000FFFFFFFFFFFFFFFFFFFFFFFFFFFFFFFF95
:10FB8000FFFFFFFFFFFFFFFFFFFFFFFFFFFFFFFF85
:10FB9000FFFFFFFFFFFFFFFFFFFFFFFFFFFFFFFF75
:10FBA000FFFFFFFFFFFFFFFFFFFFFFFFFFFFFFFF65
:10FBB000FFFFFFFFFFFFFFFFFFFFFFFFFFFFFFFF55
:10FBC000FFFFFFFFFFFFFFFFFFFFFFFFFFFFFFFF45
:10FBD000FFFFFFFFFFFFFFFFFFFFFFFFFFFFFFFF35
:10FBE000FFFFFFFFFFFFFFFFFFFFFFFFFFFFFFFF25
:10FBF000FFFFFFFFFFFFFFFFFFFFFFFFFFFFFFFF15
:10FC0000FFFFFFFFFFFFFFFFFFFFFFFFFFFFFFFF04
:10FC1000FFFFFFFFFFFFFFFFFFFFFFFFFFFFFFFFF4
:10FC2000FFFFFFFFFFFFFFFFFFFFFFFFFFFFFFFFE4
:10FC3000FFFFFFFFFFFFFFFFFFFFFFFFFFFFFFFFD4
:10FC4000FFFFFFFFFFFFFFFFFFFFFFFFFFFFFFFFC4
:10FC5000FFFFFFFFFFFFFFFFFFFFFFFFFFFFFFFFB4
:10FC6000FFFFFFFFFFFFFFFFFFFFFFFFFFFFFFFFA4
:10FC7000FFFFFFFFFFFFFFFFFFFFFFFFFFFFFFFF94
:10FC8000FFFFFFFFFFFFFFFFFFFFFFFFFFFFFFFF84
:10FC9000FFFFFFFFFFFFFFFFFFFFFFFFFFFFFFFF74
:10FCA000FFFFFFFFFFFFFFFFFFFFFFFFFFFFFFFF64
:10FCB000FFFFFFFFFFFFFFFFFFFFFFFFFFFFFFFF54
:10FCC000FFFFFFFFFFFFFFFFFFFFFFFFFFFFFFFF44
:10FCD000FFFFFFFFFFFFFFFFFFFFFFFFFFFFFFFF34
:10FCE000FFFFFFFFFFFFFFFFFFFFFFFFFFFFFFFF24
:10FCF000FFFFFFFFFFFFFFFFFFFFFFFFFFFFFFFF14
:10FD0000FFFFFFFFFFFFFFFFFFFFFFFFFFFFFFFF03
:10FD1000FFFFFFFFFFFFFFFFFFFFFFFFFFFFFFFFF3
:10FD2000FFFFFFFFFFFFFFFFFFFFFFFFFFFFFFFFE3
:10FD3000FFFFFFFFFFFFFFFFFFFFFFFFFFFFFFFFD3
:10FD4000FFFFFFFFFFFFFFFFFFFFFFFFFFFFFFFFC3
:10FD5000FFFFFFFFFFFFFFFFFFFFFFFFFFFFFFFFB3
:10FD6000FFFFFFFFFFFFFFFFFFFFFFFFFFFFFFFFA3
:10FD7000FFFFFFFFFFFFFFFFFFFFFFFFFFFFFFFF93
:10FD8000FFFFFFFFFFFFFFFFFFFFFFFFFFFFFFFF83
:10FD9000FFFFFFFFFFFFFFFFFFFFFFFFFFFFFFFF73
:10FDA000FFFFFFFFFFFFFFFFFFFFFFFFFFFFFFFF63
:10FDB000FFFFFFFFFFFFFFFFFFFFFFFFFFFFFFFF53
:10FDC000FFFFFFFFFFFFFFFFFFFFFFFFFFFFFFFF43
:10FDD000FFFFFFFFFFFFFFFFFFFFFFFFFFFFFFFF33
:10FDE000FFFFFFFFFFFFFFFFFFFFFFFFFFFFFFFF23
:10FDF000FFFFFFFFFFFFFFFFFFFFFFFFFFFFFFFF13
:10FE0000FFFFFFFFFFFFFFFFFFFFFFFFFFFFFFFF02
:10FE1000FFFFFFFFFFFFFFFFFFFFFFFFFFFFFFFFF2
:10FE2000FFFFFFFFFFFFFFFFFFFFFFFFFFFFFFFFE2
:10FE3000FFFFFFFFFFFFFFFFFFFFFFFFFFFFFFFFD2
:10FE4000FFFFFFFFFFFFFFFFFFFFFFFFFFFFFFFFC2
:10FE5000FFFFFFFFFFFFFFFFFFFFFFFFFFFFFFFFB2
:10FE6000FFFFFFFFFFFFFFFFFFFFFFFFFFFFFFFFA2
:10FE7000FFFFFFFFFFFFFFFFFFFFFFFFFFFFFFFF92
:10FE8000FFFFFFFFFFFFFFFFFFFFFFFFFFFFFFFF82
:10FE9000FFFFFFFFFFFFFFFFFFFFFFFFFFFFFFFF72
:10FEA000FFFFFFFFFFFFFFFFFFFFFFFFFFFFFFFF62
:10FEB000FFFFFFFFFFFFFFFFFFFFFFFFFFFFFFFF52
:10FEC000FFFFFFFFFFFFFFFFFFFFFFFFFFFFFFFF42
:10FED000FFFFFFFFFFFFFFFFFFFFFFFFFFFFFFFF32
:10FEE000FFFFFFFFFFFFFFFFFFFFFFFFFFFFFFFF22
:10FEF000FFFFFFFFFFFFFFFFFFFFFFFFFFFFFFFF12
:10FF0000FFFFFFFFFFFFFFFFFFFFFFFFFFFFFFFF01
:10FF1000FFFFFFFFFFFFFFFFFFFFFFFFFFFFFFFFF1
:10FF2000FFFFFFFFFFFFFFFFFFFFFFFFFFFFFFFFE1
:10FF3000FFFFFFFFFFFFFFFFFFFFFFFFFFFFFFFFD1
:10FF4000FFFFFFFFFFFFFFFFFFFFFFFFFFFFFFFFC1
:10FF5000FFFFFFFFFFFFFFFFFFFFFFFFFFFFFFFFB1
:10FF6000FFFFFFFFFFFFFFFFFFFFFFFFFFFFFFFFA1
:10FF7000FFFFFFFFFFFFFFFFFFFFFFFFFFFFFFFF91
:10FF8000FFFFFFFFFFFFFFFFFFFFFFFFFFFFFFFF81
:10FF9000FFFFFFFFFFFFFFFFFFFFFFFFFFFFFFFF71
:10FFA000FFFFFFFFFFFFFFFFFFFFFFFFFFFFFFFF61
:10FFB000FFFFFFFFFFFFFFFFFFFFFFFFFFFFFFFF51
:10FFC000FFFFFFFFFFFFFFFFFFFFFFFFFFFFFFFF41
:10FFD000FFFFFFFFFFFFFFFFFFFFFFFFFFFFFFFF31
:10FFE000FFFFFFFFFFFFFFFFFFFFFFFFFFFFFFFF21
:10FFF000FFFFFFFFFFFFFFFFFFFFFFFFFFFFFFFF11
:0400000508020000ED
:00000001FF
