:020000040800F2
:1000000000010020C1000008DD2D000829DA0008E9
:10001000292800082928000829280008292800087C
:10002000292800082928000829280008292800086C
:10003000292800082928000829280008292800085C
:100040002928000881430008B54300082928000832
:10005000292800083D42000879420008B5420008FE
:100060002928000835400008F13D0008653E0008D9
:10007000F15800082928000829280008A540000890
:100080000D470008292800082928000825470008EE
:1000900029280008292800082928000829280008FC
:1000A000292800082928000829280008B547000841
:1000B000292800082928000829280008854C00085C
:1000C00072B6224880F30988022080F31488BFF3B7
:1000D0006F8F02F089FB04F0ADFE1D481D491E4ADA
:1000E000914202DA08600431FAE71C49174A91424A
:1000F00002DA08600431FAE719491A4A1A4B9A429F
:1001000004DA0868106004310432F8E70020174967
:10011000174A914202DA08600431FAE702F06AFBFA
:1001200002F064FB134C144DAC4203DA216888479B
:100130000434F9E70DF0F2FA104C114DAC4203DA39
:10014000216888470434F9E70E4908472003002056
:1001500055555555000000200001002000010020E9
:10016000A0B9010820030020B0050020B005002040
:100170006C3B0020C0000008C0000008C000000860
:10018000C0000008F1270008F0B544464D46564629
:100190005F46F0B46B46CB60C3689D46F0BCA0469A
:1001A000A946B246BB46F0BD62B6281CA047002057
:1001B00002F0C4FD02F024FD014A024B1360FEE789
:1001C00004ED00E00000008002B4714649084900D7
:1001D000095C49008E4402BC7047C04603B47146B6
:1001E000490840004900095A49008E4403BC704741
:1001F000002243088B4274D303098B425FD3030A66
:100200008B4244D3030B8B4228D3030C8B420DD378
:10021000FF22090212BA030C8B4202D31212090206
:1002200065D0030B8B4219D300E0090AC30B8B4244
:1002300001D3CB03C01A5241830B8B4201D38B03F2
:10024000C01A5241430B8B4201D34B03C01A524197
:10025000030B8B4201D30B03C01A5241C30A8B42DA
:1002600001D3CB02C01A5241830A8B4201D38B02C5
:10027000C01A5241430A8B4201D34B02C01A524169
:10028000030A8B4201D30B02C01A5241CDD2C309DB
:100290008B4201D3CB01C01A524183098B4201D357
:1002A0008B01C01A524143098B4201D34B01C01A42
:1002B000524103098B4201D30B01C01A5241C308BA
:1002C0008B4201D3CB00C01A524183088B4201D329
:1002D0008B00C01A524143088B4201D34B00C01A15
:1002E0005241411A00D20146524110467047FFE781
:1002F00001B5002000F0F0F802BDC0460029F7D09B
:1003000076E7704703460B437FD4002243088B42B5
:1003100074D303098B425FD3030A8B4244D3030B8C
:100320008B4228D3030C8B420DD3FF22090212BA51
:10033000030C8B4202D31212090265D0030B8B42CD
:1003400019D300E0090AC30B8B4201D3CB03C01AB7
:100350005241830B8B4201D38B03C01A5241430B92
:100360008B4201D34B03C01A5241030B8B4201D382
:100370000B03C01A5241C30A8B4201D3CB02C01AED
:100380005241830A8B4201D38B02C01A5241430A65
:100390008B4201D34B02C01A5241030A8B4201D354
:1003A0000B02C01A5241CDD2C3098B4201D3CB01FB
:1003B000C01A524183098B4201D38B01C01A5241AA
:1003C00043098B4201D34B01C01A524103098B42AE
:1003D00001D30B01C01A5241C3088B4201D3CB0099
:1003E000C01A524183088B4201D38B00C01A52417C
:1003F00043088B4201D34B00C01A5241411A00D22C
:1004000001465241104670475DE0CA0F00D0494294
:10041000031000D34042534000229C4603098B4204
:100420002DD3030A8B4212D3FC22890112BA030A8C
:100430008B420CD3890192118B4208D3890192110E
:100440008B4204D389013AD0921100E08909C30993
:100450008B4201D3CB01C01A524183098B4201D395
:100460008B01C01A524143098B4201D34B01C01A80
:10047000524103098B4201D30B01C01A5241C308F8
:100480008B4201D3CB00C01A524183088B4201D367
:100490008B00C01A5241D9D243088B4201D34B0082
:1004A000C01A5241411A00D20146634652415B10C4
:1004B000104601D34042002B00D5494270476346A5
:1004C0005B1000D3404201B5002000F005F802BDEA
:1004D0000029F8D016E770477047C0468446081CCC
:1004E0006146FFE71FB500F06DFB002801D4002135
:1004F000C8421FBD10B500F0EFFA4042013010BDF8
:1005000010B500F05FFB002801DB002010BD0120CA
:1005100010BDC04610B500F055FB002801DD0020DD
:1005200010BD012010BDC04610B500F0FDFA002836
:1005300001DC002010BD012010BDC04610B500F048
:10054000F3FA002801DA002010BD012010BDC046DA
:100550009E2110B5C905041CFFF7F0FF002803D148
:10056000201C00F08BFE10BD9E21201CC90500F050
:10057000ABFC00F083FE80231B069C466044F2E740
:10058000F8B54746CE4643025B0A4400C20F9C467C
:100590004800DD004B02240E5B0A000E80B5984631
:1005A00026009146C90FDB00271A8A4229D0002F66
:1005B00015DD00284AD1002B00D095E0ED08FF2C76
:1005C00000D188E06B025B0AE6B25B02F605580ACE
:1005D0003043D20710430CBC90469946F8BD002F1B
:1005E00000D087E0601CC0B2012800DCB6E0EE1A43
:1005F000720100D5C5E0002E3DD100220026002367
:10060000E3E7002F00DC96E000285DD0FF2C60D0EF
:100610008022D20413431B2F00DDECE02022D21BEA
:1006200018009340F8405A1E93410343ED186B01A4
:100630007BD50134FF2C00D1B7E0012207262A40E8
:100640006B089A4D1D4015432E4029E0FF2CB5D074
:100650008022D20413431B2F00DDB2E02022D21BE4
:1006600019009340F9405A1E93410B43ED1A6B0158
:100670005BD5AD01AE09300002F090F80538864038
:10068000844265DC041B330020200134E340041B5A
:10069000A640751EAE41334307261D0000241E40B0
:1006A00001224B461A40002E04D00F232B40042B6E
:1006B00000D004356B0100D480E70134E6B2FF2C92
:1006C0002FD1FF26002380E7002B52D1FF2C00D032
:1006D00074E70A00ED08002DF3D08023DB032B43E1
:1006E0005B025B0AFF2670E7013F002FBED0FF2CA4
:1006F000B1D163E7002C47D0FF2869D08024E404FF
:100700007A4225431B2A00DDC5E02C002026D44078
:10071000B21A95406A1E954125435D1B0400894627
:10072000A5E7AB015B0A50E7002401224B461A40C3
:100730006B07BAD142E7002F3BD10134E0B2012868
:100740004ADDFF2CBDD00726ED186D082E40A7E727
:100750000723574D241A35401E40A1E7002C1BD11A
:10076000002D6ED1002B00D19AE00A001D003C0044
:1007700024E7013F002F00D158E7FF2C00D04AE7C3
:10078000A7E75E1B894676E7002D1CD10A00FF28EB
:100790001FD004001D0011E7002D5DD1002B17D1E3
:1007A00080230022DB03FF260FE70A00FF26002339
:1007B0000BE7002C21D1002D66D1FF28E9D11D00C7
:1007C00087E7012352E77A1CA7D0FA43FF2899D183
:1007D0000A001D00FF24F1E6002E21D1002D4FD08C
:1007E000002B4CD0ED186B019ED5314B07362E40B7
:1007F00001241D4054E7012318E7FF28DFD080249F
:10080000E4047F4225431B2F4DDC2026F61B2C00E1
:10081000B540FC406A1E95412543ED18040006E7EB
:10082000002DCCD0002B00D153E780216046C903B6
:10083000084203D04046084200D11D00012111406A
:1008400047E7002B00D1B9E6EA1A500125D5072663
:100850005D1B2E40894623E7FF24002B00D1ADE627
:1008600080226046D203104204D04046104201D19B
:100870001D00894601224B46FF241A409EE62B00AC
:10088000DD080A0000249DE67A1CC6D0FF43FF283D
:10089000B9D11D001DE701253FE7151E00D044E733
:1008A0000022002391E60125B7E7C046FFFFFF7D48
:1008B000FFFFFFFBF8B557464E464546DE4644026D
:1008C000E0B546008846640A360EC70F002E63D096
:1008D000FF2E24D08023E400DB041C430023994630
:1008E0009B467F3E434642465D02D20F5B006D0A47
:1008F0001B0E9046924665D0FF2B55D080220021DA
:10090000ED00D2047F3B1543F61A43464A467B402E
:100910000F2A00D98DE06D48920082589746002C2E
:1009200054D108239946063BFF269B46DAE700256B
:10093000534602291BD0032900D1BFE0012928D04A
:1009400030007F30002820DD6A0704D00F222A40C3
:10095000042A00D004352A0103D530005C4A8030D7
:100960001540FE2803DCAC01640AC2B201E0FF229C
:1009700000246402D205600ADB07104318433CBC24
:1009800090469946A246AB46F8BD0122101A1B2894
:100990007CDD00220024ECE7002C1DD104239946C5
:1009A000033B00269B469DE7FF3E002D20D1022100
:1009B00043464A467B400A430F2AD8D8454892000E
:1009C00082589746002D19D10121F1E70C23994651
:1009D000093BFF269B4685E7200001F0DFFE7626D7
:1009E000431F9C4000237642361A99469B4679E77E
:1009F0004A4603231A439146032186E7280001F063
:100A0000CDFE431F36189D40763600217DE78024B9
:100A10000023E403FF22ACE700258023DB031C4214
:100A200028D01D4226D12B435C02640A4346FF2294
:100A30009FE762016C01A24224D21B210025013EE6
:100A4000012710006D005200002801DB944201D8FC
:100A5000121B3D4301390029F3D11400621E944159
:100A600025436DE7BA46594625005346022900D072
:100A700061E77CE78023DB031C436402640A3B00DC
:100A8000FF2276E7121B1A210125D9E79E362A009C
:100A9000B5402C00C240651EAC411443620704D02F
:100AA0000F222240042A00D00434620103D4A4019E
:100AB000640A00225DE7012200245AE78024E4034F
:100AC0002C436402640AFF2253E7C0461C5B010802
:100AD000FFFFFFF75C5B010870B542004E024C005F
:100AE00045026D0A120EC30F760A240EC90FFF2AA3
:100AF0000FD0FF2C11D00120A24200D070BDB54212
:100B0000FCD18B420DD0002AF8D12800451EA84107
:100B1000F4E70120002DF1D1EBE70120002EEDD10B
:100B2000E9E70020EAE7C04670B54A004E024502F8
:100B300044006D0A240EC30F760A120EC90FFF2C53
:100B400015D0FF2A0ED0002C15D1002A01D1002E7D
:100B50001CD0002D14D08B4227D00220013B18401E
:100B6000013870BD002EEED002204042F9E7002D82
:100B7000FAD1FF2A0ED0002A0ED1002EEDD00BE0C4
:100B800001230139994308000130EAE70020002DD4
:100B9000E7D0E2E7002EE7D18B42DED1944205DDBB
:100BA0000221581E08400138DBE70024A24204DC81
:100BB000B542D2D80020B542D3D2581E0123984363
:100BC0000130CEE730B5420044024D02C30F480069
:100BD000640A120E6D0A000EC90FFF2A12D0FF28F8
:100BE0000CD0002A12D1002819D1002D17D1002CC9
:100BF0002BD00220013B1840013826E0002DF0D018
:100C0000022022E0002CFBD1FF281FD000281FD19A
:100C1000002D1DD10220013B1840013815E0002CA9
:100C20000ED08B42E5D10022904204DCAC42E0D8E9
:100C30000020AC4209D2581E01239843013004E041
:100C40000123013999430800013030BD002DD7D16F
:100C50008B42CED18242E7DD0221581E0840013886
:100C6000F3E7C046F0B54E4657464546DE46E0B58A
:100C700043025B0A450083B00F1C99462D0EC60F38
:100C8000002D57D0FF2D24D08020DB00C004184356
:100C9000002381469A469B467F3D7C027A00FB0FEB
:100CA000640A120E984623D0FF2A4BD0E30080241A
:100CB0000020E4047F3A1C43AD186B1C47460193A7
:100CC000534677403A000F2B48D87D499B00CB58BC
:100CD0009F46002B00D085E008339A46063B9B4692
:100CE0007C027A00FB0FFF25640A120E9846DBD1C6
:100CF000002C00D090E0524601231A439246012076
:100D0000DBE74C4658461700022824D0032800D1C0
:100D1000CFE00022002301284DD15802D205400A1D
:100D2000FF071043384303B03CBC90469946A246A7
:100D3000AB46F0BD002B5BD104239A46033B002554
:100D40009B46AAE7FF35002C60D1524602231A4386
:100D500092460220B1E7FF220023DEE74B461B0C40
:100D60009C464B462604360C180461463300220C80
:100D70006446000C43434E435043544380191A0CBD
:100D80001218964203D9802149028C4664441B0400
:100D90001B0C1004C01883015E1EB341800E184363
:100DA000130C1B199B0103431C00230179D501235C
:100DB00062081C401443019A7F32002A4DDD63070C
:100DC00004D00F232340042B00D00434230103D587
:100DD0003C4B019A1C408032FE2ABCDCA3015B0A1A
:100DE000D2B29AE70C239A46093BFF259B4654E76B
:100DF000180001F0D3FC4A46431F76259A40002391
:100E00006D4291462D1A9A469B4646E75246032369
:100E10001A439246032050E7200001F0BFFC431F15
:100E20002D1A9C40763D002047E780230027DB03F6
:100E3000FF2272E7424666E74C463200584662E7B8
:100E400080234A46DB031A4222D01C4220D123438E
:100E50005B025B0A4746FF225FE701239A1A1B2ABF
:100E600021DC23000199D3409E318C401A002300DD
:100E70005C1EA34113435A0704D00F221A40042AD0
:100E800000D004335A0111D49B015B0A002244E7CD
:100E900080234A46DB0313435B025B0A3700FF22D1
:100EA0003BE7019587E70022002336E70122002374
:100EB00033E78023DB0323435B025B0AFF222CE73B
:100EC0009C5B0108FFFFFFF7F8B54746CE4644009C
:100ED000C20F80B547024802400A84466646480071
:100EE0007F0A240EF60025009046FB00000EC90F75
:100EF000B146FF2800D185E001267140261A9142B3
:100F000057D0002E43DD002800D07FE0494600295D
:100F100000D1AAE0013E002E00D0F7E05B1A5A0192
:100F200000D48BE09B019C09200001F037FC0538C0
:100F30008440854200DDD3E0451B2300202001359D
:100F4000EB40451BAC40621E94412343072400251F
:100F50001C40012241460A40002C04D00F211940B8
:100F6000042900D00433590100D480E00135ECB2EB
:100F7000FF2D00D0A3E0FF2400235B02E405580A04
:100F8000D207204310430CBC90469946F8BD002E72
:100F900074D1601CC0B2012800DCA7E04A469C1A4C
:100FA000620100D5B6E0002CBED10022002400234F
:100FB000E3E7002E00DC85E0002846D0FF2C49D076
:100FC00080224846D2041043814601221B2E09DCB0
:100FD00020204C46801B84404A462000F240441E9C
:100FE000A04102439B185A0128D50135FF2D00D19D
:100FF000A8E00122072494491A405B080B401343E0
:101000001C40A6E7002E00D078E775E7FF2C54D0EF
:1010100080224946D2041143894601221B2E09DC55
:1010200020214846891B88404A460100F240481E5C
:1010300081410A439B1A5A0100D573E701224146B8
:101040000A40590700D089E711E04846002858D1E6
:10105000FF2C0CD1DB08002B00D18CE78020C003D3
:1010600003435B025B0AFF2487E7FF2C25D0DB08E4
:10107000FF2DF0D05B025B0AECB27EE7002C4DD076
:10108000FF2818D08024E404724223431B2A00DD89
:10109000C4E01C002025D440AA1A93405A1E934154
:1010A00023434A460500D31A884638E7721CF8D015
:1010B000F243FF28EAD10A004B46FF25D7E79B0100
:1010C0005B0A5AE7002E41D1651CE9B2012945DDD2
:1010D000FF2D00D14FE707244B445B081C4038E745
:1010E00007225A4B2D1A2340144032E7002C1DD101
:1010F000002B7AD14B46002B00D191E00A0000254D
:10110000B5E7013E002E19D14B446CE7FF2C84D18A
:10111000FF25ACE74A468846D41A05E7002BC5D11F
:101120000A00FF28C8D005004B46A0E7002B49D194
:101130004B46002B77D00A00FF2598E7FF2C00D004
:1011400043E787E70A00FF24002316E7002C15D1A8
:10115000002B57D1FF28E6D14B467BE7002C20D14E
:10116000002B57D04946002953D04B445A0168D52B
:101170000724364A1C4001251340EAE6FF28EBD03D
:101180008022D204764213431B2E53DC2025AD1B54
:101190001A00AB40F2405C1EA34113434B440500D0
:1011A00021E7002BD8D04946002900D152E7802101
:1011B000C9030F4200D14DE76046084200D049E71D
:1011C0004B4647E74846FF25002800D14FE78022DD
:1011D000D203174204D06046104201D14B468846E4
:1011E00001224146FF250A4041E7484600281FD01A
:1011F0001A1A500120D54A460724D31A1C408846A3
:101200000025A6E6741CC9D0F643FF28BCD14B4686
:1012100020E799464B460025DB082BE7012340E7F2
:1012200000220023A9E680230022DB03FF24A4E69A
:1012300000251CE70123B1E7002AF1D013000025A7
:10124000FCE60025FAE6C046FFFFFF7DFFFFFFFB3F
:1012500042024B0240004900520A5B0A090E000E8E
:10126000FF2806D00020FF2902D11800431E984114
:101270007047FE38002AFBD1F4E7C0464102420025
:10128000C30F490A120E00207E2A0DD99D2A0CD8C0
:10129000802000040143952A0ADC9620821AD1405E
:1012A0004842002B00D108007047034A9818FBE71A
:1012B000963A9140F4E7C046FFFFFF7F70B50028E3
:1012C0003DD0C317C5185D40C40F280001F066FA71
:1012D0009E22121A962A07DCD2B2082833DD08387B
:1012E00085406802400A23E0992A0BDD0523290086
:1012F0001B1AD94003001B339D402B005D1EAB41E0
:1013000019430D00052801DD431F9D402B000F49A7
:101310000B406E0709D00F263540042D05D004334D
:101320005D0102D59F220B40121A9B01580AD2B2CE
:101330004002D205400AE4071043204370BD002458
:1013400000220020F4E76802400AF1E7FFFFFFFBFC
:1013500070B5041E34D001F021FA9E22121A962A8A
:1013600007DCD2B208282EDD083884406002400A2B
:1013700021E0992A09DD030021001B3399404B1E0F
:10138000994105231B1ADC400C43052801DD431F4E
:101390009C4023000D490B40650709D00F252C40C8
:1013A000042C05D004335C0102D59F220B40121A95
:1013B0009B01580AD2B24002D205400A104370BDC8
:1013C00000220020F7E76002400AF4E7FFFFFFFB7E
:1013D000F0B54F464646D6460C000903C0B5490A4B
:1013E000470F5E0039431F03DB0F9C4665007B0AF5
:1013F000570F1F436D0DE40F760DA146C000B84690
:10140000D200AB1B64457BD0002B5FDD002E00D0EB
:10141000A4E03E00164300D112E15E1E002E00D073
:101420009EE1871A4346B84280410125C91A4042CD
:10143000091A0B0200D431E149024E0A002E00D1F4
:101440006EE1300001F0AAF90300083B1F2B00DD1C
:1014500061E120223900D21A9E40D1409F400E43C4
:101460009D4200DD51E15D1B6B1C1F2B00DD7CE10B
:101470002021C91A3D0030008F408840DD40791E90
:101480008F41310007222843D940002507433A40C5
:10149000002A09D00F233B40042B05D03B1DBB4243
:1014A000BF417F42C9191F000B0200D426E26A1C0B
:1014B000C64B55056D0D9A4200D106E1C44AFF089E
:1014C0000A40530752023B43120B8EE0002B00D020
:1014D000B8E06B1C5B055B0D012B00DC30E1871A6B
:1014E0004346B842B641CB1A76429E1B330200D522
:1014F0004CE13B003343A1D100220024002570E0E1
:10150000002B00DCE5E0002E00D183E0AF4EB542B9
:1015100060D0802636043743B846382B00DC3EE1E5
:10152000434613431F007A1E97413F18874280416C
:10153000404209180B0200D4B0E0A44B01359D4293
:1015400000D1C3E0A24A7B080A4001210F401F439B
:101550005108D30707221F433A4099E79B4EB542F3
:1015600038D0802636043743B846382B00DDDCE01F
:101570001F2B00DC30E11E004746203EF740BC46F2
:10158000202B04D04026F31A46469E4032431700D3
:1015900063467A1E97411F43CCE0002B00D104E242
:1015A0004346134300D159E14B07C0081843802339
:1015B000C9081B03194208D04546ED081D4204D155
:1015C0004346D008590708432900420FC9007F4D00
:1015D0001143C0004B07CA087C49C00803438D4231
:1015E00068D012036D05120B6D0D00211203180057
:1015F000130B0A0D12051A43764B2D0513402B438E
:101600005B00E4075B08234319001CBC9046994625
:10161000A246F0BD3E00164312D05E1E002E00D042
:1016200000E1871887428041414440420918012562
:101630000B0233D5022585E764463300414610008E
:101640001D00C7E7002D00D0DAE00C000443F3D002
:101650005C1C00D19FE15D4CA64200D12FE1DB4331
:10166000382B00DD66E11F2B00DD83E1202405001F
:10167000E41A0F00DD40D940A0404346A7405B1A62
:10168000441EA04198462F433843171ABA4292414C
:1016900043465242991A64463500CAE607223A4048
:1016A000002A00D0F6E64B07CA084849FF083B432A
:1016B0008D4296D11900114300D19EE1802109038A
:1016C0000A431203120B414D8FE71500002200233D
:1016D0008BE7002B00D0C7E06B1C5F057F0D012F4F
:1016E00000DCF1E0394DAB4200D1B9E085180A00C9
:1016F000854289414244494251180722CF076D086B
:101700002F4349083A401D00C2E607223049ED1A2E
:1017100031403A40BCE63E002838864000279FE62C
:10172000380001F03BF820308EE6434613431F009B
:101730007A1E9741C71BB84280414042091A78E699
:101740000E003B0006431343002D61D1002E00D054
:10175000F4E0002B00D11BE164463900100039E7AA
:101760001A4FBB427AD03300FFE630001F3DE840FD
:10177000202B03D04021CB1A9E4037437B1E9F4134
:10178000072207433A400021002589E7171A4346FC
:10179000BA42B641591A76428E1B64464EE61F2B5A
:1017A00000DDADE020264746F61AB740B9461700DF
:1017B000B246DF404E463E4337005646B240561EC4
:1017C000B24117434246DA408918AEE6FF070000EF
:1017D000FFFF7FFFFFFF0F8020264746F61AB74026
:1017E000B9461700B246DF404E463E4337005646E4
:1017F000B240561EB24117434246DA40891A99E771
:101800007F4CA6425BD0802424045B42214327E71F
:10181000002E0CD1002B00D1CBE064463900100023
:10182000774DD7E6764FBB4218D0330075E6002BD4
:1018300014D04B07C00818438023C9081B03194262
:1018400007D0FC081C4204D17907D0080843E146C0
:1018500021004C46420FC9001143C000684DB9E653
:101860001D0000220023C0E6002D5BD10D000543C2
:1018700000D1E2E65D1C00D1B0E0614DAE421FD068
:10188000DB43382B71DC1F2B00DD96E020250F0099
:10189000ED1AAF40B9460700AA46DF404D463D432A
:1018A0002F005546A840D940451EA841884407430B
:1018B000BF18974292415142414435003AE664468E
:1018C00035004146100085E60B000343002D00D093
:1018D00063E6002BF5D04346134300D17AE6871820
:1018E0008742804107224144404209183A400B0296
:1018F00000D4D5E6434B01351940C9E5380069E607
:101900001E004746203EF740BC46202B04D0402610
:10191000F31A46469E403243170063467A1E9741AB
:101920001F4302E6364DAE42CAD080252D045B42ED
:101930002943A6E70843411E8841A6E6002B00D1B3
:1019400048E6871A4346B842B641CB1A76429E1BF8
:1019500033024BD5171A4346BA429241591A5242A2
:10196000891A072264463A4092E501430F00791E26
:101970008F419DE71C000F00203CE740202B03D047
:101980004024E31A99400843411E884138437CE6CD
:101990000022002425E6171A4346BA429241591AFA
:1019A0005242891A6446350043E541461000144D01
:1019B00010E680220024120380E61D000F00203D67
:1019C000EF40BC46202B03D04025EB1A994008433A
:1019D00007006346781E87411F4369E787189742CF
:1019E0009B4141445B42C9183500A3E53B003343AA
:1019F000CED0072231003A4052E600231A00F4E527
:101A0000FF070000FFFF7FFFF0B55746DE464E465A
:101A10004546E0B5834606000F03480087B092466E
:101A20001D003F0B400DCC0F002800D16FE0DE4BB6
:101A3000984238D08023FF001B041F43730F3B43A1
:101A40000193DA4B0027994600239B46F600814418
:101A50002B0369001B0B52469846490DED0F0029D8
:101A600000D185E0D04B994200D173E04346DA00C3
:101A700080231B0413435246CC48520F8446134321
:101A8000524600206144D2008944210069400091FF
:101A90008C46012149448A460F2F00D990E0C44961
:101AA000BF00CF59BF465B463B43019300D06AE17C
:101AB00002230827002681469B46C9E73200584684
:101AC000019B61460091022800D175E0032800D1F6
:101AD000FEE1012800D02CE100230027002600258C
:101AE0003F032A0D3F0BB34812053A4302401B0542
:101AF0001343009A5B00D1075B080B4330001900C9
:101B000007B03CBC90469946A246AB46F0BD5B464A
:101B10003B43019300D12FE1002F00D1A5E1380014
:101B200000F03CFE03000B3B1C2B00DD96E11D2268
:101B3000D31A5A460100DA405E4608398F40130036
:101B40008E403B4301939C4B00271B1A9946002370
:101B50009B467DE7414653460B4393498C46E144FF
:101B6000002B00D01AE102220220174300228CE74A
:101B7000134300D10DE14346002B00D181E14046E3
:101B800000F00CFE02000B3A1C2A00DD72E101009D
:101B9000434608398B4098461D239A1A5346D34032
:101BA0001A004346134352468A404946081A82495E
:101BB00089468144002068E77B4B002700268EE79A
:101BC000140C1204120C1100370C3604350C794336
:101BD00028008C462E006043604483465643210013
:101BE000300C80465846794340440291844506D9DA
:101BF0008846802149028C46E044414602913604E1
:101C0000010C360C00048B4681191E0C1B041B0CA6
:101C10000391190079438C46280075436544A84612
:101C20005843050C45447743A94203D98021490212
:101C30008C466744290C8C4639000004000C2D04A6
:101C40002D186144AB4405915946049101990F0444
:101C50003F0C080C390051434243904602008C4629
:101C6000090C8B4662437C4344445C44A04503D941
:101C70008021490288464244210C88466146090475
:101C8000090C8C4639005943434370437E430F0C83
:101C9000F6182404BE19644442448C46B34203D966
:101CA00080235B0298464044029B61469846049B11
:101CB000370443449B46AB45AD416B420D04059947
:101CC0002D0C8C467F196744FD18A8465D462D19DA
:101CD000A542A44193466442A446C344DC448F42D7
:101CE000BF4198459B4193459241A445A4415B4225
:101CF0007F421F43360C52426442BF192243BF1831
:101D0000624638184302D20D039913436A020A430C
:101D1000501E82416146ED0D2A434E023243D901E5
:101D200000D4B3E00126500832400243DE073243BC
:101D30005B08224C5444002C62DD510709D00F206F
:101D40001040042805D0101D9042924152429B1829
:101D50000200D90104D580241948E400034054440A
:101D60001848844200DD27E75E075B02D2081F0B9C
:101D7000630516435B0DB2E6002399460133042741
:101D800000269B4664E60323019781460C279B4669
:101D90005EE6012201201743002276E6032303209A
:101DA0001F43434671E6C046FF07000001FCFFFFEA
:101DB000DC5B0108FFFF0F800DFCFFFFFF0300004D
:101DC000FFFFFFFEFE0700000023802700933F0374
:101DD0000026434B83E6019B3200A446584670E63A
:101DE000AC466EE6802701993F0339422DD03B4235
:101DF0002BD11F433F033F0B00951600384B6EE677
:101E000001252D1B382D00DD66E61F2D40DC3548F1
:101E10001C005044160082408440EE40501E824117
:101E200034431443EB40620709D00F222240042AB6
:101E300005D02200141D9442804140421B181A0212
:101E40003ED501230027002649E68027019B3F035A
:101E50001F433F033F0B0094214B40E603005A46CB
:101E6000283B9A40002601926DE6584600F096FC09
:101E7000203057E603005246283B9A4013000022C8
:101E800093E6504600F08AFC20307BE6CA4650E7D5
:101E90001F201E004042041BE640202D03D0124CA0
:101EA0005444A3401A43501E824132430726002760
:101EB000164009D00F200023104014000428B9D187
:101EC00022005E075B021F0BD2081643002306E6C2
:101ED00080273F031F433F033F0B1600004BFEE5E7
:101EE000FF0700001E0400003E040000F8B557463E
:101EF0004E464546DE460C000903E0B5490A460F4A
:101F00005F0031431E03DB0F760A9B46530F3343BA
:101F1000C84E6500C000E40FD2006D0DA246814698
:101F20007F0D9C469046B74200D1B9E05B46012642
:101F300073409B46EE1BA34500D183E0002E63DD7A
:101F4000002F00D0B1E06346134300D123E1731E9C
:101F5000002B00D0BAE1861A6346B04280410125C9
:101F6000C91A4042091A0B0200D447E149024B0A40
:101F700098464346002B00D189E1404600F00EFC14
:101F80000300083B1F2B00DD7CE120223000D21A29
:101F90004146D040994002009E400A439D4200DDE8
:101FA0006AE15D1B6B1C1F2B00DD94E120211000FA
:101FB0003500C91A8E40DA408840DD40711E8E41DE
:101FC000110007222843002506433240002A09D089
:101FD0000F233340042B05D0331DB342B641764264
:101FE00089191E000B0200D43DE26A1C914B550575
:101FF0006D0D9A4200D119E18F4AF6080A40570741
:1020000052023743120B9BE0002E00D0C5E06E1C3D
:102010007605760D012E00DC48E16746861ACB1B5B
:10202000B042BF417F42B8461F004346FF1A3B0003
:10203000B8461B0200D55FE137439AD10022002445
:10204000002579E0002E00DCFAE0002F00D18DE0C1
:10205000784B9D4267D0802367461B041F43BC46D4
:10206000382E00DC52E1634613435A1E93411E187A
:1020700086428041404209180B0200D4BEE06D4BFD
:1020800001359D4200D1D2E06B4A73080A4001211C
:102090000E401E435108D30707221E43324095E7E6
:1020A0001E00164300D045E740E7624B9D423AD000
:1020B000802367461B041F43BC46382E00DDEBE03F
:1020C0001F2E00DC3AE133006746203BDF403B0037
:1020D000202E05D04027BF1B6646BE4032439046A7
:1020E0004646721E96413343DAE0002B00D114E2DB
:1020F0006346134300D168E180234E07C008C90836
:102100001B030643194208D06046C008184204D198
:1021100063460100D2085E071643F3009946C900E2
:10212000720F444D11434B46DE08424B4F07374375
:10213000CA089D4200D16EE012036D05120B6D0DB1
:1021400000211203130B0A0D12051A433B4B2D05F8
:1021500013402B435B00E4075B082343380019005E
:102160003CBC90469946A246AB46F8BD6346134335
:1021700011D0731E002B00D007E1861886428041E3
:1021800061444042091801250B0237D502257BE73F
:102190003E00614691463500C5E75C46002D00D003
:1021A000E1E00B000343F3D0731C00D1ACE1214B01
:1021B0009F4200D13AE1F343382B00DD6FE11F2B42
:1021C00000DD8CE120250E00ED1AAE40B046060081
:1021D000AA46DE40454635432E005546D940A84024
:1021E0006346451EA8415B1A9C463043161AB2420C
:1021F000924163465242991A3D00B4E607223240AA
:10220000002A00D0E4E60B4BF6084F073743CA0814
:102210009D4200D090E73B00134300D1A6E180230C
:102220001B031A431203120B024D89E7150000220B
:10223000002785E7FF070000FFFF7FFFFFFF0F80FC
:10224000002E00D0C7E06B1C5E05760D012E00DC71
:10225000F0E0C84DAB4200D1B9E085180A008542D4
:1022600089416244494251180722CE076D082E4326
:10227000490832401D00A9E6BF49ED1A1140072266
:102280003240A3E6320028388240002686E630003D
:1022900000F084FA203073E6634613435A1E9341DC
:1022A000C61AB04280414042091A5CE60E006746F9
:1022B00006431743002D5ED1002E00D0F3E0002F1F
:1022C00000D11EE15C46614691462CE7A94FBE4213
:1022D0007BD01E00F1E610001F3DE840202B03D00C
:1022E0004021CB1A9A401643731E9E410722064393
:1022F00032400021002583E7161A6346B24280412E
:10230000591A40420B1A98465C4632E61F2E00DDF1
:10231000ABE02027BB1B9A4663465746BB40994615
:1023200013004F46F3401F433B005746BA40571E29
:10233000BA4113436246F240891898E62027BB1B36
:102340009A4663465746BB40994613004F46F340B2
:102350001F433B005746BA40571EBA4113436246DB
:10236000F240891A9CE7834B9F425FD080252D0461
:102370007342294320E7002E0CD1002F00D1D0E07A
:102380005C46614691467B4DCDE67A4FBE421CD0FD
:102390001E0065E6002F18D0C0084E0706438020B7
:1023A000C9080003014208D06346DC08044204D196
:1023B0002100DA46D2085E071643F300994601244D
:1023C0005346C900720F11431C406A4DABE61D0015
:1023D00000220027B4E6002D59D10B00034300D1A1
:1023E000D6E6731C00D1B2E0624B9F421ED0F3438D
:1023F000382B6FDC1F2B00DD97E020250E00ED1A37
:10240000AE40B0460600AA46DE40454635432E00A3
:102410005546A840D940451EA8418C440643B618ED
:1024200096429241514261443D0025E63D0061469D
:10243000914678E60B000343002D00D055E6002BB3
:10244000F5D06346134300D16DE68618864280417D
:1024500061444042091800220B0200D4D0E6464BEA
:1024600001351940B2E5B1465DE633006746203BD1
:10247000DF403B00202E05D04027BF1B6646BE40F4
:10248000324390464646721E96413343EFE5394B40
:102490009F42CBD080252D0473422943A8E70843EF
:1024A000411E8841A2E6002F00D13CE66346861A11
:1024B000CF1AB0429B415B42FB1A98461B024ED595
:1024C000161A6346B2429241591A5242891A5C4620
:1024D00000227BE501430E00711E8E419FE71D0027
:1024E0000E00203DEE40B046202B04D04025EB1AD4
:1024F00099400843814648464346411E8841184357
:1025000074E60022002417E6161A6346B24292418E
:10251000591A5242891A3D0025E561469146154DEA
:1025200001E680220024120379E61D000E00203D02
:10253000EE40B046202B04D04025EB1A99400843CA
:1025400081464E464346711E8E411E4367E78618FC
:1025500096429B4161445B42C9183D008CE5474669
:102560003743CED007224146324049E600273A00A1
:10257000E6E5C046FF070000FFFF7FFF70B50028BB
:102580002DD0C317C5185D40C40F280000F006F910
:10259000154B1B1A5B055B0D0A2815DD0B388540B2
:1025A00000222D032D0B002110002D030A0D2D0BF1
:1025B00012052A430D4D1B052A4013435B00E40717
:1025C0005B082343190070BD0200290015329140B9
:1025D0000A000B21081AC5402D032D0BE3E7002448
:1025E000002300250022DEE71E040000FFFF0F800D
:1025F0004100090E4B1C70B5DBB24602750AC40FD0
:10260000012B14DDE0239B006D07360BCB18002156
:102610000A0D280012051C4D32435B052A405B0859
:1026200013435B00E4075B082343190070BD0029D6
:1026300014D1002D1ED0280000F0B0F80A281CDCB0
:102640000B232A001B1ADA40030015339D400F4B61
:1026500012031B1A5B05160B5B0DD8E7002D06D085
:10266000320B802636036D071643094BCFE7084B24
:102670000026CCE700230026C9E703002A000B3B15
:102680009A400025E3E7C046FFFF0F808903000062
:10269000FF070000F0B54C00640D0B03621C5B0AE1
:1026A000460F5205C90F1E43C500520D012A29DDF0
:1026B000374BE718FE2F1CDC002F3BDD8001431E4B
:1026C00098410722F3006D0F03432B431A40002A61
:1026D00004D00F221A40042A00D004338022D204EE
:1026E0001A4024D00137FAB2FF2F02D09B01580ABA
:1026F00001E0FF2200204002D205400AC907104332
:102700000843F0BD3543002C04D1002D0AD100222E
:102710000020F0E7002DECD08020C0033043FF22E2
:10272000E9E7002400235B02580AE2B2E3E7DB0892
:102730003C00F8E73B001733F3DB80231B043343F3
:102740001E26F61B1F2E14DD02225242D71B1A0032
:10275000FA401700202E04D00E4A94466444A34049
:102760001D432B005D1EAB4107223B431A4000274F
:10277000ADE7094A2800A218954093406C1EA54178
:10278000F04007222B4303431A4000279FE7C0462F
:1027900080FCFFFFA2FCFFFF82FCFFFF1C21012346
:1027A0001B04984201D3000C10391B0A984201D334
:1027B000000A08391B09984201D30009043902A212
:1027C000105C40187047C046040302020101010179
:1027D00000000000000000000023C25C0133002A5A
:1027E000FBD1581E704700007047C0467047C04676
:1027F000FEE7C0460A4A0EE001C901C3906898424C
:10280000FAD801E0002102C3D1689942FAD8103207
:10281000044B9A4202D211685368EFE77047C046F2
:102820001C5C01089C5C0108FEE7C046FEE7C04650
:1028300010B500F0F5F800F063F80B4C80220B495E
:10284000200000F0FFF9303CA061094BC361202358
:102850000122C254074A136A07490B40136262B649
:10286000064800F01FFA10BDA0060020D45C010845
:102870000001002000ED00E0FFFF00FF9C5C01086C
:1028800072B6014BD862FEE77006002070B51B4B94
:10289000DC698023DB055A6A08E062B62069A84734
:1028A00072B6164BDC698023DB055A6AA3681349AC
:1028B000886A111A8B4211D8104A1B18936221683A
:1028C00013001C334B602168D161E5680021E16091
:1028D000D2699A42E1D100F0D1FADEE70749CC692A
:1028E0001C318C4206D01818801A012803D9101800
:1028F00000F0CAFA70BD0220F9E7C0467006002059
:10290000054B1A001C32DA611A62012252425A62E5
:1029100000229A627047C0467006002070B505001C
:102920000361C2608023DB05586A01290ED91A4B66
:10293000DA691C339A420BD00818174B9C6A041BA7
:102940009368A34212D8144BDB6914E00221EEE72E
:10295000114B9862DD611D621A001C322A606A60A8
:10296000A960986A401800F081FA14E000F08CFA2F
:10297000E9E7A41A1B689A68A242FAD32B605A6846
:102980006A6015605D60AC609A68141B9C60024BC5
:10299000012252425A6270BD7006002010B51E4BD3
:1029A000DB69834211D0436802681A600368426899
:1029B0005A600023C3600368184A934204D08268B7
:1029C00099688C4662449A6010BD0168124BD961C7
:1029D0001A001C324A600021C160DB69934215D0A5
:1029E000826899688C4662449A608023DB055C6A41
:1029F00009498B6AE01ACB699B688342E4D9181AAB
:102A0000012806D9001900F03FFADDE700F036FA98
:102A1000DAE70220F6E7C046700600208C060020A8
:102A2000034B1B605B6000229A601B615B61704717
:102A30007006002020230022C254064B1B689A68AF
:102A400081688A42FAD203605A6842601060586016
:102A50007047C0467006002010B572B62023C35CD4
:102A6000032B0CD0042B0ED0002B06D001235B428D
:102A70004362FFF7DFFF62B610BD62B6FCE7436A50
:102A800000221A60F2E7436802681A60036842682D
:102A90005A60EBE720230022C254064B1B689A6859
:102AA00081688A42FAD803605A68426010605860B0
:102AB0007047C0467006002010B50D4B9C69202160
:102AC00060541A681068186043609A610123535477
:102AD000EFF30983243BE269934205D3044B9869E1
:102AE0002100FDF751FB10BD0248FFF7C9FEF5E7D5
:102AF00070060020BC5C010810B586B004004B1CB9
:102B000013D00B4B9B690B4A01A8FFF707FF20006E
:102B1000FFF7D2FF049B002B02D001A8FFF73EFF76
:102B2000034B9B69586A06B010BDFFF7C5FFF7E776
:102B300070060020592A000870B50400104B9869EF
:102B40006162A3688268934212D9FFF773FF0500A0
:102B50000B4B9C6120230122E254EFF30983243BB9
:102B6000C269934208D329002000FDF70DFB70BD18
:102B70002000FFF75FFFFAE70248FFF781FEF2E768
:102B800070060020BC5C0108044B1A6892689B69BF
:102B900098689042804140427047C04670060020CD
:102BA00010B50E4B98691A68116819604B609A61EC
:102BB00020230121D154FFF76DFF0400EFF30983B7
:102BC000243BC269934205D3044B98692100FDF769
:102BD000DBFA10BD0248FFF753FEF5E77006002050
:102BE000BC5C010810B5054B1A6892689B699B682C
:102BF0009A4200D810BDFFF7D3FFFBE77006002014
:102C000010B50E4B98691A68116819604B609A618B
:102C100020230121D154FFF73DFF0400EFF3098386
:102C2000243BC269934205D3044B98692100FDF708
:102C3000ABFA10BD0248FFF723FEF5E7700600204F
:102C4000BC5C0108826020230222C25401330022AE
:102C5000C25401330132C2548161034B03615A698A
:102C600042611061586170477006002001E00270F7
:102C700001308842FBD3704710B50100836818000B
:102C800028384A68C2614C3BC3600A691A614A69C4
:102C90005A61034A1A62CA680968FFF7D3FF10BD78
:102CA000A901000810B50400552281684068FFF7AB
:102CB000DDFF72B62000FFF7DFFF04000021FFF701
:102CC0003BFF62B6200010BDF8B506000C001500F1
:102CD0001F0041185522FFF7C9FF72B6200028389F
:102CE0003018C6610300243BC3601F61069A5A6115
:102CF000064A1A622A000649FFF7A4FF04000021D1
:102D0000FFF71AFF62B62000F8BDC046A90100080F
:102D1000CC5C010810B5084B9B69586222229A5C72
:102D2000002A05D15A69196911611A695B695361F1
:102D30000F20FFF7C1FE10BD7006002010B572B65F
:102D4000FFF7E8FF10BDC04610B5010072B60820BD
:102D5000FFF7D2FE62B610BD10B500290AD0074BAE
:102D60009B69186042685A60136043600420FFF753
:102D7000C3FE10BD01204042FBE7C04670060020A4
:102D800010B50368984206D01A6802605060596214
:102D90001800FFF74FFE10BD70B504000D0005E0F0
:102DA000036823605C604562FFF744FE206884424C
:102DB000F6D170BD72B6024B186962B67047C04654
:102DC0007006002072B60069034B984201D062B6CB
:102DD00070470020FBE7C0467006002080B500AFBA
:102DE000EFF30983203383F3098862B6BD4680BDC3
:102DF000B0B500AF0F3010D072B6EFF309842300E6
:102E0000203B83F3098880225204DA61FFF7BCFE7D
:102E1000002804D1203C044BA361BD46B0BD203C3A
:102E2000024BA361F9E7C046B8010008B5010008EC
:102E300010B501F081F80A4801F012FB00F0E6FA43
:102E400000F0F8FA00F040FB00F020FE00F000FC7B
:102E500000F082FF02F00AF800F004F810BDC0464E
:102E6000505E010810B501F031F910BD8023DB057B
:102E7000586300221A610232DA6070478023DB0552
:102E80000022DA607047C0468023DB055863704734
:102E90008368013B836003698269944663440361EC
:102EA0004269934201D3036A03617047C3681960A2
:102EB000836801338360C368826994466344C36056
:102EC0004269934201D3036AC360704710B58368B7
:102ED000002B01D0002010BDFFF73EFFFBE7C046EE
:102EE00010B5C3680269934204D00023002B06D1B9
:102EF000002010BD8368002BF8D00123F6E7FFF710
:102F00002BFFF6E730B5006040600024846001616B
:102F1000C16004321D0055434D1945618261C36192
:102F2000016244628462039BC362049B036330BDFD
:102F300010B500238360026A0261C260436283624B
:102F400002214942FFF728FF10BDC04610B504001A
:102F5000FFF7ACFF00212000FFF712FF10BDC046B5
:102F600010B50400FFF7B2FF002805D12269131D38
:102F7000636212689B18A36210BDC04610B50400BE
:102F8000FFF786FF00236362E36A002B01D0200075
:102F9000984710BD70B5040072B6436A002B09D083
:102FA000636A1D7801336362A26A934208D262B6F3
:102FB000280070BDFFF7D4FF051EF1D062B6F7E719
:102FC0002000FFF7DBFFF2E7C3680269934204D0F9
:102FD0000022002A06D1181D70478268002AF8D006
:102FE0000122F6E70020F7E78368002B05D003698C
:102FF0001B680B600069043070470020FCE7C04686
:1030000010B50400FFF744FF00212000FFF7B8FED1
:1030100010BDC04610B50400FFF762FF002806D1BE
:10302000E3681A1D6262A26994466344A36210BDFC
:1030300010B50400FFF73AFF00236362E36A002B38
:1030400001D02000984710BDF8B5CE46474680B560
:103050000400884691461F0072B600261EE04346D3
:10306000002B0BD008992000FFF7D4FF002818D0C0
:1030700062B630000CBC90469946F8BD0899200015
:10308000FFF76EFFF2E72A000100484612F014FD38
:1030900016E02000FFF772FFB742E9D9636A002B00
:1030A000DDD0606AA36A1B1ABD1B9D4200D31D00C0
:1030B0004346002BE7D04B4699192A0012F0FCFC3E
:1030C000636A5B1963627619A26A9342E4D343464A
:1030D000002BDED0A369191F2000FFF7A9FFDBE753
:1030E00000B583B0009313000A000021FFF7ACFF86
:1030F00003B000BD70B504000D0072B6436A002B2A
:103100000AD0636A1D70636A01336362A26A9342E4
:1031100009D262B6002070BD1100FFF77BFF0028C6
:10312000EFD062B6F7E7A369191F2000FFF780FF11
:10313000EFE7C04600B583B0009313000A000121F9
:10314000FFF782FF03B000BD10B504008368002BB9
:103150000FD1416A00290ED0C368C91A0439002969
:1031600001D1002006E0FFF7A1FE002363620120E9
:1031700000E0002010BD0020FCE7C046030002690B
:10318000013A0261C1694A1CC261C068405C596968
:103190008A4201D30022DA617047C04603690133D5
:1031A000036183695A1C8261C268D1548369426990
:1031B000934201D3002383617047C04610B5036971
:1031C000002B01D0002010BDFFF7C6FDFBE7C04675
:1031D00010B503694269934201D2002010BDFFF788
:1031E000BBFDFBE7F8B505000F000469944200D36E
:1031F0001400002C13D0012C13D0E9696B695E1AFE
:10320000B44213D2EB689C4661442200380012F0AD
:1032100053FCEB691B19EB612B691B1B2B61200015
:10322000F8BD2800FFF7AAFF3870F8E7EB689C4666
:1032300061443200380012F03FFCB819A21BE96863
:1032400012F03AFC7642EE61E3E7C046F8B50500BD
:103250000E0047690369FC1A944200D31400002C45
:1032600012D0012C12D0A8693F1ABC4213D2EB68CD
:103270009C4660442200310012F01EFCAB691B1911
:10328000AB612B691B192B612000F8BD3178280038
:10329000FFF784FFF8E7EB689C4660443A00310092
:1032A00012F00AFCF119E21BE86812F005FC7F42FB
:1032B000AF61E3E710B50060406000240461C160C5
:1032C000C46184614261836010BDC04610B50023B3
:1032D000C3618361036102214942FFF75DFD10BDB7
:1032E00010B5040003694269934207D2FFF756FF05
:1032F00000212000FFF744FD002010BD01204042C6
:10330000FBE7C04670B5050072B6FFF757FF041E15
:1033100002D062B6200070BD2800FFF72FFF040026
:10332000AB68002BF5D028009847F2E7F0B5CE4601
:1033300000B582B005000E001700019372B600249C
:1033400001992800FFF73AFF00280DD131193A1BE7
:103350002800FFF747FF8146AB68002B01D028000B
:1033600098474C44A742EBD862B6200002B004BC98
:103370009146F0BD70B504000E0072B61100FFF763
:1033800027FF051E02D062B6280070BD3100200064
:10339000FFF704FFA368002BF5D020009847F2E761
:1033A00070B504000369002B08D0FFF7E7FE0500A5
:1033B00000212000FFF7E4FC280070BD01256D42CC
:1033C000FAE7C046F0B5CE4600B582B005000E0063
:1033D0001700019372B6002401992800FFF7F8FE48
:1033E00000280DD131193A1B2800FFF72FFF814625
:1033F000AB68002B01D0280098474C44A742EBD87B
:1034000062B6200002B004BC9146F0BD10B500F0D9
:1034100081FE10BD01230370002343607047C04646
:1034200010B5040072B6416000F0ECFE0223237078
:1034300062B610BD10B501F0BFF810BD01230370D6
:10344000002343607047C04610B5040072B6416067
:1034500001F0C6F80223237062B610BD10B5032335
:10346000037001F00DF910BD10B572B6FFF7F6FF4D
:1034700062B610BD10B504000423037001F024F9F6
:103480000223237010BDC04610B501210830494207
:10349000FFF738FF10BDC04610B501222830524258
:1034A000FFF768FF10BDC04610B5012308305B422E
:1034B000FFF73CFF10BDC04610B5012328305B422A
:1034C000FFF780FF10BDC04610B501F07FF910BDB9
:1034D00070B504000B001500094A02600122027158
:1034E0000830210048310F32FFF7E4FE2000283079
:1034F000210058312B001022FFF7DCFE70BDC046C2
:10350000EC5C010810B5040072B601F09BF90223CF
:10351000237162B610BDC04610B5040072B601F04A
:10352000ADF90123237120002830FFF7CFFE2000E2
:103530000830FFF7CBFEFFF755FB62B610BDC04663
:1035400010B582B0046B9023DB00E3581A68117841
:10355000042901D002B010BD21790229FAD11289C3
:10356000197901238B401342F4D120003C3001A98A
:10357000FFF73AFD021EEDD09023DB00E3581979E6
:103580001868019B00F0E4FAE4E7C04610B50400B7
:103590009023DB00C3581A681178042901D0012058
:1035A00010BD0179022901D00120F9E7528959792A
:1035B00001238B40134201D00120F1E70830FFF7CF
:1035C00003FD021E0AD09023DB00E05880234179DE
:1035D00000685B0000F0A8FA0020E1E70120DFE7C7
:1035E00010B5006BFFF7D2FF10BDC04610B501212A
:1035F00008304942FFF7CEFC10BDC04610B59023FD
:10360000DB00C3581B681B78042B05D101223C301A
:103610005242FFF76FFD10BD02204042FBE7C0465B
:1036200010B5012308305B42FFF75AFD10BDC046BC
:1036300010B59023DB00C3581B681B78042B01D006
:10364000002010BD033B3C305B42FFF773FDF8E701
:103650007047C04630B583B004000F4B03600123B0
:10366000037108302100703180256D0001940B4BEF
:10367000009302232A00FFF745FC20003C309E23E4
:103680009B00E1180194064B009302232A00FFF7E8
:1036900039FC03B030BDC0460C5D0108E1350008BF
:1036A000413500080A6872B60B7909339B00D318BC
:1036B00058604B7911339B0098508B79002B03D0C5
:1036C00009339B00D31858609023DB00C1500223BC
:1036D000037162B67047C04610B504000830FFF7AA
:1036E00027FC20003C30FFF723FC10BD10B5040080
:1036F0000830FFF71DFC20003C30FFF719FC2000CC
:10370000FFF744FF10BDC0467423C25C143B134056
:10371000202B01D0002070475533C35C212B05D0EE
:10372000222B0FD0202B07D00020F4E7084B836614
:103730000723C3660120EEE7054B83660723C366B4
:103740000120E8E700238366C3660120E3E7C04663
:103750002003002030B583B004009023DB00C35861
:103760001A681178042901D003B030BD017902290B
:10377000FAD11289197901238B401342F4D1050043
:103780003C352800FFF7E0FC0028EDD001A9280017
:10379000FFF72AFC02009023DB00E3581979186830
:1037A000019B00F0D5F9DFE770B582B005000E008F
:1037B0000B0009339B00C3185C68002C16D072B64E
:1037C0008B1C9B00C3185B685B691B68002B0FD1C7
:1037D00020003C3001A9FFF707FC00280DD0019B19
:1037E00002003100280000F0B3F962B602B070BDEB
:1037F00020003C30FFF704FCEAE7B31C9B00EB1809
:103800005B685A6912681B8A9A42EED10023002233
:103810003100280000F09CF9E7E7C04610B51131EF
:1038200089000C58002C11D072B69023DB00E358AD
:103830001A685B7902339B00D3185B689B695968EF
:10384000002904D12000FFF7A1FE62B610BD2000C0
:103850000830FFF77BFBF5E77047C04670B5040002
:10386000092956D88B002D4AD3589F4603007C3334
:1038700083660223C366012070BD7623C35A012BE1
:1038800001D00020F8E77C22835A02208343A35210
:10389000032904D00023A366E3660120ECE702229B
:1038A00013437C22A352F5E700238366C3661C4BB7
:1038B00003670120E0E743685D687623C25A110A76
:1038C000D2B20233C35AA847002824D04368A36663
:1038D0000368E3660120CFE703007F33836601239B
:1038E000C3660120C8E77623C35C7F228354002B84
:1038F0000DD00423237063681B68002B02D00221C3
:10390000200098470023A366E3660120B4E7032361
:10391000F0E70020B0E70020AEE7C0462C5D0108CC
:1039200065390008002905D1034B83660223C3666D
:10393000012070470020FCE7945D010810B50400E9
:10394000002101F0F1F90021200001F0DBF96368AA
:103950001B68002B02D00521200098476423062213
:10396000E25410BD10B504007623C25A0833C25485
:1039700001F014F863681B68002B02D001212000BD
:1039800098470323237010BD10B504007823C05A54
:10399000693B034080220240012928D0002909D038
:1039A000032924D00C2946D1264BA3660223E366C3
:1039B000012010BD002A09D0D9B2200001F080F802
:1039C000012808D002280CD00020F2E7D9B220004C
:1039D00001F062F8F4E71C4BA3660223E3660120C2
:1039E000E7E71A4BA3660223E3660120E1E77620AE
:1039F000205A002821D1002B21D001290AD0002AE9
:103A000014D0D9B2200001F08FF90023A366E36639
:103A10000120CEE7002A04D0D9B2200001F0B0F98D
:103A2000F3E7D9B2200001F091F9EEE7D9B2200016
:103A300001F068F9E9E70020BBE70020B9E70020C2
:103A4000B7E7C046945D0108905D01088C5D0108F0
:103A500010B57423C25C143B134214D11533C15CFE
:103A6000563B1340012B08D0002B03D0022B07D06C
:103A7000002009E0FFF7F2FE06E0FFF753FF03E046
:103A8000FFF782FF00E0002010BDC04610B500F037
:103A900059FF10BD012303700023436000220AE098
:103AA00013000A339B00C31800215960130012331E
:103AB0009B0019500132062AF2D900230381438169
:103AC0007047C04610B5040072B64160002205E0A0
:103AD000931C9B00E318002159600132072AF7D993
:103AE000200000F037FF0223237062B610BDC046ED
:103AF00070B504000D0016008B1C9B00C3185A60A3
:103B00005069002803D00C22002111F0DFFFB069BA
:103B1000002803D00C22002111F0D8FF290020003A
:103B200000F046FF70BDC04670B501248C40A4B2C1
:103B300045892C4344818C1CA40004196468A46941
:103B4000A26023600023636000F0E2FF70BDC04606
:103B500070B501248C40A4B205892C4304818C1CCF
:103B6000A400041964686469A26023600023636090
:103B700000F0E0FF70BDC04610B5040002230370E2
:103B800000237C228352002102328154013281546D
:103B900003814381002205E0931C9B00E318002170
:103BA00059600132072AF7D964230022E254200029
:103BB00000F050FF63681B68002B02D0002120003A
:103BC000984710BD10B50523037043681B68002B90
:103BD00001D00321984710BD10B50423037043683A
:103BE0001B68002B01D00421984710BD70B504005C
:103BF00000256423C5540200743200F071FF25676C
:103C000063689B68002B03D020009847002804D1EC
:103C10002000FFF71DFF002817D07A23E35AE26E39
:103C20009A4200D9E36672B67423E356002B10DB88
:103C3000E36E002B23D0A26E00212000FFF774FF5B
:103C400064230422E25462B670BD2000FFF776FEC2
:103C5000FAE7E36E002B08D0A26E00212000FFF7E8
:103C600077FF64230122E254EDE7002300220021C4
:103C70002000FFF759FF64230322E254E3E7002307
:103C8000002200212000FFF763FF64230522E25495
:103C9000D9E7C04610B504006423C35C062B19D8CD
:103CA0009B00184AD3589F46C06E7A23E35A984225
:103CB00005D2E368198AFCF721FB00290BD072B604
:103CC0000023002200212000FFF72EFF62B66423AC
:103CD0000322E25410BD72B6002300222000FFF739
:103CE00037FF62B664230222E254F3E7036F002B2E
:103CF00000D0984764230022E254EBE7FFF71EFE52
:103D0000E8E7C046545D010810B504006423C35CB5
:103D1000062B0DD89B000F4AD3589F4672B600233E
:103D200000220021FFF714FF62B664230522E2544B
:103D300010BDC3689B695B68002BF9D1036F002B32
:103D400000D0984764230022E254F1E7FFF7F6FD24
:103D5000EEE7C046705D010810B501F029F810BD0E
:103D600070B583080C4DC0339B005C5903220240A0
:103D7000D200FF269640B443890191402143595116
:103D80001F2202404009012393400200603292004A
:103D900053518000435170BD00E100E0124A1168A8
:103DA00080235B000B431360104B1B6AC022920000
:103DB0001340013AFF3A934205D00C4B8022520245
:103DC0001A6200221A62094B1B6A1B040AD4074BB1
:103DD000196A802292000A431A62196A802212022A
:103DE0000A431A627047C04600700040001002404B
:103DF00070B57446194B25229E5C5A6911682420BF
:103E0000185CC1400F2529400CD00B008340536043
:103E1000F200134BD558002D04D01300104AD318CC
:103E20005868A8470D4B39229E5C9A6A1168382061
:103E3000185CC1400F2529400CD00B008340536013
:103E4000F200074BD558002D04D01300044AD318B4
:103E50005868A8472000FEF7CBFF70BD985D0108A9
:103E6000C806002070B57446314B4D229E5CDA6B5B
:103E700011684C20185CC1400F2529400CD00B0064
:103E800083405360F2002B4BD558002D04D0130013
:103E9000284AD3185868A847254B61229E5C1A6DA2
:103EA00011686020185CC1400F2529400CD00B0020
:103EB00083405360F2001F4BD558002D04D01300EF
:103EC0001C4AD3185868A847194B75229E5C5A6E35
:103ED00011687420185CC1400F2529400CD00B00DC
:103EE00083405360F200134BD558002D04D01300CB
:103EF000104AD3185868A8470D4B89229E5C9A6FC8
:103F000011688820185CC1400F2529400CD00B0097
:103F100083405360F200074BD558002D04D01300A6
:103F2000044AD3185868A8472000FEF761FF70BD07
:103F3000985D0108C806002010B50C4B9A6A012153
:103F40004942996200229A62186919611A61D86817
:103F500007490143D960DA60D969802252050A43D2
:103F6000DA61FFF71BFF00F07DF810BD0010024082
:103F7000FFFFBFFF2D4A136801210B4313602B4B3A
:103F80001B689B07FBD5294B5A6803218A435A605B
:103F90005A685A60254B5B680C221A42FAD1234BAF
:103FA0001968ED320A401A6000225A605A6B0121EA
:103FB0000A435A631D4B5B6B9B07FBD51B4A516B36
:103FC00080235B020B435363184B5B6B9B03FBD556
:103FD000164A536A01210B435362144B5B6A9B07D9
:103FE000FBD5124BE522D2045A600022DA6210326D
:103FF0001A631968802252040A431A600B4B1B682B
:104000009B01FBD50A4B11221A60084A5368022112
:104010000B435360054B5A680C231340082BF9D10E
:10402000024A936901210B439361704700100240DB
:104030000020024010B57446084B1B680F21194040
:1040400008D0064B5960064B1B68002B02D0044A6F
:10405000506898472000FEF7CBFE10BD00000240DC
:10406000C80600200B4B00221A6000230BE09A00C8
:10407000D2189100084A5218516800220A60D800EC
:10408000064942500133062BF1DD054B0122524215
:104090005A60704700070020985D0108C80600209C
:1040A0000000024010B574468023DB051B699B07A6
:1040B00003D42000FEF79CFE10BD8023DB05002208
:1040C0001A6172B6FEF7E2FB62B6F2E710B50E496E
:1040D000CB6901221343CB610C498B6813438B607E
:1040E0008023DB050A49996201214942D9620021F6
:1040F00099615963D96059605A611A6002310F2081
:10410000FFF72EFE10BDC0460010024000580140CF
:10411000BF12000010B50248FFF77CF910BDC04681
:1041200004070020F0B583B01F220A40012393400A
:104130000F2915D88A08019203250D40AD000F24E0
:104140002600AE40CF004268BF583F093C40AC401B
:104150001E4F019A02329200D559B5432C43D451D7
:104160001B4A13421ED1CA0044681259D2071BD5FC
:10417000184CA2681A43A260CA00446812599207F8
:1041800017D5144CE2681A43E2604268C90051181E
:104190004A68002A12D00F4A116819431160516809
:1041A0009943516003B0F0BD0A4CA2689A43A260E3
:1041B000E2E7084CE2689A43E260E6E7054A5168A4
:1041C00019435160116899431160EBE70000014009
:1041D0000000847F000401401F23194001228A400F
:1041E000074B1868D1430840186058680840586069
:1041F000986808409860D8680140D9605A61704753
:104200000004014070B505000378012B01D00024A3
:1042100007E000F0FBF8FAE721002800FFF7DCFFD9
:1042200001341F2C09D8E3006A689B585B07F3D55B
:1042300021002800FFF776FFF2E770BD70B57546E4
:104240000B4A5469032323405361E30704D509480B
:1042500043685B6800219847A30704D50548436875
:10426000DB68012198472800FEF7C2FD70BDC046FB
:10427000000401400407002070B575460B4A5469DC
:104280000C2323405361630704D5094843685B69E5
:1042900002219847230704D505484368DB690321B9
:1042A00098472800FEF7A4FD70BDC04600040140F9
:1042B0000407002070B575462E4A54692E4B2340E2
:1042C0005361E30604D52D4843685B6A042198478F
:1042D000A30604D529484368DB6A0521984763068D
:1042E00004D5264843685B6B06219847230604D50E
:1042F00022484368DB6B07219847E30504D51F4834
:1043000043685B6C08219847A30504D51B484368A4
:10431000DB6C09219847630504D5184843685B6D39
:104320000A219847230504D514484368DB6D0B2107
:104330009847E30404D5114843685B6E0C21984705
:10434000A30404D50D484368DB6E0D219847630430
:1043500004D50A4843685B6F0E219847230404D5AF
:1043600006484368DB6F0F2198472800FEF740FDA1
:1043700070BDC04600040140F0FF000004070020AB
:1043800010B57446094A50691368802149020B40F0
:10439000034053610B4205D0054884234268D3583B
:1043A000102198472000FEF723FD10BD00040140B6
:1043B0000407002070B57546124B5A691C68D0215D
:1043C00049030C4014405C61A30305D50E488C23BF
:1043D0004268D35811219847230305D50A489C23E6
:1043E0004268D3581321984780235B031C4205D0B1
:1043F0000548A4234268D358142198472800FEF7A3
:10440000F7FC70BD000401400407002010B5032133
:104410000520FFF7A5FC03210620FFF7A1FC0321DF
:104420000720FFF79DFC03210120FFF799FC0321E2
:104430000C20FFF795FC03210220FFF791FC10BD33
:104440004B6843608B688360CB68C3600B694361D2
:104450004B6903628B6943620B6803607047C04617
:1044600010B50400124A5169FC23DB030B4353616E
:1044700090202100C005FFF7E3FF21001C310D480B
:10448000FFF7DEFF210038310B48FFF7D9FF21008D
:1044900054310A48FFF7D4FF210070310848FFF774
:1044A000CFFF21008C310748FFF7CAFF10BDC0467F
:1044B000001002400004004800080048000C0048BA
:1044C0000010004800140048F0B5DE4657464E463E
:1044D0004546E0B583B01300032637001740920825
:1044E00001241440A446DA08324001925C092640B7
:1044F000DB090F241C40A146002416E0072C46D8F7
:10450000056A5246954342461543056205682B40AD
:104510003B430360490848D063465B009C46019BCF
:104520009B000193B600BF000134CB07F2D50725ED
:104530002540AD004B46AB4098460123A3409B4627
:1045400063009A460323524693400F22AA409246A4
:1045500045685A4695436246154345608568DB4386
:104560001D40019A15438560C5681D403543C560EF
:10457000022FC3D005682B403B430360072C0DD8A6
:10458000036A52469343424613430362C2E7456AB5
:1045900052469543424615434562B7E7436A524641
:1045A0009343424613434362B4E703B03CBC904696
:1045B0009946A246AB46F0BD10B50548054BC36011
:1045C000FEF73CFF0448054BC360FEF737FF10BD04
:1045D0001C070020000400400C07002000200040C1
:1045E00010B504000378012B19D063681968A0681E
:1045F000FBF7FEFD80B2013880B2E2680023136051
:104600006168E26889685160E2689062E2681361FB
:104610006368DB68E268FF218B43D36010BD144BF5
:10462000984214D0134B9C42DFD1134BD96980229E
:1046300052001143D96119690A431A6100221A61B3
:1046400002211320FFF78CFB0C4BA360CDE70A4B34
:10465000D96902200143D9611A6902431A61002213
:104660001A6102210E30FFF77BFB044BA360D9E7F0
:104670001C0700200C07002000100240006CDC0228
:10468000C3680139D962C36801225A61C268002334
:104690005362C268136143685B68002B04D0C26830
:1046A000D36801210B43D360C36805221A607047A9
:1046B000C26800231360C2681361C268D368FF2117
:1046C0008B43D3607047C046C3680139D962C36861
:1046D00001225A61C3680C321A60C3681A69D20792
:1046E000FBD500221A61704710B50400C368002290
:1046F0001A610378042B04D063685B682000984734
:1047000010BD023B0370FFF7D3FFF5E710B5744609
:104710000348FFF7E9FF2000FEF76AFB10BDC04623
:104720001C07002010B574460348FFF7DDFF20008A
:10473000FEF75EFB10BDC0460C070020002303609F
:10474000436083607047C046024A136880210B4370
:104750001360704700380140F8B50600846E276882
:10476000E569256272B606E030000830A18CC9B256
:10477000FEF7B6FDE569AB06F6D43B060DD47B0625
:1047800004D56B0602D540239F43276062B6F8BD6F
:1047900080233A009A432260F1E72B06EFD53000E0
:1047A0002830FEF7FDFD0028F2DB80B22085E569A8
:1047B000F3E7C04610B574460348FFF7CDFF20006D
:1047C000FEF716FB10BDC0462C07002010B5074CA5
:1047D000074A00212000FEF77BFE064BA366064B2E
:1047E000E36603211B20FFF7BBFA10BD2C07002056
:1047F0004947000800380140006CDC0270B5846E47
:1048000023680125AB432360C06EFBF7F1FCE06039
:1048100023682B43236070BD10B5846E40238A68E3
:10482000134363600123CA681343A3602E23FF333D
:104830004A68134323600968FFF7E0FF01235B42E6
:10484000236210BD10B5002905D00379012B04D0D7
:10485000FFF7E2FF10BD0649F7E7064B9842F7D194
:10486000054A94698023DB0123439361F0E7C04646
:10487000245E01082C0700200010024010B504003F
:104880000379022B00D010BD806EFFF757FF044B59
:104890009C42F8D1034A936903490B409361F2E7C4
:1048A0002C07002000100240FFBFFFFF80234022A2
:1048B000C250704710B58022835801310124A143B2
:1048C000C9188150180010BD70B50E4B1B6DC0008B
:1048D00018180D4B9C46604485886544C688B6B25E
:1048E000B005800D002303E05A00AC5A8C5201330E
:1048F00042089A42F8D8F20702D55B00EA5CCA5433
:1049000070BDC046005C00400060004030B50B4BFD
:104910001B6DC00018180A4B9C466044058865440E
:1049200093B24380002003E04300CC5AEC520130A4
:10493000531C5B088342F7D830BDC046005C004082
:104940000060004010B50248FFF7A4F810BDC04653
:104950009C07002070B504000378012B00D070BDC7
:104960000B4B984203D02000FFF706F9F7E7094AFE
:10497000D16980231B040B43D361074D01232B64B2
:1049800003211F20FFF7ECF900232B64EBE7C0465F
:104990009C07002000100240005C00407E23C25CA7
:1049A000FE3B1343DBB2014AD3647047005C004016
:1049B000F0B583B001900C008B1C9B0084466344CF
:1049C0005F6803233A6813403AD0022B04D9032BC3
:1049D00036D1C026F60000E000261C4B1D6DE3001A
:1049E000ED181B4B9C4665447B69002B09D00023C6
:1049F0006B80398A0198FFF75DFF80B22880202301
:104A00001E43BB69002B13D07B8A3E2B1BD9013B75
:104A10005B11202213439BB29B029BB2EB80798AED
:104A20000198FFF747FF80B2A88080239B011E43B7
:104A3000064BA200D158D1502643D65003B0F0BD4A
:104A40008026B600C9E701335B08E5E7005C00405B
:104A50000060004010B504000D4B00221A655A6436
:104A60008032DA644368DB68002B0DD09E2212028C
:104A7000074B1A642000FFF719FF064BE360002183
:104A80002000FFF795FF10BD9C221202F0E7C04600
:104A9000005C0040345E01088900084BCB58C022FE
:104AA0009201134005D080225201934203D002208C
:104AB00000E0002070470120FCE7C046005C004099
:104AC0008900064BCA583023134003D0102B03D063
:104AD000022000E0002070470120FCE7005C00405D
:104AE00010B5094B1B6DC9005918084B9C46614411
:104AF0008C886444002303E05900605A505201330B
:104B0000032BF9D910BDC046005C00400060004096
:104B1000054889000A58054B1A40C0239B015A409A
:104B2000034B13430B507047005C00408FB7FFFFEF
:104B30008080000070B50C008B1C9B00C018426880
:104B4000556969682B685B1A168A9E4215D2AB6854
:104B50009C46614432002000FFF7D8FE6B689C46FB
:104B600066446E600649A4006358064A134030222A
:104B70005340054A1343635070BD1E00E7E7C0462B
:104B8000005C0040BF87FFFF80800000F0B583B06D
:104B900005000F240C40A200364BD258A31C9B00EA
:104BA000C3185E68CB0622D43249A0004358324A6B
:104BB0001A4080231B021343435073695A681B68D1
:104BC0009A420FD30122A2402B8993432B81A31C2D
:104BD0009B00EB185B689B68002B1AD0E1B22800A1
:104BE000984716E0E1B22800FFF7A4FF11E0214941
:104BF000A0004358204F3B4080273B4343501305C0
:104C000009D5A31C9B00EB185B685B68E1B2280028
:104C1000984703B0F0BDB769E0B20190BB687A680D
:104C2000944663441900FFF74FFE7B68C3187B600E
:104C30003A68934202D2738A83420FD90122A2407A
:104C40006B8993436B810234A4002C196368DB6881
:104C5000002BDED0019928009847DAE70549A40027
:104C60006258064B1A40C0239B015A40044B134321
:104C70006350CEE7005C00400F07FFFF8FB7FFFFD8
:104C80008080000070B575461C4B5C6CE2435A6432
:104C9000630511D4230513D4E30403D5174B9B6C90
:104CA0001B0416D5A30523D5154B5B68DB68002BC9
:104CB0001ED0134898471BE01148FEF75DFFE9E757
:104CC0000E4A136C08210B4313640D48FEF77AFF5C
:104CD000E2E70A4A136C08218B4313640848FEF785
:104CE0007BFFDFE721000648FFF750FF034B5C6CBA
:104CF0002304F7D42800FEF77BF870BD005C004069
:104D00009C070020054889000A58054B1A4080235B
:104D10005B015A40034B13430B507047005C00404B
:104D20008FB7FFFF80800000054889000B58054AB7
:104D3000134010225340044A13430B507047C0469F
:104D4000005C0040BF87FFFF808000008A00094BA5
:104D5000D358C0229201134093420AD005488900DB
:104D60000A58054B1A4080239B015A40034B1343BA
:104D70000B507047005C00408FB7FFFF8080000041
:104D80008A00084BD25830231340302B09D00548F5
:104D900089000B58044A134020225340034A13430E
:104DA0000B507047005C0040BF87FFFF8080000011
:104DB000024B01221A70024A9A6070472C080020A8
:104DC00000300040144B1A68144B9A421FD0144A0A
:104DD0005169FC23DB030B4353619023DB05002265
:104DE0005A60104999601049D960104959611A6296
:104DF0001132FF325A620E4A1A601B695B0708D5EE
:104E00009023DB051B695B07FAD401207047012062
:104E1000FCE70020FAE7C046F03F0020EFBEADDE21
:104E200000100240000CFFFFA80401A8FFF90000D9
:104E300003F32A6880B500AFFFF7C4FF00280AD04B
:104E400062B6074B00221A60064B83F30888064BB4
:104E50001B689847FEE7FFF78DF8BD4680BDC0464A
:104E6000F03F00205022002004C8FF1F7047C046BA
:104E7000F0B5C64600B582B00700009101921E0051
:104E80000B2398468044444604E030210FE0009B09
:104E9000002B15D001990098FBF730FACDB201999B
:104EA0000098FBF7A5F90090092DEED93721013CB8
:104EB0004D192570002EEAD0013E002EEAD1E6E71A
:104EC00043461B1B781C22783A70013B07000134D3
:104ED000002BF7D102B004BC9046F0BDF0B5DE4621
:104EE00057464E464546E0B585B005000E00029295
:104EF0009A46002B14D1042201231A4390465346AC
:104F00000F2B01D90F239A460F239C46AC446346CE
:104F10000193674692235B00994600239B4605E078
:104F20000222E9E71F004B465B0899460A21300040
:104F3000FBF7E4F9CCB20A213000FBF759F906007F
:104F40007B1E30341C70002809D04A46D207E9D5B0
:104F5000023F20233B701F3B9C46E344E3E7254A86
:104F60005946575C0397019AD21A029900291AD020
:104F70008A4218D90A0016E04046C00706D5012328
:104F800041469943884623002E2111E04046800780
:104F900003D55978013A02330AE0230008E0013AC8
:104FA000002A11D025005C1C19782029E4D02300A8
:104FB0006C1C29704646F607F1D45646013E504611
:104FC000002801D0B246EAE72E2900D0250043464A
:104FD0005B0705D5039B202B02D020232B700135C6
:104FE000681C2F7005B03CBC90469946A246AB4663
:104FF000F0BDC046CC5F0108F0B583B001900E1C37
:105000001400092A00D90924A300194A9F58301C0A
:10501000FBF79EFA0500FCF79BF9011C301CFBF71F
:1050200053FF061C3800FCF793F9311CFBF71AFEFE
:10503000FC218905FBF7A4FAFBF78AFA06008742F0
:1050400001D8C61B013500230A2229000198FFF769
:105050000FFF002C01D103B0F0BD451C2E230370BF
:1050600023000A2231002800FFF702FFF3E7C046C1
:10507000E05F0108F8B506000C1C17003249201C3F
:10508000FBF752FA002830D1FE218905201CFBF7DE
:1050900037FA002845D1002513E02B49201CFBF7E7
:1050A00009FC041C01352B78002B05D02649201C57
:1050B000FBF73AFA0028F0D1013D2D78002D00D001
:1050C000013F201CFBF744FA63282ED9023F002F32
:1050D0002FDB3A00211C3000FFF78EFF002F2BD171
:1050E000002D01D005700130F8BD184D0135DAE70B
:1050F0001549201CFBF7B6FD041C01352B78002B4D
:1051000006D0FE218905201CFBF7FAF90028EFD113
:105110000F49201CFBF708FA002804D0013D2D7828
:10512000CCE70C4DEAE70025C8E70928CFD9013FB5
:10513000CDE70027CDE70138431E1B78302BFAD08E
:105140002E2BCDD10138CBE700007A44CC5F01088B
:105150006F12833A08600108F8B5CE46474680B51D
:1051600080460C1C16000021201CFBF7C3F9002808
:1051700001D100250BE04346581C302342461370F2
:1051800055E02F49201CFBF76DFD041C013D2C4907
:10519000201CFBF7B5F90028F3D105E02849201CB5
:1051A000FBF788FB041C01352549201CFBF7BCF9E3
:1051B0000028F3D1201CFCF761F83030434618700A
:1051C0001F49201CFBF74EFD011C43469F1C2E234C
:1051D00042465370002E13D1062611E00E1C081C07
:1051E000FCF74CF80A21FBF773F97B1C9946303128
:1051F00039701349301CFBF735FD011C26004F4662
:10520000741E002EEAD165233B70002D13DBBC1CFD
:105210002B237B700A212800FBF774F830302070B4
:105220000A212800FBF754F9A01C303161700CBC36
:1052300090469946F8BDBC1C383B7B706D42E9E74F
:10524000000020410389012B06D943685A1C4260A3
:1052500019700389013B038100207047F0B5DE46D9
:1052600057464E464546E0B58DB080460C00039249
:1052700000272023029306E043461B689B684046B4
:10528000984701372C00651C2178002900D1C1E125
:105290002529F1D1002602E02B3B1E4301352B7856
:1052A0002D2BF9D02B2B08D0302B09D0202B0AD056
:1052B000622B0AD11E331E43F0E7273B1E43EDE766
:1052C000203B1E43EAE71E43E8E7002301930BE07F
:1052D000039B1A1D03921B78019A9500944665441E
:1052E0006A00D318019325006C1C2B789B46303B39
:1052F000DBB2092BF0D95B462A2BE9D02E2B12D03A
:1053000040231E4300239A465B466C2B26D04C2B31
:1053100024D05B46443BDAB2342A00D931E1930011
:10532000C04AD3589F4600239A4606E05246920050
:105330005244500082469A440C00611C23789B46DC
:10534000303BDBB2092BF1D95B462A2B04D1039BFE
:105350001A1D03921B78E9E70C00D5E72378002B90
:10536000D7D001349B46D4E71022F2E010239E43AD
:10537000039B1A1D03921B78002B00D10BE105AA99
:10538000137091460D2302AA944663449B46EDE0B8
:10539000102331009943039B1A1D03921B68994601
:1053A000002B0FD0730610D4CB465B461B78002B26
:1053B00000D1F4E05346013B9A4609D401239C46B0
:1053C000E344F2E7984B9946ECE7984B9A46EBE7B3
:1053D0000E00CBE0039B1A1D03921B680B930B9BE3
:1053E000002B09DB73071CD505AB2B221A700D208F
:1053F00002AB9C4660440BE008231E4305AB2D2204
:105400001A700B9B5B420B930D2002AB9C466044D1
:105410000B9900230A22FFF72BFD834605AB994623
:10542000A4E0B30607D505AB20221A700D2002AB0D
:105430009C466044ECE705A8EAE7039B1A1D03922B
:105440001B680B93730601D50F239A460B9953469D
:10545000019A05A8FFF742FD834605AB994685E012
:10546000330615D5039B1A1D03921B680B930B98EB
:105470000021FBF745F8002817D1730734D505AB99
:105480002B221A700D2302AA9446634499461CE00D
:10549000039B0733072293431A00083203921868CC
:1054A0005968FDF7F7F80B90E1E708231E4305ABB9
:1054B0002D221A700B9B80221206944663440B9394
:1054C0000D2302AA9446634499460B985849FBF76A
:1054D0002BF8002816D001234B449B4619234A463B
:1054E000137005AB994641E0B30608D505AB202201
:1054F0001A700D2302AA944663449946E5E705AB6A
:105500009946E2E75B46462B0CD0652B13D00B99EE
:10551000730619D452464846FFF76EFD834605AB25
:10552000994623E00B9952464846FFF7A3FD834670
:1055300005AB99461AE00B9952464846FFF70CFE18
:10554000834605AB994611E00922E4E7082200E012
:105550000A22039B191D03911B680B930B990023CF
:1055600005A8FFF785FC834605AB99465B464A468E
:105570009B1A019AD51A14D4F30625D53023029329
:1055800010E005AB5A461A7099460D2302AA9446BC
:1055900063449B46EAE705AB99469B46E6E70E0067
:1055A000E4E70025B30727D42C23334217D0F306B2
:1055B00015D543461B689B684A46561C11784046E1
:1055C00098470137B1460AE020230293EAE74346B1
:1055D0001B689B680299404698470137013D002DA2
:1055E000F5D109E043461B689B684A46561C117872
:1055F000404698470137B146CB45F3D807E04346CC
:105600001B689B680299404698470137013D002D71
:10561000F5D138E638000DB03CBC90469946A2461C
:10562000AB46F0BDF85E0108D85F0108FF7F0000BF
:10563000FFFF7F7F024B0360426001817047C046DD
:10564000146001080CB410B584B00C1E12DD020009
:105650006846FFF7EFFF07AA039206996846FFF72F
:10566000FDFD0300019A00211170601E984202DBCB
:10567000180000E0002004B010BC08BC02B01847BD
:1056800002290DD0032905D0012901D0002000E016
:1056900005487047032A05D8D20004488018F8E767
:1056A0000348F6E70020F4E7C06001081061010834
:1056B0007460010810B572B60248FEF74BF862B686
:1056C00010BDC0463808002010B50400022902D0E1
:1056D00003290FD010BD72B6094A0121FEF708FA5E
:1056E000084A02212000FEF703FA0748FDF7FEFFF3
:1056F00062B6EFE772B60448FDF7EEFF62B6E9E77F
:105700002460010840600108380800201C4A9169A3
:1057100080239B000B4393611A4B00225A601A4965
:105720000A609B68DB0705D5164A916803235B4234
:105730000B439360134B9B68DB07FBD4114BDA6878
:1057400001218A43DA609968802212060A439A602E
:105750000C4B9B68002BFBDB0A4B1B68DB0704D55B
:10576000084A136801210B431360064A936801211C
:105770000B439360034B1B68DB07FBD57047C046A8
:105780000010024000240140082701400A4B1A681B
:105790001A6000225A601A6207215961DA60986221
:1057A0009A6803390A439A60034B9B685B07FBD4F2
:1057B000014B186C80B2704700240140084B1A68F6
:1057C0001A6080225A60FA21C904196200215961C5
:1057D0009A62044ADA609A6804310A439A60704710
:1057E00000240140C0048000084B9B68DB070CD5F7
:1057F000064B9B685B0708D5044A936810210B434E
:105800009360024B9B68DB06FBD470470024014089
:10581000F8B58023DB055A6A264B1B68D31A264944
:105820008B4236D9234B1A60244B9B685B070AD402
:105830000027234A1168A0235B040B431360002454
:10584000002600250FE0FFF7CFFF0127F1E78020BA
:105850008002FFF79BFF2D188020C002FFF796FF04
:1058600036180134A4B20F2CF1D936092D09144A87
:10587000136814490B401360002F15D11248704370
:10588000000B124B1E8870432900FAF7B1FC104B35
:1058900018800F4B00229B5E632B08DD0D495622BA
:1058A000885AC01800B2F8BDFFF788FFE6E701206C
:1058B0004042F8E7280300204FC3000000240140C5
:1058C00008270140FFFFBFFEC8190000BAF7FF1FFD
:1058D000E00C00202C03002010B5044A136813606C
:1058E0001B0600D410BD0EF08FFCFBE70024014026
:1058F00010B57446FFF7F0FF2000FDF779FA10BDF0
:105900008023DB05586A7047006040607047C046DE
:105910000121024A13788B4313707047D40400208E
:10592000002330B504000A787C2A00D100222578B3
:10593000954204D1002A0CD001340131F3E70A78F2
:10594000002A04D001317C2AF9D10133EAE701238E
:105950005B42180030BD000030B5037800212D2BCC
:1059600001D10130013103780A252B3B5A425341C2
:10597000C31800201A7801331400303C092C07D9D1
:105980004D2A0FD06B2A06D0472A07D1064B04E0D8
:1059900068430019EEE7FA239B005843002900D022
:1059A000404230BD014BF8E700CA9A3B40420F002D
:1059B0007047000070470000086810B5FFF7CCFF83
:1059C0000122034B2E331870024B1A7010BDC046D3
:1059D000481D0020B00400207047000010B5086882
:1059E000FFF7BAFF10BD000010B50868FFF7B4FF5D
:1059F00010BD000010B5094C0522230030331A7089
:105A00000868FFF7A9FF86239B009C460822644490
:105A1000034B2060C01760601A7010BD481D002045
:105A2000D4040020B523064A5B00D35C01205B0749
:105A300005D4044B1878043843425841C0B270472B
:105A40002C0300209C070020034AD16980239B057A
:105A50000B43D3617047C0460010024010B5FDF7FC
:105A600073F910BD70B5FFF753FF6420FDF76CF9B3
:105A700010236425044C23702378002B00D170BDC3
:105A80002800FDF761F9F7E7D404002010B5FFF70F
:105A90003FFF0BF0CBFA10BD70B50D0002280AD104
:105AA0000868FFF759FF04006868FFF755FF01B267
:105AB00020B20AF00FFF0222024B1A700EF0A4FB74
:105AC00070BDC046561C0020F7B5A027A0260024B4
:105AD0000A4D7F00F600210002233A0000200095C5
:105AE0000EF060FD064B320018682900036802348E
:105AF0001B689847F02CEED1F7BDC046602B002004
:105B0000BC1F002010B504000AF07EFF002CFBD162
:105B100010BD000010B5FDF71FF910BD70B50400F1
:105B20000D000CF059FB0022144B1A70944224D043
:105B30000123134E3370944205DD2868FFF70CFFF4
:105B400001380DF0B7FA012C15DD6868FFF704FF86
:105B500001380DF0AFFA022C0DD0A868FFF7FCFE5B
:105B600001380DF0A7FA032C05D0E868FFF7F4FE22
:105B700001380DF09FFA0023337070BDA52A002074
:105B8000630E002070B50D0002280FD10868FFF7E2
:105B9000E3FE04006868FFF7DFFE01B220B20AF0FE
:105BA00099FE0122024B1A700EF02EFB70BDC0460A
:105BB000561C00200423054A03E0002313600B0059
:105BC0000432591E002BF8D17047C04650280040BF
:105BD000074B34331A7882431A70064B1A781043F5
:105BE00018702023044A11880B4313807047C04665
:105BF000481D00204A0E0020541C0020034B18783A
:105C000003231840434258417047C046D404002043
:105C1000034B044A1880022311780B43137070471A
:105C2000D6040020D40400200123024A11784B40FE
:105C300013707047D40400200FB407B50020074B41
:105C40001B68834205D005AA049918000192FFF74A
:105C500005FB03B008BC04B01847C046BC1F0020B9
:105C600010B5064C012804D021680548FFF7E4FF71
:105C700010BD0868FFF770FE2060F9E7C804002037
:105C8000BF67010870B505000A4C012805D029211D
:105C900009486156FFF7D0FF70BD0868FFF75CFE4A
:105CA00040B22934431C02D100232370F4E725704D
:105CB000F2E7C046481D0020BC64010810B5084C3E
:105CC000012804D021680748FFF7B6FF10BD086817
:105CD000FFF742FEC117091AC90F21600248F3E716
:105CE000E80C002081640108206B0108F0B5D6465D
:105CF0004F464646C0B51C4886B0FFF79DFFFDF7EE
:105D000059F81A4B04009846194B1A4F9A46E16904
:105D10000A00531A0132501E00785528F9D0464621
:105D2000A568E01CAC46651CED7FC07FAD00AD5999
:105D3000E268A946A5690138002D00D13D0004950F
:105D40004D46039565460190009402955046FFF735
:105D500073FF2000FDF736F8041ED8D106B01CBC36
:105D600090469946A246F0BD55690108C0700108E9
:105D70009C690108C96F0108F8B500240B4F0C4E4F
:105D80000C4DA300D959002907D10B4B1B78002BD0
:105D900002D00A48FFF750FFF8BD3200002C00D1B6
:105DA0002A680748FFF748FF0134EAE7846F0108D3
:105DB000C96F0108B8040020600E00203465010896
:105DC0002D65010870B50D48FFF736FF0C4C0D4EE0
:105DD0000D4D618823880904194305D0E388A28802
:105DE0001B041343B34203D10848FFF725FF70BDDE
:105DF0002800FFF721FF0A34EBE7C046F4640108EE
:105E0000946B01080DA70008B9790108236A0108FD
:105E100010B5094C012803D1086803783F2B05D140
:105E2000563421880548FFF707FF10BDFFF794FDA2
:105E300056342080F9E7C0462C0300208164010815
:105E400010B5FFF7E5FC01000148FFF7F5FE10BDB6
:105E5000326B010810B5012810D1086803783F2B78
:105E60000CD0FFF779FD042808D880B20EF016FF99
:105E70000423044A11880B43138010BD0248FFF726
:105E8000DBFEFAE7541C0020C667010810B5FFF7D7
:105E9000B5FE002803D00348FFF7CEFE10BD024830
:105EA000FAE7C046BD680108C668010870B500245D
:105EB0000C48FFF7C1FE0AF023FD0B48FFF7BCFEBC
:105EC0000A48FFF7B9FE0A4E0A4D23004833F15E37
:105ED00028000234FFF7B0FE082CF6D10648FFF781
:105EE000ABFE70BDC3690108EF690108F6690108DE
:105EF0002C030020096A0108236A010837B5FA2437
:105F00000500E400012D00DC37BD01A968460AF058
:105F10001DFD019A00990348FFF78EFE2000FCF753
:105F200013FFEFE74669010810B50B00012804DDF7
:105F30000A490B48FFF780FE10BD012809D1074927
:105F40001868FFF7EDFC0028F2DB064BC0B21870B2
:105F5000F2E70422044B1A70EEE7C04630670108EE
:105F600074620108622A0020A62A002010B50EF0F3
:105F700049FE0248FFF760FE10BDC046D267010827
:105F800010B50B0001280BD10D491868FFF7C8FCAC
:105F9000002805D10B48FFF74FFE0AF0D7FD10BDD2
:105FA0000948FFF749FE8023084A1B01D1690B43CA
:105FB000D3616022064B5A609F321A60FEE7C046EA
:105FC000896701088D670108AC670108001002406D
:105FD000002C004010B502490248FFF72DFE10BD0D
:105FE00030610108FB620108F0B5CE464746042443
:105FF00080B583B0220080460E0001A822490FF030
:106000005BFDB523214A5B00D25C214B224200D0CC
:10601000204B214F00243B606B46DD1C0123994639
:10602000013E38684A46036829005B6898470028A3
:1060300015D02978082901D07F2907D1002CF0D06C
:1060400001A8013CFFF7F8FDA4B2EAE70D290BD146
:106050001248FFF7F1FD002342460120135503B01B
:106060000CBC90469946F0BD1F29DAD9B442D8DA63
:106070003868002802D003689B68984741462A7810
:10608000631C0A559CB2CCE7085B01082C03002076
:10609000380800202C070020BC1F0020236A0108BC
:1060A0000FB413B50020094C2368834209D005AB17
:1060B00007480193FFF7C0FD019A04992068FFF794
:1060C000CDF816BC08BC04B01847C046BC1F002061
:1060D0004478010870B506000D00012807D10B684F
:1060E0001B783F2B03D11B48FFF7DAFF70BD00225E
:1060F000194C1A491A4822700BF042FD012E16D194
:106100002868FFF729FC0500002D08D12223154A35
:10611000012011880B43138009F0C8F8E6E72378C3
:10612000002BF3D11048FCF70FFE013DECE7FFF721
:10613000EFFBFA250120FFF76BFDAD00FFF75EFDD9
:106140000028E3D12378002BE0D12800FCF7FCFDE8
:10615000F4E7C0463A6B0108642A00204B6B010843
:10616000536B0108541C00201027000070B5BC249C
:10617000084D6400012803D1086803783F2B04D13F
:10618000295F0548FFF78CFF70BDFFF7E5FB28533B
:10619000FAE7C0462C0300207E6B0108F8B5012801
:1061A00022D1086803783F2B1ED0FFF7D5FB0228C9
:1061B0001AD8912400250E4BE4001B5C0D4F5C4364
:1061C0000D4B0E4EE4187B8FAB4200DCF8BDAB00EC
:1061D000E05807F02BFEFCF70BFA02000B00300032
:1061E000FFF72AFD0135EEE70548FFF759FFEDE718
:1061F000EC6F0108481D00207C0E00208664010819
:106200008B64010810B5012803D1086803783F2B7F
:1062100003D10848FFF744FF10BD0749FFF780FB93
:10622000002803D00548FFF707FDF5E70EF0D6FD7F
:106230000348F8E70F630108128401082E63010880
:106240003F630108F0B54F46D6464646C0B50378D1
:106250000A272B3B5A425341C0180378302B0AD1EE
:1062600043786F2B05D0782B2AD0622B03D10227DD
:1062700000E00827023001235B429A4621330500E3
:106280000026012499462B782E2B1BD03022524217
:10629000904698444246102A03D949468A43073A11
:1062A0009046B84511D239005046F9F7A1FFB042E7
:1062B00009D9631E5A1E93417E43E41A464402E004
:1062C0001027D7E700240135DDE7012C00D1002499
:1062D0004D2B10D06B2B03D0472B02D1093400E09B
:1062E0000334002C09DB002C0ED130001CBC90467E
:1062F0009946A246F0BD0634F3E730003900F9F7BD
:1063000077FF01340600ECE77E43013CEBE7000039
:1063100010B5064C012804D021680548FFF78CFC15
:1063200010BD0868FFF78EFF2060F9E7580E0020C7
:10633000B262010810B5064C012804D02168054856
:10634000FFF77AFC10BD0868FFF77CFF2060F9E7D3
:10635000540E00206D620108431E70B506000D004A
:10636000012B03D8086803783F2B03D10F48FFF7B0
:1063700097FE70BDFFF7F0FA0D4C23003033187014
:1063800086239B009C466444012E07D100220023F3
:10639000226063600822074B1A70EAE76868FFF71B
:1063A00051FF002320606360F4E7C046A168010844
:1063B000481D0020D404002010B5002805D10C4B46
:1063C0000C485968FFF738FC10BD01280CD108684B
:1063D00003783F2B08D0FFF735FFFAF7B9FFFAF73C
:1063E000B7F8034B5860EFE70348FFF759FEEBE7B8
:1063F0002C03002098640108A6640108F8B50D007C
:1064000002281FD02148E027F825FFF749FE002485
:10641000F8267F012D041E4A63009B181B891D4826
:10642000DA08590931403A400A43190429405B0708
:106430000A431B0C21001A430134FFF7FDFB202CFB
:10644000E9D1F8BD0868FFF787FA04001F28F8DCD7
:106450006868FFF7F7FEE022F821C300120213403C
:10646000490142010A40F8211343020C0A40134338
:106470000722400B104018430434054B6400E052DF
:106480002023054A11880B431380DAE7A163010832
:106490002C030020B6630108541C002070B50D00C9
:1064A00090B0002829D0022827DCB523184A5B00C9
:1064B000D35C5B0721D4022821D14868FFF7C2FED4
:1064C0000A2444432E683000FCF786F9114D02007F
:1064D000310023002800FCF775FF28004025230029
:1064E00002220D49FCF76EFF0C4E2A00230069467C
:1064F0003000FCF71BFF021E04D110B070BDFA245F
:10650000E400DFE70648694603681B689847ECE744
:106510002C03002054070020236A010834070020C0
:106520003808002010B50B4C012803D10868037807
:106530003F2B05D1543421880748FFF7B1FD10BD2A
:10654000FFF780FE054B0005000D54342080586194
:10655000F5E7C0462C0300205D640108007400408C
:1065600010B5012808D1086803783F2B04D0FFF745
:1065700069FEFFF7CDF910BD0148FFF791FDFAE77D
:10658000DD640108F0B5C64600B5037805002D2B83
:1065900000D088E0012701352800FFF7DDF9FAF780
:1065A0008DFE041C2B781A00303AD2B2092A33D956
:1065B0006B2B03D04D2B01D0472B00D1013502228C
:1065C0002B7893432C2B08D1FE239B05984601354D
:1065D0002E78303EF3B2092B20D920222B7893431A
:1065E000452B0DD101352800FFF7B6F9060080468E
:1065F0004346002B24DCF343DB179E43002E29D1B6
:106600002B786D2B46D02CD84D2B41D06B2B30D016
:10661000472B33D126492DE00135C3E725494046B4
:10662000FAF748F980463000FAF748FE4146FAF793
:1066300019FB011C201CF9F7A3FF0135041CC7E757
:10664000201C1C49FAF70EFB01235B429C46041CEC
:10665000E044CDE7201C1749FAF72CF90136041C59
:10666000CCE7702B1DD0752B19D06E2B06D110499D
:1066700011E01149201CFAF7F5FA041C002F03D091
:1066800080231B069C466444201C04BC9046F0BD3D
:106690000A49EFE70849201CFAF70CF9EDE707492A
:1066A000F9E70749F7E700272B2B00D074E772E7DB
:1066B000286B6E4E0000204100007A44002474498B
:1066C000A5D4685370B5012818D1002309680D4C72
:1066D0001A19581CCB5C1370002B10D12000FFF747
:1066E00051FF094D28602000FFF7ACFD68600AF0FB
:1066F0004BFA0122054B1A700BF06EFD70BD0300C2
:10670000E6E7C046782A00202C2B0020571C0020EA
:10671000F0B5C64600B53B4B0F6882B006000D00D1
:10672000380019009846FFF7FBF80400012E1ED12F
:10673000002839DB3448FFF77FFA282300265C4322
:10674000324B7034324FE4182068FBF751FF009051
:1067500001913200A36F296838000136FFF76CFA07
:1067600004340A2EF0D102B004BC9046F0BD022ED3
:1067700018D128496868FFF7D3F8002814D12823D6
:1067800000216343214C8200D21812190130116795
:106790000A28F8D10122204B390020481A70FFF74F
:1067A0004BFAE0E7042E05D01D4A41461D48FFF78D
:1067B00077FCD8E76868FFF7CFF80600A868FFF70E
:1067C00041FD0700E868FFF7DDFE0A2363439B19DC
:1067D0001A000E493A329200575001221C339B0096
:1067E00058500D4B1A7020230F4A11880B43138009
:1067F000FBF7FEFE3A000090019131000B48FFF7D5
:106800001BFAB0E748620108C56301082C030020A9
:10681000DD630108F8630108B0040020FE6301088D
:10682000CC6F01081A640108541C0020456401085B
:10683000F8B506000D0000283AD13E4DE86DFBF793
:10684000D7FE3D4C02000B0020003C49FFF7F4F955
:10685000286EFBF7CDFE02000B0020003849FFF741
:10686000EBF9686EFBF7C4FE02000B00200035490F
:10687000FFF7E2F9A86EFBF7BBFE02000B00200059
:106880003149FFF7D9F92B00FC33986FFBF7B0FEC5
:1068900002000B0020002D49FFF7CEF9E86EFBF750
:1068A000A7FE02000B0020002949FFF7C5F9F8BD3B
:1068B0000868284F03783F2B2DD03900FFF730F8B8
:1068C000041E28DB022E17D16868FFF75BFE021C4E
:1068D000032C20D82000174BF9F776FC0207090C8F
:1068E000DA6501221C4B1A70E1E71A66F9E7FC33FE
:1068F0009A67F6E7DA66F4E7032E0CD11749686861
:10690000FFF70EF8002806D1A868FFF73BFE002C21
:1069100006D0012C0BD039001148FFF78DF9C6E7DE
:106920006A220121034BFF3258669954D9E7014B83
:106930009866D6E72C0300208265010800700108E4
:10694000986501089D650108A8650108BC650108F6
:10695000B4650108F4660108B0040020AD650108C3
:10696000C365010810B50400012803D00648FFF7ED
:1069700063F910BD0868FFF705FE044B0833D867BC
:10698000034B1C70F5E7C04664650108481D0020F4
:10699000B00400209023F0B5C6461700124ADB0071
:1069A000D35800B51B680E001D78042D17D10F4C6D
:1069B000010023681A681800126890460E22C0472A
:1069C00020683A00036831001B68984720682A0055
:1069D000036807491B68984704BC9046F0BD002235
:1069E000044B1A70F8E7C04638080020BC1F00208E
:1069F00046700108220E002000B50B4B987C03283E
:106A000009D80A4A0A4BF9F7DFFB0207020B0021FB
:106A10001160084A1A6000BD07491160074AF9E78A
:106A200005491160064AF5E7481D0020141C0020A6
:106A3000BC0400208093DC14001C4E0EC02D2939AC
:106A40000070383970B51C4CA37C608F023BDBB200
:106A5000012B02D8C823584370BD184B26001A6872
:106A6000A31DD97F0123194023009436983336683B
:106A70001B68E58E9E420DD07F3213004343104ABF
:106A800001311288013D51436F2255434B43684306
:106A9000C018E1E7012D0CD180229200094BA258C9
:106AA0009A4206D8084B4A1E1340084A944663444B
:106AB000E5E7064BE3E7C046481D002048050020F7
:106AC000DC0400209F86010070CCFFFF983A000094
:106AD000054B10B5063300B2D8870EF09BFD01229E
:106AE000024B1A7010BDC046481D0020B0040020A3
:106AF0000B0010B50749012803D00748FFF7D0FA6B
:106B000010BD1868FEF70CFF431CF9D00138FFF7E1
:106B1000DFFFF5E75862010800630108134B70B509
:106B2000984222D8124C230090331B68002B18D1B6
:106B3000FAF7C4FB0F49FAF795F8051C608FFAF7CE
:106B400007FC011C281CFAF78DF882239B00051C0A
:106B5000E058FAF7FDFB011C281CF9F7ABFEFAF729
:106B60008DFB0122044BA0641A7070BD40420F00DF
:106B7000481D00200000FA43B0040020144B70B5FB
:106B8000984224D8134C230090331B68002B1AD151
:106B9000002818D0FAF792FB0F49FAF763F8051CA2
:106BA000608FFAF7D5FB011C281CFAF75BF88223EB
:106BB0009B00051CE058FAF7CBFB011C281CF9F7D9
:106BC00079FEFAF75BFB0122044BE0641A7070BD9A
:106BD000204E0000481D00200000FA43B0040020B1
:106BE000831E762B05D80122024B2D331870024BE1
:106BF0001A707047481D0020B004002010B500280E
:106C000002D0C31E112B0AD8B223054A5B00D05212
:106C10000DF0F8FF0122034B1A7008F049FD10BD7A
:106C20002C030020B0040020084B10B5C218084BFC
:106C30009A4209D8074BFC3358660DF0E3FF012256
:106C4000054B1A7008F034FD10BDC046C0AB76FF8E
:106C500080841E002C030020B004002010B5012801
:106C600003D1086803783F2B06D1064B0648FC3356
:106C7000596EFEF7E1FF10BDFFF7E4FAFFF7D4FF0E
:106C8000F9E7C0462C0300208862010801220F4B5F
:106C9000F0B55A7306280AD100225E8F0C4D0D4CB8
:106CA00096420ADC00223A211A8799875A710122FA
:106CB0000533D877084B1A70F0BD9127FF00BC460A
:106CC000910061446C500132EAE7C046481D002043
:106CD0007C0E0020000016C3B00400200122034BEC
:106CE0002E331870024B1A707047C046481D0020A2
:106CF000B00400200122034B0833D867024B1A70FE
:106D00007047C046481D0020B0040020054B984243
:106D100000D918008023044A9B00D0500122034B65
:106D20001A7070470046C323481D0020B00400209D
:106D300010B5012803D1086803783F2B10D18223B6
:106D40000C4A9B00D058FAF703FB0B49F9F7B2FD48
:106D5000FBF74EFC02000B000848FFF7A1F910BD3D
:106D6000FFF710FC0449F9F77DFFF9F7F1FBFFF796
:106D7000CDFFF4E7481D002000247449286901086C
:106D800001220349CB795340CB71024B1A707047F3
:106D9000481D0020B004002001220349CB7A534053
:106DA000CB72024B1A707047481D0020B0040020BF
:106DB000044B35331A7851424A411A700122024B72
:106DC0001A707047481D0020B004002030B501251E
:106DD0000B4A062013786B4013700A4A14003434AF
:106DE0002178002B07D00143217055739573012240
:106DF000054B1A7030BD8143217053739373F6E7CE
:106E0000480E0020481D0020B004002010B5FFF7F8
:106E1000DDFF10BD012203498B7953408B71024B7A
:106E20001A707047481D0020B00400200122034959
:106E30000B7A53400B72024B1A707047481D0020AA
:106E4000B0040020B322054952008B5A58424341F6
:106E50008B52034B663AFF3A1A7070472C0300209E
:106E6000B00400200221074B0122D87C084204D044
:106E70000021D974044B1A7070470028F9D1DA74D4
:106E8000F8E7C046481D0020B00400200122024B54
:106E9000D875024B1A707047481D0020B0040020BE
:106EA000FE2110B58905041CF9F72AFB00280CD136
:106EB0000749201CF9F738FB002800D0044C0122B8
:106EC000044BDC66044B1A7010BDFE24A405F6E7E3
:106ED00000401C46481D0020B004002070B505008D
:106EE0000C00114E002804DC31001048FFF7D8F8E0
:106EF00070BD31002068FEF713FD0028F4DB0C4B59
:106F00008000C358002B05DB0A4AD37501220A4BC7
:106F10001A70EDE7022DE7D16068FEF71DFDFAF764
:106F2000CDF9FFF7BDFFE3E7AC6601081367010881
:106F3000C8660108481D0020B0040020034B421E13
:106F40009A4201D8024BD8867047C0460F270000EE
:106F5000481D002010B5012806D10868FEF7FCFC8A
:106F600080B2FFF7EBFF10BD0122014BDA86FAE792
:106F7000481D0020064B002805D101225A7201222B
:106F8000044B1A70704700225A72A0331860F6E75B
:106F9000481D0020B004002010B50D4C012803D17D
:106FA000086803783F2B05D1A03421680948FFF712
:106FB00077F810BDFEF7D0FC002804D0064B074A36
:106FC000C3189342F0D800236372FFF7D3FFF0E7B2
:106FD000481D0020FE640108000871E680969800B4
:106FE0000122084B5A719A7C002A08D13C329A87B8
:106FF00000222A331A70044B01321A7070470022A3
:10700000F5E7C046481D0020B0040020014B187170
:107010007047C046481D002010B5084B9A7C084BAD
:10702000022A08D10749586EF9F74EFFFAF726F9F8
:10703000FAF744F910BD0449986EF5E7481D0020A1
:107040002C030020000098420000184210B5074BA6
:107050009A7C074B022A04D10649586EF9F734FF8F
:1070600010BD0549986EF9F78BFAF9E7481D002025
:107070002C0300200000E0400000104110B5FFF795
:10708000E5FF041CFFF7C8FF011C201CF9F71CFFDB
:10709000FAF7F4F8FAF712F910BD0000F8B5DE4679
:1070A00057464E4645462C4CE0B5231DDD6FFFF795
:1070B000CDFF011C281CF9F707FF284B071C994638
:1070C000FC33996F2648F9F7FFFE80231B06051C49
:1070D000391CC018F9F732FA23002A33002834D0BB
:1070E0000122381C1A70291CF9F74AFA071CFFF70D
:1070F000ADFF0B22A37C83469246032B01D10A33BA
:107100009A460826174BF056FAF7D8F859468046A3
:10711000F9F7DAFE391CF9F7F3F9002817D14B46D5
:107120004046996EF9F72CFA23002A331B78002B7E
:1071300000D10025291CF9F7C7FE0434E0673CBCE8
:1071400090469946A246AB46F8BD1870CFE7564523
:10715000E5DA0136D6E7C046481D00202C030020A2
:107160000000E841C86E010870B5041CFFF754FF29
:10717000211C051CF9F7D8F9002800D02C1CFFF7BA
:1071800065FF211C051CF9F7BBF9002800D02C1C59
:10719000054B1A1DD4679B7C032B01D1FFF77EFFA3
:1071A0000122024B1A7070BD481D0020B00400205F
:1071B00010B5012803D1086803783F2B0DD1094C85
:1071C000A37C022B02D10848FEF76AFFA37C032BA5
:1071D00002D10648FEF764FF10BDFFF7D3F9FFF7B1
:1071E000C3FFF9E7481D0020446501085465010804
:1071F000014B0433D86F7047481D0020F8B5244D6B
:107200003C23E85EFAF75AF8FC218905F9F72AFDD4
:107210002B00AA7C2A33041C1E78022A23D1FFF7F4
:1072200015FF2F352B781B4A071CD0560338FAF769
:1072300045F8211C051C381CF9F746FE011C281CCA
:10724000F9F79EF90021041C002E06D0124B1348BA
:10725000FC33996FF9F738FE011C201CF9F734FE56
:10726000041C201CF8BD002EFBD00B4B002A08D1BB
:107270000B49D86EF9F784F9011C201CF9F780F945
:10728000EEE7FC33996F0548F9F71EFEF4E7C046B8
:10729000481D0020C86E01082C0300200000E841B2
:1072A0000000C04170B5234D041CAE7C012E37D1C7
:1072B0000021F9F739F9002832D02B002A331E704B
:1072C0001D4B1E48FC33996FF9F7FEFD011C201C75
:1072D000F9F7FAFD041C0122194B00211A70201C39
:1072E000F9F70EF9002821D11649201CF9F71CF9ED
:1072F00000281DD1012E00D10024211C201CF9F7EB
:107300003FF9041C3C23E85EF9F7D8FF211CF9F78C
:10731000F1F8002803D1201CF9F7B0FFA88770BD51
:107320002A0000232A3213706B71D4E70024E1E7AE
:10733000044CDFE7481D00202C0300200000E8413A
:10734000B00400200000FC4170B5012803D10C6896
:1073500023783F2B09D1FFF751FFFBF749F90200D2
:107360000B001548FEF79CFE70BD14492000FEF787
:10737000D7FA00280BD1124B5B79002B01D1FFF714
:107380002FFE24230F4A11880B431380ECE72000C3
:10739000FEF7E2FA0400FFF731FF051C2000F9F7C1
:1073A0008DFF041C011C281CF9F7A4F80028E8D163
:1073B000201CFFF777FFE4E78F620108AD62010848
:1073C000481D0020541C002030B5884211D0912364
:1073D000DB001C0058434C43064A8018A4180022C6
:1073E0008558A55004329A42FAD1034B591801230B
:1073F0000B7330BD7C0E0020481D002010B50C0022
:10740000FFF7E2FF0120A040C0B2FEF7E1FB10BD94
:10741000F8B5CE464746040080B588421CD091237B
:107420001C4EDB0032180232D57F1B48002D17D1CD
:107430004F1CD777320000278C3217601F005C4347
:10744000594375710419461871596059F9F73CFD93
:1074500060510435BD42F7D10CBC90469946F8BD49
:107460001A0062438046914600271D00594381441B
:1074700088444346D9594B46D859F9F781F84B46C9
:10748000D8510437AF42F4D1002334190234E377E2
:10749000E2E7C046481D00207C0E0020F8B54E46AD
:1074A00057464546DE46E0B5334D1F232E000836CD
:1074B000F356324A9A462B18DB7B04009146002B88
:1074C0002BD15346013309D10221FFF77DFF2A005A
:1074D00004213432F47713788B43137091270122FF
:1074E0000026FF002B197C43DA734C4491234A4653
:1074F0001B01F318A059D158F9F7E6FCA051043646
:10750000BE42F3D100236B7100238C352B603CBC51
:1075100090469946A246AB46F8BD002783464C46A6
:10752000EB199846DB7B002B15D0DA4501D0BB4523
:1075300011D1002691234A461B01F318D158A059B6
:10754000F9F71EF89123A0510436DB009E42F1D1D9
:1075500043460022DA739123DB009C466444012FEA
:1075600008D1DA45D3D12B00FF220833DA77002384
:10757000AB73CCE70127D3E7481D00207C0E002029
:1075800070B5204B041C1B781F4D002B05D12B0020
:10759000B43300229B5E002B32D0002006F0CEFCDC
:1075A0001A49061C201CF8F7A5FF002814D1201C3E
:1075B000311CF9F789FC041CAB7C012B0ED1144D56
:1075C000211C286EF8F7DCFF28660122114B1A7087
:1075D0000DF018FB201C70BD0024EDE7002BF4D14A
:1075E0002A352B78211C0A4D002B04D0E86EF8F7C1
:1075F000C7FFE866E9E7E86DF8F7C2FFE865E4E78A
:107600000024E7E7620E0020481D00200000C84269
:107610002C030020B0040020F8B507000020141C43
:107620000D0006F08BFC011C201C0A247C4364190D
:10763000F9F74AFC1C34094EA400A159F8F7A0FF41
:107640000749051CF8F770FF002806D00549281CDB
:10765000F8F756FF002800D0A551F8BD2C030020F4
:107660000000F0C10000F04110B50F4B9B7C012BD6
:1076700009D10E4B0E491C6E201CF8F73BFF002869
:1076800010D1201C10BD002B02D1084BDC6DF8E797
:10769000022B02D1054B5C6EF3E7032B02D1034BA7
:1076A0009C6EEEE70024ECE7481D00202C03002030
:1076B0000000C84270B50DF0DFFE104D80B2AC7C0A
:1076C00063425C410E4B64421C40E034041BFFF7F4
:1076D000CBFF061CFFF792FD011C301CF8F750FF92
:1076E000A96FF9F7F1FB8421C905F9F7BBFAF9F79E
:1076F000C5FDA4B2034B24181C8070BD481D00209A
:1077000070FEFFFF3E0E002010B5114B9C7C012C3B
:1077100009D1104B1049186EF8F7ECFE434258415E
:107720004042204010BD00208442FBD1B422094BCE
:1077300052009A5C2000002AF4D0D86D0649F8F770
:10774000D9FE43425841434201201840EAE7C0466F
:10775000481D00202C0300200000C842044B9A7CE6
:10776000002A04D10633D877024B01321A707047D1
:10777000481D0020B0040020074B997C002907D148
:1077800001220633D87F104203D0D977034B1A70F9
:107790007047DA77FAE7C046481D0020B0040020A1
:1077A000031F052B0DD9094B98420ADC084B03280F
:1077B00008DC0022D876DA870233DA870122054B0B
:1077C0001A7070470422D887DA76F7E73075000020
:1077D000481D0020B00400200122034B0233D8874B
:1077E000024B1A707047C046481D0020B0040020AC
:1077F0000C4B30B51A18927F0B4C082A04D108297B
:1078000002D000251A1815731A18917701222270D8
:10781000002905D0072903D00022183080001A5013
:1078200030BDC046481D0020B0040020F8B5070058
:107830000D00154E00280BDC00241448144A0419CE
:10784000A37F31009B009A581248FEF729FCF8BD2F
:1078500008680378303BDBB2092B12D8FEF77CF8BE
:10786000441E022CE9D80123012FE6D09B003100F1
:107870005859FEF755F8011EDFDB2000FFF7B8FF6F
:10788000E5E700231C00F1E7BC620108481D002069
:10789000947C0108E76201080221074B0122987DD0
:1078A000084204D000219975044B1A7070470028D3
:1078B000F9D19A75F8E7C046481D0020B0040020B1
:1078C000074B5A7D910705D500225A750122054BB9
:1078D0001A707047002A01D00322F6E70122F4E76C
:1078E000481D0020B004002070B56024002801D19C
:1078F0004031CCB20221094B094E9B7C8B43013BAA
:107900005D425D41735DA34207D0E920054B1D80B8
:10791000230218430DF00EFB745570BD481D002066
:10792000E40C002042050020012370B50C4D4024DA
:107930006A7D1A4200D02034AA7D1A4201D0102359
:107940001C43E9202302184302210DF0F3FA02221E
:10795000AB7C9343013B5A425341024AD45470BD1D
:10796000481D0020E40C0020144BF7B59867041C58
:10797000FFF752FBF9F782FC0500FFF77FFB071CBE
:10798000201CF9F77BFC2E1A04002800F9F796FC5E
:10799000391CF8F7F5FDF9F771FC001B3300009076
:1079A000074A0C210748FDF74DFE2023064A11889F
:1079B0000B4313800122054B1A70F7BD481D0020B0
:1079C0004B70010800050020541C0020B00400206A
:1079D00010B5012803D1086803783F2B03D1044870
:1079E000FEF75EFB10BDFEF7CDFDFFF7BDFFF9E72B
:1079F000C3640108034B044AD867642311880B430E
:107A000013807047481D0020541C0020C31F70B510
:107A10000400114D114E022B05D86876442332889C
:107A20001343338070BD031F012B01D8A876F5E7FF
:107A3000032807D1FDF76CFF0423328813433380FA
:107A40002C76EBE70122064B1A700028F8D02B00A9
:107A5000002235331A70F3E7481D0020541C002023
:107A6000D404002070B5050001280BD10C682378E0
:107A70003F2B07D011492000FDF752FF431C05D0D2
:107A8000002816D00E48FEF70BFB11E02000FEF791
:107A900079FD0C4B35331D7006F00CFAFFF7AAFF89
:107AA0000020FFF7B3FF2023074A11880B43138000
:107AB00070BD044B35331870F5E7C0463A670108CE
:107AC000EA650108481D0020541C002010B5041E62
:107AD0002CD0086803783F2B28D01A00303AD2B255
:107AE000092A01D92D2B17D1FEF74CFD124B041C8E
:107AF0001B7E002B02D10120FFF788FF201C06F01F
:107B0000D9F9FFF777FF24230C4A11880B43138020
:107B100001220B4B1A7010BD012CF4D10949FDF75D
:107B2000FFFE002802DBFFF771FFECE7054906487E
:107B3000FEF782F8EFE7C046481D0020541C0020E5
:107B40003D0E0020E06A0108BD6A01080122034BD6
:107B500032331870024B1A707047C046481D00201F
:107B6000B00400200122034B33331870024B1A700B
:107B70007047C046481D0020B0040020F8B5264CD0
:107B8000E07EE38F042801D0002B08D0234A023482
:107B90001360E38F002B01D0214A1360F8BD22004F
:107BA00090321F4E12683360002A07D11B4B1A60B7
:107BB0000234E38F002BF1D03360EFE7194A1788C6
:107BC000194ADD00AD5A99B2BD4203D90133082BE1
:107BD000F7D11900CB00D3185A885B680F4D33607A
:107BE00032237B4311492A600B60012801D15200E6
:107BF0002A60230032331978002903D02868F8F767
:107C0000F7FA30602300333319780029D0D0286880
:107C1000F8F7EEFA2860CBE7481D00204805002061
:107C200044050020FC0C002000710108D004002055
:107C3000F8B52C4B9B7C012B05D0022B06D0032BD7
:107C40004ED0002500E00125002402E00225FBE7DC
:107C50000134AA00521953001B193A339B00224ADF
:107C60009958814201D2092CF2DD092C17DC002C35
:107C70001DD0621EAE00761973009B183A339B002C
:107C8000194E9B59C01A800AC91A890A15D1AB002E
:107C90005D196B009B189B00144AD05E06E0AB0098
:107CA0005D19EA00114B9B182420185EF8BDAB004B
:107CB0005D19EB000D4AD05EF8E7AF007E19730046
:107CC0009B189B00094A9E587D196B001B199B004D
:107CD000074A9B585843F8F715FB301800B2E5E700
:107CE0000020E3E7481D00202C030020D01C0020CA
:107CF000581C002070B500240DF052FC0C4A0D4BAE
:107D00000D4D146054609460D4601C605C609C6095
:107D1000DC602C800DF0A8F9012320002B800DF0F1
:107D20006BF90DF093FC20000DF098FC70BDC0467F
:107D30001C1C0020441C002042050020F0B5C64653
:107D4000344F8600F35900B50C008B420DD001284A
:107D500035DC314B314A1880314B9846314BCB18CA
:107D6000934205D9434601349C5104BC9046F0BD72
:107D7000012848D12C4BDB7E022B44D143465A6864
:107D80002A4B881A9A4200D940102949294D411896
:107D9000A94216D828498000F8F7B4FAF32302065E
:107DA000120C1343C0220012920200041040184328
:107DB00003210DF0BFF80122204B7C601A70BC51EA
:107DC000D3E794420FD21E4AA5189D4201D91D4BFC
:107DD000E51828000DF0B0F903211B480DF0AAF8B2
:107DE00043465D60EBE7194AA5189D4205D9184B3B
:107DF000E518184B9D4200D91D0028000DF09CF994
:107E000003211548EAE720000DF096F943469C51FE
:107E1000D5E7C0461C1C0020420500200054EA2A79
:107E2000441C002000E4B1F1481D0020FF379C1CD9
:107E30007F380100FD70020071020000613B0020EC
:107E400080C7FEFF008FFDFFF3FF010080380100B7
:107E50000071020000703839F3000200086810B5A4
:107E6000FDF77AFD054B01001868002802D1044B8C
:107E7000A0331960FFF762FF10BDC046E80C002078
:107E8000481D002010B5032101480DF053F810BD26
:107E90008B1F1D0010B5032101480DF04BF810BDDC
:107EA0008B1D1F0010B5032101480DF043F810BDD4
:107EB0008B1D1F0070B5002406000DF071FB414BB7
:107EC000414D1C605C60414B03211C605C600123E0
:107ED000F3202B800DF02EF82300032E1CD8300049
:107EE0003B4CF8F771F9022034572B800DF0BCF8A9
:107EF00023002A331B78002B0FD0FFF7C3FF012389
:107F00002B80E379002B0BD0FFF7BCFF2E342078B9
:107F10000DF072F8FFF708FD70BDFFF7BBFFEEE74D
:107F2000FFF7C0FFF2E700232B80FFF7B3FF0DF050
:107F30009BF801232A342B800DF096F82378002B30
:107F400002D0FFF79FFFE5E7FFF7A4FFE2E7237A00
:107F5000002BE8D12B8023002A331B78002B10D074
:107F6000FFF7A0FF23002F3318780DF045F8012309
:107F70002B80E37D042B07D1FFF784FF0DF074F80D
:107F8000CAE7FFF77FFFEDE7FFF78CFF0C200DF04E
:107F900033F8C1E7237A002BC5D12B800DF064F8AC
:107FA000FFF778FF01232B8023002E331B78072B4C
:107FB00004D8FFF777FF2E342078E8E7FFF762FF59
:107FC000F9E7C0461C1C002042050020441C00208C
:107FD000481D0020F8B5304B47469846CE464246ED
:107FE000012380B52D4C1380A27C2D4D91469A42E1
:107FF00004D92B800CBC90469946F8BD23009033E1
:10800000284E294F18683760002803D06421F8F7FC
:10801000EFF83060A36D002B04D1E27E3368022AB2
:1080200000D05B00214A934203D81A001A2B00D2D9
:108030001A222A80A21DD27FD20703D5BB4201D9C2
:108040001B4B2B804A461B4B28881A800DF05EF88C
:10805000230090331B6801002880002BCAD0E27EE9
:108060003368901EC0B2012802D9012A0ED19B00AC
:108070009942BFD2032ABDD0481EC018F8F7B8F8FD
:1080800080B2002804D043461880B3E75B00EFE7D6
:10809000012342461380ADE7DC040020481D002088
:1080A000FC0C00205C0E0020B80B000070170000D4
:1080B000C409000042050020044B10B59865FFF785
:1080C00089FF0122024B1A7010BDC046481D0020D6
:1080D000B004002010B5012803D10C6823783F2B91
:1080E0000ED11F4B1888F9F7E9F81E49F8F7BAFDC9
:1080F000FAF77EFA02000B001B48FDF7D1FF10BD16
:108100001A492000FDF70CFC002807DB184B002063
:108110009B6D002BF3D0FFF7CFFFF0E72000FEF7B9
:1081200031FA1449041CF8F7EBF90028D9D11249A7
:10813000201CF8F7F9F90028D3D11049201CF8F7D2
:1081400091FD0B4B041C986DF9F702F9211CF8F70F
:10815000D1F90028D3D1201CF9F790F8DBE7C0460D
:10816000FC0C00200000C8423E6701085867010867
:10817000481D0020CDCC4C3E00001644000020419C
:10818000002270B5154B1C7894421ED11449220070
:108190008B7C002B19D1497A1A00002915D0114A7D
:1081A000114914881A008C420FD81A210F4A104D19
:1081B0001268861A80185A18521094006459A64200
:1081C00005D9531C9942F6DA0022100070BDA04276
:1081D00001D2511EF6E70222F7E7C046640E0020E6
:1081E000481D0020FC0C0020B80B0000D00400202B
:1081F000547001080F4A1368013304D10E4B1B68F9
:108200001B0ADBB213601268531C11D0FF200A4B0B
:108210000002196812020140196019680A43F92125
:108220001A601A680A401A60982219680A431A608C
:108230007047C046B4040020001002400F4A136883
:10824000013304D10E4B1B681B0ADBB213601268AA
:10825000531C11D0FF200A4B000219681202014082
:10826000196019680A43F9211A601A680A401A60ED
:10827000602219680A431A607047C046B40400209F
:10828000001002400F4A1368013304D10E4B1B68E3
:108290001B0ADBB213601268531C11D0FF200A4B7B
:1082A0000002196812020140196019680A43F92195
:1082B0001A601A680A401A60802219680A431A6014
:1082C0007047C046B4040020001002400C235843FD
:1082D0002C4AF0B51018030091254646D6464F4665
:1082E000B3331B78ED005D43C0B5274BB430ED18B8
:1082F0000023C45E254B1B7A5BB2984601330AD03B
:10830000A3002D325F591378013C9A4601235B424A
:108310009846002C05DA40461CBC90469946A24679
:10832000F0BDA300EE58381C311CF8F7FDF800280A
:108330000FD15046F8F7C2FF391C8146F8F720F9F3
:10834000311CF8F7DDF8002805D13E1C013C371C34
:10835000DFE7A046FAE7A300EE58391C301CF8F717
:10836000E3F800280BD14946381CF8F7ADFD311C65
:10837000F8F7DAF80028CED1013CECD2CBE7371C75
:10838000A046F9E7481D00207C0E00202C2B002081
:10839000F8B50C2357464E46DE46454658432D4A0F
:1083A000E0B5101803009126B3331B78F6005E4346
:1083B000294BB430F6180023C45E284B1B7A5BB2FD
:1083C0001F0001330BD0A3009D59538F2D329946C6
:1083D000137801279B4601347F42A14506DC380013
:1083E0003CBC90469946A246AB46F8BDA300F35864
:1083F000281C191C9846F8F797F800280FD1584602
:10840000F8F75CFF291C8246F8F7BAF84146F8F7FE
:1084100077F8002805D1A84601344546DDE7270056
:10842000FAE7A300F358291C181C9846F8F77CF8C3
:1084300000280CD15146281CF8F746FD4146F8F7B4
:1084400073F80028CBD10134A145EADCC7E74546E3
:108450002700F8E7481D00207C0E00202C2B002070
:108460000A4A10B5140000210220094BE03459706B
:1084700018709970D9700C33A342F8D11300902072
:10848000B03340002B321880117010BD481D002001
:10849000F81D0020F8B5CE46474602000C20002605
:1084A000912480B55043114B350018185B8FB330C1
:1084B00099460278E40054430D4AA4182768A94558
:1084C00004DC30000CBC90469946F8BDAB00E05887
:1084D000F8F7D4FEF8F7F2FE391C8046F8F724F8D6
:1084E000002801D047462E000135E8E7481D00204E
:1084F0007C0E0020F8B50C23434322489126C01877
:108500000300B3331B78F6005E431F4BB430F618FC
:108510000023C75E1D4B1B7A5BB25A1C30D0BB00D8
:108520001B499859F8F79EFBF8F7A8FE05007C1E3A
:10853000002C01DA3800F8BDA3001549F058F8F70F
:1085400091FBF8F79BFE854204DB2B00643B8342E2
:1085500003DC2800013C0500EAE7A3000C49F058C1
:10856000F8F780FBF8F78AFEA84206DB2B0064339D
:108570008342DFDB013CF0D2DCE705002700F9E7AE
:108580001F00D7E7481D00207C0E00202C2B002068
:10859000000020410C235843F0B5274F912638188E
:1085A0000300C646B3331B78F6005E43234B00B589
:1085B000B430F6180022835E9846214B1B7A5BB2DA
:1085C0005A1C36D043469B0098591E49F8F74AFB7F
:1085D000F8F754FE434605007F8F5C1CA74203DC7E
:1085E000404604BC9046F0BDA3001649F058F8F789
:1085F00039FBF8F743FE854204DB2B00643B8342E2
:1086000003DC280001340500E8E7A3000D49F05819
:10861000F8F728FBF8F732FEA84207DB2B0064339B
:108620008342DDDB0134A742EFDCD9E70500A04639
:10863000F8E79846D4E7C046481D00207C0E00208D
:108640002C2B002000002041F0B5CE46474680B5D7
:10865000294B83B01B68002B2DD00123252719251A
:10866000022498467F1A2D1ABEB264422DB20134FC
:108670004046631C0CD0214BA200D3581520012B7F
:1086800006D00D38032B03D0023B5842584113301B
:108690000CF018F814236343194AD35C9946631C01
:1086A0000ED1184A39B2280005F0D6FD4B460D36DA
:1086B000B6B2062BDBD103B00CBC90469946F0BD98
:1086C0004B46062B06D1104B1B68002BEED031B267
:1086D0000E4AE8E7094AA00082580D4B9200D35891
:1086E0000C4A0193835831B200930B4A631C280053
:1086F00005F0B2FDDAE7C046C81F00204420002084
:108700002C7601080C620108AC2000201F620108D1
:108710000C780108E01F002039620108F8B5CE4648
:1087200047463A4B3A4D840080B563511423434386
:10873000384E8946F318D968374B07001868F8F7A0
:10874000C3FB40004308494648469846F7F718FFE0
:10875000011C4046F7F7E8FE002805D00223180068
:108760000CBC90469946F8BD49464046F7F7DCFEFA
:1087700003230028F3D1294B5A1DD27F9046284A63
:1087800091464246052A24D11A001900D032C4313C
:10879000096812685218494652080A601900B8312F
:1087A0000A601A00CC320021525E1900C03100204C
:1087B000095EB4335118CA0F521852101A80194B5F
:1087C00019491868F7F7B0FE002802D0174B63511B
:1087D000C4E714235F43F61915497068F8F742FAA5
:1087E000F7F7B6FE134B144A2B514B461B68821801
:1087F0009A4204D8114A94466044834202D94346BF
:10880000052BABD10E4B2B510123A8E77278010841
:10881000E01F00202C760108341C0020481D002099
:108820002C1C00204C0E0020CDCC4C3F8078010841
:10883000002474498A780108E05EF8FF20A107004F
:10884000C96F0108F8B50B0057464E464546DE464F
:1088500023339146FF33214A9B009B58E0B588465D
:1088600006009A46002500278C00A4184346EB1802
:10887000994520DC01241A495046F8F725FB80462B
:108880002800F8F71BFD011C381CF8F713F8011C31
:108890004046F7F735FE00281ED1012C04D00224F3
:1088A000104B114AB600F25020003CBC904699464D
:1088B000A246AB46F8BDAB00E358381C191C9B46DA
:1088C000F7F75EFE5146071C58460135F7F72CFEB8
:1088D0000028CBD00224CEE70324E1E77C0E002061
:1088E0000000A040E01F002058780108F0B557466E
:1088F0004E464546DE46324BE0B5324E8500AB5122
:10890000314B83B01B688146009398462F4B5C8F98
:108910002F4B1F682F4B9A46009B9C422ADC4346F4
:1089200001932C4B9846019B002B36DC009F019B4A
:108930004A4698461423534327486421C01802230B
:10894000C05E6043F7F7DEFC43460222FF1A87420F
:1089500008DB0099019B9040C91A814202DC1F4B41
:10896000013A7351100003B03CBC90469946A246B0
:10897000AB46F0BD009B1A499B009B46381CF8F79C
:10898000A3FA53465A46011CD058F7F7B9FD002800
:10899000C5D1009B01330093BEE7019B10499B00AA
:1089A0009A46381CF8F790FA43465246011CD058B4
:1089B000F7F7A6FD0028B9D1019B013B0193B2E76F
:1089C00068780108E01F0020301C0020481D0020AE
:1089D000341C00207C0E00202C760108C96F010891
:1089E0000000704170B5074B074D8400635106F0DD
:1089F000DFFD0223002802D0044B6351012318003D
:108A000070BDC0465F780108E01F0020C96F0108F3
:108A1000F8B557464E464546DE46E0B5194B0600CA
:108A20005B8F00249A46032302259946164FA245E0
:108A300004DC164B164AB600F2501CE0A300FA58AC
:108A4000144990469122D20094466344FB58181C66
:108A50009B46F7F795FD011C4046F7F765FD00289A
:108A600008D159464046F7F75FFD002800D04D4633
:108A70000134DCE7012528003CBC90469946A2461B
:108A8000AB46F8BD481D00207C0E0020E01F0020F2
:108A9000587801080000A040B4220021034B520086
:108AA00099520022DA655A667047C0462C030020AE
:108AB00010B515200BF006FEDC22282101480BF032
:108AC000C5FE10BDFB610108F8B50F1C431C2CD07E
:108AD0000C244443154D2C192300B1331B78002B73
:108AE00023D022002021B03213788B4313706E8F75
:108AF000701EF8F7E3FB391CF8F7B4F80C49F8F7E7
:108B0000B1F882239B00071CE858F8F721FC011CF0
:108B1000381CF7F7CFFEF8F7B1FB864205DD2300DE
:108B2000B43318800023B8342360F8BD481D0020FA
:108B30000024744910B50400084B1988084B1868C4
:108B40004B086043C018F7F753FB064B064A1B68F7
:108B5000126863439B18C01810BDC046EC0C00207F
:108B6000F40C0020F00C0020F80C0020F0B5DE46DC
:108B7000574645464E46E0B55D4A8BB0538F069248
:108B800003935C4B9B460023DA461D00584AA91804
:108B90000591897F082959D160236B439B460123A6
:108BA0005B4200279846E032934407336B433C0016
:108BB0003E005F46D346AA46454609933B78002BC4
:108BC00019D0099B06995A1913008846B146564692
:108BD000AA460E331B01984413010893039BA3423A
:108BE00006DDA0B2FFF7A6FFBB680493984243D30B
:108BF000B2464D464E4601361037062EDED1A84607
:108C0000012155463A48A940030000224646343324
:108C1000DA4649B29A56013663D0062394465F4637
:108C20006B4343440E331B01C318039AA24253DC27
:108C300062460123BA46059C0A433430237302700E
:108C400020232D4A11880B43138001239122D20047
:108C500094460135E244032D98D1002B05D02548D8
:108C600005F02AFA012006F021FB0BB03CBC90462F
:108C70009946A246AB46F0BD53467D68013304D108
:108C80005A46A300D5500134A8E74346089A5B68CA
:108C900094460193069B6344E8331B68C01A029311
:108CA000F8F756FB01990790281CF8F70DF9011CFD
:108CB0000798F7F7D7FF049B029A051C981AF8F754
:108CC00047FB011C281CF7F7F5FD0199F7F758FC45
:108CD0005B46A2009850D6E75A68A600BA51013404
:108CE000A3E70020059C8A4320731A70A8E7C046BA
:108CF000481D00207C0E0020541C0020F0B5C64604
:108D0000050000B50120FFF715FF04000020FFF764
:108D100011FF241A6408A8420DD8104B5E8F013E43
:108D2000B0B2FFF707FFA84205D32B1B98460027D8
:108D30006519B74205DD01246442200004BC904659
:108D4000F0BDBC196410A0B2FFF7F4FE804501D954
:108D5000671CEEE78542F0D2661EEAE7481D002058
:108D6000F8B50C25CE464746454380B5314F7D19B1
:108D70002B00B3331B7899462B00B43300241C5FBF
:108D8000B835A6B23000FFF7D5FE80462860002C2B
:108D90004CDD7B8F013BA34248DD91234A46DB003B
:108DA00053439946244A30009144FFF7C3FE0136ED
:108DB0000700B0B2FFF7BEFE204B381A9C464B4668
:108DC0006444A4001E594C44A3689946C317C018B4
:108DD0005840F8F773FAFC218905F7F743FF494635
:108DE000071C301CF8F770F8011C381CF7F73AFF25
:108DF000071C6068011CF7F7C3FB011C301CF8F767
:108E000063F84946F7F7BCFB0D49F7F7B9FB011CBE
:108E1000381CF7F74FFD041C4046F8F799FA011C7F
:108E2000201CF7F7ADFBF7F793FB28600CBC9046CE
:108E30009946F8BD481D00207C0E0020FFFFFF3F33
:108E4000CCBC8C2BF0B5DE4657464E464546E0B5C9
:108E50008BB0049008001400FFF750FF0023039329
:108E6000984245DBE20F1219541052101318041BDC
:108E70000193E343514ADB171C400199538F8B4206
:108E800001DC013B01930C23049900264B43D318CA
:108E9000B333197891230125DB004B4348490694ED
:108EA0005B180293474B02991E80A3005F58464B04
:108EB0002D321F601378B146B3460396B046AA46DA
:108EC00026000593019BB3421ADA4B464646002B17
:108ED00003D03D4B1F603B4B1E800C22049B04982B
:108EE0005A43364B9B18069AB4331A80FFF738FF63
:108EF00003980BB03CBC90469946A246AB46F0BDE9
:108F0000029AB300D458391C201C002D1AD0F7F750
:108F1000F7FA002804D0B3B29846271CD1460FE0D8
:108F20000598F8F7CBF9391CF7F72AFB211CF7F75E
:108F3000E7FA002804D0B3B29846D1460025271C92
:108F40000136BFE7F7F7F0FA0028E4D10598F8F703
:108F5000B5F9011C381CF7F7B7FF211CF7F7E4FA45
:108F60000028EDD0AB450AD006AAAB009B58029A68
:108F70009B00391C9858F7F7E1FA002817D1042D07
:108F80000ED0AD0005AA08AB52199A4211D1424643
:108F900006AB5A515B46032B02DC01239C46E3449B
:108FA0000125B3B29846271CD1460395C8E7013581
:108FB000D8E71968043B9960E7E7C046481D0020E0
:108FC0007C0E0020DC1F0020D8040020F8B5574696
:108FD000DE464E4645464E4BE0B583460E1E4D4F8F
:108FE0009A4608D088B2FFF7A5FD4B4B1A88C823D4
:108FF0005343984210D20023484A49491380494AB2
:10900000504613805A4612680B8001210180464960
:109010003A600B60454B1A60404BB4001B885C44BF
:109020009846002B0CD12368404D191C286899469E
:10903000F7F770FA002803D03B4B1E604B462B60BD
:109040003B6825689946534600241C5F4946281C06
:10905000002C20D0F7F754FA002808D0314B3D609F
:109060001E803CBC90469946A246AB46F8BD304BAC
:109070002D331878F8F722F94946F7F781FA291CB9
:10908000F7F73EFA0028ECD0264B3D601E80002307
:1090900052461380E5E7F7F747FA0028DED1244B64
:1090A0002D331878F8F70AF9011C4846F7F70CFF3A
:1090B000291CF7F739FA0028D3D0A0450ADD184A51
:1090C00063009B5A5A469B0049469858F7F736FA70
:1090D000002814D1042C0DD00323114AA34210D12F
:1090E00010495B000988D1524346032B02D80B4A32
:1090F000013313800B4B3D601E800123C8E7013410
:10910000DBE75900881E105A013B5052E6E7C04683
:10911000B2040020D8040020FC0C0020420E0020E5
:10912000740E0020DC1F00203C1C0020401C00208E
:10913000481D002010B5084C8AB2638F93420AD9AB
:109140000C234343E4182300B43319801000FFF7C5
:10915000F1FCB834206010BD481D002010B5032874
:1091600001D8FFF7E7FF10BDF0B54F46D64646469B
:109170000D00C0B50700431C37D00C2343431F4CE0
:10918000E3181A00B1321278002A2ED02021B03311
:109190001A7801208A431A70FFF7CCFC06000020E1
:1091A000FFF7C8FC638F361A023B9A4601239946A3
:1091B0007608D14519DA4B469BB218009846FFF75E
:1091C000B9FC801B854215D34046013080B2FFF7C1
:1091D000B1FC801B85420DD20C235F43E4192300B0
:1091E0004A46B433B8341A8025601CBC9046994670
:1091F000A246F0BD01239C46E144DAE7481D002069
:10920000F0B54F46D6464646C0B5050082B0894601
:1092100000282BD10C2398469E4C9F4F43466B430E
:109220001A00B132A25C6E1C002A16D00C331B1936
:109230001A00AC33A8320021525E1B682800914608
:109240009A4604F07BFEF9F7D3F95346009001915A
:109250004A4631003800FCF7EFFC3500042EDDD122
:1092600002B01CBC90469946A246F0BD0C6823781B
:109270003F2B00D1F4E00823884A200011880B43DB
:1092800087491380FCF74CFB002810D1814BFF214C
:109290001A002B3211701A00B13210701A00BD3250
:1092A00010701A00D533C93210701870D8E720003A
:1092B000FCF752FB441E0600032C00D9D0E0012D20
:1092C0001FD10C256543734F20007D192B00B4334B
:1092D00000229B5E2B3798462B00B8331B68B135B4
:1092E000994604F02BFEF9F783F94B460090019163
:1092F000424631006848FCF79FFC01233C702B700C
:10930000AEE74B465B68674918009846FCF708FBD8
:109310000700072834D8F6F757FF040E1F5997A9FE
:1093200082960C23012163435A4AD318B1332B325E
:109330001970147094E70C2300216343554AD31825
:10934000B1331970130000222B339A56944200D087
:1093500086E7FF221A7083E70C23012163434D4AFD
:109360002000D318B13319702B321470FFF792F824
:10937000431C00D1002001B22000FFF7EFFEA0E760
:109380000C256543434E012275192B00B1331A7029
:1093900043461B78303BDBB2092B61D84046FCF7D3
:1093A00051FF2022B0352B78010093432B703300FE
:1093B0002B331C70738F984203D92000FFF7D4FE23
:1093C0004EE701B22000FFF7C9FE49E74B46986817
:1093D000032D14D10378313BDBB2082B0FD8FCF7F7
:1093E00031FF0C2363432B4C0138E4182200022385
:1093F000B0321178B2340B431370207030E72A4931
:10940000FCF78EFA002800D02AE70C2302226343DF
:10941000204CE418B03423789343237020E70022D3
:10942000032D09D14B4698680378313BDBB2082BFA
:1094300002D8FCF707FF421E0C236343154CE418C7
:10944000B33422700CE71027032D00D008E74B46F9
:1094500015499868FCF764FA002809D001280FD054
:10946000114A10491148FCF7E7FBF9E62027EBE722
:109470000C236343074CE418B0342378BB43CCE798
:109480000C236343034CE418B03423781F43277044
:10949000E6E6C046481D002035660108541C002041
:1094A0003A67010870660108A4660108456601086C
:1094B00070B50024074E084D738FA34200DC70BDC9
:1094C000A0B2FFF737FB01002800FCF7B5FB013421
:1094D000F2E7C046481D00206F620108144B30B50A
:1094E0001A001C009832943421681568A94201D9E9
:1094F000256011600022042806D8F6F765FE0307F0
:109500000912030094331A68100030BD9833FAE74B
:109510001A009833943212681868520840081218DA
:10952000F2E71A009433983212681868121AEBE7BF
:10953000481D0020F0B5DE46454657464E46E0B58C
:10954000002083B0FFF7CAFF04000120FFF7C6FF29
:10955000334B001B598F9A46324B01391C60324BFA
:1095600089B21980F6F7CAFE304B01241860304BDF
:1095700019605346903318602E4B00201C70FFF783
:10958000ADFF00902000FFF7A9FF002398462A4D69
:1095900001906B78002B0CD008232C781C4008D14C
:1095A000AF68002F15D10423EC5E21B24046FFF7CF
:1095B000D5FD01239C46E04443460C35042BE8D1FD
:1095C00006F076F803B03CBC90469946A246AB46FE
:1095D000F0BD009BBB42E8D853465B8F9B46019B86
:1095E000BB421AD85C46013CDFE7A6B23000FFF769
:1095F000A1FA8146874203D301345C45F5DBD4E709
:10960000013EB0B2FFF796FA4B4640085B08C0181F
:109610008742BF417F42E41BC7E70124EDE7C04614
:10962000481D0020F80C0020EC0C0020F00C00205D
:10963000F40C0020B0040020F81D002010B5094AE9
:10964000538F83420CD0031C142800D21423912181
:1096500098B24900884200D90B1C5387FFF76AFF74
:1096600010BDC046481D0020F8B5032804D0514B5A
:109670001B68994200D219004F4B1C6823008C4292
:1096800000D90B004D4A110094310E681100983139
:109690000D68042800D981E00121F6F795FD033A11
:1096A0004B642600141DE08F884311009431E0873D
:1096B0000B609D4202D2110098310B60110098316D
:1096C0000968C91A4908002900D167E0538F5B086F
:1096D0008B4263D9130011009833943109681B68D9
:1096E0005B1801215B0819405B180121101DC48F14
:1096F0002143C187110094310B60110098310B6038
:10970000AE4203D0802300219B00D150FFF712FF0F
:10971000F8BD141DE08F884311009831E0870B607D
:109720009E4202D9110094310B60110094310968F6
:10973000591AC7E7171DF88F01431E48F9870068BB
:10974000A91B490847189F4200D9191A601A984264
:1097500000D2E11A10005C1A943004601000CB189B
:1097600098300360AFE7101DC78F3943C187710878
:109770006808081859080F4B1B68CB18834200D2A1
:109780000300641A9C4200D91C001300601A943331
:10979000186013000C1998331C6094E7AE42B5D0E2
:1097A000110013009431983309681B689942ADD1B8
:1097B000A8E7C046141C0020BC040020481D00205F
:1097C000002210B50D4B29339A5651425141197060
:1097D000002A0ED10220FDF77BF909490220FFF78C
:1097E00043FF08490320FFF73FFF0122064B1A7091
:1097F00010BD01204042FDF76BF9F6E7481D00203F
:1098000080969800404B4C00B004002010B5012811
:1098100017D1086803783F2B13D0FCF79DF8042874
:109820000FD880B20BF09AFA431C02D10748FCF71C
:1098300003FAFFF77FFE0423054A11880B431380C8
:1098400010BD0448FCF7F8F9FAE7C0465F67010865
:10985000541C00207367010870B505000C00FFF769
:1098600069FE012D06D12068FCF776F880B2FCF77E
:10987000CFF970BD0123024A11780B431370F8E74A
:10988000D4040020F0B54646D6464F460500C0B584
:109890008846002811D1FFF721FE04000120FFF7C0
:1098A0001DFE324B02005B8F21003148FCF7C4F9EA
:1098B0001CBC90469946A246F0BD2E4B9946032803
:1098C0004EDC0F683B783F2B4AD000239A469842E3
:1098D00003DD3800FCF7B6FC8246012D19DD434656
:1098E0005868FCF7AFFC00240600032D04D1434662
:1098F0009868FCF7A7FC040049463800FCF710F80C
:10990000002809DB3100FFF7AFFE01221A4B1A7065
:10991000CEE700263400EFE718493800FCF700F8DE
:10992000032802D8FDF73CFFC2E7042803D1012237
:109930000E4B9A72BCE7052802D10C4B0022F8E7C7
:1099400051460020FFF790FE002E03D03100012089
:10995000FFF78AFE002CD8D0A0B2FFF76FFED4E745
:109960004A4606490648FCF79BFBA1E7481D002034
:10997000D0680108EC750108B004002008760108E1
:10998000DB68010870B5084C051CA834011C206870
:10999000F6F7B0FD002805D12423044A256011887C
:1099A0000B43138070BDC046481D0020541C00208E
:1099B00070B5084C051CAC34011C2068F6F79AFD04
:1099C000002805D12423044A256011880B43138005
:1099D00070BDC046481D0020541C0020F8B55746F5
:1099E0004E464546DE46E0B5294D061C2B7D9A467F
:1099F000032B0BD92749F6F783FD002821D12649EF
:109A0000301CF6F791FD002800D0234E2B000024D7
:109A10002C331C70FE222B00920588331A601F4BDA
:109A20002700984601239B46E3B299465346032BF1
:109A300013D9042C07D1002F15D02B002C331C7008
:109A400011E0144EE2E742460134A300043B311C0E
:109A5000D058F6F755FD002818D0002F03D02B0062
:109A60004A462C331A702B0041462A002C331B78AF
:109A700088329B00CB58301C2E671360FFF798FF8D
:109A80003CBC90469946A246AB46F8BD5F46CBE744
:109A9000481D0020CCBC8C2B003C1C4630780108B3
:109AA000FC2170B50C4C8905656F281CF7F7DAF8B6
:109AB000216FF6F765FD291CF6F7FCFE0BF09AFE08
:109AC000F7F7DCFBF7F7FAFB291CF7F7CBF8206771
:109AD000FFF76EFF70BDC046481D0020F8B53F4E31
:109AE000041C377D032F20D93D49F6F709FD0028D6
:109AF00049D13C49201CF6F717FD002800D0394C0D
:109B0000FE25AD053849201CF6F70EFD00281AD0B9
:109B10003549281CF7F7A6F83349051C201CF6F731
:109B2000C9FE041CEEE7314CEAE73049F6F7FCFCCD
:109B30000028F8D12E49201CF6F7E2FC0028DFD0DF
:109B4000FE252B4CAD05FE21201C8905F6F7D8FC1F
:109B500000281CD1032F25D92349201CF7F782F8B0
:109B60002449F6F70DFDF7F789FBF7F7A7FB1E4928
:109B7000F6F7A0FE291CF7F775F87067FFF702FFEC
:109B8000FFF78EFFF8BDFE25154CAD05DBE7164946
:109B9000281CF6F78FFE1449051C201CF7F762F805
:109BA000041CD0E71449201CF6F7BEFC00280ED197
:109BB0001249201CF6F7B8FC00280AD11049201CD5
:109BC000F6F7B2FC002806D1FE208005D2E7064851
:109BD000D0E70C48CEE78020C005CBE7481D002029
:109BE000132EE1299AF97944000020410000A04198
:109BF000CDCCCC3DE5F2FF3ED200A040A301004019
:109C00004703803F0000A040F8B500257B4C0600CC
:109C1000A074A57205F008FE6577E572FCF7ECFE0E
:109C2000774B784A1D6023009C331D600123117817
:109C300075480B43137023002C331D70FE22230044
:109C4000920588331A6027002575FFF747FF6F4894
:109C5000FFF7C4FE00200837F867A27CA5870B2316
:109C6000032A00D1023322002F3213700023220076
:109C7000902519002A321370A3652373E37363736D
:109C80002374A373E3832384638463746D00E218F5
:109C90001700E03739743970571CFF373132397487
:109CA0003970FF321037603339741170AB42EED126
:109CB00022005749343209781378002956D00121FF
:109CC000617349180B431370220000233132137063
:109CD00022003532137022008C3210602200FF21E6
:109CE0000832D1772200F2392E32117003226275C8
:109CF0002200142029321370A064464A20000B3938
:109D00000525A175E266E174621821002D30057009
:109D10004148A031086021004048A4310860042176
:109D2000A17649196176210032310B702100D38769
:109D3000012233310B703A496371E375E387E376AF
:109D4000E365E3712376E2862271E2646272E16781
:109D50002387A384A3712365324B22726365032E8C
:109D600019D83000F6F730FA0538284306218B431E
:109D7000A9E72D4B00201968FFF776FC2B4B01203B
:109D80001968FFF771FC3C23A3873B3B6371802379
:109D900000229B00E250FDF759F9231DD867FEF71A
:109DA0005FFB912000232B3440002370FFF746FC1B
:109DB00001221F4B1A70F8BD1E490220FFF754FC08
:109DC00000210320FFF750FC80231B4A9B00E25038
:109DD000FF3BFF3BE376DEE7134B00201968FFF7FC
:109DE00043FC124B01201968FFF73EFCCFE723002C
:109DF00008222E331A701149DFE7C046481D0020A3
:109E0000500E0020D404002000002041000020C19A
:109E1000640E002000007A444043DB1900E1F505A0
:109E2000000016C3A0860100141C0020BC04002002
:109E3000B00400208096980080841E0000A3E111E9
:109E4000912370B5144C5B0063872300134AA83339
:109E50001A6023000022AC331A6021002300012283
:109E60000025B03134331A700A000D4BA58343CB63
:109E700043C243CB43C243CB43C243CB43C29022F2
:109E80002900520007480BF021FE2B3428002570D2
:109E9000FFF7BAFE70BDC046481D002000002041FB
:109EA000986E0108281E0020012210B5044B1A707C
:109EB000044B9B7C834201D0FFF7A6FE10BDC04639
:109EC000B0040020481D0020F0B59E4C0023220065
:109ED00057464E46DE464546BD32E0B51370220079
:109EE0002100C9321370293101220B7021000600B4
:109EF000954F627362723A70944A2A310B7094469D
:109F000021006371A387A384143373439048A03165
:109F100063440860587883B007281BD8F6F754F9D3
:109F200028049C8033C0CDCD0120FFF7BDFF012068
:109F30004042FCF7CDFD01236373638F83499C4648
:109F4000142388460022734382484344944511DC1D
:109F500000233B7014237D4A7343944663445B782B
:109F6000042B00D1B2E0072B00D1B4E00020AFE019
:109F70000020DAE79125ED00A8469100DD68414414
:109F800045500132E2E70020FFF78EFF0020FCF78A
:109F90009FFD01236373638F64219A465B089B4690
:109FA000142373439846694B49429C46E044434618
:109FB00002229B5E52465A4310009146F6F7A2F9E0
:109FC0000022434658440700624897424FDC642110
:109FD0004846F6F797F900238344062E00D15E4BDE
:109FE0001D1C1423594AB84694465F46B146734334
:109FF00063440193BA4543DC4E461423534A474613
:10A00000944658467343534963448742A2DA9125E4
:10A01000ED00AC46BA00DD6862448D500137F4E7CC
:10A020000020FFF741FF2300012229331A7000238B
:10A0300063722300494AA03302201A60FCF748FDEE
:10A0400022008123BC325B0013802200C8321380BF
:10A050000522631DDA779CE70020FFF725FF022029
:10A06000FCF736FD0123E376A21DD37791E7912516
:10A07000ED00AC4691001D69614445500132A4E7F2
:10A080009123DB009C46334BBE0066449C46019BFB
:10A09000291C18696644F6F717FF01373060A9E7F5
:10A0A0000020FFF701FF2E4B2E4A00201A60FCF71C
:10A0B0000FFD01232C4A1370D6E70120FFF7F4FEB1
:10A0C0000020FCF705FDA31D0122C3E78420C00585
:10A0D000FDF7E8F806E00020FDF7E4F82300012290
:10A0E0002A331A7022000227343213781F493B4367
:10A0F00013700123637313335E43144B9D19E86897
:10A10000F6F73EFAFFF76AFC19496868F6F7AAFD08
:10A11000F6F71EFA01003800FFF7A6FA1449A868FE
:10A12000F6F7A0FDF6F714FA01000320FFF79CFAFA
:10A1300006F07CFF03B03CBC90469946A246AB4675
:10A14000F0BDC046481D0020640E00202C7601089A
:10A150004043DB197C0E0020000040409077DE1960
:10A16000BC04002000943577B0040020000020419A
:10A1700000247449F8B50C001A4E1B4F022805D074
:10A18000320039001948FBF757FDF8BD3900206847
:10A19000FBF7C6FB310005006068FBF7C1FB04005C
:10A1A000002DEDDB0028EBDB08F04AFA60004019D7
:10A1B0000328EAD8F6F708F802080A100020FFF78B
:10A1C00073FE08F009F8E0E70120F8E70220FFF746
:10A1D0006BFE07F0F1FFD8E70320FFF765FE07F0FD
:10A1E000F3FFD2E7206501082C660108E06601084C
:10A1F00010B5012803D1086803783F2B03D10A4822
:10A20000FBF74EFF10BDFCF71DF884B2042CF6D806
:10A2100020000AF0A3FD431CF4D1002CF2D1034B23
:10A22000987CFFF7F1FCEDE7FD650108481D002073
:10A23000F8B52C4C0500237D83423DD0206F03F000
:10A2400039FE071C606F03F035FE061C381C2575AF
:10A2500003F0ECFD051C301C03F0E8FD237D032B0F
:10A260002DD92149281CF6F74BF9002825D11F4983
:10A27000281CF6F759F9002800D01C4D1C49281C51
:10A28000F6F718FBFFF72AFC1949606FF6F7EAFCAE
:10A29000FFF7A4FB637D9B0701D503236375A37DB3
:10A2A0009B0701D50223A375124803F005FF202365
:10A2B000114A11880B431380F8BD0B4DDEE70F499F
:10A2C000281CF6F7CFFC0A49F6F7F4FA0BF07EFBF0
:10A2D0000749F6F7C7FCFFF781FB0548FFF7FEFBD0
:10A2E000D8E7C046481D0020CCBC8C2B003C1C4647
:10A2F000000020417C0E0020541C00209A99993FB8
:10A30000002370B5114C051C2371237D032B1AD932
:10A310000F49606FF6F7A6FC291CF6F705F900282F
:10A3200011D00B49281CF6F7C5FAFFF7D7FB0849EF
:10A33000606FF6F797FCFFF751FB2023054A118861
:10A340000B43138070BD281CF5E7C046481D002054
:10A3500000002041541C002070B50F4C237D032BBE
:10A3600001D900232371FFF7B9FB237D032B0DD9FE
:10A370000A49606FF6F776FC051C011C206FF6F7A2
:10A38000BFF8002802D0281CFFF728FB2023044A2E
:10A3900011880B43138070BD481D00200000204130
:10A3A000541C0020F0B54E46DE4657464546E0B503
:10A3B000040087B00E0001280AD10B681B783F2BE0
:10A3C0000AD1864B864A87498748FBF735FC48E027
:10A3D00000239846984211D030680378303BDBB2B6
:10A3E000092B45D8FBF7B8FA451E022DE9D8013CE8
:10A3F000002C00DD82E001232C009846342399468E
:10A400007A4DA9444B461B7801222341134222D0A6
:10A410002B7D774A9B009B589B46631C9A462B00DA
:10A42000AC331868F8F7E4F82B00A8330600186876
:10A430000F00F8F7DDF863191A7B6E4B002A00D085
:10A440006D4B029003910493009601975A46514632
:10A450006A48FBF7F1FB4346002B02D10134032C81
:10A46000D0D107B03CBC90469946A246AB46F0BD61
:10A47000012C0CD15B49FBF753FA002864DBFFF792
:10A48000D7FE04235E4A11880B431380E9E7022CB0
:10A490005DD15349FBF744FA002811D0012820D0A0
:10A4A00000231D009C004D493059FBF739FA042860
:10A4B00000D986E73619F5F787FE4F57626A7C00A8
:10A4C000746850492000FBF72BFA002803D10122C1
:10A4D000464B1A71D5E72000FCF754F8FFF73CFF14
:10A4E000CFE7746847492000FBF71AFA0028EED03E
:10A4F0002000FCF747F8FFF703FFC2E701239C4267
:10A50000D0D19B0040499859FBF70AFA041EB8DBEA
:10A510000028B6D19126F6006E433C4B3C4FF6180E
:10A52000324B0135984643465B8FA342A9DDA30019
:10A53000F058F8F75DF822000090019129003800EA
:10A54000FBF77AFB0134EEE700231D00D9E7002377
:10A550001D00012CA6DC94E77068FBF7FDF9411E95
:10A560002800FCF74BFF8CE770682A49FBF7D8F905
:10A570001E4B01385D19434243412B7381E77068DC
:10A58000FBF7EAF9411E2800FCF742FF79E7214971
:10A590007068FBF7C5F901220023AA40134952B2A3
:10A5A0003431CB56012802D113430B7069E7934332
:10A5B000FBE77068FBF7D0F90C4B04005B8F83421C
:10A5C00000DCFEE6B068FBF7DDFF91235B005D4336
:10A5D0000E4B2D19AD00E85043E7C0460C6601084C
:10A5E000E4670108F46A0108466A0108481D002072
:10A5F000D89D0108C96F01080D6A0108166A010893
:10A60000541C0020AD6201082C6B01087C0E002058
:10A61000266A01083F6A010870B505000C00012A8E
:10A6200007D0220029000648FBF73AFD01204042EE
:10A6300070BD1800FBF774F90028F9DAF1E7C0469D
:10A64000EC66010810B502000B6807480749FFF7E0
:10A65000E3FF012803D801231840054B187201229B
:10A66000044B1A7010BDC046AD650108376701087C
:10A67000481D0020B004002010B502000B680748F8
:10A680000749FFF7C9FF002806DBFDF767F8242319
:10A69000044A11880B43138010BDC046B8680108F6
:10A6A0003F6A0108541C002010B502000B680448E2
:10A6B0000449FFF7B1FF002801DB034B187010BD00
:10A6C000816701083F6A0108220E00200100002076
:10A6D0000A78002A00D170471300303BDBB2092B07
:10A6E00004D80001303810180131F1E71300613B44
:10A6F000DBB2052B02D800015738F4E71300413BC9
:10A70000DBB2052BE7D800013738ECE770B5050060
:10A710000E00002803DC1148FBF7C2FC70BD08687E
:10A72000FFF7D4FF0E4B04001A680E4B1A80022D5F
:10A730000CD17068FBF786FD8023E4B200061C4351
:10A74000000C204329000AF0F5FBE7E7C0B20AF04D
:10A750000FFC01000448FBF76FFADFE7586B0108B4
:10A76000E80C002042050020796B01081FB5084B5A
:10A77000084C1B6D20000093002301930293039368
:10A78000F8F7CAFE69462000F8F7BCFE1FBDC046B8
:10A790002C0300202C07002010B50B4C01280DD1F4
:10A7A000086803783F2B09D0FBF74CFD96235B002C
:10A7B000984200D218002065FFF7D8FF216D0348AA
:10A7C000FBF73AFA10BDC0462C0300200E6B0108BF
:10A7D00070B51548FBF798F8144D154C2800F8F79C
:10A7E00039FF14492800F8F75DFFFFF7BFFFFA2093
:10A7F000114AA36D80001340A365F8F7A5FA0F492D
:10A800000F48F9F75FF98023A26D1B021343A3657C
:10A81000B5230C4A5B00D25C0B4B520700D42B00D3
:10A820000A4A136070BDC046C01F002038080020CF
:10A83000005C00405C600108FF7FFFFF646001086E
:10A840009C0700202C0300202C070020BC1F0020A8
:10A850000B4B10B51B78042B08D1B52209495200C7
:10A860008A5C09481A4208D0F8F736FF0748F8F71B
:10A870002DFD0748F8F72AFD10BDF8F737FFF5E77B
:10A880009C0700202C0300203808002054070020DB
:10A8900034070020F0B50300D6464F464646002058
:10A8A0008C461100184AC0B592460700174E1C7816
:10A8B000002C04D11CBC90469946A246F0BD202C29
:10A8C0001FD0092C1DD05546222C01D13500013353
:10A8D000884202DA62468400A350013080B21A78BE
:10A8E0002C0090462278424507D001342278002A75
:10A8F000F8D101331C78002CF1D11C78002CD9D070
:10A900001F700133D3E7C046C76F0108C56F010848
:10A9100070B5114D05222900FFF7BCFF0F4B80B227
:10A920001880052805D90E48FBF786F90024200079
:10A9300070BD041EFBD02D680A4C6088238800047B
:10A94000184301D10400F2E72900FAF7E9FF0028D3
:10A95000EDD00A34F1E7C046701F0020B81F002078
:10A9600058610108946B010870B5FFF7D1FF00280A
:10A9700046D003895A0705D5264A12787F2A01D97D
:10A98000012293430125C288818812040A432B4087
:10A99000214C17D00423214D2A60227813432370C1
:10A9A0001F4B1B78002B0CD12B68002B09D00124E6
:10A9B0001C4E644221003000FBF7ACF82B68002BE2
:10A9C000F8D170BD2370184B18491888043101382C
:10A9D00090471748FBF730F9164B1B78002BF0D047
:10A9E000154B25709B7C023BDBB2012B02D807F094
:10A9F00039F9E6E72623114A11880B431380E0E773
:10AA00000A4B0F481968FBF717F90948FBF714F9C7
:10AA1000D7E7C046D4040020A62A0020841F0020C7
:10AA2000622A0020C01F0020B81F0020701F0020D5
:10AA300046700108B0040020481D0020541C00206E
:10AA40005261010810B5040007E08021090208489E
:10AA5000F8F710FD074B9C466444074B9C42F4DC1E
:10AA6000012C03DDE1000248F8F704FD10BDC046EB
:10AA70000C07002000F0FFFFFF0F000010B50400DE
:10AA800007E0802149010848F8F7F4FC074B9C4691
:10AA90006444074B9C42F4DC012C03DD2100024896
:10AAA000F8F7E8FC10BDC0460C07002000F0FFFFDF
:10AAB000FF0F0000F0B5DE4657464E464546E0B56E
:10AAC0008FB007908B4601920993002900D09CE03B
:10AAD000D94B1B78002B00D18DE078239846D74DB9
:10AAE000D74ED84FA8448421286FC905F6F7BAF885
:10AAF000F6F7C4FB0024306084212B19586FC90578
:10AB0000F6F7B0F8F6F7BAFB3319586032593B192B
:10AB1000801A04345860242CEED128352836283782
:10AB2000A845E0D1FEF722F8C74CA07CFDF7C2F99A
:10AB3000A37C2820012B01D0A08FC0B20AF08EFD8B
:10AB4000A31D3E20185E0AF065FDFDF743FAFDF7F0
:10AB500015F8BE4BBE4A00251A600122BD4B256682
:10AB60001A70B54B65661D70A566FAF7C9FEBA4B3B
:10AB70001860FBF767FF82239B00E0509A46083B72
:10AB8000E658070030009946F6F7E2FBB349F5F7BF
:10AB9000B7FC83239B009846A84200D1F1E1E55021
:10ABA0004B46E550A84CA37C012B00D900E2FCF7F2
:10ABB00081FDAB4B1B78002B01D1FDF71BFB002265
:10ABC000A84B01981A60FDF733F8A74B1880079B34
:10ABD000002B10D0A37C012B0DD80423A34A11888D
:10ABE0000B4313802300983494331A6823689A42E5
:10ABF00001D104F05DFD944B1A6E01321A665A6E53
:10AC000001325A669A6E01329A668F4CA37C022BEF
:10AC100000D0D5E1230090331B68002B00D0D4E195
:10AC2000230008330021D86FF5F764FC002800D119
:10AC3000CBE1230008330021D86FF5F75BFC002837
:10AC400000D1D3E15B46002B04D1824B1B78002B53
:10AC500000D0CBE1A37C002B17D1637D9B0714D5DB
:10AC6000834B1D78002D10D1237D032B0DD8814BF4
:10AC7000019A9A4200D932E309207F495043F5F7FF
:10AC8000B7FA01002800FCF72FFEA67CB31EDBB24A
:10AC9000012B00D92CE3E57D04232A009A4300D13F
:10ACA00022E3E76E0021381CF5F724FC041E00D0D7
:10ACB0001EE3724B391C1860714BA2461860714834
:10ACC000F5F7F8FDF6F7DAFA5C4B583300229B5E95
:10ACD0001B180293AB1EDBB2012B15D8033D6B4250
:10ACE0005D412B00022E00D0FCE2674A019991429F
:10ACF00000D9AB1C59018A46644A9B009244644ABD
:10AD00009B58019AD31A01930123D84699464E4A7B
:10AD1000937C023BDBB2012B57D8D17D04200B0082
:10AD2000834352D0554C2368012900D0E8E23C20EF
:10AD3000105E584A9B009B58C01800D4DBE20020EC
:10AD4000C0B20AF08BFC236801332360072B39DD86
:10AD500000233A4D23602E009B46494B58361A6813
:10AD6000571C1F600022B35EB4332BD1FAF7C8FD25
:10AD7000494C2368C31A03931A00FA239B009A4292
:10AD800020DDFAF7BDFD20600023F45E029B642005
:10AD90001B1B9C460293039B390058436444F5F700
:10ADA000B1FA241A24B25C4500DDC1E23480583582
:10ADB0000022AB5E029A94469C44634600220293B2
:10ADC0002F4B1A600298FFF759FE344B1B78002B6B
:10ADD00006D043462333FF33314A32499B00995012
:10ADE0003222314B52421B8804935B105A4300239A
:10ADF00005932E4B069203934B46049A13400B93F4
:10AE000002239B46049B104A019C012B54DD0B99A5
:10AE1000069B002900D11933254909884B43D17E6F
:10AE2000012900D15B10002B44DA0198594200241B
:10AE3000814241D83EE0C046B00400202C030020EF
:10AE4000D01C0020581C0020481D0020C4040020F5
:10AE5000000016C3CC040020D81F002000401C4571
:10AE6000640E0020680E0020400E0020541C0020BC
:10AE70003C0E00205FE3160060E31600181C002063
:10AE8000440E002000247449C0F4C002D86E0108AA
:10AE9000586F010874610108D01F0020480E00207F
:10AEA0007C0E00200000B4C2DC04002040EDFFFF57
:10AEB000FC0C002001995C185946937C8B43013BA4
:10AEC0005942594143460891002B00DC33E21300FC
:10AED00098329433196813680026994200D1B5E27C
:10AEE0000023B64A0D93937C002B02D0022B00D096
:10AEF00073E20899002900D06FE2517A002900D04E
:10AF00001BE2A03212680D92AC4A002B00D05BE22B
:10AF10000999002900D112E206323E21515E4A1CF5
:10AF200002D0A74B8A00D3580D9A1419E41A0D9435
:10AF300000244B1C02D0A24A89008C589F4B1A0057
:10AF40002932127852B2002A00D046E24A46DB7C0F
:10AF5000134200D141E20D99091B4846FCF7EEFE71
:10AF6000964B9B7C002B00D04DE2964B1B78002B20
:10AF700000D048E2944B9C4200D891E22300934ACF
:10AF800031E2934B9E4205D842460121A1504A46E8
:10AF9000A35007E6B74208D2618FF01BF5F728F9F6
:10AFA0004346E0505346E650FCE54346E050F9E5A1
:10AFB000FDF768F9B422874B524258331A8006E6EF
:10AFC000002B0DD1E37A002B0AD00122824B1A808C
:10AFD0005B46002B00D089E00221804809F0AAFFDF
:10AFE000230090331B68002B00D122E6A37C022BA8
:10AFF00000D007E123000833DD6F0021281CF5F79E
:10B0000093FA002878D0FC21281C8905F5F7B8FAB6
:10B01000051C5846F6F752F9061C608FF6F74EF9F4
:10B02000011C301CF5F746FC291CF5F71BFE231DFF
:10B03000D96FF5F7A5FA011CF5F7A2FAF6F71EF994
:10B04000F6F73CF9FC218905F5F70CFE051C019883
:10B05000FCF7EEFD624B1880F6F730F9F421890514
:10B06000F5F700FE291CF5F78BFA5E4D061C011C56
:10B070002868F5F73FFA002800D006E62E60FBF7B7
:10B08000E5FF011C301CF5F71FFF524B061CFC337B
:10B09000996F5548F5F718FF80231B06071C311CD4
:10B0A000C0182500F5F740FA2A35002830D0301CAA
:10B0B000391CF5F765FA0123061C2B70C121301CE1
:10B0C0000906F5F731FA002866D04849301CF5F733
:10B0D0002BFA002864D04649301CF5F725FA0028E1
:10B0E00061D10A25424F434B98461AE0012B00D00C
:10B0F00076E70221404871E70021281CF5F700FAA5
:10B10000002886D0FC21281C8905F5F7DDFE7FE7A5
:10B110002870D3E74346013DE8560338F6F7CEF8EA
:10B12000071C3649301CF5F72BFA391CF5F7E8F9FE
:10B13000002801D0082DEDD1391C301CF5F7C4FED4
:10B140000021061CF5F7F0F900282FD12C49301CFE
:10B15000F5F7D6F900282BD18023FA211B06F01829
:10B160008905F5F7B1FE011CF5F70AFAF6F786F83E
:10B170000027194EA0872800378009F031FF2300EF
:10B1800037802A331B78BB4214D0FCF783FEA08F94
:10B19000C0B20AF063FA5DE5C12708253F06A2E7C1
:10B1A000124F09259FE700270B259CE70026D3E7D0
:10B1B000134ED1E7FCF766FEE9E7C046481D0020C4
:10B1C000D06F0108640E0020005A6202001C4E0E6F
:10B1D000B80B00002C030020420500208D1D00004C
:10B1E000400E0020C40400200000E8410000A0C080
:10B1F000000040C0C86E01088D1F00000000E04143
:10B200000000FCC1032B00D024E5231DDD6FFBF7FC
:10B210001DFF011C281CF5F757FEA54E071C330027
:10B22000FC33996FA348F5F74FFE802381461B0638
:10B230004B441800391CF5F781F99F4B01259846BE
:10B2400023002A33002842D01D70381C4946F5F7E8
:10B2500097F94346071C1D80FCF71CFEFBF7F6FE22
:10B260000B220290A37C9146032B01D10A3399460D
:10B27000924B08259A465346E856F6F71FF802996E
:10B280008046F5F721FE391CF5F73AF9002801D080
:10B290004D4522DBB16E4046F5F772F923002A33A3
:10B2A0001B78071C0021002B05D0FC36B16F8148AC
:10B2B000F5F70AFE011C381CF5F706FE0122261DD3
:10B2C0007D4BF06728001A8009F08AFEC2E41870EE
:10B2D00043461D80FCF7D6FDC0E70135CBE72900CA
:10B2E0000120D0E4764A01E59246130002930BE573
:10B2F00000239A46FAE73F2800DC21E53F201FE5BE
:10B300005246002A00D11EE549466B4AF3201180BF
:10B3100052469B009B5803211A06120C0243181236
:10B32000C02300049B021840104309F003FE0AE505
:10B330005B4633803BE50026D2E5624AE3E54946B9
:10B34000931DDB7F0B4229D0D37C022B15D10D9BA3
:10B350005B08A34202D80D9BA3420ED25A4B1B7826
:10B36000002B03D0594B1B78002B02D1002E00D1AB
:10B37000E4E50322564BDA74E0E5534B1B78002BCF
:10B3800003D0524B1B78002B02D1002E00D1D5E503
:10B39000504A0D9B944663440D93CFE52000FCF783
:10B3A000EFFE00280ED04C4B0D93474B1B78002B23
:10B3B00000D1C3E543462333FF33484A48499B0045
:10B3C0009950BBE50D9BE7E7D27D042A02D10D9A87
:10B3D00012190D92022B00D1B0E50D990919BCE5A7
:10B3E00040498C4663449342FAD83F4A934253D82B
:10B3F0003E4A934254D83E4D2B68002B03D1FCF7B4
:10B400001DFF4B462B600D9B002B03D00D99002098
:10B41000FCF794FC2E4DAB7C023BDBB2012B02D837
:10B42000C820FFF70FFBAB7C012B0FD890352B68A2
:10B43000002B06D14346002B08D12E4B1B78002B46
:10B4400004D02000FCF7F4FB2B4B18804246059BF0
:10B45000134303D1FAF754FA284B18601C4B9A7C1B
:10B46000023AD2B2012A4FD8079A002A04D0244ABD
:10B470001278002A00D008E14246012A00D004E1F7
:10B48000D87D0423984300D041E40FB03CBC9046E3
:10B490009946A246AB46F0BD1A498C466344A5E7DF
:10B4A000134D2B68002BAED0FCF7A4FE0023A9E7B8
:10B4B0002C0300200000E84142050020C86E01086E
:10B4C00000389C1C4043DB19480E0020490E002028
:10B4D000481D002020A107008050DE197C0E0020AE
:10B4E000000070C200E4B1F1006CDC02FF2C3101FD
:10B4F000680E0020CC040020400E0020D01F002049
:10B50000A62A0020009423FD4246002A6DD11A008D
:10B5100090321268002A26D11A7E002A23D1494689
:10B520009A1DD27F0A421ED1594A1268002A1AD1A6
:10B53000DA8E012A17D180218900564A5B5893423E
:10B5400011D8554B1B78002B03D0C8204001FFF7C2
:10B5500079FA524B0021987C5B469843013843426C
:10B56000584109F0DBFE4D4D2B0090331B68002B3A
:10B570003BD12B7E002B38D08421E86FC905F5F72D
:10B5800071FB474BAF7C0A900020185EF5F796FEE2
:10B59000011C0A98F5F798FC424B0A900020185EAF
:10B5A000F5F78CFE011C0A98F5F78EFCF5F766FEA0
:10B5B00000B20011C0B20CABD870AA7ED978043AA0
:10B5C0005042424158468743013F6B7EC9B27842A0
:10B5D000784109F0EBFD2B7E022B02D10320FCF712
:10B5E00015FAFAF78DF9304B18605B462B4D079A28
:10B5F000A97C2000994301394B42594109F042FF8F
:10B60000AA7C0300012A1BD849460635EA7F0A4274
:10B6100016D0264A1278002A12D1254B002E02D1CC
:10B6200018804E465CE41A88131C12B2824200DD78
:10B63000031C5846194A1BB2D17C014200D0D07479
:10B640006A4603999289994200DA1A1C13B203934D
:10B65000059B01330593079B002B03D0154B1B78EB
:10B66000002B08D1069B059A32330693049B934224
:10B6700001DDFFF7C7FB0A4B18880A4B1B88C0186F
:10B68000039B9C46604400B2FFE60020FDE6C046F6
:10B69000480500209F860100CC040020481D0020A2
:10B6A0003E0E0020400E0020D01F0020480E00203B
:10B6B000CE040020A62A0020F0B54E46DE465746AE
:10B6C000454680230024E0B5C24A8FB01B01089094
:10B6D000C1495383C14B0D921C60C14A0B789146FE
:10B6E000A34261D0BF4B03201C70FDF7F7FEBE4A9A
:10B6F000BE4B904254D801221A7001944B469B7C59
:10B70000012B01D801F0A5F84B4690331B68002BA4
:10B7100001D001F09EF84B4608330021D86FF4F7B2
:10B72000E9FE002801D101F094F8002302934B4672
:10B730004A469B00D31A0C9300239B46079306931B
:10B74000AB4BDA4699460A935B460593812200216A
:10B75000D046A34B920099508423A14C9B00E35800
:10B760000393002B16D0FAF7CBF884239B00E35801
:10B77000991C0393F4F7C2FD0029F4D0984CFAF712
:10B78000BFF884239B00E358991C0393F4F7B6FD9C
:10B790000029F4D1974BC346049300231E00E7E130
:10B7A000954A1C701470A8E7927C0193012AABD8CB
:10B7B0004B4690331B68002B01D101F048F8894AB1
:10B7C00013780133DBB21370322B01D801F03FF84C
:10B7D00001230B7069460979019311708EE70022ED
:10B7E000864B29351A702423FF3373439A46B0B22F
:10B7F000FDF7A0F900230200EB5631000400089881
:10B80000FFF758F9F5F75AFDF4218905F5F72AFAFB
:10B81000019B0390002B02D00022794B1A70089BE9
:10B82000002B20D0774B1B78002B1CD00025029BCF
:10B83000AB4210D082226A499200734B8A589A42D6
:10B8400009D9280008F04AFF912201235200E7217C
:10B850001E2008F001FE28000FB03CBC904699461F
:10B86000A246AB46F0BD694B1B78002B46D15C4B22
:10B870009A7C012A42D102215A7D0A423ED01A7D89
:10B88000032A3BD8996F0398F4F77AFE071CFBF75D
:10B89000B5FC5F49F5F718FB391C8046F4F730FE1C
:10B8A000002808D0391C4846F4F72AFE002802D0A8
:10B8B000B9460A970594391C4046F4F735FE00282E
:10B8C00001D04B4B9946059B002B00D17EE0E41A3A
:10B8D000504B9C427AD80A994F48F5F7F5FAFA216D
:10B8E0008905F5F7BFF9F5F7C9FC4C496043F4F752
:10B8F0007FFC010000201031FBF7F6FF8122384B5E
:10B9000092009A580992002A10D1832292009858E6
:10B9100000280BD09A7C012A02D9DB7D002B05D1AF
:10B920003F4B984200D987E0FFF78CF8F9F7E8FF22
:10B9300082232B4A9B00D758334B9F4201D900F0FA
:10B940007FFF029A002A33D0364A17686422C71B49
:10B9500057439F422CD907233340984628D1204B88
:10B960005046598FF4F7CEFC04000F2008F0B6FEC5
:10B9700001232200E7211E2008F06EFD404608F05A
:10B98000ADFE9122200052000123121B1E30E72140
:10B9900008F062FD244B9F420AD9244802F08CFB38
:10B9A0009123234A012011880B43138003F07EFC6E
:10B9B000204B1B78002B64D0104B1A78002A5ED1E4
:10B9C000049A0399116001221A7010E700210120E6
:10B9D00092E7C04600040048B0040020181C002074
:10B9E000481D0020D41F0020DF9304003C0E0020DF
:10B9F000000016C38C170020CC1F0020490E002029
:10BA0000CC040020A62A002040420F00640E002033
:10BA100000005C427F841E000000C8C180841E00BC
:10BA20002F750000D01F0020809698007C0E00200B
:10BA3000541C0020480E0020FA218900F4F7D8FB9E
:10BA4000C74BFA2704009846BF002000642C00DD95
:10BA5000642043465843C34B39009C466044F4F786
:10BA6000C7FBF9F7FBFF089B002B04D0BE4B1B78EC
:10BA7000002B00D0DAE6643C002CE6DC56E700221E
:10BA80001A70BA4B9A7C012A6ED80399D86FF4F7D2
:10BA900041FD002801D001239B46B3009C46B046DF
:10BAA000B34CB44F0B9364443B78002B53D10B9BA6
:10BAB000039DE61AFB78002B05D0049B281C19680F
:10BAC000F5F702FA051C7A7D002A10D09123013A7D
:10BAD0005B005343A64A43449B009958281CF5F742
:10BAE000F3F9A24B8C331968F4F74AFD051CA24BFD
:10BAF0001B78002B0ED0692009F03AFA1F2303406F
:10BB000003205843069B5A38984202DD079B0133B5
:10BB100007930690994BB87C1B78002B0DD1002819
:10BB200018D00138062816D8F4F758FB0E00150176
:10BB30004E01670173017C01930103280AD1904BE8
:10BB4000434400221A7005E0291C2068F4F7ECFC3D
:10BB5000002800D025609123DB009C46894B0137EB
:10BB60006444BB42A0D14646049B0136043304938F
:10BB70007E4D6B8FB34200DD31E6AB7CD846023B95
:10BB8000DBB2012B07D8EB7D002B04D07E4B1B785A
:10BB9000002B00D1E0E5754BC2461A7E002A0CD07E
:10BBA00090331B68002B08D04346002B00D1CDE515
:10BBB000022A02D10320FBF729FF029B002B10D0A1
:10BBC00082226A499200714B8A589A4209D9002010
:10BBD00008F084FD912201235200E7211E2008F085
:10BBE0003BFC8123614C9B00E3580393002B09D15C
:10BBF000F9F786FE664B1B68C01A64235843A133CD
:10BC0000FF33E05082218122584B9200890058581E
:10BC10009B58C21AD41712196240D200904204D223
:10BC200006225C4804882243028080224F4C920006
:10BC3000A0586350834200D854E18326B600A5592A
:10BC4000002D1ED0181A618FF4F7D2FA0700854232
:10BC500000D844E12D1AA5514F4B1B68002B0ED084
:10BC600004234C4A11880B431380404B1A0098332D
:10BC7000943212681B689A4201D103F019FD464BB9
:10BC80001F603E4B1A78002A06D000221A70042347
:10BC9000404A11880B431380344CA37C023BDBB237
:10BCA000012B04D83D4B1B78DB0700D54EE53C4B00
:10BCB0009B465A463B4B1360334B2D4A1F789046A8
:10BCC0007B425F4191237F00DB007B439844364BEE
:10BCD000019301239A460B339946230034331B7892
:10BCE00052463B41134200D162E1304B1B78002B9E
:10BCF00002D0012F00D15BE10025638FAB4200DD54
:10BD0000FFE02B492B4A08882B4B002800D00EE17E
:10BD10001868108052460A801D68002D14DD4246C6
:10BD2000AB009E585B46301C1968F4F7FDFB0028F9
:10BD30000AD0224BA8B21D605B461E60FCF7FAFEDB
:10BD40001F4B18601F4B1F60A37C012B00D92FE1F4
:10BD50000026350009E1291C2068F4F7D1FBF7E63D
:10BD600010270000E7030000A62A0020481D00203D
:10BD70007C0E0020541D00203C0E0020CC0400202E
:10BD8000000D0020571D0020640E002040420F00CF
:10BD9000D01F0020541C00206C0E0020D404002072
:10BDA000341C002000002AC30000C842610E00209D
:10BDB000420E0020740E00203C1C0020301C00208D
:10BDC0002C1C0020381C00202668291C301CF4F78D
:10BDD00097FB6B4B4344002800D0B2E669491A78C0
:10BDE000896C8A4206DDFC21301C8905F5F76CF868
:10BDF0002060B0E601321A70ADE663492068F4F7BE
:10BE000031FF291CF4F7BCFBFA218905F4F72AFF5E
:10BE1000EEE75E492068F4F725FF291CF4F7B0FB34
:10BE2000F621F2E70C9ABB00944663441E6B701E29
:10BE3000F5F78EFA2168F4F715FF291CF4F7A0FB3B
:10BE4000051C3000F5F784FA011C281CF4F732FDBC
:10BE5000CEE74C4B1A00903211684D4A00292CD184
:10BE60004146002906D14B495B8F8C4663449B00B9
:10BE70009B591360464B291C1E689A46301CF4F7E8
:10BE80003FFB00281BD03F4BDB6C0993012B16DDD9
:10BE9000311C281CF5F718F8051C0998F5F70EFA5F
:10BEA000011C281CF4F706FD311CF4F769FB53460E
:10BEB0001860374B1B6823604DE62368D9E7291CBF
:10BEC000301CF4F731FB324B9A46002804D02D4B3E
:10BED0009B6C0993012BDBDC53461D60E9E70023D3
:10BEE000A351B9E60027834200D3B5E6C01A618F9B
:10BEF000F4F77EF983229200A35807001B18A35081
:10BF0000AAE629004046FDF761F84246AB00D65844
:10BF10002149301CF4F708FB002806D00199301C99
:10BF2000F4F7EEFA002800D001960135E5E6128814
:10BF30001A60F1E601360C32032E15DC5378002B23
:10BF4000F8D0202113780B42F4D0D378BB42F1D142
:10BF50004B467343114A69008A5AE318B4333000E0
:10BF60001A80FCF7FDFE013601350D4B054A1B8892
:10BF7000AB4217DD4B467343B033D218DCE7C04603
:10BF8000000D0020481D00200000404000007041CE
:10BF9000C0040020FFFFFF3F00002EC3740E0020EE
:10BFA000420E00204D4675435519032E00DC13E167
:10BFB000D04B9C46E044013F00D38EE6A77C012F86
:10BFC00000D120E1CC4B1B78002B00D15FE1CA4BA4
:10BFD0001B78002B00D0A0E0A37C012B3FD80222CD
:10BFE000637D134000D1EFE1C44B1A6891235B00DD
:10BFF0005343C34A12689B18C24A9B009D58FBF7E3
:10C00000FDF8011C281CF4F75FFFA16FF4F7B8FAE4
:10C01000F5F734F9237D0500032B07D90300002130
:10C0200008002C3300DA0120FBF75EFCB64B1B78CE
:10C03000002B10D0B54B1A78002A00D1BAE10022AB
:10C04000283500DABEE119780120002901D010213D
:10C050000020FBF749FCA84B1B78002B5DD1A37C8B
:10C06000012B5AD82379002B57D05B46186801F072
:10C07000DDFE616F061CF4F71DFC237D051C032B00
:10C0800000D8AAE1236FA249181C9846F4F74CFA8D
:10C09000A04F002812D08021281CC905F4F730FADF
:10C0A0000523002809D18121281CC905F4F728FAA5
:10C0B000002800D18BE13B7801333B703B78042BA7
:10C0C0000BD895494046F4F71BFA002825D0934930
:10C0D000281CF4F729FA00281FD08D49301CF4F7EA
:10C0E0000FFA002800D074E18B49301CF4F71CFAD9
:10C0F000002800D06FE1311C4046F4F7FBF900281E
:10C100000BD18649301CF4F7D5FBFDF7E7FC8349DA
:10C11000606FF4F7A7FDFDF761FC631DDD7F012D66
:10C1200000D0D3E12600B4360022B35E0A2B40DDF6
:10C130000C2398463088FCF7FDFC01006F1C28009A
:10C14000BA007943FCF77EFE43467B43A533E054B7
:10C150003D00042FEED1631DDB7F062B29D1258FF7
:10C16000668FB54225D22800F5F7A8F86C49F4F798
:10C1700079FD071C3000F5F7A1F8011C381CF4F715
:10C1800099FB011C6748F4F79FFE011CF4F7F8F9CE
:10C19000F5F774F80123644A637313702B005A4651
:10C1A00023331168FF33574A9B000135A08799500C
:10C1B000258780230D9A1B0113835C4A0125137880
:10C1C000002B01D1FFF747FB343421780B43237058
:10C1D00000231370FFF73FFB2B00B1331B78002BBC
:10C1E0000ED02B002022B0331B78134208D02B0036
:10C1F000B3331B78BB4203D100213000FCF7AEFF04
:10C2000001360C35D1E6A379002B00D1DAE6230004
:10C21000903319684648F3F7EBFF032800D8D1E6BE
:10C22000638FB9461B1A0293364B80001E18434297
:10C230009846BA46029B4B4501DC5746C2E6434648
:10C24000F3185D683B49281CF4F76EF9002819D0F3
:10C250003949281CF4F738FE7768011C381CF4F7BC
:10C260004FF900280ED03568381C291CF4F75CF90A
:10C27000002805D1B168281CF4F742F9002801D044
:10C280007560B56001239C460436E144D2E7002F77
:10C2900000D0A1E66379002B00D19DE623002A336C
:10C2A0001F70174B1A68002A22D0144B196891236B
:10C2B0005B004B439B18134A9B009D58FAF79EFF67
:10C2C000011C281CF4F700FEF4F7D8FFF4F7F6FF82
:10C2D000A16FF4F755F9F4F7D1FF030019332FDA02
:10C2E00000253C22A35EAB4232DD193005002FE071
:10C2F0001248EDE778FBFFFF640E0020381C002099
:10C30000301C00207C0E00203C0E0020CC1F0020A2
:10C31000CCBC8C2B700E0020003C1C460000204141
:10C320000000F0410000E841B00400204A0E002067
:10C3300050981C000000A0C20000C8410000C8C204
:10C3400003000025193303D03C22A35E3B2BCCDD38
:10C35000F9F7D6FAD44E3368C01AD44B984200D8B5
:10C3600035E66B1D0A2B00D831E6A38F6D005D19F1
:10C370002DB2A587002D01DA0023A3873C22A35EFE
:10C380003C2B01DD3C23A387F9F7BAFA3060FAF7BA
:10C3900035FFF4F773FF4000C0B209F05FF90423E2
:10C3A000C34A11880B4313800022C24B1A80FBF74B
:10C3B00081F90CE6079A142A00DC44E6283500DAF5
:10C3C00041E601221A703EE6BB4A137043E638701C
:10C3D00074E6BA4E8FE6BA4E8DE6019801F026FD5E
:10C3E000676F391CF4F766FA236F391C8046181CF6
:10C3F0009946F4F75FFAB349061CF4F765FD291C6A
:10C40000F4F792F800280FD1311C4046F4F78CF86D
:10C41000002809D18021301CC905F4F7B1F8291C86
:10C42000F4F76EF800281FD04146281CF4F74CFDA5
:10C430008221C905F4F764F800280CD0A2494046CF
:10C44000F4F79EF8FE218905F4F79AF809F0D2F97D
:10C45000011C381C5DE6281C09F0CCF9FE21890579
:10C46000F4F78EF8391C54E6FC21301C8905F4F7EA
:10C470002BFD291CF4F744F8002808D19249301C00
:10C48000F4F722FD4146F4F73BF8002804D0494672
:10C49000381CF4F775F83EE68C49301CF4F714FDAF
:10C4A0004146F4F741F8002800D136E6FF21301C60
:10C4B0008905F4F709FD291CF4F736F8002800D1A6
:10C4C0002BE6391C4846F4F7FFFC24E6022D33D155
:10C4D0002300B43300255D5F0A2D00DC69E62300EC
:10C4E000C03300229B5E0A2B00DC62E619009D42ED
:10C4F00001DC29001D0009B20020FCF71BFE29B257
:10C500000120FCF717FE2300B8331E682300C43354
:10C510001D687100491B0A220220FCF793FC2300CE
:10C520006D00C9331870A91B0A220320FCF78AFC8E
:10C530002300D53318700EE6032D14D12300B43335
:10C5400000229B5E0A2B00DC33E6A17C9BB24A1ED4
:10C5500091415F4A494211404831591809B20120BE
:10C56000FCF7E8FDF7E5052D07D02B000822083B76
:10C570009343DBB2002B00D0D5E02300B43300227C
:10C580009B5E9A460A2B00DCCDE0668FA946B60872
:10C59000730098464F4FB04446454ADB4D46102D38
:10C5A00054D14D4B381C1968F3F7EAFF4B4B002769
:10C5B0009846061CBA450CDD42467D1CAB00D0589F
:10C5C000311CF3F79DFF00284BD139B20130FCF745
:10C5D000B1FD2300B43300229B5EB0469A463F4B28
:10C5E000658F9946013DAA450CDA4A466E1EB30096
:10C5F000D0584146F3F784FF002834D129B20230E5
:10C60000FCF798FD7A19D30F9B185B10DA1BD60F35
:10C61000EB1AB618DA0FD3185B107610ED1AF6196C
:10C62000AF1B3B000B3B582B64D92D4B2D4A1A6096
:10C6300091E52A4AB300D558391C281CF3F774FF3A
:10C64000002800D13D1C01362F1CA5E7264B1B7886
:10C65000002B04D02549381CF4F736FCA6E7244902
:10C66000F9E72F00A6E73500BDE75246AB00D158E9
:10C67000F3F786FF01354545F7DD8146781CF4F771
:10C680001DFE4546011C80464846F4F713F9134B3E
:10C69000824600279946AE4235DD4146381CF4F704
:10C6A00009F90F4B186056E5D81F0020102700002D
:10C6B000541C002042050020CC1F0020CCBC8C2B39
:10C6C000003C1C4600002041CDCC0C419A992141F0
:10C6D00070FF0000000048C32C2B00207C0E0020BF
:10C6E0004C0E0020000080BF640E00200000C040FF
:10C6F00000004040002399465C4B48469A462B0078
:10C7000035009846B7E74A46B300D0585146F4F78B
:10C71000DBFB011CF4F7A6FA011C381CF3F730FF11
:10C720000136071CB7E7072D2AD1637D053D2B4253
:10C7300000D13EE54E4B1A6891235B0053434D4AAE
:10C7400012689B18AB40494A9E58FAF757FD011CE6
:10C75000301CF4F7B9FBA16FF3F712FFF4F78EFD6D
:10C760000300133304DB6575A575FBF7DDF8F2E410
:10C7700003232D3002DA6375A375F6E76575FBE7D1
:10C780000E2D00D9E7E43C4BEB4001259D4300D042
:10C79000E1E40320FCF7A2FE0321F3F729FD029058
:10C7A000237DA84601930623237500239A46334F21
:10C7B00053463B60608F0321F3F71AFD454686B26E
:10C7C0007543AD00A9460025284B9944B5422BDBA3
:10C7D0000298F4F7BDFD2A4B051C1888F4F7B8FD44
:10C7E0002849F4F73FFA011C281CF4F763F839686C
:10C7F000F4F738FA051C3000F4F760FD011C281C22
:10C80000F4F758F801C701F055FB43469A001E4B58
:10C81000D05001239C46E0444346032BC8D16A46CE
:10C820001A4B12791A7596E44A46AB00D05801F0BB
:10C83000FDFA011C3868F3F7A3FE01353860C5E73F
:10C84000029B002B01D0FFF786F8FFF7B1F8002319
:10C85000019304F035F8002801D0FEF766FF04F0DC
:10C8600025FF43424341FEF761FFC0467C0E002096
:10C87000381C0020301C0020106C0000300E0020FE
:10C88000FC0C00200000C842240E0020481D00209F
:10C89000F8B5CE46474680B50400F9F739F81420BC
:10C8A00060432C4B2C4CC35C2C4F0020092B4ED1E9
:10C8B000FEF702FF002332269846658FB54207DD5A
:10C8C000B3004046F958F3F75BFE01368046F5E7C2
:10C8D00028003238F4F7F2FC011C4046F3F7EAFF77
:10C8E0000021F3F74DFE81460020FEF7E5FE002310
:10C8F00032269846658FB54221DC28003238F4F79D
:10C90000DDFC011C4046F3F7D5FF4946F3F738FE3E
:10C91000FC218905F4F7A6F9114B18600223343481
:10C92000227838001343237001F0C6FB03230D4A1D
:10C9300011880B4313800CBC90469946F8BDB30098
:10C940004046F958F3F71CFE01368046D3E7FEF760
:10C95000B3FEE3E72C760108481D00207C0E002082
:10C96000341C0020541C0020F0B54646D6464F46E5
:10C97000204BC0B5204F8600F351002398460A2370
:10C98000002401259A461D4BA200D058FAF78AFCD4
:10C9900052461B4B1720DA86FFF77AFF172000F06C
:10C9A00037F8621C174B9146002C03D11B6814000A
:10C9B0009846E8E741461868F4F786FA1249041CDD
:10C9C000F3F7A8FD002813D1FF21201C8905F3F7F8
:10C9D000B5FD00280CD14C46072CD4D1012D01D136
:10C9E0000A4BBB5128001CBC90469946A246F0BD9C
:10C9F0000225F0E74C780108E01F0020946101084F
:10CA0000481D0020341C00200000C0BFC96F010871
:10CA1000F8B514231A0057464E464546DE464243B3
:10CA2000E0B5504E0400975D82009046092F00D972
:10CA30007FE03800F3F7C8FB195F586619057D6A77
:10CA4000736E6343F318DD680021281CF3F752FD71
:10CA5000002807D0444B00211D68281CF3F74AFD2D
:10CA6000002802D1281CFAF78BFD40492000FBF773
:10CA700055FE3D4B05009A4601282BD13C4B6421C5
:10CA80005D8F9B4614236343F31802229B5E494249
:10CA9000180068439946F3F735FC6D0842190021E8
:10CAA0002000FBF7CFFE050001280FD15B4648466A
:10CAB0005D8F64216843F3F725FC690841182A005B
:10CAC0002000FBF7BFFE050001282CD04146294B72
:10CAD000294A5A500023524613600122274B1A60FC
:10CAE0002EE00023524623E02000FBF791FF0500D3
:10CAF0000128F2D11DE01E4B00215A8F2000FBF7C8
:10CB0000A1FEF4E72000FBF7F1FEF0E72000FFF7BD
:10CB10002BFFECE74146174B194A5A5009E0200019
:10CB2000FBF760FFE3E7042FDBD15246154B1B6890
:10CB30001360142301345C43335D0125062BCCD0F4
:10CB40004246114B01209D502423104A11880B436B
:10CB5000138002F0ABFB28003CBC90469946A246ED
:10CB6000AB46F8BD2C760108A8200020000020412B
:10CB7000481D0020E01F00201C780108AC20002088
:10CB8000C96F0108341C002044200020541C0020E0
:10CB9000F0B50023D6464F464646744CC0B5744D9A
:10CBA000A367002800D0D7E0724A2B689046002B7C
:10CBB00038D0714B1A68142353434246D35C062B7A
:10CBC00000D196E086239B00E21813685268134355
:10CBD00000D08EE0012300272B6007F03FFBB84216
:10CBE00000D18CE0644A136801331360142253436C
:10CBF0004246D35C062B06D086239B00E2181368BE
:10CC00005268134349D0002F00D08AE0152007F066
:10CC100059FDCA223221594807F018FED722322185
:10CC2000574864E0237F002B01D002F0FDFD002077
:10CC3000FCF7EAFF01230021524A08001370524A10
:10CC40000527137005F004FF0023504A1800914691
:10CC50004F4A504E92463A005A43944642466146E5
:10CC6000525C062A06D04A465146985199500433E0
:10CC7000602BF0D10121484B0027196086239B00CF
:10CC8000E3181B683C4A1360BB4206D002DA0F006F
:10CC90005B4213601368013B1360374E3068FDF749
:10CCA00013F93068FFF7F4FD336818009946FFF771
:10CCB000AFFE384B9A464B4652469B00985033681D
:10CCC0009946022B20D1354B35491868F3F718FCEB
:10CCD000002819D00C231420336007F0F3FC8C22B9
:10CCE0001E21304807F0B2FDD22200212E4807F065
:10CCF000ADFD01232B6007F0B1FA002811D11CBC57
:10CD000090469946A246F0BD4B4652469B00D358EA
:10CD1000012B00D166E7002F00D15BE70022234BF7
:10CD20001A600122224B1A70862292009446002338
:10CD3000644406CC2B600A431C009A4201D107F0E0
:10CD40008FFC104B00201C700F4B1C70FCF75CFF1D
:10CD500001204042F9F7BCFE00230F4A2B6013600C
:10CD6000084A13700122124B1A70C8E7481D0020B0
:10CD7000AC2000202C760108A4200020337001088C
:10CD800020620108640E0020610E0020E01F0020D8
:10CD9000C96F010844200020C81F0020341C002057
:10CDA000000070C2EF6F0108047001082C1C002005
:10CDB000D4040020F8B54546DE4657464E46E0B559
:10CDC000564D6F8FFBF768FE0023554C23700A33D6
:10CDD0009946FA239B0098462378012B6ED90223AB
:10CDE0000022EB744F4B01211A70B4234E4A5B00B2
:10CDF000D15407F007FF152007F064FCDC2228213E
:10CE00004A4822E04A4A136006210020FAF7F0FC63
:10CE10000D20FFF73DFD0D20FFF7FAFDFBF748FE63
:10CE20002378002B31D1434B43491868F3F768FB53
:10CE300000282AD0142007F045FCC8221E213F48B4
:10CE400007F004FDDC221E213D48002407F0FEFC13
:10CE5000F02228213B4807F0F9FC07F0F9F907F028
:10CE6000FFFB3800FCF7EAFB374B20001C70FCF797
:10CE7000CBFE01204042F9F72BFE344B1C603CBC3A
:10CE800090469946A246AB46F8BD314B1B78002B25
:10CE900012D13048FAF774FB8346FBF709FE40468F
:10CEA000F5F752FF2C495846F3F73EFB00282BD1EB
:10CEB0000136022E2EDC03E02848EBE70026B246BE
:10CEC0000020FCF7A1FE0020F9F702FE2448FAF743
:10CED000E9F924490220FCF7C7FB23490320FCF7AA
:10CEE000C3FB4B462278EB86204BAB65D3B2002BBD
:10CEF00000D187E7012B00D086E72B002A331A7078
:10CF000052460B4B1A607FE719495846F3F7F8FA77
:10CF10000028CDD02378013323705DE7481D002021
:10CF2000230E0020620E00202C030020E661010881
:10CF3000500E0020341C0020000070C2B0610108B7
:10CF4000C761010820620108640E0020AC200020A7
:10CF5000600E00200000C8C1CDCC4CBE9A99D1C152
:10CF60000000204180C3C901404B4C00B80B0000B9
:10CF7000CDCC4C3EF0B5DE464E4645465746E0B574
:10CF8000040083B000200E00FCF7A8FA0120FCF793
:10CF9000A5FA5B4D6B8F9B46002C3BD0A31E022B4A
:10CFA00009D95848F9F77CF803B03CBC904699463B
:10CFB000A246AB46F0BD3068F9F744F98046706888
:10CFC000F9F740F907005048B8450AD8022C0CD0B0
:10CFD000B068F8F7C1FC2223421EFF339A4203D9FE
:10CFE0004A48F8F729FEDFE768874246698F484BD1
:10CFF00001391A60474B89B21980B81AF3F77EF9E4
:10D00000454B01221860454B19602B009033186086
:10D01000434B1A700127F8F77BFC3800AF72FEF71C
:10D020004BFB0023AB72042C02D05B466B87BBE743
:10D030003C4B1C78E4B2002CF7D1F068F9F702F908
:10D0400083B2002BF1D083B298463B4099464246CA
:10D0500002231A4092464EE04B46002B06D0A0B267
:10D06000FBF768FD01003048F8F7E6FD5346002B5A
:10D070000FD02E4AA300D05800F0D8FEF5F7B8FA2A
:10D080000026002702000B00009601972848F8F7B9
:10D09000D3FD43465B0713D59122D2009446A300EB
:10D0A000224A6344D05800F0C1FEF5F7A1FA02000D
:10D0B0000B0000200021009001911D48F8F7BCFDF5
:10D0C00043461B0713D5912212019446A300174A29
:10D0D0006344D05800F0AAFEF5F78AFA02000B006C
:10D0E00000200021009001911148F8F7A5FD11489A
:10D0F000F8F7A2FD01346B8FA342ADD895E7C04687
:10D10000481D0020F36701082468010841680108F0
:10D11000F80C0020EC0C0020F00C0020F40C002097
:10D12000B0040020A62A0020626801087C0E0020BE
:10D1300066680108236A0108F0B5DE464E4645469A
:10D140005746374BE0B51E68364B013E1D68364BDF
:10D1500083B018683100401BF3F7D0F8334F834693
:10D160003B00A0331B680091ED1A730898463B0002
:10D1700090331A6818602E4B7B211868019203685F
:10D180009B68984701222B4B1A70002399462B006D
:10D190004546B0461E00284B1878C0B200282CD156
:10D1A000030032004946FDF785FCBC22234B5200A8
:10D1B0009C5E1F4B64019A46241818687821036806
:10D1C0009B68984753461868E1B2036824129B682D
:10D1D000984753461868E1B203689B689847009BDC
:10D1E0009C466544A84502D843460136ED1A012302
:10D1F0009C46E1445E44C845CDD20D4B7D21186864
:10D20000903703689B6898470022019B3B600C4B5A
:10D210001A7003B03CBC90469946A246AB46F0BD9E
:10D22000C8040020540E0020580E0020481D002085
:10D23000BC1F0020B0040020A62A00202C030020E0
:10D24000D4040020F0B557464546DE464E4603005E
:10D25000E0B5023B95B082460D00022B09D96B4820
:10D26000F8F71EFF15B03CBC90469946A246AB4667
:10D27000F0BD0868F8F7E6FF81466868F8F7E2FF56
:10D280008046814503D96248F8F7D6FCEAE7534661
:10D29000604F00247E8F022B0BD0A868F8F75CFB50
:10D2A000534606000024042B03D1E868F8F754FB2A
:10D2B000C4B23B7F002B01D002F0B6FA90373B6836
:10D2C0004A46019343463100981AF2F791FFF4F76A
:10D2D0003FF88246F3F73CF9012338600220984674
:10D2E0002340044003930294002542464A4B280001
:10D2F0001D704A4B01241A7007F0F0F991220123A6
:10D300005200E7211E2007F0A7F80F2007F0E6F9EA
:10D310007B222F0004AB1A70B54218D02800F4F716
:10D3200017F85146F3F79EFCF3F712F900230200B9
:10D3300029004A441800FDF7BDFBBC23384A5B00B6
:10D34000D35E354A5B0112781B18002A21D07D2359
:10D3500004AA1355334B621C186804A903681B68A0
:10D360009847029B002B4BD1002007F0B7F9912280
:10D3700001235200E7211E2007F06EF8254B019A89
:10D3800090331A600122254B1A700022264B1A8016
:10D3900068E7244A1068254A904206D19022D200BC
:10D3A000825812681278042AD1D1782204A90A5529
:10D3B00004AA9446210061444B7061461B12A21CD2
:10D3C0008B54039B0334002B01D13B2C05DD0368F8
:10D3D00022001B6804A9984700242420FF306843DA
:10D3E0003100F2F705FF8346C21B082A06DD38002C
:10D3F00043461E30E72107F02FF85F4601358BE7E3
:10D40000054B1B78002B00D16EE7ADE76D68010876
:10D4100024680108481D0020A62A0020B00400202E
:10D420002C030020BC1F0020541C002038080020C2
:10D4300030B585B0A24B9B69A24A9A61A24B1B886A
:10D440009A009B185A00A14B1A8006F0E5FE02F0E4
:10D45000F5F90DE19E4B94229A58009298229A5821
:10D4600001925B79002B24D000236A461372984CFA
:10D47000A16F081CF3F784F8F3F700FF6B461873ED
:10D480002379002B02D1237D002B19D000236A467B
:10D4900053728F4B9B6D002B1CD16A4693728C4B41
:10D4A0009B7C6A46D3720023D37355210F226B46AF
:10D4B0001AE0874B3C229B5E01336A461372D6E723
:10D4C000834B186F8349F3F75BF8F3F741F86B462A
:10D4D0005872DEE7804B1B7801336A469372DEE7B1
:10D4E0001A78514002000133501E002AF8D16B46D1
:10D4F000D9730424794A04E0186810600C000432DF
:10D500000433611E002CF7D1714A2823D35C002B11
:10D510000AD013002B2299564A00521890001B186B
:10D52000B1331B78012B0CD00120FEF7C5F86C4BF2
:10D5300018706C4B1B88012B1CD9013B694A138066
:10D5400026E0634D2B18B4331888FBF7F3FA02007A
:10D55000002300210020FDF7ADFAAB7C012B07D0A2
:10D56000032B03D0200007F039FF11E00134F9E765
:10D570000124F7E75C4A137802218B43137007E01C
:10D58000534A3023D05CFFF703FB554B01221A703E
:10D59000564B1B68002B3AD0554B00221A7010E0F6
:10D5A000FFF7CAFDF4E7FFF705FC4F4B01221A70A5
:10D5B000EEE75048F8F740FB11E04C4B1B68002B9E
:10D5C00016D04A4C23684C494C4A10880138043123
:10D5D000984700232360464B1B78002BE9D0484B2B
:10D5E0001B78002BE9D100214648F5F7C9FBE4E799
:10D5F000454B1B78002B0AD0354B9B7C023BDBB2A2
:10D60000012B43D9414A138826210B431380364B03
:10D610001B781A073DD5324B1B78002B21D03C4B91
:10D620001B78002B07D02A493422885C03438B5493
:10D63000374B00221A70374800F03EFD334A1388FA
:10D6400011210B431380344B1B7B002B09D0204A44
:10D650002B23D4562000FAF71DFF431C01D0631C76
:10D6600023D11F4B1878431E9841C0B201F01EFE13
:10D670001D4B1B789A0700D0ECE61A0700D57FE710
:10D68000DA068DD45B078ED430BF81E704F0EAFA66
:10D69000BDE7154C802252421343237006F02EF949
:10D6A00022787F2313402370B5E701B22000FBF7F7
:10D6B00055FD164A138808210B431380D1E7C04655
:10D6C000700600204C610108DE0400206024002068
:10D6D000481D002000000C43623B00205028004001
:10D6E0003D0E0020D6040020D4040020841F00201A
:10D6F000A62A002046700108701F0020B81F0020D5
:10D70000622A0020C01F0020B0040020541C00200A
:10D710004A0E00207C0E00202C2B002030B589B052
:10D72000F5F786FBA64CA7492000F5F78DFE5021A2
:10D730002000F5F79FFEF5F77BF8A34B1B698022CD
:10D74000520113405A425341A04A13709023DB0503
:10D750001B699B0606D59C4B1B69DB0400D58FE03B
:10D76000012400E00124984B802292001A839848FB
:10D77000F5F7EAFA06F048FEF8F766F9F7F7C6FF9C
:10D78000944B1968944A0A431A6000229A6006F082
:10D7900071FF8B4D8B492800F5F756FE502128006C
:10D7A000F5F768FE002C04D08C4ABA235B008C4944
:10D7B000D15003F087F8041E64D0884B5822002112
:10D7C00099521532FF3299546C22FF3299547022CB
:10D7D000FF32985C431E9841C0B206F087FE002CD1
:10D7E00004D1002007F0BAFA431C01D1FCF728FB52
:10D7F000FCF7EEFF91204000FBF720FFFAF77AFAE2
:10D8000001F0CAFE0120FCF74FFB76490120FBF72F
:10D810002BFF0020FDF750FFFA208000F5F794FA67
:10D820000020FCF741FB70490120FBF71DFF0020A1
:10D83000FDF742FF002C04D1002007F08FFA431CB3
:10D8400001D1FCF7FDFA04F0C7FC002C05D1634AB6
:10D85000B5235B00D35C1B0727D501204042F9F7B5
:10D8600037F95E4A5423D25A5A4B5A61EC210023AD
:10D8700000935E4B7F2289005D48F5F725FA94E01E
:10D88000002470E707F0E6F9002896D0F8F792F93F
:10D8900093E719681160010004320433481E00291F
:10D8A000F7D155230F3104AA07E0042104AA514BF4
:10D8B000F4E711784B4001000132481E0029F8D1ED
:10D8C00004AAD27B9A42C8D104AB1B7B5BB2D80FAF
:10D8D000C0184010F3F7F2FCFAF746F80499002953
:10D8E00002D1059B002BB8D004ABDB7A012B1BD8EF
:10D8F0000020FBF7B9FE05990120FBF7B5FE04AB4C
:10D90000187A002821D1F9F76BFB04AB5B7A002B66
:10D9100025D10120F9F77AFB04AB987A002829D1A8
:10D92000354B00229A6598E7059B03939C4661441A
:10D9300049080420FBF798FE0599049BC91A0320A7
:10D94000FBF792FE04F0ACF9D9E70138F3F7B6FC27
:10D95000FC218905F3F786F9F9F7A4FCD5E7002047
:10D96000F9F754FB04AB587A8C38F3F7A7FCFCF7B3
:10D97000C7FCD1E7013807F0A5FBFAF79DFB6CE780
:10D98000FA20C000F5F7E0F9F8F74CF8002809D0C4
:10D9900030211A48F8F728FB0028F1D01748FCF787
:10D9A000E3FFF1E71648F5F7CFF9F8F73BF8002861
:10D9B000F8D01448F8F740F91348F8F73DF9E7E7CD
:10D9C0000C070020686F010800040048600E00206A
:10D9D0008813000000740040010001002C030020A7
:10D9E0000000A0C080C3C90100093D0031D4000877
:10D9F000B020002050280040481D0020881F002033
:10DA000010270000B46F010846700108002006F0DE
:10DA100065FE012006F056FE78221E21014806F020
:10DA2000EDFEFEE7786F010810B5EFF30980FFF710
:10DA3000EDFFC046F0B5DE4657464E464546E0B5DA
:10DA4000454B83B01E88824630008B460192F3F727
:10DA500035FC424C2300A8331968F2F72BFF230052
:10DA6000071C207DAC331B6806281FD8F2F7ACFBDF
:10DA70003204251E272B2E003949FE240025A4053B
:10DA8000181CF3F721FA391CF3F7ECF8FC2189058F
:10DA9000F2F776FD391C8146201CF3F7E3F80A27DC
:10DAA000804677430026019B9E4218DB03B03CBCB6
:10DAB00090469946A246AB46F0BD2A49DDE70021D3
:10DAC000294C2A4DDCE70021294CFAE70021294C9A
:10DAD000294DD5E70021FE240D1CA405D0E75A46A8
:10DAE000B3000021281CD458F2F704FD00281FD1F0
:10DAF000211C281CF3F7B6F82049F3F7B3F8F3F725
:10DB0000BDFBFE239B059C461D4B60449C46C411F7
:10DB10001C4AA4B262431C4B921362449C4662436B
:10DB20001A4B921362449C465443E41264442418F2
:10DB30004146201CF3F796F8011C4846F3F7C4F958
:10DB4000F3F79CFBB84200DD3800C343DB171840F5
:10DB5000534698550136A6E7DE040020481D0020F4
:10DB600074F53B42BAFAD5422DF9643EE3C8EB3D69
:10DB700058E2213F6F12833AE3C86B3E3BAA384B11
:10DB8000E9390000FD0400007BC8FEFF8EFDFFFFA9
:10DB9000F0B5C64600B5104C257812246C434D00F4
:10DBA00065190E4C64190125A846994202DD04BC92
:10DBB0009046F0BD07290DD901310234F5E74646FC
:10DBC000AE40B4466746268801353E4326809542DE
:10DBD000F5DDF1E70500FAE7622400208424002047
:10DBE000002310B5092219001800FFF7D1FF10BD5E
:10DBF000F0B5DE4657464E464546E0B583B00C9C30
:10DC00000094544284422EDA1A4C002624685B1891
:10DC1000A1460724A046184C0193A446019B9942B3
:10DC200021DA4C01241864004C44002517E04346D7
:10DC30001D4203D1009B1E780133009373B2002B69
:10DC40000ADA1F2908D843191F2B05D863461B88F9
:10DC50009B465F466B00E75276000135F6B2AA425A
:10DC6000E5DC0131DAE703B03CBC90469946A246B8
:10DC7000AB46F0BDE40400205C2B0020F7B50500A6
:10DC80000423C05E1F2813DC0A0007230824163A69
:10DC90005A43084FBE5CD2191E40A41BA4B2009286
:10DCA0000626A95F2200FFF7A3FFAB88E418AC802B
:10DCB0000020FEBD28A30108F7B505000423C05EBF
:10DCC0001F2814DC0A000B230726163A5A43094F73
:10DCD000BC5CD21926400824A41BA4B200920626DC
:10DCE000A95F2200FFF784FFAB88E418AC80002016
:10DCF000FEBDC046B0B20108F8B50C234343CE4682
:10DD00004746234A80B5D31819003432B331040092
:10DD1000087811780141CA0735D5B4330021595E1E
:10DD20001C4B4A00D65A91231F275B0058431A4BBD
:10DD30001B185D5C6A1ED3173B400A3D9B18F21C02
:10DD4000033EE917F01739403840491980195B1133
:10DD5000521149114011FFF71BFF104B104F98460D
:10DD60006300994643464A46395DD05A0B00821DEE
:10DD700009335B11521149094009FFF709FF434676
:10DD80004A463D55D6520CBC90469946F8BDC04611
:10DD9000481D0020B8240020FC260020AC240020D0
:10DDA000B424002070B580B2FAF7C4FE0E4A1121E7
:10DDB000944600220D4B0E4CA4331B686344181884
:10DDC00053185B10DD0066197668864204D25A1C2F
:10DDD0008A42F5DD002070BD2959814201D9591EC2
:10DDE000F6E70120F7E7C046001F0AFA481D0020A9
:10DDF000CC790108FE235B059C4670B54410644451
:10DE0000211C051CF2F756FD211CF2F7B9FBFA2183
:10DE10008905041CF2F726FF211C061C281CF2F7BA
:10DE200049FD011C301CF2F7ABFB70BD10B5194A5F
:10DE3000031C107D0138052809D8F2F7C5F9030A3B
:10DE4000080C16201449181CF2F79AFB031C181C26
:10DE500010BD1249F7E71249181CF2F703FF07F04B
:10DE60000DFC1049F2F7FEFEF0E70D49181CF2F721
:10DE7000F9FE07F003FC0C49F2F7F4FEF1E70B4959
:10DE8000181CF2F7EFFE07F0F9FB0949F2F712FD53
:10DE9000DCE7C046481D002074F53B42BAFAD54283
:10DEA000E3C8EB3D2DF9643EF4FD3440E3C86B3E1E
:10DEB00000007A4410B5184A031C107D013805286B
:10DEC00009D8F2F781F9030A080C191F1349181C25
:10DED000F2F7FAFF031C181C10BD1149F7E71149AE
:10DEE000181CF2F7E7FC07F0CFFC0F49F2F7BAFE77
:10DEF0000E49F2F745FBEDE70D49181CF2F7DAFC85
:10DF00000849EEE70B49181CF2F7ACFE07F0BCFC21
:10DF10000949F2F7A7FEDDE7481D002074F53B42F2
:10DF2000BAFAD5423046E24067F90A410000F041B2
:10DF3000F4FD344000007A4467F98A40F8B50C25B6
:10DF400045432E4C912665192B00B3331B78F60000
:10DF50005E432B4B4746F6182B00CE46B4330022C7
:10DF60009B5E80B59B0080469859FFF75FFFB035F8
:10DF70002B78071CDA0617D5227D91465B0701D561
:10DF80000623237500250027608FA8422ADCF3F7BB
:10DF900095F9011C381CF2F78DFCFFF78BFF4B46FF
:10DFA0002375FFF743FF071C43460C2058432418F2
:10DFB000B03423785B0710D5124B1888F3F77EF93D
:10DFC0001149F2F74FFE07F05FFC1049F2F74AFEE5
:10DFD000011C381CF2F778FF071C381C0CBC90465B
:10DFE0009946F8BDAB00F058FFF720FF011C381C24
:10DFF000F2F7C6FA0135071CC6E7C046481D0020E7
:10E000007C0E0020FC0C00200000C84267F98A400A
:10E0100070B500240C26084D33006343B133EB5C2C
:10E02000002B02D02000FFF767FE0134042CF3D14F
:10E03000FFF7D6FD70BDC046481D002030B5084C26
:10E040004D002C5B121B91246400444305480019C9
:10E05000405C1B1A1BB210B25B434043C01830BD7A
:10E06000B8240020FC260020F0B54F464646D64690
:10E07000C0B5104B00245B8F0FB29A46C8235B00DB
:10E080009946923BFF3B984606B255B2A24505DC45
:10E0900040461CBC90469946A246F0BDA1B23B004A
:10E0A00032002800FFF7CAFF814501DD8146A04606
:10E0B0000134EBE7481D0020F0B557464546DE46E3
:10E0C0004E46E0B55E4B5F4D1A886C8F87B00700F7
:10E0D000A2424AD10123994691239126DB000024D4
:10E0E000984676002B0034331B784A46234113426E
:10E0F00009D04146300061436043534B6A8F791821
:10E10000C018FFF797FC0134032CEBD14F4B0026CE
:10E110001A78122353434E4AB146D31800932B006A
:10E1200034331B7802934B4B1B885B09019301230B
:10E130001A00019998468A4012B203926A8F04929B
:10E140004B46029A1A4143461A402AD101239C4663
:10E15000E1444B46032BF3D1FFF75AFF07B03CBC19
:10E1600090469946A246AB46F0BD1C80013CA4B245
:10E1700063089B46374B00269A4691235B009946DD
:10E1800080462700BE4201DD4746A3E7484670436C
:10E1900039005844F2F7B6F8740054442080013630
:10E1A000F0E7912349465B004B43274900988C4692
:10E1B0009C44634682461B78039C5B09590051448A
:10E1C00092460888204308800199049A9245BDDA56
:10E1D000524620485200805A54466246145D400917
:10E1E0006409884207D10A009C4209D10122934662
:10E1F0000100DA44E9E70200884201DB0A0001007D
:10E2000026009C4201DB1E002300009F7500BB46D8
:10E210005D449B465E450FDD2300E7E7404698409E
:10E22000020028880133104328808B42F6DD380035
:10E23000059A01360235EDE7130007000592F4E771
:10E24000A8240020481D0020FC2600206224002075
:10E2500084240020B82400200CB4F0B589B0070055
:10E260000C000E9D1F2805DD002009B0F0BC08BC85
:10E2700002B0184704AE00211022300007F026FC3F
:10E280002B7802A802968780C480691C012B09D0D4
:10E29000022B00D10D000B342A2CE5D8064B2900A7
:10E2A000B36004E00734262CDED8044BB3600FAA19
:10E2B0000192F6F7D3FFD8E7B9DC00087DDC00084F
:10E2C000F0B5DE4657464E4645460023E0B5A1B0C0
:10E2D00019900B93BA4B0B9A1B881F335B11934217
:10E2E00017DC199B002B0BD00120B64B00211A78AC
:10E2F0005040122218705043B34B181807F0E6FB39
:10E3000006F02AF921B03CBC90469946A246AB469D
:10E31000F0BD0B9B5A00AC4B9918498AD35A19434C
:10E320000E9100D18DE20B9B5B010A935B4202339D
:10E33000189300230C930E9BDB0700D477E20C9B11
:10E340005B010793A14B079A1B889B1A08931F2B0D
:10E3500001DD202308939A4B0A9A1B889B1A099384
:10E360001F2B01DD00F083FE089B002B00DC5EE22A
:10E37000099B002B00DC5AE206F0E0F8944B186091
:10E38000099B9900934B1C8922042243013900D335
:10E3900007E1914A3432147807221440621E9441F6
:10E3A0008E4A64421440B32252009A5A002A17D06F
:10E3B00000251F8F864E079BE818FFF7F3FC002807
:10E3C0000AD033686A009C46002362449901575280
:10E3D000099901338B42F9DB089B0135AB42EADC3A
:10E3E000002C4CD07B4B00249B8998467C4B002210
:10E3F0009B5E9A46764B1D687A4B2E000027DF5FA6
:10E40000079B9C4691235B0099466744079BE31852
:10E41000002B0AD04B4507D00A23381958435146E0
:10E42000F2F756F8092908DC002341469A01B15257
:10E43000099A02339342F9DB8846089B013402367D
:10E44000A342E3DC91260A9C674F760039882000BE
:10E45000F2F73EF800290BD14246079BCB18B34296
:10E4600001DC4B00EA52089B02318B42F5DC9046FE
:10E470000A9B099A01344035E31A9342E6DB564B76
:10E480000533DB7F0A2B01D0042B19D1514B1C8C97
:10E490004F4B1868079B602B01D0C12B0AD100217C
:10E4A000079A9A1A520082188D015453099D01311E
:10E4B000A942F9DB079A089901339A1A9142EADCDA
:10E4C000454B1A7E002A03D135331B78002B1FD011
:10E4D000404B1AAD0122454928001C8CFFF7AAFACF
:10E4E0002B780A9A9B1A13D4099A934210DA384A65
:10E4F0009B0112689121D318002249000798101837
:10E50000884201DC50001C52089801329042F5DC30
:10E510000C9B062B2EDD2024192006F0D3F82E4B61
:10E5200064421A00A8331B680A269A460C9BAC3238
:10E530005C432F4BFF3499462B4B17689846189D28
:10E5400024B22BB2381C9B46F4F752F84A4600908E
:10E55000019159462000FFF77FFE43461B88381C77
:10E560005146ED18F2F7B0FC013E071C002E01D019
:10E570001F2DE6DD079A089B944663441C00164B4A
:10E5800000215A8F1B4D10000B18DE0FF618761065
:10E590007300EB5A9C420ADCB04200D154E13000D7
:10E5A000F2E7026042608260C2601030EEE6079FD0
:10E5B000BB4221DAB14200D146E13100E4E7C04676
:10E5C000602400206224002084240020E004002035
:10E5D000E40400202C030020481D0020E707000071
:10E5E0006C24002064240020DE040020C41D0020D0
:10E5F000C4780108B82400203100C24B0139002939
:10E6000004DD4800185A079DA842F7DA8A46BD4B38
:10E61000013A0136964203DA7100595A8C42F8DC0D
:10E62000B94BB3461B681393B84B0D9353465B002D
:10E63000149300239946B64B343315934A46159BE1
:10E640001B78134101221A40119200D0FFE00123F0
:10E650009C460D9BE1442333FF330D934B46032B24
:10E66000ECD1342291460024A94B99444B461B78A7
:10E670002341DB0749D5912600250C277600664308
:10E680003A006A431300A249B133CB5C0135002B39
:10E6900039D013000C335B181A00A7321278A2424B
:10E6A00031D1A8330021595E964B4A00D25A079BBC
:10E6B000D21A131D262B26D8944B9B195B5C0A9902
:10E6C0005B1A292B1FD8033A90460A2252429246DF
:10E6D000A01D80B29A4405F0F5FF8E4B07225146EB
:10E6E0009B46009340460A23FFF782FA002005F07C
:10E6F000E9FF0A236B435B44009307220A23514638
:10E700004046FFF775FA042DBAD10134032CADD180
:10E710000B9B002B6BD10F931A007D4B1100B13175
:10E72000595C0C32481E81410F9884468C446146E6
:10E730000F91302AF2D10533DB7F0A2B02D0042B54
:10E7400000D049E12024012005F0BCFF0320FAF7A6
:10E75000C5FE0321F1F74CFD0C9B64425C436C4BFE
:10E7600082460533002598460A34A4B223B299465E
:10E770005346694E0293AF00F059F3F739FF674AE9
:10E780000090019101214846FFF766FD4346DB7F7B
:10E790000A2B00D002E1624E6249F059F2F762FAA8
:10E7A0007168071C3068F1F7EBFEB168F1F7E8FE1D
:10E7B000011C381CF2F77EF8F3F71AFF06000F0071
:10E7C000594B009601971A000E2148469B46FFF7C9
:10E7D00043FD012D06D15A46009601971421534856
:10E7E000F6F730FF60340135A4B2032DBED10A998B
:10E7F0000798F9F729FF089B202B11D0424B089C62
:10E800001A68089B1000590020231B1B5B00099D00
:10E81000403052185B18013D002D01D000F01DFC66
:10E820000798099B1E30089A0A9905F09FFE0E9BD7
:10E830005B080E930C9B01330C930E9B002B00D0B6
:10E8400079E50B9B013344E50026B246E8E6384AF9
:10E850004B4694465B0063449B8A12930D9B534442
:10E860009C46149B109363460D9A9B1A9B4500DCB3
:10E87000EDE6244A109B904643441D885988634620
:10E8800018780A9B079AC01A6346AD1A891A5A78F3
:10E890000A9BD21A002D07DA002905DA01239846CF
:10E8A000109BC4440233DDE7002801DA002AF5DBBF
:10E8B0001F2D01DD1F29F1DC1F2816DD1F2AEDDCCD
:10E8C000119B4C1B0F93002C03DD01235B42644220
:10E8D0000F93861AE64211D5E30F1B195B105B42BA
:10E8E000002A35DA1F00169025E09042E8DC13007C
:10E8F000020018000B0029001D00E1E7F30F9B192F
:10E90000ECE7C046B8240020E4040020FC260020E8
:10E91000481D00205C7A0108240E0020CC780108F4
:10E92000300E00200000C842317901087024002018
:10E930002C0300201F009C4203DA0F989B1B80468B
:10E940004144BE42F6DD01321B1B002AF2D116986B
:10E9500040015201169517901F2908D813988F1857
:10E9600080467F0047443888129D28433880169897
:10E97000884202D11798904290D01F009C4203DA3F
:10E980000F989F1B804641449E4205DDBE4B2032BE
:10E990003F1B9A4200DD81E73B00DDE7012D00D0FF
:10E9A00020E7B1683068F1F7EBFDFC218905F2F74B
:10E9B00059F9011C7068F2F787FAF3F719FE06009F
:10E9C0000F00B24A009601970E214846FFF744FC1B
:10E9D00000960197AE4A01E7092B04D10F9B002B4B
:10E9E00001D002230F932020AA4B40429A460C9B51
:10E9F000D346584383B2159392331BB2129300232C
:10EA000099469A464B46032B00D0F8E1A24C631D71
:10EA1000DB7F052B02D0102B00D0BDE02300C434D7
:10EA2000D0331A6823689C1A9A4200D9D41A23005A
:10EA30009A4A11211298FFF70FFC2300984A1421DB
:10EA40009848F6F7FFFDCA465B465B78002B00D17D
:10EA500097E00023D0465C46CA460D938E4D0D9A32
:10EA60002B0034331B781341012213409B4600D105
:10EA70007EE0E3780D9A93427AD18B4B1E68F8F7CB
:10EA8000BDFB0D9B011C5B19DA7B002A00D014E250
:10EA900021331B78002B00D00FE2301CF2F714FA60
:10EAA000A96FF1F76DFDF2F7E9FBAA7C0300002ADC
:10EAB00000D0FCE11420093308DA23785B0700D486
:10EAC000FBE17A4B1B88012B00D8F6E105F0FAFD3B
:10EAD000002005F003FE42460123912713405F43C7
:10EAE000079B0137FF1A2378561010930422A35E68
:10EAF00050469946FFF722FA674B11902B331B784B
:10EB000036015BB201362022534500D1083A1AABD8
:10EB10001A70524631325A7014AA94461A25109A25
:10EB20006544920603D554221B259A70654402233E
:10EB3000109A1A40139205D017232B70A378313303
:10EB40006B70023520232B703BB21693584933B2B9
:10EB500011981793F1F7D4FC002800D1B0E11AAB5B
:10EB6000544A17991698FFF777FB01239C46E04417
:10EB70000D9B01330D93032B00D06FE7D146A346C5
:10EB8000C24601239C460B33E1449C464B46E3447A
:10EB9000042B00D036E72AE6072B50D12300C033E0
:10EBA00000229B5E444D9B005E592300CC33002223
:10EBB0009B5E301C9B005F59391CF2F785F93F4979
:10EBC0008046F1F79DFC002800D010E63C49404605
:10EBD000F1F7AAFC002800D009E6391C301CF1F737
:10EBE000CFFCFC21B4348905F2F73CF80022A35E87
:10EBF0009B005959F2F768F93249041CF1F780FC7F
:10EC0000002800D0F3E50021201CF1F78DFC00283E
:10EC100000D0ECE52C49201CF2F724F806F02EFD7C
:10EC20002A49F2F71FF8F2F729FB04000300284AEB
:10EC300011211298FFF710FB2300264AFFE6082B4C
:10EC400052D1254B1888F2F739FB2449F2F70AF81C
:10EC50002300C433051C1868F2F77AFB011C281C3A
:10EC6000F1F78EFCF1F774FCD0342468A04200D98F
:10EC7000BDE5241A64082300194A11211298FFF7F0
:10EC8000EBFA2300174ADAE6FF030000DB780108FD
:10EC9000E8780108F81D0020481D0020EE780108E2
:10ECA000FD78010870240020D8040020DC04002036
:10ECB000FFFF7FFF497901087C0E00200000A0C003
:10ECC0000000A04000008CC2E3C8EB3D7AFC474343
:10ECD000037901080A790108FC0C00200000C842F1
:10ECE0001079010822790108092B00D0ACE6230035
:10ECF000B1331B78002B00D1A6E62500B4350022E5
:10ED0000AB5E628F9B01934200DC9DE6237D002079
:10ED10000F9306232375FFF711F910900023E85E87
:10ED20000A23B8344F462468D1469846092804DCA3
:10ED300040003900F1F7E6FA8046D14D0027688F90
:10ED40000226013880B2F9F7F5FE00230D93033354
:10ED500083469A46C435310061438B4534D81099B7
:10ED6000381CF1F7A7FDFFF745F83C216A46521819
:10ED70001278C34B041C1A75B3331878063005F0AB
:10ED8000A1FCC049201CF1F76DFFF3F731FC4B46A5
:10ED9000040001200D001840591091235843079B8F
:10EDA00009010130C01A013109B2009401950D9B8F
:10EDB000B54A00B2FFF750FA00940195B34A142106
:10EDC000B348F6F73FFC12E542460120FAF73AF85D
:10EDD000002812D00D9B3100013328680D93F1F704
:10EDE00007FA53465C4304190120FFF7A7F8011CFA
:10EDF000381CF1F7C5FBA408071C0136ABE7022B52
:10EE000000D021E69E4B5A1DD27F022A00D01BE67D
:10EE10001A00C9321278002A00D115E6D5331B78C2
:10EE2000002B00D110E64846FFF788F8041C0320A9
:10EE3000FFF784F881460020FFF780F88046012024
:10EE4000FFF77CF8211C071CF2F73EF8FC2189052E
:10EE5000F1F708FF4146F1F793FBF3F7C9FB040014
:10EE60000D0015988B4E0130320000940195112150
:10EE700000B2FFF7F1F9884A009401951421844803
:10EE8000F6F7E0FB49464046F2F71EF8FC218905FB
:10EE9000F1F7E8FE391CF1F773FBF3F7A9FB320039
:10EEA0000090019111211298FFF7D6F99FE4012AF1
:10EEB00003D114201C3300DB08E6E078063005E6B9
:10EEC0006F4B4E46197DA26814911399002900D109
:10EED0009CE01499A078073114910C2141435B18F0
:10EEE0001900B4330027DB5FB8310968AF1C9E42BC
:10EEF00000DB88E09E1B2D236B70551A8A4200D2DE
:10EF00008D1AFFF71BF8011C1198F1F7DDFF119026
:10EF100080231B069D4203D92D236D423B70013790
:10EF2000574B1A0099469432983312681B689A42DC
:10EF300074D182234A469B00D0587043F2F708FAF6
:10EF40004B46051C588F554B01385843F2F700FAD1
:10EF5000011C281CF1F7AEFCF3F74AFB504A009065
:10EF600001910F213800F6F76DFB454B4D4D1B7D90
:10EF7000032B00D94C4D0F9B1198013B5A42534132
:10EF8000ED18F3F735FB149B484A9B009B5806008D
:10EF90001493474B0F009B46139B002B01D0454B0E
:10EFA0009B46434B9946109B5B0701D5424B9946C4
:10EFB0003F4B1193109BDB0601D5404B1193119BE6
:10EFC0000096019705934B4604935B460393149B6D
:10EFD0002A00029317991AAB1698FFF73DF92C48AF
:10EFE0000378002B00D0C0E5119BEA1C05934B462B
:10EFF00004935B460393149B00960197029314219C
:10F00000F6F720FBB1E5F61A2B2375E7A4336F1C46
:10F010001D682B4B9C466544AD1879E70120F9F734
:10F0200089FD06000020F9F785FD1C4B9D4208D99B
:10F03000361A06D05A46234B9E4201D8052A08D1DB
:10F04000934600955B46204A0F213800F6F7FAFAFE
:10F050008BE70A2101324E43EEE70024065B16538C
:10F060000234A142FAD15218C018FFF7D4FB089B12
:10F07000002B01DCFFF7DBFB20230993FFF77CF972
:10F08000481D00200000C842287901083179010894
:10F090007024002039790108E878010840420F0007
:10F0A000908E0108AC7801089B780108D89D010872
:10F0B000C96F0108908A0108BD780108C17801086C
:10F0C000001F0AFA3F420F005079010810B50028CE
:10F0D00013DB0C224243094B9B18B1331B78002BE6
:10F0E00001D0FEF709FEFEF77BFD0120FFF7E8F8EF
:10F0F0002023034A11880B43138010BD481D0020B4
:10F10000541C0020F0B5CE46474680B5584C95B00B
:10F11000A37C023BDBB2012B62D902F0C7FA0028C4
:10F1200003D0544B1B78002B5AD02200A432524BF0
:10F130001268524F9A4200D0514FA421220023005E
:10F1400088469432983312681B68A0440AAE02AD18
:10F150009A424AD10420FAF7C1F94A4A43469446F2
:10F160001B68494A63441B1828213000F6F76AFAE5
:10F1700082239B00E058F2F7EBF84449F1F79AFB41
:10F18000F3F736FA424A0090019120212800F6F761
:10F1900059FA012005F096FA002005F09FFA912215
:10F1A00009235200E7211E2005F056F9394B5B7AFE
:10F1B000022B57D1163333702800F3F70DFB0521CE
:10F1C00048433C31FF31091AE822280005F016FBBC
:10F1D0003000E8221E2105F011FB142005F072FA20
:10F1E00015B00CBC90469946F0BD01230434E08F65
:10F1F00099461840284C1ED1FAF770F9214A434627
:10F2000094461B680197226863441B1800922821CA
:10F21000224A3000F6F716FA4846FAF75FF9194A1B
:10F22000434694461B681E4A63441B18202128004D
:10F23000F6F708FAADE70220FAF750F9114A43460B
:10F2400094461B680197226863441B18009228218A
:10F25000144A3000F6F7F6F90320FAF73FF9124A9C
:10F260000300E3E7032BA7D115332B70A4E7C046B7
:10F27000481D0020640E002000E1F505C96F01085B
:10F2800058790108001F0AFA6079010800247449BE
:10F29000697901082C2B0020682400207579010869
:10F2A000927901089F790108BD790108F0B54546BA
:10F2B000DE4657464E46E0B58BB0050001F000FB38
:10F2C000002800D006E19E4B9E4C9846187023887B
:10F2D0009A064FD512229C4B9C481B78FF21534322
:10F2E000C01806F0F3FB692322881A4200D19BE084
:10F2F0002800FEF7E5FF964B1B7F002B72D023887A
:10F300001B066FD4934B1A889123151C5B009A42FD
:10F3100000D91D1C904BE5279B46904BADB29A46F9
:10F32000012399465B4619888F423DDA884B0120BC
:10F3300034331A78002317001F41074244D0844E0B
:10F34000F718BF7F002F3FD191220027520053436F
:10F35000834AFF209B187E4A401A528F029094469F
:10F360003A00624500DABEE001232A001E2005F0C3
:10F37000CDF837E01B0701D5FEF732FC23885B068A
:10F38000B1D504AE012277493000FEF753FB337844
:10F390006D4A11785A0909234B4301219B186B4A86
:10F3A0005B00494299529EE75346390000932A0078
:10F3B0004B461E2005F0F6F8791C4B462A001E200D
:10F3C00005F0A4F8013FADE70133032BB3D10120D1
:10F3D000024200D085E053100340B5D192100233B1
:10F3E0000242B1D15A4B5B7F002B1DD043461B78A4
:10F3F000002B19D0002005F071F9012005F062F909
:10F40000544B554E1D8832881D350332009502231A
:10F410002121404605F01AFB854205DD31882A1A74
:10F4200003311C2305F018F823885B0701D501F090
:10F43000FDFD23889B0701D5FFF764FE2388DB06CB
:10F4400046D5F6F7E5F9071E42DD474B0B209F42F4
:10F4500004DD464B01389F4200DC043805F032F9E8
:10F46000002005F03BF903229146BA329046404A0B
:10F47000042581219446BA463E4B04AE04933E4B8C
:10F4800048466A1C054252D1715563454DDC8123C3
:10F49000B354FF2273199A70C821EB1CF73A072066
:10F4A000009605F027F95046F1F708FF3349F1F7C8
:10F4B00001FAF3F79DF8324A0090019118213000CB
:10F4C000F6F7C0F82A000121CE32300005F096F997
:10F4D000002323800BB03CBC90469946A246AB4625
:10F4E000F0BD002330E7029E985CB146484480B2EC
:10F4F000FF2800D938E7234E4000805B0132834665
:10F500009120400050438246380067464743B94641
:10F5100003930700CA4501DC039B22E75B460F4EBD
:10F520004700F3530130E144F3E71500A8E74046F4
:10F530009A4500DA0800571EF055643BA5E7C0461F
:10F5400070240020541C0020622400208424002009
:10F55000481D0020E0040020E8040020602B00206B
:10F56000FC260020C41D0020E30C00003B0F00001F
:10F57000E40C0000003C3CFF6810000000007A44EE
:10F5800095780108907A01082023024A11880B43DC
:10F5900013807047541C002010B5002005F09EF821
:10F5A00005F05EF8FFF7AEFD01F040FD10BD000074
:10F5B000F0B5CE4647460024A02680B5A1460127D7
:10F5C00085B07600A3B2984600231A001C4D510066
:10F5D0006B52013243449BB2B242F8D13B0032003D
:10F5E0002100002004F092FFA022002192002800B8
:10F5F00006F06CFA3B00210000953200002004F078
:10F60000D1FF4B4640210393FF31039B8B4204DD26
:10F610000134F02CD6D101200DE04046039A039B23
:10F6200052004343AA5A9BB29A4203D1039B01332F
:10F630000393EAE7002005B00CBC90469946F0BD64
:10F64000602B002070B5164D164C2B7F022B1DD160
:10F650005833238020880A21F0F7CAFD124B80B26C
:10F6600018800A235843114B1880AB8B002B0AD00B
:10F67000002005F033F8E6239122218852005B1A1E
:10F680001E2004F0E9FEFFF77FFF70BD012B02D0C2
:10F690006B7F002B01D0B423DBE7E623D9E7C0461C
:10F6A000481D0020E8040020DE0400206024002023
:10F6B000F8B5DE4657464E4645460020E0B5F9F718
:10F6C0000DFF514D06002B000320A4331C68F9F7F1
:10F6D00005FF071E53D04D4B05009C466444A719F7
:10F6E000B2234B4E5B00F25A002A4CD10A2128006B
:10F6F000F0F77EFD0400474B38001C602100F0F756
:10F70000FDFDFA239B009A469127434B080098463B
:10F71000424B7F009946544567D96421F0F768FD54
:10F720007843642183462800F0F762FD01005846C3
:10F73000F0F75EFD4346642118802000F0F758FD85
:10F74000514647432800F0F753FD01003800F0F719
:10F750004FFD4B461880B2235B00F35A002B01D1BA
:10F7600042461380FFF76EFF22232D4A11880B4378
:10F7700013803CBC90469946A246AB46F8BD822316
:10F780009B00ED58ACE7022A01D80622F252F35A48
:10F79000244C994609239846043B9B465B466343A9
:10F7A000280019009A46F0F723FD48451BD2630054
:10F7B000190028009A46F0F71BFD814513D9210056
:10F7C0002800F0F715FD814595D90A212000F0F7B2
:10F7D0000FFD01235B429C46E0444346002B00D1D1
:10F7E00089E70400DAE7544685E729007843F0F713
:10F7F000FFFC43460A2118802800F0F7F9FC7C43FF
:10F8000001002000A3E7C046481D0020001F0AFA9F
:10F810002C03002068240020642400206C24002095
:10F82000541C002000CA9A3B002210B5024B1A77E4
:10F83000FFF708FF10BDC046481D0020362310B555
:10F84000034A012011880B431380FFF72FFD10BDE1
:10F85000541C0020BFF34F8F034B044ADA60BFF300
:10F860004F8FC046FDE7C04600ED00E00400FA05FA
:10F870008023DB05586A70470823F0B54E46994649
:10F880000023DE46574645461D4A98460733E0B5F5
:10F890009C4640272026022493464D4603782B425F
:10F8A00008D00B6801330B6045782D09AB4219DB9A
:10F8B00043460B6003006546807A0A33284217D01E
:10F8C000180000280ED003789A463B4203D05B46CE
:10F8D0009B7CA343E1D15346334203D0937CA343A3
:10F8E000012BDAD13CBC90469946A246AB46F0BD0E
:10F8F000D88882461889534600041843E1E7C04679
:10F90000481D002013B50024074B084A1B780194BA
:10F910009B009858002801D1200016BD01A9FFF7CF
:10F92000ABFF0134F6E7C046A52A002010050020F1
:10F9300010B5154B154A1B789B009C58FFF7E2FF4A
:10F94000134B01001A68002A02DA012252421A609F
:10F950001A688A4201DB4A1E1A6007202278024098
:10F96000052A04D11A68002A01D101321A6010292F
:10F9700000DD1021072900DA0721F020F0F7C2FC92
:10F98000044B0138188010BDA52A00201005002066
:10F99000242B00200C05002001230A210A005A43D1
:10F9A000824209D95A00824203D805214B4383423F
:10F9B00000D81A00100070471300EFE770B56425F7
:10F9C000194CFFF755FF2368C31A142B03D82800DE
:10F9D000F3F7BAF9F5E790230E22DB051B6913490B
:10F9E00013401D000A880B80012395432060A8085E
:10F9F000184007332A001D4209D070230C49FF33F9
:10FA0000C95C503BFF3B002900D1103B18439307D2
:10FA100009D57023064AFF33D25C603BFF3B002AC6
:10FA200000D11033184370BD902A00208C2A00208A
:10FA30002C030020F8B59023DB0557464E4645467B
:10FA4000DE4699460E23E0B598460427FFF710FFDF
:10FA5000244E04003368C51A0A20F3F775F94B46A3
:10FA600042461B6920499BB208881A408446504090
:10FA700083461E48854201D93B4231D15846384021
:10FA800008D001200A8034603CBC90469946A246CA
:10FA9000AB46F8BD944502D00A803460F4E7144ABE
:10FAA0009542D3D9134A1168A142CFD2990707D5FD
:10FAB00070211148FF31415C5020002900D11030E5
:10FAC0001B0709D570230C49FF33C95C103BFF3B72
:10FAD000002900D1103B18439134FF341460D3E760
:10FAE0000420D1E7902A00208C2A002087130000F0
:10FAF00088130000942A00202C030020F8B59025DC
:10FB0000012440270C4EED05300000220221F4F7BD
:10FB1000DBFC280040228021F4F7D6FC348330003F
:10FB20002F8322002100F4F7CFFC390028002200A7
:10FB3000F4F7CAFCF8BDC04600040048084B490071
:10FB400010B5C85A002A08D0064B5B8F90601B1A6C
:10FB500059424B410433537110BDF9F76FFDFBE778
:10FB600018910108481D002010B5002A07D0054B48
:10FB7000197A054B002900D1044B936010BDF7F7AB
:10FB800055F9FBE7481D00203F900108977D0108CB
:10FB9000F0B5D64646464F46C0B59846089B050088
:10FBA00007209A461C790E0004401888170004F0BC
:10FBB00089FD5346588804F091FD002C4AD05346E5
:10FBC00010201B7918409946434258410D3004F0EB
:10FBD00085FD3A0031002300280004F03DFC4B462F
:10FBE00058B2C043C00F0D3004F078FDE819220070
:10FBF0003100001B434604F02FFC4B4640201840C8
:10FC0000434258410D3004F069FD22003100434663
:10FC1000280004F021FC4B46202018404342584164
:10FC20000D3004F05BFD4346F118091B23003A0038
:10FC3000280004F011FC5346588804F04FFD4B4651
:10FC40001B0707D4434662009B1A3119BA1A2819B8
:10FC500004F002FC1CBC90469946A246F0BD000090
:10FC6000F0B5CE46474680B58FB0002843DB04226E
:10FC700003AB1A80314A1268824241D105225A8070
:10FC80005D321A712E4A002411689046012201301B
:10FC900002AE8A5647003480CC5D2A49D0008C469B
:10FCA00009188A882509914655436246805A0F22D1
:10FCB0002D181440AAB29446C88849884443641851
:10FCC0000093A1B203004A466046FFF761FF434636
:10FCD00001201B68DF19385663280CD05B785BB2B3
:10FCE000002B24D11E280FDC220029000F322031E6
:10FCF000C0B204F0C1FE0FB00CBC90469946F0BDF6
:10FD000003225A808F32BCE70F4B1F388000C65841
:10FD10003000F2F761FD0C21220048434431091AFA
:10FD2000490813324919300004F0C0FDE3E722000E
:10FD30002900307009320C31F5E7C046242B002031
:10FD4000742A0020FC7F01080C8001082B23F0B5E9
:10FD5000C6469846042700B5214EB0442B22B25621
:10FD6000531C35D00C235343F3181900B1310978D3
:10FD700000292DD0B43300215B5E810604D5B9087B
:10FD80005B1AD943C9170B40C10605D5B9085B18E2
:10FD9000718F994200DC4B1E0C256A43B418220077
:10FDA000B432138098B2F8F7C5FEB83420604346E9
:10FDB00000201856FFF78AF9434620221B780137A6
:10FDC0005BB25D437519B0352B78BFB293432B708E
:10FDD000FFF730FE0028C1D104BC9046F0BDC046FC
:10FDE000481D0020094B8900C95810B5084B002A4E
:10FDF00007D01B6D91605B1A584243410433537125
:10FE000010BD1965FAF7B2FCFAE7C046109E01086A
:10FE10002C03002010B5002A05D0044B19780123CB
:10FE20008B43537110BDF5F7FFFEFBE7D4040020B0
:10FE300010B5002A0AD00221064BDB7C0B4201D010
:10FE4000517110BD591E8B415371FAE7F7F70AF84B
:10FE5000F7E7C046481D002010B5002A07D0054B23
:10FE600029331B785BB2591E8B41537110BDF9F7D2
:10FE7000A7FCFBE7481D002010B5002A0AD002218C
:10FE8000064B9B7D0B4201D0517110BD591E8B4119
:10FE90005371FAE7F7F700FDF7E7C046481D002069
:10FEA00010B5002A07D0054B597D0B1C022900D93B
:10FEB0000223537110BDF7F703FDFBE7481D002037
:10FEC00010B5002A03D0034BDB79537110BDF6F750
:10FED00057FFFBE7481D002010B5002A03D0034B55
:10FEE000DB7A537110BDF6F757FFFBE7481D002082
:10FEF000F0B5CE46474680B585B023287AD8F0F7CE
:10FF00006DF924003100330035003A004B003C000D
:10FF10005600640067007E00A10027015B015E01BE
:10FF20009600660187017101750179008F009300C9
:10FF30007900A801B30106013401790037014401B9
:10FF40007900C4013C0079009E010020F9F7C6FA4F
:10FF5000D34AA4321368D34A944663441B18D24848
:10FF600043603EE00120F1E70220EFE70320F9F7CC
:10FF7000B5FA0300F3E70420E8E7C94BCA4C586F11
:10FF80002060F2F735FB00900191C84A0E341C2125
:10FF90002000F5F757FB2DE0C14B186FC24C2060D5
:10FFA000F2F726FB0E3400900191C14AEFE7F7F714
:10FFB00025F9BD4C2060F1F761F903002000BD4A2E
:10FFC0000E301C21F5F73EFB14E0F7F74DFBF0E790
:10FFD000B34AB5481300A0331B684360527A002A25
:10FFE00002D10E30B44AECE7AF48B44A1C210E30BF
:10FFF000F5F728FB05B00CBC90469946F0BDA84B20
:020000040801F1
:10000000DD8F2800F1F7A4F9A74C00212060F0F75C
:1000100071FA0028E8D120002B000E30A84AD0E762
:100020009F4B32331D7804E09D4B3333FAE79C4BF2
:10003000DD8E2800F1F78CF99B4C2B00206020000E
:100040000E3090E0F7F7D4F8974C2060F1F716F9EE
:10005000F1F734F9924D2B000833D96FF0F790FA8D
:10006000061CF6F7D9FF311CF0F75EFA002802D023
:10007000F6F7D2FF061CF6F7E9FF311CF0F740FA5D
:10008000002802D0F6F7E2FF061CAB6F2168181CAF
:100090009846F0F775FA311C2060071C4046F0F7CF
:1000A0006FFA85239B00874AEB5C80469146002BC4
:1000B0000BD08549381CF0F763FA8349206040462D
:1000C000F0F75EFA814B804699462068F2F790FA85
:1000D000083506000F00E86F0021F0F70BFA0E3428
:1000E00000280CD14046F2F783FA0096019702905F
:1000F0000391774A1C212000F5F7A4FA7AE74B46D2
:1001000000960197734A02931C2120001DE0F7F727
:100110006FF8634DA96FF0F733FA8523624C9B00AB
:100120002060EA5C674B002A04D06749F0F728FAA0
:10013000664B2060029320682500F2F759FA0E35CD
:10014000009001911C212800624AF5F77BFA51E7E3
:10015000534B986CF1F7B2F8534C2060F1F78EF8DE
:10016000030020000E305C4A2BE74D4BD86CF1E7C2
:100170005A4B19785A4B1A7806234B439B18484A16
:100180001B01D318E8331B68E9E6544B1978544B2C
:100190001A7806234B439B180E33414A1B01D31890
:1001A0005868FDF743FE404C2060F2F721FA0E3408
:1001B000009001914B4AEAE6394B2D3332E74A4B26
:1001C0003948FC335B6E494A43600E30F9E6344BE4
:1001D000986F354C2060F2F70BFA0E3400900191C5
:1001E000434AD4E62E4B0833D86FF2E780232C4ADB
:1001F0009B00D058F1F7ACF83E49F0F75BFB2A4C76
:100200002060F2F7F5F90E34009001913A4ABEE60B
:10021000234CE06FFDF70AFE234B384D1860227D1A
:10022000032A00D9364D0E331C00364B9200D358AA
:100230000293F2F7DDF92A000090019164E784232C
:10024000174A9B00D058F1F783F82F49F0F732FB9B
:10025000A4E62B21124B5956002900DACAE60C22DB
:100260004A439B18B8338EE70D4B1A002B32127895
:100270007F2A00D9BEE6D86E0B4C2060F2F7B8F9A1
:100280000E3400900191214A81E6054B06489C33CB
:100290001B684360002B00D1A6E60E301C4A90E696
:1002A000481D0020001F0AFA2C2B0020757F010832
:1002B000797F01087E7F0108C3790108837F0108E7
:1002C000887F01089B7F01080000D642647F0108F7
:1002D0008D7F01089D7F010833900108702A00205E
:1002E000632A0020A77F01082C030020AC7F0108AF
:1002F000B57F010800247449908E01086E7F0108C3
:10030000677F0108D89D010800401C46BC7F01089A
:10031000C47F010810B5064A012311780C001C4067
:1003200005D14B401370F5F749FA024B1C7010BD14
:10033000282B0020561C0020054B5A7A824205D0FB
:1003400058720A23034A11880B4313807047C04632
:100350002C2B0020541C00202B2270B5254CA256BB
:10036000531C3ED00C2320205343E318B0331D7898
:1003700085431D7004292DD80800EFF725FF0318C9
:100380001C3337001000F8F7B5F8431C22D02300C7
:100390000C252B331B785BB25D4365192B00B433FE
:1003A000188080B2F8F7C6FBB835286012E010005C
:1003B000F8F7F0F8E9E71000F7F788FF431C09D0D9
:1003C0002B220C23A2565343E318B4331880100099
:1003D000F8F7C6FC2B202056FEF778FE0020FFF72A
:1003E000ABFF70BD1000F7F7D3FFE7E71000F8F799
:1003F00051F8E3E7481D002002000120002A05D142
:1004000070470A3B59424B410132C0181378002B08
:10041000F7D1F5E7F8B55746DE464E4645468246E3
:100420000020E0B53A4A835C002B42D10321F0F76B
:100430004FF80223374E591A11200E4104F042F9A9
:10044000122004F04BF90023012598460333402481
:100450009B46A9464746AE43B6B25346DD5D002DE6
:100460002BD14022FF322023121BD421200003F085
:10047000F3FF53461B78002B15D1274C206800282A
:1004800011D0FFF7B9FF0500112004F01BF90B2074
:1004900068432030C20F121852105242F0325221DB
:1004A000206804F0D3F93CBC90469946A246AB467E
:1004B000F8BD2E2BBAD00130B5E72E2D1CD1360158
:1004C000B6B2243D0C2398464B461E4201D102236E
:1004D00098462000444420234246D421A4B203F08D
:1004E000BBFF01372100E8B2D4221034760804F0B3
:1004F000C3FAA4B2BFB2B0E72D2D03D15B46223DB3
:100500009E43DFE7303DEB43DB171D40DAE7C04693
:10051000782A002024490000882A0020082906D8CB
:10052000012203490B7813430B70024B1A7070477A
:10053000A62A0020642A0020B52110B508484900E9
:10054000435C002A05D06A39DB08FF3999435171B1
:1005500010BD08225340435404F054FBF8E7C04652
:100560002C03002070B50C00151E10D028000E4B77
:100570008A00D35820210C300C4AF5F763F80C4B55
:10058000D97D091B4B4259410431697170BD002965
:1005900006D003201100F9F767F80020F6F7AAFB50
:1005A0002000F6F773FCF1E7C48B0108857D010894
:1005B000481D002070B50D00141E01D0A16070BD53
:1005C000F7F74EFF902322000C2005495B0095426F
:1005D000F5D90400544301320B53D2B2F7E7C046B9
:1005E000F81D0020020010B50020032A0CD80C23AF
:1005F0005A43064B9B181A00B1321278824203D03C
:10060000B4331888F8F796FA10BDC046481D00208C
:10061000F0B5C646050000B508000F00F8F75EFF0C
:100620000400032F41D12A4B5B7B002B13D0002009
:10063000284E2B363056FFF7D5FF804600200A2281
:1006400030564146F8F7FEFB4346002B1FD041468B
:100650000220F9F709F8EB0605D51E4B9C331B6801
:10066000002B17D0E418AB0605D51A4B9C331B683A
:10067000002B15D0E41A184B1B68A34207D3174B65
:100680001B68A34203D821003800F8F7EDFF04BC33
:100690009046F0BDA0000130FFF77EF90400E2E7CC
:1006A000601EFFF779F90400E5E70A4B9C331868F0
:1006B000002805D10330F8F711FF8008FFF76CF927
:1006C000EB0600D52418AB06D5D5241AD3E7C046CF
:1006D0002C2B0020481D0020BC040020141C0020EE
:1006E00010B5002A10D17023084AFF33D05C414274
:1006F0004841C0B2D05403F0F9FE04F083FA262337
:10070000034A11880B43138010BDC0462C03002000
:10071000541C002010B5002A07D0B32307495B0002
:10072000CB5A591E8B41537110BDF6F78BFB20231A
:10073000034A11880B431380F6E7C0462C030020C0
:10074000541C0020B52070B50A4C4000235C0425E1
:10075000002A06D02B40591A4B4259414919517170
:1007600070BDAB431943215404F04CFAFAF770F80A
:10077000F6E7C0462C030020F8B50123334A117870
:10078000194203D04B401370F5F72EF88020F4F790
:10079000FDFFFA23DB00984251D9012390202C4E13
:1007A000032273838021C005F3F78EFE0824002501
:1007B00080273800F4F7EAFF013C2D18002CF8D10F
:1007C0000221318390268027F60577830122204875
:1007D000F3F77AFE390030000122F3F775FE2200AC
:1007E00001211B48F3F770FE300003224021F3F78C
:1007F0006BFE0826403F3800F4F7C8FF013E24187E
:10080000002EF8D1FFF77AF98020F4F7BFFFFA2322
:10081000DB00984205D90F4BE4081C800E4BED0815
:100820001D80002201200D4B1A7000220C4B9A569D
:10083000824203D01870434258410230F8BD074B42
:100840001878013843425841EFE7C046282B002072
:10085000000400489A2A00209C2A0020561C0020F0
:10086000982A0020F7B50600012015000F001C0093
:1008700003F028FF002003F031FF03F0F1FE0C4BE2
:1008800039000093092330001A0003F033FF2B00D6
:10089000084A7421732004F045F8FFF76DFF032820
:1008A000FBD1054B1B882380044B1B886380F7BD5D
:1008B0005C9D0108D17F01089A2A00209C2A002013
:1008C000002070479023DB0518690A231840431E57
:1008D00098417047024B1880024B19807047C04600
:1008E0009A2A00209C2A002010B5C824FFF744FF54
:1008F000002800D110BD2000F2F726FAF6E700002C
:10090000702370B50E4DFF33EA5C0224002A01D03B
:100910000024022213000C2124335B00EB18080092
:10092000084AFFF79FFF23002C2024335B00EB18BD
:10093000054ADB21FF30FFF795FF04F063F970BD36
:100940002C0300206E9D0108799D0108F8B5CE4664
:100950004746294B80B500229B5E284A81460025E8
:10096000555F274A88461278002A05D003600D603B
:100970000CBC90469946F8BD224E402732004832C2
:100980000021525E31004C310020095E30209C1A5B
:10099000FF306043CB1A1B01C018891AEFF7B2FC75
:1009A000FF373C00B84202DCC443E4170440330084
:1009B0004A3300229B5E3200DF204E320021515E1E
:1009C000EA1A50434D1B2D014019C91AEFF79AFC42
:1009D000EF280DDDEF207023FF33F35C002B02D0F6
:1009E000EF233C1B181A4B461C6043461860BFE7B8
:1009F000C343DB171840EEE79A2A00209C2A002008
:100A0000561C00202C030020F0B5012085B003F017
:100A100059FE002003F062FE03F022FEE9221E21AF
:100A2000214803F0EBFE9027012003F06DFF002525
:100A30000E26FF05FFF7A0FE022828D10020FA2588
:100A400003F062FF01246D00FFF796FE022818D123
:100A500001A96846FFF77AFF2800F2F775F903A9A4
:100A600002A8FFF773FF039B029A0199009804F014
:100A700015F8029B0093039B0193FFF77DFE03286B
:100A8000EAD1FEF79BFF2042DED005B0F0BD3C6905
:100A90003440AC42CED078212300044A080003F051
:100AA00041FF2500C6E7C046859D0108B59D0108A8
:100AB000F0B5C646012000B503F004FE002003F0A7
:100AC0000DFE03F0CDFD05221C4B1100186803F04C
:100AD000EDFE01232125182498460527184E30687D
:100AE000002819D1174B1B78002B05D022000521B7
:100AF0000A32154803F082FEC82401256400FFF77E
:100B00003BFE022814D0FEF759FF284210D12000E6
:100B1000F2F71AF9F3E71C0042466D08631D15420F
:100B2000F9D10B342200390003F068FE0436D6E711
:100B3000002003F0E9FE04BC9046F0BD846F01087C
:100B4000886F0108600E0020B091010810B50120E7
:100B500003F0B8FD002003F0C1FD03F081FD052284
:100B60000448110003F072FE034B044A1A60FEF7BA
:100B700071FEC046107E0108F03F0020EFBEADDEE2
:100B800010B5FFF7E3FF000070B5A94B18782328D4
:100B900031D8EFF723FB240031003C0047004E0022
:100BA0005E00590063006B00720077009A00AD0090
:100BB000E600ED009300F2000B01F700FF007E005D
:100BC00085008C0024012B0142019A00B400300002
:100BD000BB00D5003A014701590030001501954B83
:100BE00000205968944B9C46944B6144A4331B6885
:100BF000C91AF8F739FD70BD8E4B012059688E4B2C
:100C00009C468E4B6144A4331B68C91AF1E7894B9B
:100C100002205968884B9C46884B6144A4331B686A
:100C2000C91AE6E70022854B0320DA75814B596823
:100C3000DFE7804B042059687F4B9C467F4B614423
:100C4000A4331B68C91AD4E77A4B1868F9F784FBF8
:100C5000D1E7784B1868F9F753FBCCE70022774BC4
:100C60005A71744B1868F6F71DFBC4E7714B18688E
:100C7000F6F786FC03F0C6FFBDE76E4B5868F6F743
:100C800079F9B8E76B4B1868F0F7F8FAF6F788FDD2
:100C9000B1E7684B1868F0F7F1FAF6F79DFDAAE79F
:100CA000644B1868F0F7EAFAF6F750FFA3E7614BD8
:100CB0001868F0F7E3FAF6F755FF9CE75D4B186804
:100CC000F0F7DCFAF6F73AF995E785235B4D9B00E0
:100CD000EB5C584C002B04D020685949F0F7F4F82D
:100CE0002060A96F2068F0F7EFF8F6F73DFA82E789
:100CF000504B1868F0F7C2FAF5F710FF7BE74D4B41
:100D00001868F0F7BBFAF5F739FF74E74D4B4B491C
:100D100018784D4B1A780623434347489B1884465E
:100D2000444A1B01CB185268A43109686244E83375
:100D3000521A1A600122454B1A70F7F717FF5AE74B
:100D4000404B1D78404B1C783A4B1868FDF7B2F8C1
:100D500006236B431B190E33384A1B01D318586006
:100D6000E8E7344B1868F0F789FAF5F739FF42E7FE
:100D7000304B5868F5F758FF3DE72E4B1868F6F7EB
:100D8000F3FD38E700222D4BDA752A4B1868F5F78A
:100D9000B1FF30E7274B2E491868EFF763FFEFF7F5
:100DA000D7FBF5F7B3FFFEF783FC24E7214B186868
:100DB000FDF780F8F6F71EFE0122264B1A701AE79F
:100DC0001C4B25491868EFF7DBFB2449EFF74AFF76
:100DD000EFF7BEFB8423194A9B00D050ECE7154B7C
:100DE0001868F0F74BFAF5F709FF04E7114B2B20D1
:100DF0005968114B9C46114B61441A00A432126889
:100E00001856891AF8F7B0F9F5E62B200B4B18564F
:100E1000084B1968F7F758FEEDE6064B1868F6F729
:100E20003FF8E8E6034A054B52689C331A60E2E655
:100E3000722A00202C2B002000E1F505481D00201F
:100E40000000D642702A0020632A0020B00400204F
:100E5000002474493D0E002017B7513800401C464D
:100E600070B501255F4B01301E6840005E4C3018A4
:100E700045572000F1F7B0FC030002000120305676
:100E8000002800D089E0632D00D18BE0192D14D00B
:100E900029000C39032907D9152D1DD0162D1DD079
:100EA000172D21D16E2306E00D2D19D00E2D19D04E
:100EB0000F2D02D14723A354531C00222000E254DB
:100EC000F5F760FB494D28602000F5F7BBF9686035
:100ED000FFF75AFE012065E06D23ECE77523EAE792
:100EE0006B23E8E74D23E6E7092D0BDC0B2B4DD8F0
:100EF0003035E554013300252000E554FFF78AFA28
:100F000028004FE01E2D12DD591C2B0038481F3BD6
:100F10009B001B581B78A3540B00222D02DD931C51
:100F200030226254252DE6DD3022E254E2E70A2D1C
:100F30000DD100210B2BDED88A4204D0605C2E2814
:100F4000D9D00131F8E72E21531CA154D3E70B2D42
:100F50001CD10B2BCFD8002B03D12D2323702C3B7E
:100F6000C9E721782D2908D100230133E15C5A1EFD
:100F7000A154E25C002AF8D1BDE7E05CE1184870BA
:100F8000013BFAD22D232370531CB4E7102DB2D1AC
:100F90000220002A06D0531EADE7162D03D10220F1
:100FA000002B95D170BD1A2D17D10220002BF9D03E
:100FB000013B00251120E55403F084FB122003F0CF
:100FC0008DFB0E23F022D921402003F045FAD922CF
:100FD0004021200003F06AFC92E7072BE9D8E55492
:100FE0000133E6E7742A0020782A00202C2B002009
:100FF0000C80010830B5094B094A1B7802339B006D
:1010000018181378122B07D8064C5D0028535C1C67
:101010001470054A9B00995030BDC046712A0020CB
:10102000A42A0020FC2A0020AC2A0020F0B5DE46CD
:1010300057464E464546E0B51527DD4C87B0237D23
:101040009A009B46DB4BD3580293002504AE280040
:10105000B57103F043FBF0231E222900280003F0A2
:10106000FBF9D54B1D709A46A37C023BDBB2012BEA
:1010700000D8E2E2236F9846F6F746FB1423A84215
:1010800004D022793B00AA4200D0012398B203F099
:1010900019FB5B46032B00D963E24046F0F7EEF8FC
:1010A00000210300C54A080003F03CFCC4490020AD
:1010B000FFF7A0FF230005002C331B78C14A01B2C3
:1010C000D35C029A00200092BF4A03F02BFCBF4978
:1010D0002800FFF78FFF0500012003F0F3FA2BB281
:1010E000606F9946F1F784FAB94A00900191494638
:1010F000002003F017FC28000621FFF77BFF050006
:10110000F4F77CFD002808D0380003F0DBFA2A0051
:101110000021B04803F072FB0C35237E013BDBB2AB
:10112000012B08D8380003F0CDFA2A000021AA4884
:1011300003F064FB0C35A94B1B78002B08D014205E
:1011400003F0C0FA2A000021A54803F057FB0C3534
:1011500053461B78A34A59008D5251465A1C0A70B7
:101160000021A14A9B009950637938008B4200D03E
:10117000012003F0A7FAF6F741F82BB29946F1F7F0
:1011800037FA9A4A009001914946002003F0CAFBC1
:10119000280097490830FFF72DFFA37F0500002B9B
:1011A00011D0380003F08EFAA37F924A9B0029B237
:1011B0009B580020904A03F0B5FB28008F49083067
:1011C000FFF718FF0500A31DDB7F002B19D00120BE
:1011D000834200D1380003F075FAA31DDA7F29B2EB
:1011E000874B900703D4874B002A00D1864B874A50
:1011F000002003F097FB280085490830FFF7FAFE2E
:101200000500A379002B0DD0380003F05BFA2A000B
:101210000021804803F0F2FA28007F490830FFF7E8
:10122000E9FE0500A31CDB7F002B0CD0380003F087
:1012300049FA2A000021794803F0E0FA28007849A9
:10124000FFF7D8FE0500A36D0120002B00D0380069
:1012500003F038FA734B99461B78002B01D0F6F750
:10126000B9FE2BB20393704B1888F0F727F86F493B
:10127000EFF7F8FCF1F7BCF96D4A00900191039982
:10128000002003F04FFB28006A490830FFF7B2FE48
:101290004B461B780500002B06D0F6F76FFCF5F7E0
:1012A000D1FB82239B00E050E37E01205B0700D04E
:1012B000380003F007FA0722E37E29B213405E4AA2
:1012C0000020D35C5D4A03F02DFBE38F3800002B38
:1012D00006D180239B00E3580120002B00D038006A
:1012E000083503F0EFF92BB2994682239B00E058B2
:1012F000F0F72EF85249EFF7DDFAF1F779F9514A94
:10130000009001914946002003F00CFB28004E4953
:10131000FFF770FEA31D99463E229B5E0500002B41
:1013200017DB380003F0CEF94B463E229B5E474A5E
:101330009B0098584649EEF75BFF29B20300454AE7
:10134000002003F0EFFA280043490830FFF752FE6F
:1013500005000021A06FEFF7CDF88146002814D1D9
:10136000380003F0AFF92BB2A06F0393F1F740F907
:101370003A4A009001910399484603F0D3FA2800B5
:1013800010210830FFF736FE0500E38E012B69D0EF
:10139000380003F097F929B2E38E314A002003F0B8
:1013A000C1FA28000F210830FFF724FE050059E09C
:1013B000481D0020D89D0108A42A0020497D01086D
:1013C000508C010828780108557D0108C490010857
:1013D0005A7D0108607D0108677D0108CC1F00204F
:1013E0006D7D0108FC2A0020AC2A0020707D0108D8
:1013F00028830108947C01087F7D0108548301083B
:10140000837F0108977D01083F900108887D0108CE
:1014100018840108917D01087C8D01089A7D0108DE
:1014200090850108B0040020FC0C00200000C84298
:10143000A07D0108FC8B0108CC7F0108AC7D010870
:1014400000247449B47D0108CC8E0108D06F0108D6
:1014500040420F00BB7D01081C8C0108C67D0108BD
:10146000D47D0108237E002B26D0F4F7C7FB00288B
:1014700003D1237E1420012B00D1380003F022F980
:101480002A007B480021083503F0B8F92BB29946B1
:101490005B46E06F032B74D8FCF7C8FCF1F7A8F8A3
:1014A00000900191734A4946002003F03BFA28005E
:1014B0007149FFF79FFD0500F6F726F9431E984195
:1014C000143003F0FFF80222A37C6C48934300D150
:1014D0006B482A00002103F0B9F90C23994601203A
:1014E00003F0F0F806226749300004F0E5FA637A69
:1014F000A944002B4DD066233370637D9A074AD5EB
:1015000067237370A37D9A0749D56E23B370E37C7C
:101510009A0748D56223F3704A460021300003F051
:101520006DF91823994608225749300004F0D6FA7D
:101530007279A9442D2A3ED13379302B37D100233B
:10154000F37000214A463000B17103F057F94B4661
:10155000C72B3ADD4D4A1378002B36D0013B137070
:1015600073E52300883319684046EFF7A3F9F1F7D4
:101570003FF8009001910021454A080003F0D2F99C
:1015800094E5FCF753FCF1F733F8424A00900191DF
:1015900089E74623B0E7DB07B4D54723B1E7DB078C
:1015A000B5D54E23B2E7DB07B6D54223B3E7737157
:1015B00030233371C4E7B3792D2B01D10333BFE757
:1015C00031797371F1703271BBE753461D78013583
:1015D000AD004D44C72D05DC2C4A1378012B01D8F2
:1015E0000133BCE7237F002B27D12B4B1D88F6F757
:1015F0008BF81423002804D022790133002A00D06C
:10160000143B98B203F05EF85B46244C2EB224499A
:10161000606F032B18D8EFF725FB011C4046EFF74E
:1016200053FCEFF72BFE1F4A03003100002003F0AC
:1016300079F91D492800FFF7DDFC07B03CBC904656
:101640009946A246AB46F0BDEFF70CFB8834011C6F
:101650004046EFF739FC2168EFF72CF9F0F7C8FFA7
:101660000B4A009001913100002003F05BF9E0E7A4
:10167000E07D0108E67D01086C900108447D0108C9
:10168000407D0108F27D010838610108712A0020BF
:101690004E7D0108EC7D010860240020481D0020DB
:1016A00000002041F97D010854830108044B054ADC
:1016B0001B789B009B5818787F2398437047C0463F
:1016C000A52A002010050020F0B5002357464E46FD
:1016D000DE4645469946E0B504001F0093B00390EE
:1016E00005910693002C14D1A046E634E41B002C8F
:1016F00008DD404602F0F2FF230050223900F020BE
:1017000002F0AAFE13B03CBC90469946A246AB46F6
:10171000F0BD4A4601239340059A1A4200D13FE1A9
:10172000FF2307225B4207ADAB8023781340052BD4
:1017300000D041E1043B079300232B71D44B2A795D
:101740001B684B4500D03AE105236B805B331343A4
:101750002B71039ACF4B9A4200D033E14B46052BB5
:1017600007D1CD4AFC33FF33D3585A1E934102337D
:101770006B71072322781340032B00D03CE12689AC
:10178000E38836041E430CD0637899B2120705D55E
:10179000069A0F2194460B40634499B22A004846AA
:1017A000B047A288638812041A430AAB0293002A46
:1017B00004D0AB6820210298F3F744FF0722237876
:1017C0001340062B0ED16078FEF792FBA288618849
:1017D000B24B12040A430E3320210AA8F3F732FF5A
:1017E0000AAB0293AE4B1E88FFF760FFBBB29A466E
:1017F00000953300002800D190E18222514652002A
:101800001E20FEF7C5F905222423AA560493002AB8
:1018100011DB33000B3BD90FC91816235343A14AE0
:1018200049109B180093C9190B231022212002F0A4
:1018300061FF35230493102223789346134227D067
:101840003300103BDD0FED184A460A235343039A39
:101850006D109046984443465B78934A1B095B01A0
:101860009B18ED1900935A465B462900FA2002F0B6
:1018700041FF43460F2285205B78290013408B4AA5
:101880005B019B1800935A465B46400002F032FF12
:10189000072223781340062B00D03DE16378022B0A
:1018A00000D0AFE07C4B9B461D6D3300093B534499
:1018B0001BB298467E4BA0359A465B46586DEFF7B3
:1018C00047FD80231B069C466044F0F791FE52467C
:1018D0000090019141462A2003F024F85B46586DA0
:1018E000EFF736FD80231B069C4672496044EEF7F5
:1018F000E1FFF0F77DFE52460090019141465E20E7
:1019000003F010F86C4A4146922003F00BF85B4656
:10191000586DEFF71DFD6749EEF7CCFFF0F768FE55
:101920005246009001914146C62002F0FBFF5B4603
:10193000586DEFF70DFDF0F75BFE524600900191F8
:101940004146FA2002F0EEFF002D00D1E4E01E2D0A
:1019500000DA1E25594B281F009307220523390062
:1019600002F0C8FEBB19984609235B4243449B46DC
:1019700091235B0052259A462A0028004346594687
:10198000343503F08BF85545F6D102230E3EF20FA5
:1019900092195210D219D21A0499029802F086FFB5
:1019A000200006A9FDF768FF01239C463C4B04007C
:1019B0001B88E144FF1895E6414B0793BEE6702370
:1019C0005B42C4E63F4B039A9A4209D14B46012B36
:1019D00000D0CEE6304B1B795A4253410433C7E660
:1019E000394B039A9A4200D0C3E64B46012B00D0F4
:1019F000BFE6294B5B79EFE7A38862881B0413439A
:101A00000293DBE60B2B67D1F5F7F2FB8046F5F787
:101A100003FB8346F5F732FB5946051C4046EFF7BA
:101A200053FA2A49EFF71EF9291CEEF743FF28491C
:101A3000EEF7A6FD8121C905EEF7A2FDEFF71EFC2A
:101A40003300093B53441BB29A46224B51469846F9
:101A50000A23424605005B422A2002F063FF01236D
:101A600042465B4251465E2002F05CFF5146124AFC
:101A7000922002F057FF424651460123C62002F051
:101A800051FF0A2342465146FA2002F04BFF5BE722
:101A9000242B002090850108481D00202C2B0020BD
:101AA0000C050020BC7C01082C8201083091010843
:101AB000FD7D010800002041067E0108C09101085B
:101AC00004000300508C01082883010800007C43B7
:101AD0000000F0410A7E01081A2B1DD1F5F788FBA2
:101AE0008046F5F799FA8246F5F7C8FA5146051C83
:101AF0004046EFF7E9F91F49EFF7B4F8291CEEF774
:101B0000D9FE1D49EEF73CFD8121C905EEF738FDF0
:101B1000EFF7B4FB050017E7002337E750225146E3
:101B2000F020FEF735F80522AA56F725002A10DB2B
:101B300033000B3BD90FC918162353430F4A4910E2
:101B40009B180093C9190B231022F22002F0D2FD3A
:101B50000B350298FEF750FC0B2252424243961975
:101B6000F20F92195210D2192900029802F06EFE5B
:101B700016E7C04600007C430000F041BC7C010831
:101B8000F0B5012407000E00164B8FB0039303AB92
:101B90001C7115000093B4223C2350214620FDF710
:101BA000F7FF55225021380002F050FE200002F0CD
:101BB00095FD2623AE226321492002F04DFC7122BF
:101BC00030005A2102F042FE074BFA219C4607489A
:101BD000890068436044EEF70BFBF1F7B5F80FB0EE
:101BE000F0BDC04604000300E7030000102700001A
:101BF000F8B5194B47461B68CE469846174B184C0C
:101C00001E684346626D80B581469B1B934200D29D
:101C10006365636DFC2118005D08EEF7E9FA76193B
:101C200007004E4507D94B463900F01AEEF7E0FAA7
:101C3000236D181A20654D44A84508D24346390043
:101C4000E81AEEF7D5FA236D9C46604420650CBC7B
:101C500090469946F8BDC046BC040020141C0020E4
:101C6000481D0020012110B5044B054A1B7849424C
:101C70009B009858FFF728FD10BDC046A52A0020FC
:101C80001005002010B5044B044A1B7801009B008E
:101C90009858FFF719FD10BDA52A00201005002057
:101CA00001220F4B70B51A70FDF742FEFFF7FEFCE4
:101CB0000C4D0D4C00280CD0FDF76EFC00232B8042
:101CC0002380FFF7CFFF1423084A11880B431380AA
:101CD00070BDD2232B80064B1A880A235343EFE7AB
:101CE000292B0020E004002060240020541C002048
:101CF000DE04002010B50400FDF704FA064A13784C
:101D0000052B01D8013313701378044A9B009C50B3
:101D1000FFF7C6FF10BDC046A52A00201005002011
:101D200070B586B0002A3BD01F4D0C322B00083313
:101D30000021D86F1400EEF7DDFB002825D1032029
:101D4000F7F7CCFB80239B000600E858EFF700FB79
:101D50001649EEF7AFFDF0F74BFC049005910835FE
:101D6000E86FEFF78BFA02903000EFF7F1FA0F49C6
:101D7000EEF7A0FDF0F73CFC0D4A00900191202108
:101D80002000F3F75FFC06B070BD0320F7F7A6FB59
:101D90000028D4D1074A20212000F3F753FCF2E7B2
:101DA0000548FFF7A7FFEEE7481D0020002474490F
:101DB0007E8E0108968E01084C8E010837B5002AE8
:101DC0001BD010490C32CB7D14000F4A9800855867
:101DD0000422934306D12B000C4A20212000F3F764
:101DE00031FC37BDC86EEFF749FA00950300084A89
:101DF00020212000F3F726FCF3E70648FFF77AFFDF
:101E0000EFE7C046481D0020C48B0108478D01083C
:101E10004F8D0108688B010810B5002A09D0074BC7
:101E200006333E215B5E064901339B005B5893609D
:101E300010BD0448FFF75EFFFAE7C046481D0020CA
:101E4000308C01081C8C010870B5374D0C002B003C
:101E50002B331B785BB2591C0DD0002A33D00020E5
:101E60003249C881042C22D006D8844215D0022CD5
:101E700016D00E31916070BD102C18D0202C16D0C9
:101E8000082CF6D10C204343ED18B3352B781800FD
:101E90000633313088735380EBE731338B73E8E7D7
:101EA0000C2058432818B230007831308873002055
:101EB00050710C304343ED18B0352B781C42D8D00C
:101EC00001235371D5E7022C13D10C225A43AA18CF
:101ED000B0321278224214D11548FFF70BFF2B22A3
:101EE0000C23AA565343ED18B0352B781C432C70A5
:101EF00010E0082C05D10F4B0F481A70FFF7FAFEBF
:101F0000B9E70C225343EB18B0331A78144204D0CB
:101F1000A2431A70FCF77CF8ADE7002CDFD107482C
:101F2000FFF7E8FEF6E7C046481D00202C2B0020F6
:101F3000EC880108702A0020648901085089010892
:101F400010B5034B03481960FFF7D4FE10BDC0461F
:101F5000682A002000850108F0B5C64600B5304B60
:101F600086B0904618782F4C002A47D06023250071
:101F7000434341351A00FF35EB180025E032A21823
:101F800016781032771EBE41AD199A42F8D1002D55
:101F900005D1602201234243A218E03213700623C8
:101FA000434359180D000E352D01635D09015A1E7A
:101FB0009341424661185371E8310868EFF7C8F958
:101FC000F0F716FB6519060068680F00FBF72EFF97
:101FD000237D154A9B009B5845460493F0F708FB68
:101FE0000C350290039100960197104A2021280099
:101FF000F3F728FB06B004BC9046F0BDCAB2062138
:102000000B4B41431A70012389180E310901094A0B
:1020100063541370F6F7AAFD0748FFF76BFEE9E774
:10202000702A0020481D0020D89D01083087010833
:10203000632A0020B0040020F486010870B508006F
:10204000002A53D0002906D14F4B1B78591C063368
:102050009160538070BD012908D14C4B34331978FD
:10206000494B1B78194108405071F3E7022906D10A
:10207000454B1978454B5B181B7B5371EAE70529E3
:1020800016D11000404B0C301978404B5B180233CE
:10209000DB7F002B06D0012151713D4A1F31F3F740
:1020A000D1FAD7E7537120213A4AF3F7CBFAD1E7B7
:1020B000042908D1344B19781623022947D0334B11
:1020C0005B18DB7BD9E70329C4D12F4B19782F4B41
:1020D0005B189B7F1900481E814151710C32100022
:1020E0002D4A9B009B5820212C4AD8E70529B1D8BE
:1020F000EEF76AF8030734473F3D2948FFF7FAFD3A
:10210000A8E7224A012513003433197800231C0064
:1021100008001841013328402418032BF8D10D0082
:10212000194B1878012305411D4212D09C4204DD51
:1021300083403432994311708CE7FA221949D20056
:102140001948FFF71DFD2023184A11880B431380FF
:1021500080E7834034320B4313707BE70A4B1A78D5
:102160000A4B9B180122197B4A401A7372E71048E8
:10217000C4E7054B1878012800D96BE7F5F78EF90D
:1021800068E70C48BAE7C046702A0020481D0020C6
:102190002490010836900108947C010843900108BE
:1021A000A48F01084B90010865900108541C002081
:1021B000388E01085483010810B50248FFF79AFDD4
:1021C00010BDC046BC87010810B50248FFF792FD5C
:1021D00010BDC046FC85010870B5174C2378002B54
:1021E00028D0FFF763FA002824D102F077FA134DC4
:1021F0002B7F002B01D0FDF725FA6B7F104D002BB4
:1022000008D0104B29881B8850221B015B1AF02034
:1022100002F022F936230C4A11880B4313809122D5
:102220000A4B52001A800A4B1A880A2353432B8008
:102230000023237070BDC046292B0020481D0020BC
:10224000602400200C050020541C0020E004002025
:10225000DE04002070B5124D06002B78002B1AD03A
:10226000FCF750FFFFF722FA04002B78013B2B709C
:10227000FFF71CFA631E9C41844204D03623094AAE
:1022800011880B4313800122074B52421A60002E23
:1022900002D0FFF7A1FF70BDFFF702FDFBE7C046CC
:1022A000A52A0020541C0020242B0020852110B5D5
:1022B00006488900445C002A01D0547110BD0123F6
:1022C000634043541000FFF7C5FFF7E7481D0020A7
:1022D00010B5481E141E0DD0094B890006333E224E
:1022E0009B5E181A43425841064B0430CB5860712C
:1022F000A36010BDF4F7ECFB2000FFF7ABFFF8E79D
:10230000481D0020308C0108164B800010B5C458C1
:10231000002A0DD0144B9B7CA34206D1134B936033
:10232000052353805C33137110BD114B9360FBE7A1
:102330002000F7F7B9FD032C07D82000EDF744FF84
:1023400002020B0F0120FFF785FF0423094A1188C1
:102350000B431380E8E70848FFF7CCFCF5E7074894
:10236000FAE7C046EC7F0108481D0020588B0108A1
:102370005F8B0108541C0020BC870108FC85010804
:1023800010B5002909D0084B1A68084B1968084B8A
:102390001868F5F741F902F035FC0020054B18608C
:1023A000FFF758FF10BDC046A02A00206C2A00206D
:1023B000682A0020500E00200F4B70B518002B30FB
:1023C00000780C2440B2002A0DD044431B19B333CB
:1023D0001B784D1C5B1A584243410631043395600B
:1023E0005371518070BD44431B19B33319701000F1
:1023F000FFF730FFF6E7C046481D0020F8B515008E
:102400004E1E164C0C27002A0ED023002B331B78AF
:102410005BB27B43E418B23420789160801B434266
:10242000584104305071F8BD3A007243A2181300AD
:102430000121B1331970B4320023D15E3000F6F7B8
:102440008DFE2B2020564743E419B2342670FCF74A
:102450003DFE2800FFF7FEFEE5E7C046481D0020D0
:102460002B20F8B5124B1856002820DB002202263C
:10247000150099180C00B1342778002F09D00F00EF
:10248000B0373F78374204D0B2310978814200D169
:1024900025700C32302AECD10024243A42439B1898
:1024A000B1331C70FBF7B4FD2000FFF7D3FEF8BD7D
:1024B000481D0020F8B516004C1E244D0C27002A9C
:1024C00008D07C432C19B1342378B1605A1E934153
:1024D0007371F8BD3B006343EB181A000121B13260
:1024E0001170B4330021595E2000F6F737FE2A0040
:1024F00017492B32631C1ED10023CB560C7013706E
:10250000013308D139007143B131695C01290AD125
:102510002B002B331E702B202856FCF7D7FD0020F4
:10252000FFF798FED5E70136042EEBD12B00FF22F2
:102530002B331A70EFE7002063B2002410560C57BB
:10254000844200D008701370E5E7C046481D0020A3
:10255000380500202B2070B52B4C0E002056FEF7BE
:1025600041F8051E19D0042E0FD83000EDF72CFECF
:10257000030303163E002900F7F776F8022E04D174
:102580000322224B5A72023A5A730120FFF762FE6D
:1025900004231F4A11880B43138070BD00201D4E79
:1025A0003056431C03D02B23E35683420BD1022029
:1025B000F6F794FF291A854200D2411B03204900F7
:1025C000F7F752F8E1E7FEF70DF8041EE5D0854273
:1025D00005D900203056FEF705F82C00050029002B
:1025E0000020F7F741F821000120E9E72B220C2316
:1025F000A2565343E418B4340022A35E064A9B005B
:102600009858F7F77DFEC0E7481D00202C2B0020CE
:10261000541C0020380500207C0E002010B5012934
:1026200002D0022907D010BD0422044B08001A7002
:10263000FFF710FEF7E7F6F72FFAF4E7D4040020CF
:1026400010B5044C2378002B00D110BD0020FFF7FB
:1026500001FEF7E7A52A00200D4B490070B51500D3
:10266000CC5A002A0DD00A212000EDF7C1FD094BFC
:1026700080B2A860986D001B4342584104306871D5
:1026800070BD2000F5F718FD0120FFF7E3FDF7E727
:1026900020910108481D002010B5141E0BD0094BD5
:1026A0005B569360084B2E331B78591A48424141C0
:1026B0000431517110BD0800F4F710FB2000FFF742
:1026C000C9FDF7E7C86E0108481D002070B56020FD
:1026D0001B4B1C491C780B00604341330200FF3345
:1026E00018180023E0325218157810326E1EB541CA
:1026F0005B198242F8D1144A1078012B0ED10622C0
:10270000624312180E3212018B5C002B06D0FA22A3
:102710000E4992000E48FFF733FA70BD0528FCD829
:1027200006236343002401221B180E331B01CC54E3
:10273000084B1A70F6F71AFA2000FFF78BFDECE74A
:10274000702A0020481D0020632A0020D886010836
:10275000EB860108B004002010B508000A4B002ADF
:1027600009D02A3319781E234B43181A414241419C
:102770000431517110BD5A71EEF7EAFDF4F792FD84
:102780000120FFF767FDF5E7481D002010B5022482
:10279000134B987CA043002A15D001280BD1114877
:1027A0002A33906018781E234343591A4B425941EB
:1027B0000431517110BD0C4991605B79591E8B41F8
:1027C00004335371F6E7012807D100205A71F4F75A
:1027D00069FD0120FFF73EFDECE7F4F701FCF8E7A7
:1027E000481D002050830108837F010810B5002A8E
:1027F00007D0074B1B7D591A4842414104315171A2
:1028000010BD0800F7F714FD0120FFF723FDF7E7DF
:10281000481D002010B5002A06D0074B1B79591E11
:102820008B410433537110BD0120F4F7EFFB0120FD
:10283000FFF710FDF7E7C046481D002070B50D00FA
:10284000141E0C4E0ED020004B1C0B4A20210C30C5
:10285000F2F7F8FEAB1D63803378AB4201D116234B
:10286000238070BD3078F4F7C9FD2000FFF7F2FC3B
:10287000F7E7C046702A00202C8E0108F8B50D003D
:1028800014004E1E144F002A1ED010000C300029D8
:1028900015D00B00114A2021F2F7D4FE6B1D638086
:1028A0003A780F4B9B180233D97F491B4B42594151
:1028B00004316171B24201D116232380F8BD094A67
:1028C0002021F2F7BFFEEBE738783100F4F7A0FDE6
:1028D0002000FFF7BFFCF1E7702A002024900108D8
:1028E000481D00203690010810B5002A0BD04B1C63
:1028F0009360124B1B785B1A5842434106310433F4
:102900005371518010BD0E4B0833DB7F5BB2013336
:1029100010D002290ED1FA220A49D2000A48FFF744
:102920002FF92023094A11880B4313800020FFF759
:1029300091FCE7E7014B1970F8E7C046702A0020C8
:10294000481D0020B88F0108EB860108541C0020A8
:102950007FB50D00141E23D0080002F0DFF90C34FF
:10296000061E16D0030098331868EEF7F1FCEFF757
:102970003FFE0290039194363068EEF7E9FCEFF7E2
:1029800037FE124A0090019120212000F2F75AFEF2
:102990007FBD2B000E4A20212000F2F753FEF7E7FF
:1029A00063290BD91000F7F72FF901204042F4F703
:1029B0008FF8652D01D1F3F7FDF82500280002F00E
:1029C0006DF90120FFF746FCE2E7C046008E0108E2
:1029D0000E8E01087FB50E0014000800002A22D0D8
:1029E00002F09CF90C34051E16D0030098331868C9
:1029F000EEF7AEFCEFF7FCFD0290039194352868EA
:102A0000EEF7A6FCEFF7F4FD0E4A009001912021AD
:102A10002000F2F717FE7FBD33000B4A2021200073
:102A2000F2F710FEF7E702F099F9431C05D1002EEA
:102A300003D1064B987CF7F7E7F80120FFF70AFC73
:102A4000E9E7C046008E0108B0870108481D002054
:102A500010B5064B987CF7F7D7F8F5F701FD012282
:102A6000034B1A70FFF7B8FB10BDC046481D00208D
:102A7000B0040020F0B55746DE464E464546E0B568
:102A80007A4B83B01A787A4F022A03D13A7882427D
:102A900000D1C1E0774C3870C0000259764E3260E8
:102AA00002221A70FEF702FE002801D1FFF7DAF8C1
:102AB000002533681B789D4200DA8BE0112001F07D
:102AC00001FE122001F00AFEA022D0215200202394
:102AD000002001F0C1FC3B78DB00E41864682000B2
:102AE000FDF78AFC0B22524250432030C20F1218CD
:102AF0005210D0320A21200001F0A8FE5F48FDF7F5
:102B000089FC002233681D785D4B1A705D4B1B7881
:102B1000934200D080E030239B46013DFCF74EFFFE
:102B20005B4618425FD0FA27BF002023564C22682C
:102B3000184202D0531E52D423601023184204D0EE
:102B4000236801339D424CDB23601000FDF788F8B9
:102B50002068FDF785F83800F0F7F6F8FCF76AFF13
:102B60000028E2D1FDF708FE022800D072E001241F
:102B7000684601A9FDF7EAFE3368444A1C579946A6
:102B8000E400A35A0098834264DC141962889246D8
:102B9000019A904692455DDCA188C01AEDF7B2FB20
:102BA0004346524607000090E188981AEDF7AAFBC9
:102BB0000F23019018404B4600243F0138431A78F8
:102BC000C0B2944246DA63004B449B7883422AD0D9
:102BD0000134F6E72800FDF743F8013569E7256081
:102BE000ABE70023B0E70128BCD1274B18680028C9
:102BF000B8DBFEF735F90028B4D00022244B1A6068
:102C0000FCF7CAFCFEF752FD00282BD0FFF748F86E
:102C100001221D4B52421A6003B03CBC90469946BB
:102C2000A246AB46F0BD184F20003B683C6098467A
:102C3000FDF716F84046FDF713F8FDF755FE0123A2
:102C400020005B423B60FDF70BF82000FEF708F91F
:102C50000028D2D10F4B1A78002A00D15EE700225B
:102C60001A70CAE7FFF7B8FAD6E7C046292B00204A
:102C7000722A002058800108742A0020C96F0108B8
:102C8000782A0020630E0020242B0020FC7F0108FE
:102C9000882A0020571C00200A4B10B519009833D1
:102CA000943109681B68002A05D00748994200D171
:102CB0000648906010BD1F20994200D01820FFF7F1
:102CC000D9FEF7E7481D0020EF850108EA850108D5
:102CD00010B5104B104A19780023994201DC0020EE
:102CE0000BE05C00A45A844212DD0C4A9B00985809
:102CF000232803D8FFF7BEFE012010BD0122084B98
:102D000052421A600022074B1A70FEF7F3FFF3E7F6
:102D10000133E2E7A42A0020FC2A0020AC2A00208C
:102D2000242B0020A52A002070B5151E0C4C05D0C0
:102D3000353423785A1E93416B7170BD3534F4F7E6
:102D400037F82378002BF8D0064B074A11201A6079
:102D5000FFF790FE012328002370F4F757FEECE7FD
:102D6000481D0020882A0020128D0108F0B5454634
:102D70005746DE464E46E0B55B4F83B08846151E8B
:102D800038681BD00A2358434044584E07001C3073
:102D90008400A059EFF72CFC3A3700900191BF0056
:102DA0000C35BB59524A20212800F2F74BFC03B0E6
:102DB0003CBC90469946A246AB46F0BD012803D0E4
:102DC000022822D00028F2D10A24F6F71DFF494933
:102DD0000320F6F749FC3B68444A634343443A33D3
:102DE0009B0099580220F6F73FFC01234146424AD6
:102DF0004248D376D486424A1160424A13603A6808
:102E0000414B1A60FEF776FFD1E73B4B0A249B4605
:102E10009B7C9946F6F7F8FE01239A4652463B4BB7
:102E20003B481A70F4F7A0F93B68304E63434344C3
:102E30003A339B0099590420F6F716FC5B463A6832
:102E40001D72624342443A3292002B00925929008B
:102E50002800F7F72FFE3A685146624342443A325F
:102E600092002B0092592800F7F724FE294A3B686C
:102E700092460E2252449346634343443A339B00A6
:102E80009B59254A1C215846F2F7DCFB5A46234B36
:102E90001C201A60224B9B461D70FFF7EBFD5B4622
:102EA0001B78002B1BD053463D6819686C43444483
:102EB0001C341748A400EEF707F8A159EDF760FBA2
:102EC0001349051CEDF730FB002808D01549281CD4
:102ED000EDF716FB002802D0A55101F093FE4846FD
:102EE000F6F792FE63E7C046682A00202C03002014
:102EF0003485010840420F00481D00205C85010810
:102F00006C2A0020500E002040200020B004002039
:102F10000000C8C12C2B002045850108882A00200C
:102F2000782A00200000C8410B4B0C4A70B51A608B
:102F300000230B4C1C2023700D00FFF79BFD237812
:102F4000002B08D0074B08481A68084B1A60084B3A
:102F50001D60FEF7CFFE70BD882A00204C86010858
:102F6000782A00202C2B002000850108A02A0020B0
:102F7000682A0020F7B5141E50D1294D0220AF7CDD
:102F8000F6F742FE2748F4F7EFF827490420F6F752
:102F90006BFB2300244A210020002C72F7F78AFDE6
:102FA0002300214A01212000F7F784FD1F4B204D0B
:102FB000204A1C201A602C70FFF75CFD2B78002B38
:102FC00029D01D4B1D4D1E681D49301CEDF7D8FA48
:102FD000696EEDF7D5FA1B490190301CEDF78AFABE
:102FE000002804D000230193B4235B00EC54019823
:102FF0001549EDF799FA00280DD001981349EDF71E
:103000007FFA002807D06A230122FF33EA54019B8C
:103010006B6601F0F7FD3800F6F7F6FDF7BDC04628
:10302000481D00200000C8C180C3C901882A0020B3
:10303000782A0020D88B01082C2B00202C0300209C
:103040000000C8410000C842000070C1000070418B
:103050000F4B104A10B522201A60FFF70BFD0E4BE4
:103060000E491868EDF746FA00280BD1FA220C49F0
:10307000D2000C48FEF784FD20230B4A11880B4335
:10308000138010BD01F0AAFE084B094ADA60FEE782
:10309000882A0020EC8301082C2B002000409A4451
:1030A000FE830108EB860108541C002000ED00E0BF
:1030B0000400FA05002373B50500060001933F4B99
:1030C0003F4A1B789B009C58013E0CD2002C19D023
:1030D000072026783040013805280DD8EDF774F820
:1030E00046132B090C4D200001A9FCF7C5FB040079
:1030F000EAE70020FFF7AEF8324B1B78012B01D135
:10310000FEF7B0FD73BD00222F4B5A732389E2886E
:103110001B0413430BD0627891B2300705D50F2101
:103120000A4001998C46624491B228009847274A88
:103130000423118817E00022234B5A732389E28865
:103140001B0413430CD0627891B2300705D50F21D0
:103150000A4001998C46624491B2002228009847A7
:1031600014231A4A11880B431380C5E72089E3888A
:1031700000041843FEF7BEFDBEE70022124B5A734F
:10318000FEF794FA002801D0FCF706FA2389E188BB
:103190000F4A1B040B4313606078042806D80221F1
:1031A0000C4B9B7C8B4304D10B4B1360FFF762FCF1
:1031B000BDE70A4B0328F8D0094BF6E7A52A002003
:1031C00010050020292B00202C2B0020541C00204F
:1031D000882A0020481D0020658601086F860108A6
:1031E0007986010870B5042907D80800ECF7ECFFD0
:1031F000030C0F242700FDF783FBFEF7EDFFFCF720
:10320000CBF9FCF7C1F916E0FDF7FEFBF5E7002569
:103210000D4C01202570FFF71DF80C4B00201A0003
:103220003032157086229200944600216344186063
:1032300059600823237070BDFDF73AFCDDE70448B0
:10324000FEF758FDF7E7C046D4040020481D0020D3
:10325000C483010810B50800002A1AD0204B0629A3
:1032600006D15B7E1F49073B9B005B58936010BDF6
:10327000043989B2012905D8997E1B4B0429F5D060
:103280001A4BF3E7197E081A414248410430507145
:10329000EDE706290FD1124A537E0133DBB2092B29
:1032A00007D85376507EF4F7B1FB0122104B1A7009
:1032B000DDE70723F5E70B1F9BB2012B08D8084B6E
:1032C0009A7E042A02D101329A76EEE70422FBE7C5
:1032D0000329EAD0F4F79AFBFEF77EFFE5E7C04644
:1032E000481D00202C050020BC900108BF9001085B
:1032F0003D0E002010B5002A07D0074BDB7E591A7F
:10330000484241410431517110BD0800F4F748FAB8
:10331000FEF762FFF8E7C046481D002010B50949D6
:103320004B7F002A03D0591E8B41537110BD5A4266
:103330005A414A77002B00D10B77FCF783F9FEF74F
:103340004BFFF3E7481D002010B50F490B7F002A03
:1033500009D0591E8B4153710C32100020210B4AA9
:10336000F2F770F910BD0133DBB2022B0AD80B77EC
:103370000B7F002B01D000234B77FCF763F9FEF79E
:103380002BFFEFE70A77F3E7481D00200A910108B9
:103390003549F0B50D00D6464F464646A435C0B572
:1033A0002B68002A0AD031498C466344591E8B4150
:1033B00053711CBC90469946A246F0BD2C4A9342DC
:1033C00003D02A60FEF708FFF3E701260431CC8F13
:1033D000284B34409846284F23D12000F6F77EF83A
:1033E00081463000F6F77AF84246244B82462000A8
:1033F0001360FFF73FFB4846EDF7AAFF011C386852
:10340000EDF762FD1E49EDF7BBF8EDF7A1F849466F
:1034100028602000F6F728F951463000F6F724F925
:10342000D0E70220F6F75AF804000320F6F756F822
:103430004246144B060002201360FFF71BFB2000DE
:10344000EDF786FF011C3868EDF73EFD0C49EDF7FE
:1034500097F8EDF77DF8210028600220F6F704F9CF
:1034600031000320DAE7C046481D0020001F0AFA99
:1034700000E1F505882A00202C2B0020188D01087A
:1034800020BCBE4C2F8D010810B50F4B997C002A33
:103490000FD0002909D10D4906339160D97F0B1C4B
:1034A000022900D90223537110BD094991609B790B
:1034B000F9E7002904D1F4F75FF9FEF78DFEF3E791
:1034C000F3F7A8FCF9E7C046481D00205D8D010810
:1034D0006A8D010810B50C4B0C001878002A08D032
:1034E0000A4B1818817F091B4B4259410431517115
:1034F00010BDF4F77DF9082C03D10548FEF7FAFB5F
:10350000F6E7FEF769FEF3E7702A0020481D002069
:103510001C870108F8B5CE4647460D0080B5C74C5C
:10352000002A0AD00534E17F491B4B42594104313E
:1035300051710CBC90469946F8BD1000FEF78AFE0A
:10354000F4F78EFF002D24D0631DDB7F002B20D1EC
:10355000681E0F284FD8ECF741FE2B00540087005F
:10356000A300B300CB00D10008014A005B014E006C
:103570004E004E004E004E00BD00FA22B049D2006F
:10358000B048FEF7FDFA20230025AF4A11880B430F
:103590001380631DDB7F062B05D12200022134320C
:1035A00013788B43137000210800F4F721F9CFE75B
:1035B000A07CF6F729FB23000220BC3318702300FF
:1035C000C8331870A14AA24BD43420701A60FFF798
:1035D00051FAA04B1868ECF7BBFF0021040008006B
:1035E000F6F742F8052101206143F6F73DF8042182
:1035F0000020F4F7FDF8FEF7EFFD2800F3F746FB97
:1036000097E7A07CF6F700FB22000123B13213708C
:103610002200C93213702200D53213702033BC341B
:10362000FF3323808A4F8C4B02203B60FFF722FA46
:10363000884C2068ECF78CFF884B060002203B602A
:10364000FFF718FA2068ECF783FF311804004908E7
:103650000220F6F709F80A21A41B6143804B994226
:1036600000D219000320C0E7A07CF6F7CDFA83232F
:10367000BC345B002380764C7A4B02202360FFF73A
:10368000F9F9794B03202360FFF7F4F98121C9058B
:10369000704B1868EDF7E6FAECF75AFF0100E1E726
:1036A000A07CF6F7B1FA6A4C6E4B02202360FFF75C
:1036B000E1F96E4B03202360FFF7DCF96C49E7E783
:1036C000220001230520BD32C93413702370F3F7A3
:1036D000DDFA90E722000123BD32C9341370237054
:1036E000644A5B4B1C201A60FFF7C4F91020EEE718
:1036F000022334342278134323707CE7A07CF6F74E
:1037000083FA23000122BD331A702300C9331A70D3
:103710004F4B0026994690464A46524BB03426708D
:1037200002201360FFF7A6F94A4F3868ECF710FF44
:103730004A46514B040003201360FFF79BF9386899
:10374000ECF706FF0521070041430320F5F78CFF46
:1037500021003000F5F708FDE11B4046F5F704FDB8
:10376000E1190220F5F700FD41E7A07CF6F74CFADD
:1037700022000123BD3213702200C93213702300CE
:103780000022B0331A70324F364B022090463B6015
:10379000FFF770F92F4E3068ECF7DAFE0100404673
:1037A000F5F7E2FC354B03203B60FFF763F9336824
:1037B0003349181C9846ECF7A3FE002800D0DCE63D
:1037C00030494046ECF7B0FE002800D0D5E62E493F
:1037D0004046EDF76FF8ECF7BBFEF4F76DFC2B4CB1
:1037E0002B4B03203B60FFF745F9211C3068ECF7B9
:1037F00087FE002800D0346081213068C905EDF7CC
:1038000031FAECF7A5FE01000320F5F72DFFF2E6F3
:10381000A07CF6F7F9F90023B13423700C4C1D4B52
:1038200002202360FFF726F91B4B03202360FFF7DC
:1038300021F9084B0E491868E1E7C046481D0020F1
:10384000108A0108EB860108541C0020208A010818
:10385000882A00202C2B0020398A0108528A01086E
:10386000307500005F8A0108738A0108848A0108A4
:10387000000040408E8A0108928A0108B38A01083C
:1038800000007A4400401C450000C84200803B46CE
:10389000D58A0108FA8A01080C8B010810B509497C
:1038A00028310B78002A03D0591E8B41537110BD6B
:1038B0005A4253410B70FEF78FFCFBF76DFEFBF78E
:1038C00063FEF4E7481D0020084B094A10B51A6052
:1038D0000022084B21201A70074B1B7D032B00D8B8
:1038E0000620FFF7C7F8FEF777FC10BD882A0020F6
:1038F000788C0108782A0020481D00209023F0B51C
:1039000057464546DE464E46DB051A690E23E0B5AE
:103910001A40874B8BB09A461B789046002B09D1F2
:10392000FDF7C4FE002805D00122824B52421A60E6
:10393000FEF7B6F9804B9B461B78DB0703D47F4B21
:103940001B8843450CD053461D78002D29D0012DEE
:1039500000D1A7E04246794B1A8000235A461370E3
:103960005B461B789B0713D5FCF706FF013801283F
:103970000BD806A905A8FCF7E9FF53461B78002BD6
:1039800000D1E5E0012B00D1EFE100226A4B1A7073
:10399000FCF7C0FC0BB03CBC90469946A246AB4637
:1039A000F0BDFCF70BF8031ED4D00124044002D074
:1039B000FEF776F9CEE7624A507A0328CAD8ECF7C8
:1039C00003FC02063B461800FCF7C0F9C2E75D4D58
:1039D00001262F0076422B372B202856421C21D05F
:1039E000002C1ED19A0622D5F4F770FC0600731C39
:1039F00012D00C240020230038564343EB18B43374
:103A00001E80F5F7ADF900232022FB565C432C19EC
:103A1000B03423789343237000203856FBF756FBCD
:103A20000424013CFCF706F8031ED5D192E7DB061F
:103A3000DDD5F4F7ADFCD9E7424A0432D28FD20784
:103A400000D5022421001800FCF7E2FD82E73D4A80
:103A5000100011009430983100680968884219D12B
:103A6000802189005058E122D200904200D21000FB
:103A7000DA0609D50A2319215843ECF7B9FBFBF7FD
:103A80008BFFF3F743F965E79B06F8D519230A2165
:103A90005843F2E70432D08F012203211042D2D1E1
:103AA0001100D0E7284B294A1B789B009B580293B2
:103AB000FBF784FF061E00D14CE7FBF723FF83B220
:103AC00099461C4C2E4228D130001E002F00102297
:103AD00023689F40104201D0013323602023184205
:103AE00002D02368013B236023689BB2B34203D317
:103AF000029B1B787F2B14D9FBF71AFF2800236841
:103B000098403843FEF7BEF8FA208000EFF71CF922
:103B1000FBF790FF0028D9D11CE7206883B29945B4
:103B200002D8FEF759FB15E7FFF7C4FA12E7C046C3
:103B3000292B0020242B0020A62A0020A82A0020C0
:103B40002C2B0020481D0020A52A00201005002055
:103B5000059B1D2B70DD069B01260293059B76427B
:103B60001E3B0393C8235B0098460025B346BC4C1C
:103B7000BC4B01221B782B41134220D00C239A46C8
:103B80006B4608229B5E002799466B460C269E5F7B
:103B900053467B43E3181A00B1321278002A0BD047
:103BA000B433198868B24B463200FAF747FA4045F9
:103BB00002DA8046BB4601950137042FE8D1013572
:103BC000032DD5D15E46731C40D0230000222B3339
:103BD0009A565A4502D0A4491E700A700C237343AA
:103BE000E41822002021B032137800208B43137098
:103BF000FCF7A2FB6A469D4B12791A7209A908A824
:103C0000FCF7A4FE0898019A1E3809990890FAF763
:103C10002BFA00280BDB2300B433188080B2F4F7B2
:103C200089FF2300B83318603000FBF74FFAFCF728
:103C3000A3FD0328E2D1A8E6069CFCF755FE200070
:103C4000FFF746F8002800D09FE684E7FDF72EFD39
:103C5000002839D105990B00193BD72B34D8069E83
:103C60001E2E31DC02270F2E00DC070001229629D0
:103C700000DC0022D7190C2213004343B133E35C6C
:103C8000002B1DD0002F1AD1230000222B339A566F
:103C9000824210D1FCF728FE0122754B52421A6075
:103CA000744B75481F70FEF725F8182E0CDC0020A9
:103CB000FCF742FB69E61870FBF708FAF5E7013FED
:103CC00001300428D8D1F0E76C4B06981A880A23F3
:103CD0005343059E984235DDFCF706FE952E0BDC1E
:103CE0000225624B5B7AAB422AD10434E08F40005C
:103CF0002840FEF7BFFE48E6F92E0ADC0123043413
:103D0000E28F5340E38702235D4A11880B431380FF
:103D10003BE6564B5B7A032B12D1220023009432F0
:103D2000983312681B689A4206D001230434E28F4C
:103D30001A4203D02800DCE71325FBE71D00F9E752
:103D40002800B5E71D2E0DDCFEF7C2FF002800D0CD
:103D50001BE6FCF7C9FD0122454B52421A60FDF7F4
:103D60009FFF12E61828F4DCA1E7059B454A984618
:103D7000404B069F1B789B009C58FDF797FCF02357
:103D80009946002801D0D23B99463F4A00239346EA
:103D9000072220001D00924644460793002809D1BF
:103DA000FDF784FC002800D0EFE5FCF79DFDFEF751
:103DB00013FAEAE55A46514616880278F6180A4080
:103DC000052A00D104E29F4200DC01E2B74200DB99
:103DD000FEE14C4500DCFBE1A046040001200300AD
:103DE000AB409A46224F00263B683D6098405346C0
:103DF0001843FDF747FF63789B46FBF739FD0190B9
:103E0000FCF7BAFC002806D0FBF732FD019BC61A6E
:103E10001E4B9E42F4D9FDF749FC002800D1CCE1AD
:103E2000072223781340062B00D0C6E1184B9E4290
:103E300000D950E143464A463421981AECF762FA19
:103E40005B46074E0B2B00D084E1042800D948E1E3
:103E5000ECF7C4F97E017701B3017A017C01C04619
:103E6000481D00207C1D0020380500202C2B002040
:103E7000242B0020A52A002054880108DE040020FD
:103E8000541C0020100500200C05002088130000A1
:103E90008713000009A908A8FCF758FD089B1B1B05
:103EA0000133022B00D89CE02800FCF721F8089C85
:103EB000022D00D0B3E0A03C26007F2C54DD7F26ED
:103EC000C64BC74C99464346002B53D14B461B6DFE
:103ED0009B1B27334E2B4FD96368310098464B46C6
:103EE0001E650A23A0315A000C2900DD89E04B46EB
:103EF0005A65BC4E33680193BB4B019A1B689B1AF1
:103F00004A46526D9A4201D94A465365B34A002344
:103F10009146526D33606260B44A110093460222AA
:103F20000A70FCF731FEB249B24A8A461221504665
:103F3000F1F788FB3800FDF7A5FE019902223160F8
:103F40004146616059460A70FCF71EFEAA4A1221DA
:103F50005046F1F777FB00234A4640461365FDF7CC
:103F600047FE0123984637E023007F33A8DA7F26F7
:103F70007642A5E7022BAFD14B46FC21586DECF7FA
:103F800037F94B461B6DF31A58436368002835DA3E
:103F900042429A4232D900236360924B62681B68A6
:103FA0009A4200D26360904B62681B689A4200D9C3
:103FB00063604B4602221E658C4BA8461A70FCF7C4
:103FC000E3FD00208D4B6268187001000300F6F7D6
:103FD00071FD3800FDF756FEFA208000EEF7B4FEC2
:103FE000089CFCF7C9FB002800D053E70122844B52
:103FF000524238001A60FDF745FEC6E4C018606002
:10400000CBE79B0052089B18182902DC4A465365EF
:104010006FE724395B00002900DD64E7F6E70B2D2C
:1040200037D16E4B99469E6FF3F728F882462000F1
:104030001A38EDF743F95146ECF714FE7149ECF7E5
:1040400039FC311CECF79CFA041CF2F7E5FF011C6B
:10405000201CECF795FA624B852418604B46A400AF
:104060001B5D00269A464B461E55604B1D70FCF7A3
:104070008BFD4B46524638001A55FDF703FE0220D1
:10408000F5F72CFA3300020031003000F6F712FD8C
:10409000A6E71A2DA4D1F2F7F1FF8146F2F7BCFF93
:1040A000061C20001A38EDF709F94946ECF7DAFD4D
:1040B0005449ECF7FFFB311CECF762FAF3F754F8C4
:1040C0003800FDF7DFFD0220F5F708FA00230200B3
:1040D00019001800DAE70026574634005D46B0465E
:1040E0007FE70024B56FF3F783F8011C281CECF779
:1040F00047FA051C2000EDF7E1F8011C281CECF73D
:104100003FFA374B18608524A400335D5A460025DA
:104110009846364B35551A70FCF736FD43463355F5
:10412000012350465B423B60FDF7ACFD0220F5F7F2
:10413000D5F92B00020029002800F6F7BBFCFFF799
:1041400024FC01246442CDE70124CBE70A24C9E71B
:104150000A24F7E7022B30D104282CD8ECF734F8E6
:1041600003172D1D2900736D5C42002C1ADA022002
:10417000F5F7B4F96342984214D20022184B5A6002
:1041800000233365164B5868FDF732FDBBE70A2163
:10419000706DECF72DF84442E7E70A21706DECF7FB
:1041A00027F804000220F5F799F90D4B24185C60FC
:1041B000E6E7746DD9E70024F4E70022074B2800F6
:1041C0001A6501235B423B60FEF774FFFFF7DDFBDE
:1041D00007A9FBF751FB01353300DFE5481D00203F
:1041E0002C2B0020141C0020BC040020722A00206C
:1041F000EC040020C29D0108CD9D0108B004002000
:10420000242B002000007C430223024A11780B4338
:1042100013707047A62A002010B509490948EFF726
:10422000FFF8FBF76BFC084C08492000EFF70CF98E
:104230000A212000EFF718F9FCF76CF810BDC04612
:10424000647E0108040700201C070020DC7F0108B1
:1042500010B5FCF791FA0328FBD110BD10B5FCF79F
:104260008BFA03384342584110BD0000094B5B688C
:10427000002BFBD1074B00221A60074B5B68002B19
:10428000FBD1054B00221A60044B9B681B06FBD434
:104290007047C046300002401C0002400030014020
:1042A00008E0074B9B689B07FBD50178054B19700D
:1042B000110001304A1E92B20029F2D17047C04667
:1042C000003001400C30014010B50B4B9B681B06C1
:1042D000FBD40A4B40245C8340345C83084B187049
:1042E000054B9B681B06FBD4044B8020188389B2C6
:1042F0001000FFF7D5FF10BD00300140000400485A
:104300000C300140F0B585B001900D0017001E0083
:104310000AAB1C88FFF7AAFF7619013E36042E432C
:1043200076BA0396E419013C24043C4364BA02942F
:1043300003AA04212A20FFF7C7FF02AA04212B2089
:10434000FFF7C2FF002200210198FFF7BDFF05B073
:10435000F0BDC046F0B587B006000D0017001C0088
:10436000009313000A0001002C20FFF7CBFF0F4B36
:104370000C9ADA6022007A435A600D4A1A600D4B9B
:104380001B78002B01D107B0F0BD02A80A4B1A68B8
:1043900002929B888380C6800581478184817C430B
:1043A0006400A2B20C99F2F7F5FAECE73000024093
:1043B00091150000220E00200C5B0108074BFF2224
:1043C0001A70074B9B68DB07FBD5054B9B681B06E8
:1043D000F7D4024B1878C0B27047C0460C30014089
:1043E0000030014001E0064B1B78064B9B68DB0761
:1043F000F9D4044B9B681B06F5D4014B1B7870471E
:104400000C300140003001400D4A916980235B016E
:104410000B4393610B4B00211960C1218900196086
:10442000094959605169012001435161074A08490E
:104430008A6008498A601A6840210A431A607047F6
:104440000010024000300140031700000C30014012
:10445000300002401C000240F0B587B007000E009B
:1044600015001C0093B28AB281B2A0B200902C2039
:10447000FFF748FF174A184BDA6022006A430BE047
:10448000154B596015481860134B5B68002BFBD126
:10449000114B00201860521A002A05D01100104B51
:1044A0009A42EDD91900EBE70E4B1B78002B01D196
:1044B00007B0F0BD02A80C4B9A6802929B898380DA
:1044C000C78006814581848102220249F2F762FA9F
:1044D000EEE7C0465A2B00203000024011150000C4
:1044E000FFFF0000220E00200C5B010800B583B026
:1044F000002809D128236A4607321370012136208B
:10450000FFF7E2FE03B000BDE823F4E710B582B088
:104510009BB292B289B280B2064C0094FFF71AFFA8
:10452000054B5B68002BFBD1034B00221A6002B0E5
:1045300010BDC046602B002030000240044B1878AC
:1045400080028023DB0018404000024BC0187047F7
:10455000582B0020602B0020034B5B68002BFBD105
:10456000014B00221A60704730000240F0B583B062
:1045700004000D0016001F00FFF7EEFFFFF7DEFF3F
:10458000BBB2B2B2A9B2A4B200902000FFF7E2FE23
:10459000034A137801214B40137003B0F0BDC046AD
:1045A000582B0020F0B5C64600B582B01E00089C0E
:1045B00093B2B6B235005D43ADB28AB281B2009615
:1045C0002E20FFF79FFEFFF70DFFFFF7F7FE6900B4
:1045D000691889B21C4BDC6059601C4A1A601C4B7C
:1045E0001C4ADA6059601C4A1A60200001E0002968
:1045F00020D0154B5D68ADB20335ABB298469942F9
:10460000F5D3077846788378B208520312B25B017B
:10461000F8256D012B401343072297433B4376094E
:10462000A21C334323800330033989B21400884528
:10463000E7D3DCE7FFF71AFE084B40221A8302B0EB
:1046400004BC9046F0BDC0461C0002408110000032
:1046500030000240389E010811100000000400489C
:1046600010B5A022F023520000210020FFF7F4FE35
:1046700010BDC04670B5104B80221A839024E4050B
:104680000E4D65836420EEF75FFB25830C4C09E03B
:10469000A21C6178FFF718FE63780233E418142037
:1046A000EEF752FB20780028F2D1FFF7D9FF024B3A
:1046B00040221A8370BDC046000400480080FFFFFE
:1046C0003C9E010804304000024BC25A024B1A8043
:1046D0007047C0462C0300205C2B002004304000B3
:1046E000024BC25A024B1A807047C0462C0300206E
:1046F0005A2B0020F0B583B0009001911900089B5F
:1047000000200025114E16E06FB2002F0EDB104F77
:104710003F8837806D00EDB20134A4B20236944276
:1047200007DA6707F0D11D780133EDE7094F3F88BD
:10473000EFE7013080B2884201DA0024EFE70B0096
:1047400001990098FFF7E2FE03B0F0BD602B002056
:104750005A2B00205C2B002070B582B004000A297F
:104760001BD016398B005B185B005B180E4EF25C99
:1047700007252A400825AD1AADB20822805E0A221C
:10478000A15E9B1900930B232A00FFF7B3FF238937
:10479000ED182581002002B070BD0422835E0381E4
:1047A00043890B334381F5E7B0B2010870B582B09D
:1047B00004000A2919D01639CB005B1A0E4EF25CA0
:1047C00007252A400825AD1AADB20822805E0A22CC
:1047D000A15E9B19009307232A00FFF78BFF238913
:1047E000ED182581002002B070BD0422835E038194
:1047F000438908334381F5E728A30108F0B585B064
:104800000600039115000F0001E00835039F33787F
:10481000002B16D001360A2BF7D0163BDA00D31A3C
:10482000094A9918D35C072423400824E41AA4B247
:1048300000910723220029003800FFF75BFF3F1992
:10484000E5E705B0F0BDC04628A30108F0B585B086
:104850000600039114000F0001E00B34039F33782E
:10486000002B1ED001360A2BF7D0082B15D0163B93
:104870009A00D2185200D3180B4A9918D25C072319
:104880001A4008239B1A9DB200910B232A00210095
:104890003800FFF72FFF7F19E1E71320FFF712FF22
:1048A000DDE705B0F0BDC046B0B20108F0B585B097
:1048B0000600039115000F000AE01035039F07E082
:1048C00092B200910E2329003800FFF713FF3F1921
:1048D0003378002B14D001360A2BEED0163BDA00C9
:1048E000D31A9A00074BD11801329B5C072423404E
:1048F0000E24E41AA4B2221C082CE1D80922DFE716
:1049000005B0F0BD08A60108002803D0024A034BF9
:104910001A607047024AFAE7594701083C0500202F
:10492000AD4701080CB470B588B00CAA20CA04AC1D
:104930000023049305930A4E36680696079301AB4D
:1049400001949880D980188159810092290018001B
:10495000F0F784FC08B070BC08BC02B01847C04631
:104960003C050020F0B5DE4657464E464546E0B5CC
:1049700083B08846019299460C9B1638C100091AEB
:104980008A002E495018824601328A5C0720024074
:104990000E20801A84B298454DDC4D464A4662434B
:1049A00042449A4205DD4246981A4946EBF7AAFC72
:1049B00084B200239C46224A24E0224909881180BF
:1049C000013302329D4205DD01B20029F5DB1E49AB
:1049D0000988F4E70136400080B2B44201DD0023CB
:1049E000F0E70137BD4207DD534618880302000A8D
:1049F000184380B20026F0E701239B46DC440133D4
:104A00009B46DA4463460D2B01DC0027EAE74D465E
:104A100065434B46DB004A469F1A7B002A000199FA
:104A20004046FFF773FD280003B03CBC9046994612
:104A3000A246AB46F0BD0025F5E7C04608A6010832
:104A4000602B00205C2B00205A2B0020F0B585B095
:104A500005000C00170003930A9E07E0013500963D
:104A6000039B3A002100FFF77DFF241828780028D7
:104A7000F4D1200005B0F0BD10B582B00C001100DB
:104A80002C23434304481B180093162310222000B4
:104A9000FFF730FE02B010BDB09E0108F8B5CE465B
:104AA000474680B50600884614001D00294A118833
:104AB000294B188810801980A64213DC2B0045462C
:104AC0009846230034001E000CE01900EBF71AFC96
:104AD000814601273B004A4629002000FFF7BCFC25
:104AE0004C44ED19B4422BDC301B01304346591BBA
:104AF0000CD44B1C9842E8DA01001800EBF702FCDA
:104B00000700002F19DD01239946E3E74A1E012320
:104B1000591A814205DD01001000EBF7F3FB070095
:104B2000EFE7EBF7EFFB814601277F427B42E91974
:104B30004A462000FFF790FCD2E701239946F5E7AB
:104B4000044A1188044B1888108019800CBC9046C8
:104B50009946F8BD5C2B00205A2B0020034BDB68E4
:104B6000012BFBD0014BD8687047C04600200240A3
:104B700070B50600FFF7F2FF074C236902252B43AF
:104B8000236166612369402213432361FFF7E6FF37
:104B90002369AB43236170BD0020024010B572B69B
:104BA000FFF7E6FF62B6002010BDC046F8B506006C
:104BB0000F00FFF7D3FF064C236901252B43236128
:104BC0003780FFF7CBFF2369AB432361F8BDC046B5
:104BD00000200240024B034A5A60034A5A60704761
:104BE0000020024023016745AB89EFCD0300411847
:104BF000002003E01F22D04104CB10188B42F9D3D0
:104C00007047C04670B5104C104B2360C0256D0036
:104C100029002000FFF7EAFF6051FFF7DBFF0C4D92
:104C20002800FFF7BBFFC223200007E0861C018895
:104C30002800FFF7BBFF0235230030005C1E002B6D
:104C4000F4DC002070BDC0462C0300206E4E4F43A4
:104C500000D0010870B50E4B1A680E4B9A4211D164
:104C6000C02464000A4D21002800FFF7BFFF2B5924
:104C700098420AD1C22252002900074800F01CFFC6
:104C8000002070BD01204042FBE701204042F8E7D0
:104C900000D001086E4E4F432C03002070B504284D
:104CA00030D81A4B9C466044C402194D194B2B60F6
:104CB0008826B600184BAB5131002800FFF796FF4D
:104CC000A851FFF787FF8A239B00E6182500B5420D
:104CD00003D38A235B000E4A0FE02800FFF75EFF34
:104CE00080231B019C466544F1E7961C1188200037
:104CF000FFF75CFF02342B0032005D1E002BF4DC5A
:104D0000002070BD01204042FBE7C0463B0001008F
:104D1000481D00206D4E4F437856341270B504285C
:104D200014D80C4B9C466044C4020B4B22689A4238
:104D30000ED18825AD0029002000FFF757FF6359E9
:104D4000984201D1200070BD0024FBE70024F9E760
:104D50000024F7E73B0001006D4E4F4370B5042877
:104D60002AD81A4B9C466044C402194B22689A42C6
:104D700025D18825AD0029002000FFF737FF6359B2
:104D800098421FD1134D8A2292002100280000F082
:104D900093FEF1F731FEF4F7CDFB686FF4F79EFE5A
:104DA000286FF4F71BFEFAF74DFCF3F713F90A4BE3
:104DB00001221A70002070BD01204042FBE7012053
:104DC0004042F8E701204042F5E7C0463B000100C1
:104DD0006D4E4F43481D0020D404002010B5FFF74E
:104DE000F9FE064C06E02000FFF7D8FE80231B01E9
:104DF0009C466444024B9C42F5D910BD00D001088A
:104E0000FFFF01088023DB05586A704743B2002B7F
:104E100002DA284B284A1A838023264A2749DB00D6
:104E200013835183430601D5234B13838023214AE7
:104E30002249DB0013835183830601D51E4B138364
:104E400080231C4A1D49DB0013835183C30601D50F
:104E5000194B13838023174A1849DB0013835183AE
:104E6000030701D5144B13838023124A1349DB0037
:104E700013835183430701D50F4B138380230D4ABE
:104E80000E49DB0013835183830701D50A4B13833B
:104E90008023084A0949DB0013835183C30701D5E6
:104EA000054B13838023034A0449DB00138351839A
:104EB0007047C046000400480080FFFF0084FFFFE9
:104EC000802230B580218025194BD2001A831C69BD
:104ED0005A831A831869C9015A832D021A83640000
:104EE0002C4008401D6920435A831A831C694000E6
:104EF0000D405A8305431A8318696D000C405A838C
:104F00002C431A831D69640008405A8320431A8386
:104F10001C6940000D405A8305431A836D001869CF
:104F20000C402C43640008402043800B5A8330BD62
:104F30000004004870B501260A4A0B4B1288050090
:104F40005200D35A0C009E40084BB6B25E83013C1F
:104F5000E8B2A4B2FFF75AFF2D0A002CF7D1034B99
:104F60001E8370BD4205002084B20108000800487D
:104F700070B50124074A084B1288084D5200D35AD5
:104F80009C40A4B26C83FFF741FFFFF799FF2C838D
:104F900070BDC0464205002084B2010800080048E8
:104FA00070B50320FFF7E4FF0420FFF7E1FF0221C3
:104FB0000A48FFF7BFFF6420EDF7C6FE6424022510
:104FC00004E06420EDF7C0FE002C05D00420FFF7BC
:104FD000CFFF013C0542F4D070BDC0468780000081
:104FE00002000720ED2310B51040183000021843CE
:104FF0000221FFF79FFF10BD02000720ED231040A4
:1050000018300002184370B50221FFF793FF022009
:10501000FFF7AEFF0323184002281FD01E20EDF734
:1050200093FE02210E48FFF785FF1E20EDF78CFE50
:1050300002210C48FFF77EFF6420EDF785FE642413
:10504000032504E06420EDF77FFE002C06D002204B
:10505000FFF78EFF013C28400228F3D170BDC04607
:1050600087020000870B000070B50220FFF780FF69
:105070000323184001281FD01E20EDF765FE0221F2
:105080000E48FFF757FF1E20EDF75EFE02210C4889
:10509000FFF750FF6420EDF757FE6424032504E07A
:1050A0003220EDF751FE002C06D00220FFF760FF02
:1050B000013C28400128F3D170BDC04687020000A2
:1050C000870700009C2270B50C4C83000500185D1A
:1050D000022100021043E418FFF72CFF084B0120C7
:1050E0009C4620560A2160444001EBF70BF9618889
:1050F000044A054B15701880080070BD84B1010882
:1051000050FBFFFF623B00204005002010B51F212F
:105110000023084A04E0A3B2362B08D011880432D9
:105120005C1C8842F7D81800FFF7CCFF10BD362072
:10513000FAE7C0468AB10108174B70B5402498427F
:1051400001D920344008B023144A5B00D158EBF752
:10515000D5F81F2318380340172B0CD91725104BEF
:1051600020002843000218430421FFF7E3FE012238
:105170000C4B1A7070BD88000B49DDB2EBF738F8A4
:10518000FF21030A1B04020608041840F526130039
:1051900033430343E4E7C046FF379C1C2C03002045
:1051A000F500F9FF603B002071020000F0B5DE461B
:1051B00057464E4645468446E0B54F4E87B0B14609
:1051C000039363464D4D83272B804B461600BF004B
:1051D000DB594B4C0004C00B045B02919846FFF76F
:1051E00011FE484B01270593330047495E1EB3412A
:1051F00080228A464549A740002600248B46013379
:105200000193D3010490BFB2009353461B78002B47
:1052100020D13F4D26206F83FFF7F8FDFFF750FEAA
:105220004B4659465B8F621C08552F8300249342DE
:1052300000DD1400012E2DD0022E21D0002E10D022
:105240004346002BE1D04046F5F7FCFB53461B7864
:10525000002BDED007B03CBC90469946A246AB4638
:10526000F0BD013BA342EBD1FFF7CCFD64220499D2
:105270008123401A50434A469B00D0500136DFE755
:10528000204B1B88A342DBD101202249224A08700F
:105290001380DFE7029A009990428041042249007E
:1052A0004042084380B20199904300908142C7D1A7
:1052B000039A082A12D0092A06D00226072ABFD14B
:1052C000104B02261C80BBE75A08121992B2934277
:1052D0000DD8D31A059A02261380B1E70120094A96
:1052E000A3B213800B490C4A08701380B2E7054B38
:1052F00002261A80A4E7C046481D0020420500206F
:1053000084B20108663B0020A62A0020000D002080
:1053100000080048683B0020643B0020F0B5DE46F2
:1053200057464E46454683238B46E0B5234E9B00A9
:10533000F358234D234A040483B0E40BA45A288075
:105340009946FFF75FFD01255A460190738FA540EE
:105350009B1A002498461C4FB2461C4EADB25F44C7
:1053600026207583FFF752FDFFF7AAFD385501345B
:105370003583A04506DD4B46002BF1D04846F5F7B6
:1053800061FBEDE7FFF73EFD642201998123401A9E
:105390005043524601249B00518FD0500C4A0D4B74
:1053A00014705A46013919800B4B1A8003B03CBC6B
:1053B00090469946A246AB46F0BDC046481D002027
:1053C0004205002084B20108000D002000080048BA
:1053D000683B0020643B0020663B0020F0B54F4650
:1053E0004646D646C0B501261D4F0204B9461D4BA0
:1053F000D20BD35A00219E401B4BFA2218801B4B24
:1054000000259A464B46197093000024184FB6B2F7
:1054100098460CE00025DCB25346201AC0B21B5C53
:10542000144A1B0193604B461B78002B12D1262097
:105430007E83FFF7EBFCFFF743FDC2B23E83231CE4
:10544000944200D2031CDCB2631E4545E2D801350C
:10545000ADB2E1E71CBC90469946A246F0BDC046FD
:10546000A62A002084B20108420500208CB201085F
:105470000008004800740040014B0020185E70478F
:1054800040050020F0B5C6462E4C00B52378160026
:10549000002B15D02C4D2D4928882D4A431C528FA6
:1054A000085C9BB22B8000019A4202D800220023A4
:1054B0002A80284A12889A423CD004BC9046F0BD0B
:1054C000254C2648264A257801801068002D27D0D3
:1054D0001822FF32904230DC8C2023704000F5F718
:1054E000B1FA1B4B002598461E4FDC8E2620FFF795
:1054F0003FFD013C00012D18002C07D06420F5F77A
:10550000A1FA002EF2D03B78002BEFD04346D98E83
:10551000012903D92800EAF7F5FE050028B2CCE7F7
:10552000114B1A78002A02D0104A1D70106800280A
:10553000D7D0D4E700232370BFE72370F5F782FAB2
:10554000CFE7C046683B0020663B0020000D0020EE
:10555000481D0020643B0020603B002042050020E5
:1055600048050020A62A0020613B002044050020B9
:1055700070B58025FFF714FD6D4200220523074C0E
:1055800000E062782B43D8B21202104302340221A9
:10559000FFF7D0FC2378002BF3D170BD60B2010877
:1055A000F8B58023CE4647469B00984680B58022BA
:1055B0008027802643461349134D144CFF01920166
:1055C000F6006F83642069836A83668361836383E3
:1055D0008946EDF7B9FB434623834B462F8364206E
:1055E0002B83EDF7B1FB0022094B66831C001A8068
:1055F000FFF7BEFF01232380FFF7BAFF0CBC9046E4
:105600009946F8BD0080FFFF0008004800040048EC
:105610004205002001220A4B10B5022104001A8025
:10562000072809D80748FFF785FC8A202402204371
:105630000221FFF77FFC10BD0348FFF77BFCFAE770
:10564000420500208DC000008D1F00008023024A0B
:105650009B0153837047C0460008004810B50022E4
:10566000FF2807D0FFF7D2FB8023012202499B01CC
:105670000B834B83100010BD00080048F0B5CE46E8
:10568000474680B585B0061CECF7B2FF514A73005F
:105690000D00040031005B0D934200D96EE04E4BCB
:1056A000200098462933FF331A685B682900ECF71D
:1056B000ABF943462133FF331E685F6804000D00D9
:1056C00002000B0030003900EBF782FE8C46814669
:1056D000614632003B004846ECF708FC02000B0034
:1056E00020002900ECF702FC4A461F231340DB0090
:1056F00043441A685B680092019343464133FF3389
:105700001A685B6804000D00ECF77EF90022334B49
:10571000EBF75EFE43463133FF33029003911A6884
:105720005B6820002900ECF76FF943463933FF33FB
:105730001A685B68EBF74CFE22002B0006000F0096
:1057400020002900ECF760F902000B00300039005E
:10575000ECF75AF9029A039B4D46EBF739FE00220B
:10576000EB03009C019D12196B41ECF74DF9ECF72E
:1057700091FF05B00CBC90469946F0BD184A964280
:105780001DD0184A934216D81749301CEAF7CCFEB0
:10579000002816D11549301CEAF7B2FE002814D1B2
:1057A0001349301CEAF7ACFE002800D177E700204F
:1057B00000F04AF9DDE7301CEAF7E2FED9E7002005
:1057C000D7E7002000F046F9D3E7002000F036F9D3
:1057D000CFE7C0462A04000038B701080000F03FB8
:1057E000000080FFF70700001772B142B4F1CFC28A
:1057F000CF8ECEC2F0B5C64643005F081B0E7F3B7E
:1058000000B5051C06001C00162B1CDC8046002B76
:1058100021DB194F1F41074211D01849EAF7B0FEAA
:105820000021EAF781FE002809D0002D04DA802348
:105830001B0423419846A8444346BB431E00301C2A
:1058400004BC9046F0BD0E4B9F42F8D9011CEAF70C
:1058500097FE061CF3E70949EAF792FE0021EAF7F2
:1058600063FE0028EBD0002D01DB0026E7E7002FC8
:10587000E5D0044EE3E7C046FFFF7F00CAF249715E
:10588000FFFF7F7F000080BFF0B5D6464F464646FB
:10589000FE22C0B5030082B09205904200D16CE0B8
:1058A000434A444982188A4200D968E0424A43493F
:1058B00092469A44524689465202120F12014A44B5
:1058C00090465246D00DC005181AECF791FE43469B
:1058D0001A685B68ECF798F80022394BECF706FB86
:1058E00002000B0006000F00ECF78EF84B46113358
:1058F000FF3304001A685B680D0030003900ECF7D4
:1059000083F84B461933FF331A685B68EBF760FD89
:105910004B460933FF33009001911A685B68200001
:105920002900ECF771F8009A019BEBF751FD22007A
:105930002B00ECF769F853460400D8150D00ECF77E
:105940001DFE4B460133FF331A685B68ECF75CF8C9
:1059500043469A68DB68EBF73BFD32003B00EBF710
:1059600037FD22002B00EBF733FDECF793FE02B07E
:105970001CBC90469946A246F0BD0020F7E74200C5
:105980000FD0FF21C9058842F1D000280DDB0D4B57
:105990009A420AD89621C905EBF764F90A4BC31855
:1059A00084E7012000F05CF8E1E700F069F8DEE749
:1059B000000080FFFFFFFF7E0000CDC080B801081F
:1059C0000000F03FFFFFFFFE000080F443001B0ECD
:1059D0007F3B10B5011C162B0BDC002B0EDB0B4C98
:1059E0001C41044204D08022D2031A411018A04363
:1059F00010BD802BFCD1EAF7C3FDF9E7C00FC0074B
:105A00000133F5D1FE239B051843F1E7FFFF7F002B
:105A100070B50D00041C00F049F80560201C70BD35
:105A200010B50B1C002802D080231B06CB18181CB5
:105A3000EBF718F92221FFF7EBFF10BD802110B51D
:105A40004905FFF7EDFF10BDD12110B54905FFF75E
:105A5000E7FF10BDE02110B5C905FFF7E1FF10BD5C
:105A600010B5002808D1FE2080050021EAF722FFAA
:105A70002221FFF7CDFF10BD0048F6E7000080BFF0
:105A800070B5011C041CEBF71FFA011CEAF712FFAA
:105A9000211C051C201CEBF7DBFB002804D1281C73
:105AA0002121FFF7B5FF051C281C70BD014B1868AC
:105AB0007047C0464C050020002310B59A4200D123
:105AC00010BDCC5CC4540133F8E700000300121889
:105AD000934200D1704719700133F9E730B50500E2
:105AE000002A00D130BD0C78013A6B1C2C700131BA
:105AF000002C05D19A189A42F4D01C700133FAE7B1
:105B00001D00EDE7000000000820080062756C6BC6
:105B10000D0A000066696C6C0D0A0000320A00086C
:105B20006E0900089209000830090008920900086F
:105B30000E0A000892090008300900086E090008E2
:105B40006E0900080E0A000830090008640A0008FF
:105B5000640A0008640A00081A0A00086E090008AE
:105B60006E090008920900082E0900089209000831
:105B70000E0A0008920900082E0900086E090008A4
:105B80006E0900080E0A00082E090008640A0008C1
:105B9000640A0008640A0008180A00085C0D00087E
:105BA000060D0008060D0008340E0008020D00085E
:105BB000020D00082A0E0008340E0008020D00082D
:105BC0002A0E0008020D0008340E0008380E0008E6
:105BD000380E0008380E0008400E0008C01B0008F0
:105BE000C21A0008C21A0008E01D0008BC1A00080A
:105BF000BC1A0008C81D0008E01D0008BC1A0008F7
:105C0000C81D0008BC1A0008E01D0008D61D0008C9
:105C1000D61D0008D61D0008E41D000830BC010890
:105C20006C3B00206C3B00206C3B002030BC01082A
:105C300000000000000000000000000030BC01086F
:105C400000000000000000000000000030BC01085F
:105C500000000000000000000000000030BC01084F
:105C600000000000000000000000000030BC01083F
:105C700000000000000000000000000030BC01082F
:105C800000000000000000000000000030BC01081F
:105C9000000000000000000000000000B45C0108EB
:105CA000B005002070060020010000002D2800082B
:105CB0000000000069646C6500000000737461639B
:105CC0006B206F766572666C6F7700006E6F6E6129
:105CD0006D6500006D61696E0016002004042808DF
:105CE0000C1014181C20210000000000B93400081A
:105CF000A934000899340008893400080000000025
:105D00000000000000000000000000003136000824
:105D100021360008FD350008ED35000800000000C0
:105D20000000000000000000000000006C380008C7
:105D30007A380008123900087A3800081239000849
:105D4000A8380008B638000812390008D83800080A
:105D5000E6380008FC3C0008A83C0008BE3C0008EF
:105D6000FC3C0008FC3C0008EC3C0008FC3C000843
:105D70004C3D00084C3D00084C3D0008323D0008F9
:105D80001C3D00084C3D00084C3D00080000000090
:105D90000100000000000000000002400800024076
:105DA00001000000000000000000090000000240A7
:105DB0001C000240060000000000000004010A0070
:105DC0000000024030000240060000000000000019
:105DD00008020A000000024044000240780000006F
:105DE000000000000C030B000000024058000240BD
:105DF000780000000000000010040B0000000240CA
:105E00006C000240780000000000000014050B0048
:105E10000000024080000240780000000000000006
:105E200018060B0000C20100000000000040000046
:105E30000000000000000000ED3B0008953C000859
:105E4000093D0008400040002008002020080020F4
:105E500003F32A6800000000000CFFFFA80401A85B
:105E6000FFF9000000000000100100009F5A554497
:105E700000000000FFFFFFFF55555515FFFF000014
:105E800000000000110000000000005400000000AD
:105E9000FFFFFFFF55555555FFFF000000000000B4
:105EA000000000000000000000000000FFFFFFFFF6
:105EB00055555555FFFF0000000000000000000090
:105EC0000000000000000000FFFFFFFF4500000091
:105ED000FFFF0000000000000000000000000000C4
:105EE00000000000FFFFFFFF00000000FFFF0000B8
:105EF0000000000000000000D45300088255000894
:105F0000605400088255000882550008D4530008E8
:105F10008255000882550008825500088255000805
:105F2000825500084C550008825500083A54000874
:105F30008255000882550008825500085055000817
:105F400082550008825500086853000882550008F1
:105F500082550008825500088255000882550008C5
:105F600082550008825500088255000882550008B5
:105F7000825500086C530008D45300086054000890
:105F8000605400088255000882550008D453000868
:105F90008255000882550008825500088255000885
:105FA000825500084C550008825500083A540008F4
:105FB000825500089053000882550008505500088B
:105FC000825500088255000868530008206B4D4731
:105FD0005450455A59000000286E756C6C29000019
:105FE000010000000A00000064000000E803000057
:105FF00010270000A086010040420F008096980004
:1060000000E1F50500CA9A3B6D1D6E7066617A79F4
:1060100000000000000000000000000045520008E1
:10602000000000000200000000000000A937000886
:106030001D38000840004000BC0C0020C80C0020A7
:1060400003000000000000005938000800000000B4
:1060500010000000D40C0020000000009C0700206D
:1060600001010200C95600088156000809370008DE
:10607000B5560008430000007C6001080902430097
:10608000020100C0320904000001020200000524E0
:106090000010010524010001042402020524060069
:1060A00001070582030800FF09040100020A00003D
:1060B00000070501024000000705810240000000C2
:1060C00012000000C8600108120110010200004027
:1060D0008304405700020102030100000403090485
:1060E0001603740069006E007900730061002E00D1
:1060F0006F007200670000000E03740069006E00FC
:1061000079005300410000000803340030003000E3
:1061100004000000DC60010816000000E0600108D7
:106120000E000000F8600108080000000861010886
:1061300074696E7953415F76312E342D3231302DB2
:106140006761313330376562000000007377656541
:10615000700025733F0D0A00746F6F206D616E79BA
:1061600020617267756D656E74732C206D61782087
:10617000340D0A00050000000100000000000000CE
:1061800001000000050000000A0000000C000000F3
:106190000A000000000000000000003F0000803FF7
:1061A00000000040000080400000004100008041ED
:1061B0005369676E616C206C6576656C20696E63EF
:1061C0006F727265637400436865636B206361621C
:1061D0006C65206265747765656E20636F6E6E65B1
:1061E00063746F72730043616C6962726174696F8A
:1061F0006E20636F6D706C6574650043616C6962DD
:10620000726174696F6E2062757379000153656CF9
:10621000662074657374207374617475733A000139
:10622000546F7563682073637265656E20746F20A8
:10623000636F6E74696E7565000154657374202513
:10624000643A2025732573006C6F777C68696768F2
:106250007C6F7574000000006F66667C33307C31A3
:10626000357C31307C347C337C327C3100613D259F
:10627000550D0A0075736167653A2061626F72742B
:10628000205B25735D0D0A002544487A0D0A0061E4
:106290007474656E7561746520302E2E33317C61A7
:1062A00075746F0D0A25342E32460D0A006175741F
:1062B0006F00623D25550D0A000000006F66667C88
:1062C0006D696E687C6D6178687C6D6178647C61F5
:1062D000766572347C6176657231367C6176657282
:1062E0007C71756173690063616C63205B7B7472A0
:1062F000616365237D5D2025730D0A25730D0A00FA
:1063000063616C6F75747075742025730D0A00637A
:106310006C656172636F6E666967207B70726F7403
:10632000656374696F6E206B65797D0D0A004B653E
:106330007920756E6D6174636865642E0D0A004383
:106340006F6E66696720616E6420616C6C206361AA
:106350006C206461746120636C65617265642E0DEC
:106360000A446F207265736574206D616E75616C8F
:106370006C7920746F2074616B6520656666656357
:10638000742E205468656E20646F20746F75636886
:106390002063616C20616E6420736176652E0D0A46
:1063A00000636F6C6F72207B69647D207B72676213
:1063B00032347D0D0A00202532643A2030782530B1
:1063C00036780D0A00696E646578206672657175AD
:1063D000656E63792076616C75650D0A00636F7276
:1063E00072656374696F6E202573202564202544CF
:1063F00020252E31660D0A00726573657400636F87
:106400007272656374696F6E207461626C652025B9
:10641000732072657365740D0A00636F7272656331
:1064200074696F6E202573202573206672657175FF
:10643000656E637928487A292076616C75652864D1
:1064400042290D0A0075706461746564202564201A
:10645000746F20254420252E31660D0A0064616387
:10646000207B76616C756528302D34303935297D77
:106470000D0A63757272656E742076616C75653A8B
:106480002025640D0A0025650D0A006461746120F1
:106490005B302D325D0D0A00646576696365696461
:1064A0002025640D0A006465766963656964205B74
:1064B0003C6E756D6265723E5D0D0A00653D25643A
:1064C0000D0A006578745F6761696E202D31303088
:1064D0002E302E2E2B3130302E300D0A0066726594
:1064E00071207B6672657175656E637928487A29BB
:1064F0007D0D0A00636F6D6D616E64733A00757394
:106500006167653A206966207B3433334D2E2E3423
:1065100033354D7D0D0A2551487A0D0A00000000E3
:10652000696E7075747C6F75747075740025732551
:10653000730D0A004553442070726F74656374656F
:10654000640D0A006C6576656C202D37362E2E2D75
:10655000360D0A006C6576656C202D33382E2E3191
:10656000330D0A0075736167653A206C6576656C5A
:106570006368616E6765202D37302E2E2B37300D06
:106580000A006C6576656C6F6666736574202573AA
:1065900020252E31660D0A0068696768006C6F77E8
:1065A000206F75747075740068696768206F757402
:1065B00070757400726563656976655F7377697479
:1065C0006368006C6576656C6F6666736574205BE6
:1065D00025735D207B6F75747075747D205B2D3223
:1065E000302E2E2B32305D0D0A006C696E65206FE7
:1065F00066667C7B6C6576656C7D0D0A006C6F61F0
:106600006420302E2E340D0A00000000636F707974
:106610007C667265657A657C737562747261637499
:106620007C766965777C76616C7565006C6F777CCC
:106630006869676800256420256420254420252E8C
:1066400032650D0A006D61726B6572205B6E5D20B4
:106650005B25737C7B667265717D7C7B696E64658E
:10666000787D5D205B7B6E7D7C25735D0D0A00006F
:106670006F6E7C6F66667C7065616B7C64656C7444
:10668000617C6E6F6973657C747261636B696E6740
:106690007C74726163657C74726163655F61766549
:1066A000720000006F66667C6F6E00006F66667C2D
:1066B000616D7C6E666D7C77666D7C6578746572E5
:1066C0006E7C667265710000000000000100000031
:1066D000020000000300000004000000FFFFFFFFB5
:1066E00075736167653A206D6F6465202573202599
:1066F000730D0A006C6F777C686967687C737769D3
:106700007463687C726563656976655F73776974C5
:106710006368006D6F64756C6174696F6E202573BA
:10672000203130302E2E363030300D0A000000007F
:106730006F66667C6F6E006F6E7C6F66660072625D
:106740007720322E2E3630307C6175746F0D0A251D
:106750002E3146487A0D0A006175746F7C30004511
:1067600072722C2064656661756C74206C6F616454
:106770000D0A00726563616C6C207B69647D0D0A93
:1067800000726566726573680064667500506572B4
:10679000666F726D696E6720726573657420746FC1
:1067A00020444655206D6F64650D0A005065726681
:1067B0006F726D696E672072657365740D0A007380
:1067C0003D25640D0A0073617665207B69647D0D4B
:1067D0000A00436F6E6669672073617665642E0DEB
:1067E0000A0000007363616C657C7265666C657697
:1067F000656C007363616E207B73746172742848EA
:106800007A297D207B73746F7028487A297D205BFC
:10681000706F696E74735D205B6F75746D61736BFF
:106820005D0D0A006672657175656E63792072612F
:106830006E676520697320696E76616C69640D0A04
:1068400000737765657020706F696E74732065786A
:1068500063656564732072616E6765203239300D3F
:106860000A002555200025652025662000736361F8
:106870006E726177207B737461727428487A297D07
:10688000207B73746F7028487A297D205B706F6954
:106890006E74735D205B6F7074696F6E735D0D0A4B
:1068A0000073656C66746573742028312D3329205C
:1068B0005B6172675D0D0A007370757200506175DF
:1068C0007365640D0A00526573756D65640D0A0089
:1068D00025442025442025640D0A007377656570E2
:1068E000207B737461727428487A297D205B7374ED
:1068F0006F7028487A295D205B706F696E74735DD4
:106900000D0A097377656570207B25737D0D0A0973
:106910007377656570207B25737D207B667265715A
:1069200028487A297D0D0A00737765657074696D52
:106930006520302E3030332E2E36300D0A25352E80
:106940003346730D0A00746F7563683A202564201E
:1069500025640D0A0073746B6C696D69747C20206A
:106960002020202020207C73746B20667265657C5B
:1069700020202020616464727C726566737C707272
:10698000696F7C2020202073746174657C20202036
:1069900020202020206E616D650D0A00253038789A
:1069A0007C253038787C253038787C253038787CE8
:1069B0002534757C2534757C2539737C25313273FB
:1069C0000D0A00666972737420746F7563682075B0
:1069D00070706572206C6566742C207468656E201A
:1069E0006C6F7765722072696768742E2E2E006452
:1069F0006F6E650D0A00746F7563682063616C20AB
:106A0000706172616D733A2000256420002C20664D
:106A1000726F7A656E0025643A2025732025662002
:106A20002566200D0A007472616365202564207656
:106A3000616C756520256420252E32660D0A006F75
:106A400066667C6F6E007472616365207B25737D62
:106A50000D0A7472616365207B25737D20617574F6
:106A60006F7C7B76616C75657D0D0A747261636500
:106A7000205B7B7472616365237D5D2076616C753C
:106A8000650D0A7472616365205B7B747261636576
:106A9000237D5D207B25737D207B7472616365237C
:106AA0007D7C6F66667C6F6E7C5B7B696E646578EF
:106AB0007D207B76616C75657D5D0D0A0074726961
:106AC00067676572207B76616C75657D0D0A7472EF
:106AD0006967676572207B25737D0D0A00000000E1
:106AE0006175746F7C6E6F726D616C7C73696E67BB
:106AF0006C65000064426D7C64426D567C64427536
:106B0000567C5241577C567C5670707C57005365BA
:106B10007269616C3A20257520626175640D0A0006
:106B200056464F2025640D0A0000000076616C7502
:106B300065002564206D560D0A0077616974207B1D
:106B40007365636F6E64737D0D0A005761697469C4
:106B50006E6700496E666F0079207B6164647228FD
:106B6000302D3935297D205B76616C756528302D97
:106B700030784646295D0D0A0025780D0A007A65B1
:106B8000726F207B6C6576656C7D0D0A25646442AE
:106B90006D0D0A0048710108D55F00080000F86318
:106BA0000108815F0008000050710108616500085C
:106BB0000300587101082565000802005C71010896
:106BC0006D5F00080200687101080562000802009C
:106BD000747101089D61000801007C710108B19485
:106BE000000800008871010875CF0008010090714D
:106BF000010845D20008010098710108295F0008CA
:106C00000000A07101086D61000803004C610108DB
:106C100085980008030000730108FD5E000800006D
:106C2000A8710108AD5E00080100B4710108055BA0
:106C300000080100C07101088D5A00080300C871E6
:106C40000108599800080300D0710108D5600008B8
:106C50000200D8710108556F00080200E0710108B8
:106C60008D5E00080200E8710108F16A0008020068
:106C7000F4710108555E00080200FC7101080D98CE
:106C80000008030004720108A5A3000803000C72A9
:106C90000108CD7A00080200147201080192000870
:106CA00002001C720108657A0008020024720108C3
:106CB0009D64000801002C72010899A700080300D8
:106CC00038720108C95A0008050081670108A9A6A1
:106CD0000008000040720108855B0008000048724F
:106CE0000108995A0008000050720108415E00082E
:106CF000010058720108115E000802006472010868
:106D0000C55D000800006C720108795D0008000094
:106D100074720108FD63000802007C720108996F1B
:106D200000080200807201085D6C000803008C728C
:106D3000010849730008030098720108B171000846
:106D40000300A0720108316D00080300AC72010855
:106D5000316800080200B872010865690008020085
:106D6000C4720108DD6E00080200D0720108D580EF
:106D700000080300D472010875A100080300B86878
:106D8000010879A600080300DC720108F1A10008DF
:106D90000200E4720108D17900080200AD65010823
:106DA00045A600080200F0720108B963000802005D
:106DB000FC7201085963000800000873010811679C
:106DC00000080200147301082D78000803001C73EA
:106DD00001081D5B0008030024730108C566000854
:106DE00002002C730108B159000802003473010835
:106DF000ED5C00080000789801080DA7000801006C
:106E00003C730108B5590008010040730108BD5CDE
:106E10000008010044730108356300080100D474C0
:106E2000010811630008010094970108D95900086E
:106E3000010008720108855C000801006C930108DC
:106E4000615C0008010048730108655A00080000F1
:106E500050610108DD59000801004C730108E9592F
:106E600000080100507301085D7E000801005C9875
:106E70000108B9590008010054730108F5590008C8
:106E80000100587301080D6E0008010000000000A9
:106E90000000000000000000200100001E000000B3
:106EA00000000000000000002800000000000000BA
:106EB000000000003C000000000000000000000096
:106EC0005000000000000000DAE0E2E5E8EDF1F437
:106ED000FBFE000306090C10140000002300000054
:106EE000280000002300000014000000050000003E
:106EF0000000000005000000000000006801000024
:106F0000E0010000680100000000000098FEFFFFA3
:106F100020FEFFFF98FEFFFF0C00000015000000A0
:106F200018000000150000000C0000000300000025
:106F3000000000000300000000000000B40000009A
:106F4000F0000000B4000000000000004CFFFFFF54
:106F500010FFFFFF4CFFFFFF084C010080380100CD
:106F6000888402000071020000127A000000000014
:106F70000000000000000000464154414C204552F2
:106F8000524F5200247401083074010854740108EF
:106F900070740108B4740108D8740108FC74010805
:106FA0000C7501085C7501088C750108B075010845
:106FB000000000000D0A74696E7953412053686522
:106FC0006C6C0D0A0022002009000000302D3900F1
:106FD00080C3C901C0E1E4008096980000093D002B
:106FE000C0C62D0080841E0040420F0002010053E5
:106FF00069676E616C206C6576656C20746F6F20BC
:107000006C6F770044696420796F7520636F6E6ED2
:10701000656374206869676820616E64206C6F77AF
:1070200020706F7274732077697468206361626C7A
:10703000653F0053656C66207465737420636F6DE3
:10704000706C6574650063683E2000252B642E2EED
:10705000252B640000A60E00006A1800802A2D006F
:1070600088454B0000AF4B0080336A00F8247E0057
:1070700000B88800803CA7008000B10000C1C500B6
:1070800008DCE3008045E40000CA0201804E2101D3
:107090000097490100DC7C0100E5B901802DE20187
:1070A0008072150210BB05020000710200C47A0252
:1070B0005099F502807E3C10B0C429118775D11318
:1070C0005C730108647301086C7301087473010830
:1070D0008073010888730108907301089873010890
:1070E000A0730108AC730108B4730108BC730108F4
:1070F000C8730108D0730108D8730108E073010850
:1071000076072C01640000008C055E01640000001D
:10711000EE02C2016400000030028A026400000036
:107120007201BC02C8000000B4004C042C01000035
:107130005A00A406900100003200E40C2003000075
:10714000000000194006000076657273696F6E00DA
:1071500066726571000000006461630073617665AA
:10716000636F6E6669670000636C656172636F6E62
:107170006669670064617461000000006672657191
:1071800075656E63696573007363616E000000006E
:107190007363616E7261770061626F7274000000E8
:1071A0007A65726F00000000746F75636863616CCC
:1071B00000000000746F75636874657374000000EC
:1071C0007061757365000000726573756D65000010
:1071D0007761697400000000726570656174000079
:1071E000737461747573000063616C6F757470758E
:1071F00074000000736176650000000072656361D1
:107200006C6C0000747261636500000074726967E1
:10721000676572006D61726B657200006C696E6506
:107220000000000075736172740000007573617274
:10723000745F636667000000636170747572650057
:10724000746F75636800000072656C65617365003A
:107250007662617400000000766261745F6F66663A
:107260007365740068656C7000000000696E666F7D
:1072700000000000636F6C6F720000006966000020
:1072800061637475616C5F667265710061747465C9
:107290006E756174650000006C6576656C000000B9
:1072A000737765657074696D650000006C6576655F
:1072B0006C6F6666736574006C6576656C63686197
:1072C0006E6765006D6F64756C6174696F6E000048
:1072D000726277006D6F6465000000006C6F61641E
:1072E000000000006578745F6761696E000000004F
:1072F00064657669636569640000000073656C66A7
:107300007465737400000000636F72726563746962
:107310006F6E000063616C63000000006D656E7548
:1073200000000000746578740000000072656D61F3
:10733000726B00007468726561647300690000001C
:1073400076000000610000006D0000007700000082
:107350006F000000660000007500000052454144C7
:107360005900000043555252454E5400575453544F
:107370004152540053555350454E4445440000007B
:107380005155455545440000575453454D000000A4
:1073900057544D54580000005754434F4E4400007A
:1073A000534C454550494E4700000000575445583E
:1073B0004954000057544F52455654005754414EBB
:1073C0004445565400000000534E444D534751006D
:1073D000534E444D5347000057544D53470000004F
:1073E00046494E414C0000005A53333034000000EF
:1073F0004D454153555245440000000053544F52EF
:107400004544000052415700506173730000000072
:107410004661696C00000000437269746963616CC5
:107420000000000074696E7953412076302E3300DD
:10743000323031392D3230323420436F70797269F5
:1074400067687420404572696B204B616173686F97
:10745000656B0000323031362D3230323020436FD0
:1074600070797269676874204065647935353500D4
:107470005357206C6963656E73656420756E64652F
:10748000722047504C2E205365653A206874747002
:10749000733A2F2F6769746875622E636F6D2F655D
:1074A00072696B6B616173686F656B2F74696E795C
:1074B0005341000056657273696F6E3A2074696EAD
:1074C0007953415F76312E342D3231302D67613161
:1074D00033303765620000004275696C642054697E
:1074E0006D653A204F6374202033203230323520CE
:1074F0002D2031333A34333A313100004B65726E0E
:10750000656C3A20342E302E30000000436F6D70D1
:10751000696C65723A2047434320372E322E312062
:107520003230313730393034202872656C65617300
:107530006529205B41524D2F656D62656464656409
:107540002D372D6272616E6368207265766973698A
:107550006F6E203235353230345D00004172636821
:1075600069746563747572653A2041524D76362DA3
:107570004D20436F72652056617269616E743A20C6
:10758000436F727465782D4D30000000506F727437
:1075900020496E666F3A20507265656D7074696F30
:1075A0006E207468726F756768204E4D4900000048
:1075B000506C6174666F726D3A2053544D3332468D
:1075C000303732784220456E747279204C6576658A
:1075D0006C204D656469756D2044656E73697479BE
:1075E00020646576696365730000000073746172DE
:1075F000747C73746F707C63656E7465727C737079
:10760000616E7C63770000006E6F726D616C7C70E0
:107610007265636973657C666173747C6E6F697390
:10762000657C676F7C61626F72740000010000000E
:107630000AD7A33B0AD7233C00000000000000004B
:10764000010000008FC2753C0AD7233C0000F0C146
:107650000000000000050A000000F0410000E040CA
:107660000000C8C10000B4C200020A000000F041DE
:107670000000E040000008C20000B4C201000000A9
:10768000000048430000C842000096C2000000000D
:10769000010100000000164400003444000096C2BE
:1076A0000000000000031B00000020410000E0403B
:1076B0000000A0C10000A0C2030309000000204197
:1076C00000008040000090C1000070C20105000071
:1076D0000000E1430000A042000096C2000096C2F4
:1076E00000040A000000F0410000E0400000C8C1B2
:1076F000000070C2080591000000F0410000000089
:107700000000C8C1000070C2070591000000F041F0
:10771000000000000000C8C1000070C206000000A8
:107720000000000000000000000000000000000059
:1077300004050A000000F0410000E0400000C8C15C
:1077400000005CC204050A0000008743000080407E
:10775000000048C2000096C204060A0000008743E9
:1077600000008040000020C2000082C2060000002D
:107770000000000000000000000000000000000009
:1077800004050A000000F0410000803F0000A0C195
:10779000000070C2060000000000000000000000B1
:1077A000000000000000000004060A0000009643EC
:1077B00000008040000040C2000082C204070A00AE
:1077C0000000964300008040000020C2000082C2FA
:1077D000070591000000F041000000000000C8C152
:1077E000000070C2010000000000C0420000004123
:1077F0000000BEC200000000090591000000F04139
:10780000000000000000C8C100005CC24B6B010812
:1078100008740108107401081874010853746F701B
:1078200062616E6420000000206D1D6E700000001B
:107830000000803F6F12833ABD3786355F70893014
:10784000CCBC8C2B75736167653A200041747465FC
:107850006E7561746F72200041626F76652000441E
:107860006973706C617920005061737362616E643A
:1078700020005369676E616C206C6576656C200032
:10788000466C61746E657373200046726571756530
:107890006E63792000252E3266760001257320253F
:1078A0002E33462573257325732573000125732018
:1078B000252E31662573257325732573002F487A8D
:1078C000002F5400012520372E33460025342E3159
:1078D0006664426D2F253351487A00534E523A2048
:1078E00025342E316664420025342E316600574916
:1078F0004454483A2025382E3351487A0025382EF2
:1079000033510044455054483A202533642525001E
:10791000444556494154494F4E3A25362E31514837
:107920007A0025362E315100232564205448443AEC
:107930002025342E3166252500014F4950333A2049
:1079400025342E316664426D0025732D494E460064
:1079500025392E2A51487A00736869667465640077
:10796000204357202551487A002054494D45202571
:107970002E3346730020535441525420252E335148
:10798000487A2020202025352E3151487A2F202575
:1079900073002053544F5020252E3351487A002035
:1079A00043454E54455220252E3351487A202020FD
:1079B0002025352E3151487A2F2025730020535031
:1079C000414E20252E3351487A0000001412020047
:1079D000481A0200C0330700184F070040771B0009
:1079E00080841E00E0673500C0FB3900D01B5000CA
:1079F00010295300C0CF6A0000DD6D00201D9A00E1
:107A000070E09A00809FD500B0F6DA0020B2130132
:107A1000C0381501406F4001104D470190CA7B01ED
:107A200030517D01003FAB01A02FC50180F0FA026B
:107A300000751903801D2C04A0BE33040044950872
:107A4000004DD20880733B0D403A690D00B1081912
:107A50008074D21A806DC33500285037FEFEFEFEBA
:107A6000FEFEFE7C381000103010101038000000B0
:107A70000038440438407C000000003844180444B6
:107A8000380000000008182848487C080000000062
:107A9000B800B800B800B800B800B800B800C0001E
:107AA000C000C000C000C000C000C000C800C800C6
:107AB000C800C800C800C800C800D000D000D0006E
:107AC000D000D000D800D800D800D800E000D800FE
:107AD000E000E000E000E000E000E800E800E8008E
:107AE000E800F000E800F000F000F000F000F00026
:107AF000F800F800F800F800F800F800F800F84086
:107B0000F860F860F860F8A0F8A0F8A0F8C0F900F4
:107B1000F900F900F920F960F941F940F9A1F9A15A
:107B2000F9A1F9A1FA01FA01F9E1FA21FA41FA42BF
:107B3000FA41FA81FAA2FA82FAA1FAE2FAE2FAE248
:107B4000FB22FB22FB42FB22FB42FB82FBA2FBA2AD
:107B5000FC02FC22FC02FC41FC82FC81FC81FCC199
:107B6000FCE1FCE1FCE1FD61FD61FD61FD81FDC128
:107B7000FDC1FDC1FE01FE41FE21FE41FEA0FEA0B1
:107B8000FEA0FEC0FF20FF20FF00FF40FF80FF801F
:107B9000FF80FFC0FFE0FFE0FFE0FFE2FFE2FFE366
:107BA000FFE4FFE6FFE5FFE5FFE8FFE9FFE8FFE8A8
:107BB000FFEBFFEBFFEBFFEDFFEFFFEEFFEEFFF163
:107BC000FFF1FFF1FFF1FFF5FFF4FFF4FFF6FFF720
:107BD000FFF7FFF7FFF9FFFBFFFAFFFBFFFDFFFEDB
:107BE000FFFDFFFEFFFFFFFFFFFFEFBFE79FE79FE8
:107BF000E79FD73FCF3FD73FCF1FB6FFBEFFBEFFA8
:107C0000AEBFA69FA69FA69F8E3F8E3F8E5F8E3FE4
:107C10007DDF75FF7DFF75BF659F659F65BF555F04
:107C20004D5F4D5F555F34DF3CFF3CFF34DF249FE9
:107C300024BF249F249F1C5F1C3F1C3F1BDD1BDDBA
:107C40001BDD1BBD135C135C137C131B12FB12FBAF
:107C500012FB0A9A0A9912990A790A180A180A381C
:107C600009D709B709B709B70156015501550135BB
:107C700000D400D400D4009300730073007300128A
:107C8000001200120011001100110011001000106C
:107C9000001000003F900108B89A0108C09A01083E
:107CA000C89A0108D09A0108D89A0108DC9A0108FC
:107CB000E49A0108EC9A0108F49A01083FF02010B8
:107CC0002010201020102010201020102010201034
:107CD0003FF03FF0200820182030206028D02D9061
:107CE0002710221020103FF03FF8200823E82668D4
:107CF0002C682C682FE82C682C6820083FF83FF887
:107D000020082C682C682EE82FE82D682D682C6838
:107D100020083FF8000007800840102020102010A5
:107D20002010201010200840078000000780084025
:107D3000132027902FD02FD02790132008400780A2
:107D40004C4F57004849474800252B346400252BE9
:107D5000342E3346002563257300252E32462F002E
:107D60005041555345440041524D454400414D005A
:107D7000417474656E3A0A25342E324664420043DB
:107D8000616C633A0A257300537075723A0A257361
:107D9000004D61736B3A0A4F4E004E6F726D2E00AC
:107DA0005242573A0A252E3146487A0025635363DA
:107DB000616E3A0025352E334673005265663A0AE5
:107DC00025644D487A004761696E3A0A25342E31A0
:107DD000666442005265706561740A20782564000B
:107DE000545249473A0025362E31660025362E3446
:107DF00046002020202020200025346400252B333D
:107E00002E3046487A0053657400252B6464420086
:107E10004446553A20446576696365204669726D2B
:107E20007761726520557064617465204D6F64657B
:107E30000A546F206578697420444655206D6F643C
:107E4000652C20706C6561736520726573657420A4
:107E500064657669636520796F757273656C662EEB
:107E6000000000000000000000000000050000000D
:107E70001D050108050000001D05010805000000A2
:107E80001D050108000000000000000000000000C7
:107E900000000000000000000000000000000000E2
:107EA00000000000000000000000000000000000D2
:107EB00000000000000000000000000000000000C2
:107EC00000000000000000000000000000000000B2
:107ED00000000000000000000000000000000000A2
:107EE0000000000000000000000000000000000092
:107EF0000000000000000000000000000000000082
:107F00000000000000000000000000000000000071
:107F10000000000000000000000000000000000061
:107F20000000000000000000000000000000000051
:107F30000000000000000000000000000000000041
:107F40000000000000000000000000000000000031
:107F50000000000000000000000000000000000021
:107F600000000000755600252E3346257300252E8F
:107F7000316625730025662F00252E3346002564C3
:107F80006442004155544F002564757300252E311D
:107F90006620746F20252E316664426D00252B2EDD
:107FA00031666442257300252E31660025332E3656
:107FB000664D487A00252E316664420025382E34FD
:107FC00046487A00252E3451487A00000050464E2B
:107FD0004D544F554348202573202A0014000000BB
:107FE0000000000020000000000000000000000071
:107FF000010000000200000003000000000000007B
:1080000050003400000050002000200008750108D6
:10801000C8910108CC910108D0910108D4910108C0
:10802000D8910108DC910108E0910108E491010870
:10803000E89101081000130A030002011202220352
:10804000010411052106000710082009300F310E28
:10805000320D330C2310000034800108389C0108D5
:1080600034800108409C010834800108489C0108C4
:1080700034800108509C010834800108589C010894
:108080009C810108609C0108C08101086C9C01086A
:10809000E4810108209301089C810108749C010877
:1080A00034800108849C0108E4810108889C01084F
:1080B00078810108EC960108E481010880990108A3
:1080C000E4810108989C010834800108589C01084B
:1080D000E4810108A49C010878810108B49C01088E
:1080E0009C810108649C010878810108C09C0108FA
:1080F00008820108CC9C0108E4810108DC9C01088D
:10810000E4810108EC9C0108E4810108FC9C010861
:10811000E4810108B8940108348001080C9D01082D
:10812000E4810108189D010878810108EC96010896
:10813000E4810108289D010878810108649C0108F8
:1081400034800108589C01089C810108649C010846
:1081500008820108309D0108348001083C9D010817
:10816000788101086C9C0108E4810108489D0108A0
:1081700008820108509D01081000130A0300020143
:10818000120222030104110521060007100820092C
:1081900030163115320B330C231000001000130A77
:1081A0000300020112022203010411052106000747
:1081B0001008200930163115320B330C2310000043
:1081C0001000130A030002011202220501231124E8
:1081D0002125002610272028301731163215330CA0
:1081E000231000001000130A0300020112022203F0
:1081F0000104110521060007100820093319231076
:1082000030633163326300001000130A030002017F
:10821000120222030104110521060007100820099B
:1082200023103215330C306331630000000000006E
:10823000000000010001000100000000000000003B
:10824000000100010001000000000000000000002B
:10825000006000390FFF00390060000000000000DE
:10826000000100010001000000000000000000000B
:10827000000000010001000100000000000000609B
:1082800000390FFF0039006000000000000000000E
:10829000000000010001000100000000000001805A
:1082A00007010FFF0701018000000000000000002F
:1082B000018007010FFF070101800000000000009E
:1082C00000010001000100000000000000000000AB
:1082D0000030003D03FF043D08301000100008305E
:1082E000043D03FF003D0030000000000608C0967A
:1082F0000108CC9601080300EC960108752F0108CF
:108300000200FC960108292F010802010C970108C0
:10831000292F010802021C970108411F01080000D3
:1083200000000000B08301080300857D01088D274F
:1083300001084607289901083C990108231E48991D
:10834000010859270108800000000000B0830108DF
:108350003064420003003F900108D5340108030156
:1083600064990108D5340108030270990108D534D5
:10837000010803037C990108D53401080304889996
:108380000108D5340108030590990108D534010886
:10839000030798990108D53401080308A499010836
:1083A000D5340108000000000000B083010800007F
:1083B00004003499010800000000000000000000E3
:1083C000000000008500A495010800000000820163
:1083D000BC9501081D2601088202C89501081D26CA
:1083E0000108800000000000B0830108436C656153
:1083F0007220756E6C6F636B20636F646500496EED
:10840000636F727265637420636F64652C2075738B
:10841000652031323334000001004C940108848F10
:108420000108020254940108E5310108010060943A
:108430000108C483010802036C940108E5310108B6
:108440000300857D010889340108060F7494010832
:10845000849401080100909401087C8501080100C2
:108460009894010874840108000000000000B083A3
:10847000010800000300A0940108D9FE0008430091
:10848000AC940108C1FE00080617B8940108CC940A
:1084900001080620049501081495010802002095A2
:1084A000010851300108010030950108D884010805
:1084B00001003C950108EC82010803005095010879
:1084C0001507010801005C950108B88C010800003F
:1084D00000000000B08301080300849501084507EF
:1084E00001080304889501084507010801009095DB
:1084F0000108A48C0108000000000000B0830108FE
:108500008B50000000006D2D010881001C960108B1
:1085100020850108000000000000B0830108000071
:108520008B55000000006D2D0108000000000000C8
:10853000B083010825382E3351487A20252B342E5C
:1085400031666442004C6576656C206F6620252E8E
:108550003351487A206F75747075740002012C973E
:1085600001088123010802003097010881230108D6
:108570000000000000000000000000008200C4971E
:108580000108810B0108800000000000B083010891
:108590000300A093010815FE00080301000000007D
:1085A000493301080301AC9301081D33010803019D
:1085B000B8930108292D01080613C4930108D0932C
:1085C00001080100E4930108A48E01080100F4935E
:1085D0000108CC8E0108030004940108E10601089B
:1085E000000000000000B083010854494D450046DA
:1085F00052455155454E4359000000008300B49B3D
:10860000010869FB00088602EC040020D09B0108E9
:10861000861AE09B0108000500208300000000008E
:10862000BD1D0108830000000000211D0108861007
:10863000EC9B0108009C01088400A4920108000042
:10864000000080000000000000000000456E74651E
:10865000722061637475616C20696E707574206C32
:108660006576656C00302E2E3335304D487A0030FB
:108670002E2E3732304D687A003234302E2E393675
:10868000304D687A00000000010008930108508C0A
:108690000108020014930108C93801080100209361
:1086A00001082883010801002C930108C4900108E7
:1086B00006103493010800000000010044930108F3
:1086C0006C90010803004C9301089D3801080000DC
:1086D00000000000B08301084174206C6561737470
:1086E000206F6E6520656E747279004572726F72CC
:1086F00000000000061D6098010870980108061E21
:1087000064930108128D010802007C980108CD26AF
:108710000108000000000000B08301080B600000A9
:108720000000591F0108000000000000B08301088C
:10873000252E3646487A0A252E324625730000003B
:10874000030F409A010899260108030E409A010878
:1087500099260108030D409A010899260108030C87
:10876000409A010899260108000000000000B0832B
:10877000010800000300489A0108D52901080B41AF
:1087800000000000D52901080365589A0108512905
:1087900001080308689A0108390501080100789A60
:1087A0000108D88D0108000000000000B083010816
:1087B000454D5054592025640000000083000C9C56
:1087C000010869FB00088602EC040020289C0108CF
:1087D000860BE09B010800050020830000000000DC
:1087E000BD1D0108830000000000211D0108861046
:1087F000EC9B0108009C01088400A4920108000081
:108800000000800000000000000000000100D09780
:108810000108548801080100E0970108B0880108A8
:108820000100EC970108008901080301FC97010889
:10883000B505010803020C980108B50501080304F9
:108840000C980108B5050108000000000000B08385
:1088500001080000030084980108491E0108030272
:1088600090980108491E010803049C980108491EBC
:1088700001080320A4980108491E01080308B098C4
:108880000108491E01080310BC980108491E01088F
:108890000100CC980108008901080240D498010821
:1088A00061240108000000000000B08301080000FE
:1088B00002001898010855250108020120980108B6
:1088C00055250108020228980108552501080203D0
:1088D000349801085525010802043C9801085525E3
:1088E0000108000000000000B08301080B41489817
:1088F0000108FD230108000000000000B08301080A
:108900000204DC980108590301080200EC980108F0
:10891000590301080201F8980108590301080202ED
:108920000499010859030108020310990108590329
:10893000010803001C990108992C01080320A49840
:108940000108491E0108000000000000B083010872
:108950000B4154980108B5240108000000000000F4
:10896000B08301080B3014940108B92301080000FA
:1089700000000000B083010803003F900108153596
:1089800001080301DC950108153501080302E8958B
:108990000108153501080303F09501081535010894
:1089A0000304FC950108153501080305009601082C
:1089B0001535010803100C96010815350108010052
:1089C0001C960108D4890108000000000000B08353
:1089D0000108000003076D7D010815350108030833
:1089E0002496010815350108030928960108153554
:1089F0000108030A2C9601081535010843063C9628
:108A0000010815350108000000000000B0830108CE
:108A1000496E636F727265637420696E707574005D
:108A20004672657175656E6379206F662066756E36
:108A300064616D656E74616C004672657175656E1A
:108A40006379206F66206C656674207369676E6158
:108A50006C005269676874207369676E616C0046C8
:108A600072657175656E6379206F66207369676ED4
:108A7000616C004672657175656E6379206F66661C
:108A80007365740042616E6477696474680064425F
:108A900063004D6F64756C6174696F6E20667265FA
:108AA0007175656E63793A2033202E2E2031306B3C
:108AB000487A004D6F64756C6174696F6E206672E0
:108AC000657175656E63793A2031202E2E20322E25
:108AD000356B487A004672657175656E63792064FE
:108AE0006576696174696F6E3A20353030487A2056
:108AF0002E2E203530306B487A004368616E6E65EB
:108B00006C206672657175656E6379004368616E8D
:108B10006E656C2077696474680000009320649B24
:108B20000108092301089310749B01080923010817
:108B30009333849B0108092301089341949B010806
:108B4000092301089351A49B0108191E0108800004
:108B5000000000000000000052657475726E005342
:108B6000776974636800000085000C9A01080000B2
:108B7000000083000000000065050108C3016D7D51
:108B80000108650501088302000000006505010871
:108B900083030000000065050108C3040000000015
:108BA000650501088619189A0108249A01088300AE
:108BB000309A0108AD220108800000000000B08357
:108BC00001080000349B01083C9B0108449B0108FC
:108BD0004C9B0108589B0108456E746572206163C7
:108BE0007475616C206C6576656C206F662033301F
:108BF0004D487A206F7574707574000003005499A5
:108C00000108592601080B615C99010859260108E1
:108C1000000000000000B083010800008B80857D0B
:108C20000108D1220108800000000000B083010883
:108C30003F900108FC9A0108049B01080C9B010865
:108C4000149B01081C9B0108249B01082C9B010814
:108C50000300837F010815280108060528990108EB
:108C6000000000000400349901080000000000002A
:108C70000000000000000000456E74657220736300
:108C8000616C6500060A98970108A497010806140C
:108C9000B8970108A4970108000000000000B08305
:108CA000010800000BA0A0950108E5FD00080000E8
:108CB00000000000B0830108030044960108A1FEF3
:108CC000000803004896010879FE000843004C960E
:108CD000010859FE000843005096010831FE0008C3
:108CE00046095C960108689601080100749601081F
:108CF000848C010841008096010840870108060E17
:108D00008C960108A0960108000000000000B083C6
:108D100001084C6576656C0041637475616C207365
:108D200074617274206672657175656E6379004155
:108D3000637475616C2063656E746572206672651C
:108D40007175656E6379004D4F443A202573004D6F
:108D50004F443A20253464487A20257300535055F7
:108D6000520A52454D4F56414C004D4952524F52B6
:108D70000A4D41534B494E47000000000600AC929B
:108D80000108000000000601B89201080000000080
:108D90000602C4920108000000000603D0920108F8
:108DA000000000000604DC92010800000000010041
:108DB000E8920108FC8B01080300EC920108913352
:108DC00001080202F8920108552501080000000080
:108DD0000000B083010800000300809A01085129B7
:108DE00001080B4100000000512901080364949A16
:108DF000010851290108000000000000B0830108AB
:108E0000252E3646487A0A252E3646487A0053548F
:108E10004F524520256400000B30000000003D2823
:108E20000108000000000000B08301081B545241FB
:108E300043452025640000000B40000000007D2811
:108E40000108000000000000B08301088603B49907
:108E5000010865860108C612C0990108D499010865
:108E60008613DC990108EC9901088100FC9901083E
:108E7000B88E0108800000000000B083010853573D
:108E80003A25332E32664D487A20252B64644220E1
:108E9000252E3346730053574545503A204F4646DA
:108EA000000000000B408C9701083DFB000800000B
:108EB00000000000B08301088B408C9701083DFB47
:108EC0000008000000000000B08301080300549374
:108ED0000108F5320108030138970108F53201084D
:108EE000430240970108F53201080303489701083F
:108EF000F53201080615589701086897010806160B
:108F00007C97010868970108000000000000B0830A
:108F10000108000003006C92010815FE0008010022
:108F200074920108748701080100EF8501087C8DA7
:108F300001080100649C01088886010801007C92F8
:108F40000108D48F0108010084920108908501086E
:108F500001008C9201080C8801080100949201081C
:108F60007889010801009C92010818840108010019
:108F7000A49201081C8B0108000000000000000002
:108F80000000000002006C950108E53101080201B3
:108F900078950108E5310108000000000000B08369
:108FA000010800000B3014940108E92801080000B2
:108FB00000000000B083010844697361626C6520A1
:108FC0006E6F726D616C697A6174696F6E2066692B
:108FD000727374000300149401083D20010803011A
:108FE000209401083D2001080302289401083D2037
:108FF00001080303000000003D2001080304309431
:1090000001083D2001080305000000003D20010883
:1090100001003C940108188E0108000000000000C7
:10902000B083010853554254524143540A545241AB
:1090300043452025640053554254524143540A4F3E
:1090400046460043414C430A257300456E61626CFD
:1090500065206174206C65617374206F6E65207487
:109060007261636500547261636500000300837F71
:1090700001085532010803015493010855320108D3
:1090800003025C930108553201080611649301083C
:109090000000000003047093010855320108030624
:1090A0007C930108553201080623889301080000CB
:1090B0000000000000000000B0830108555000448B
:1090C0004F574E0003001C920108ED2701080301D1
:1090D00020920108ED270108030228920108ED27DC
:1090E0000108030430920108ED27010803053892B6
:1090F0000108ED270108030698930108ED270108F0
:10910000000000000000B083010857415445520A96
:1091100046414C4C000000003300650091002201E4
:1091200000001E0064002C01E803B80B701700005B
:1091300000007FFF4001C001C001C001480148019B
:109140004A894AA9CAA9DFFDC00140017FFF00008A
:1091500000007FFF4001C001CF8DC8894889488940
:1091600048894889C889D8F9C00140017FFF0000BB
:1091700000007FFF4001C081C3C1C789471D47B9B7
:1091800043F947F1CF81DF01CE0140017FFF0000AD
:1091900000007FFF4001C001C031C04940855085BB
:1091A00050855081C901C601C00140017FFF000008
:1091B0004553442070726F746563746564000000E9
:1091C000FEFE7C381000000031000000320000007C
:1091D0003500000031300000323000003530000032
:1091E0003130300032303000353030004A616E00AE
:1091F000466562004D617200417072004D617900F8
:109200004A756E004A756C004175670053657000C1
:109210004F6374004E6F76004465630064426D00D6
:1092200064426D560000000064421D5600000000BC
:1092300056726D73000000005670700057000000F9
:10924000644200003164422F000000003264422F6B
:10925000000000003564422F0000000031306442FD
:109260002F000000323064422F000000504155535F
:1092700045000000505245534554000054524143AC
:1092800045000000444953504C4159004D41524B58
:10929000455200004D45415355524500434F4E46FF
:1092A000494700004D4F44450000000053544152CF
:1092B000540A08257300000053544F500A082573C0
:1092C0000000000043454E5445520A082573000033
:1092D0005350414E0A082573000000005A45524F72
:1092E000205350414E000000524257005348494617
:1092F000540A4652455100004D41524B45520A1BFB
:109300002043454E54455200524546204C45564553
:109310004C0000005343414C452F44495600000087
:10932000415454454E55415445000000554E495452
:1093300000000000455854204741494E0A08257353
:109340000000000054524947474552004C495354CD
:10935000454E00004E4F524D414C000053494E4780
:109360004C4500004C4556454C0A0825730000004A
:10937000454447450A0825730000000054524947F8
:109380004745520A08257300494E54455256414CF0
:109390000A08257373000000576174740000000010
:1093A00050415553450A5357454550004249470AD5
:1093B0004E554D4245520000445241570A4C494EC9
:1093C0004500000053574545500A54494D4500009B
:1093D000302E2E363030732C20303D64697361623C
:1093E0006C65000053574545500A504F494E545341
:1093F0000000000053574545500A41434355524130
:1094000043590000524F544154450A444953504C6B
:10941000415900005452414345202564000000009A
:10942000454E41424C450000465245455A450000D4
:109430004E4F524D414C495A450000005452414351
:10944000450A1B545241434500000000544F554308
:109450004800000053454C4620544553540000003A
:109460004C4556454C2043414C0000005645525354
:10947000494F4E0053414D504C45205245500A082B
:1094800025730000312E2E313030303000000000C6
:109490001B204446550000001B4D4F524500000064
:1094A00050554C53450A4849474800004C4F204FFF
:1094B00055545055540000004D494E494D554D0AE4
:1094C000475249444C494E4553000000456E74656F
:1094D00072206D696E696D756D20686F72697A6F43
:1094E0006E74616C2067726964206469766973695F
:1094F0006F6E732C203020697320616C77617973F3
:10950000203130004A4F4720535445500A082573F4
:109510000000000030203D204155544F0000000065
:10952000434C4541520A434F4E4649470000000014
:10953000434F4E4E454354494F4E00004C4556450F
:109540004C0A434F5252454354494F4E00000000CD
:1095500048414D0A42414E44530000004558504591
:1095600052540A434F4E464947000000544F55435A
:10957000482043414C000000544F55434820544577
:10958000535400005553420053455249414C00008A
:1095900053455249414C0A53504545440000000090
:1095A00025750000436F6E6E656374204849474817
:1095B00020616E64204C4F570000000043414C492D
:1095C0004252415445000000524553455420434106
:1095D0004C4942524154494F4E0000004841524DBF
:1095E0004F4E4943000000004F4950330000000037
:1095F00050484153450A4E4F49534500534E52007F
:109600002D3364420A574944544800004F434355A0
:10961000504945440A574944544800001B204D4FC7
:1096200052450000464D0000544844004348414E16
:109630004E454C0A504F5745520000004C494E458C
:1096400041520000414743004C4E41004250460009
:1096500042454C4F572049460000000049462046ED
:109660005245510A08257300303D6175746F2049D9
:10967000460000005343414E0A5350454544000004
:109680004D495845520A445249564500434F52529B
:109690004543540A4652455155454E435900000032
:1096A000456E7465722061637475616C206C304D19
:1096B000487A206672657175656E637900000000F6
:1096C000494E5055540A4C4556454C00456E7465FC
:1096D000722061637475616C206C6576656C2075B1
:1096E0006E646572206D61726B6572004F555450E7
:1096F00055540A4C4556454C00000000494E204C3C
:109700004F570A435552564500000000494E204825
:109710004947480A43555256450000004F555420CA
:109720004C4F570A43555256450000004F4B00001E
:1097300043414E43454C0000505245434953450078
:1097400046415354000000004E4F4953450A534FC1
:1097500055524345000000004E5350454544555076
:109760000A08257300000000322E2E32302C2030E3
:109770003D64697361626C65000000005753504599
:10978000454455500A082573000000002533642025
:10979000706F696E740000005344454C41590A08CB
:1097A000257300003235302E2E31303030302C20F1
:1097B000303D6175746F00004F44454C41590A08B3
:1097C00025730000454E5445522044465500000084
:1097D0004D4F444946590A4D41524B4552530000A2
:1097E0004D41524B45520A4F505300005345415290
:1097F00043480A4D41524B455200000052455345E3
:10980000540A4D41524B4552530000002564204DEF
:1098100041524B45525300001B20535441525400B7
:109820001B2053544F5000001B2043454E544552BB
:10983000000000001B205350414E00001B205245E9
:1098400046204C4556454C001B4D41524B4552203D
:10985000256400004D41524B455220256400000014
:109860004652455155454E43590A0825730000009C
:109870004672657175656E63790000004449534115
:10988000424C45004D41524B45522025730000008B
:1098900044454C5441202573000000004E4F49536D
:1098A00045000000545241434B494E470000000020
:1098B0005452414345202573000000005452414357
:1098C000450A415645524147450000005345415223
:1098D0004348000044454C45544500005045414B29
:1098E0000A20534541524348000000004D494E0AAA
:1098F0001A204C45465400004D494E0A1B2052493F
:10990000474854004D41580A1A204C45465400001F
:109910004D41580A1B20524947485400454E544572
:10992000520A2573000000004D414E55414C0A0873
:10993000257300001A204241434B000030202D20A7
:10994000333064420000000032322E35202D2034A6
:109950003064420020204155544F00002534646B90
:10996000487A00004D494E0A484F4C440000000020
:109970004D41580A484F4C44000000004D41580AE0
:1099800044454341590000004156455220340000EF
:10999000415645522031360051554153490A5045F0
:1099A000414B00005441424C451B0A54524143452F
:1099B000000000005350414E3A2025730000000083
:1099C0004C4556454C204348414E47453A20257367
:1099D000000000002D37302E2E37300053574545FC
:1099E000502054494D453A2025730000302E2E3624
:1099F0003030207365636F6E6473000053574545C4
:109A00005020504F494E5453000000004D4F4455D4
:109A10004C4154494F4E0000465245513A2025735F
:109A20000000000031487A2E2E356B487A00000085
:109A30004C6576656C20696E2064427556000000A6
:109A4000252B6464426D00004C4F41440A5354413D
:109A500052545550000000004C4F41440A444546C2
:109A600041554C5453000000534156450A53455448
:109A700054494E475300000053544F5245000000D4
:109A800053544F52452041530A5354415254555058
:109A900000000000464143544F52590A4445464194
:109AA000554C54530000000050524500504F535441
:109AB000000000004D4944004D494E4800000000A0
:109AC0004D415848000000004D415844000000003E
:109AD000204156455234000041313600415645522E
:109AE0000000000051554153490000005441424CD0
:109AF000450000004445434F4E56000033304D486A
:109B00007A00000031354D487A00000031304D4870
:109B10007A000000344D487A00000000334D487A46
:109B200000000000324D487A00000000314D487AB4
:109B3000000000004E6F6E6500000000414D2033B4
:109B400030250000464D20336B487A00464D2037C3
:109B5000356B487A0000000045787465726E616C60
:109B600000000000257320746F204C4F5720696E51
:109B700000000000257320746F2048494748206981
:109B80006E000000257320746F204C4F57206F75B6
:109B900074000000257320746F2048494748206FE7
:109BA0007574000043616C2E206F75747075743A83
:109BB0002025730048494748204F5554505554209C
:109BC00020202020202020202020257300000000BD
:109BD0003234304D487A2E2E3935394D487A0000CE
:109BE0004C4556454C3A20257300000045585445D5
:109BF000524E414C204741494E3A20257300000007
:109C00002D3130302E2E2B31303000004C4F57206C
:109C10004F55545055542020202020202020202013
:109C2000202025730000000031306B487A2E2E333F
:109C300035304D487A000000535441525400000022
:109C400053544F500000000043454E54455200000D
:109C50005350414E000000004652455100000000A4
:109C60005245460A4C4556454C0000005343414C72
:109C70004500000041435455414C0A504F5745524E
:109C8000000000004946000053414D504C450A4435
:109C9000454C4159000000004E4F4953450A4C4580
:109CA00056454C0053414D504C450A524550454194
:109CB000540000004558540A4741494E0000000036
:109CC0004C4556454C0A535745455000535745455A
:109CD000500A5345434F4E44530000004F464653ED
:109CE00045540A44454C4159000000004E4152522F
:109CF0004F570A5350454544555000005749444575
:109D00000A53504545445550000000004D41524B08
:109D100045520A46524551004D4F44554C41544915
:109D20004F4E0A465245510041545441434B0000A6
:109D30004D41524B45520A54494D45004A4F470A3E
:109D40005354455000000000434F444500000000BC
:109D5000494E54455256414C00000000080049004D
:109D60002A000800F78008002A0049000800555022
:109D7000504552204C454654004C4F5745522052B6
:109D80004947485400544F5543482050414E454C94
:109D90002C2044524157204C494E45532C205052C0
:109DA00045535320425554544F4E20544F2046495A
:109DB0004E4953480053544154453A2025203464B9
:109DC000200052414E47453A202525730046524512
:109DD000513A2025257300001C92010820920108A9
:109DE0002892010804740108309201083892010891
:109DF0003C920108409201084092010840920108FB
:109E00000474010830920108389201083C9201085C
:109E1000004B00000096000000E1000000C20100BD
:109E2000008403000008070000100E0000201C0042
:109E300080841E00C0C62D00FFFF00000100280026
:109E4000CF0300C130ED0464031281E8038500787C
:109E5000CB05392C003402F70120EA020000C001D2
:109E600023C10110C5023E28C701BE3601283A01B0
:109E700055B1020018F20100260101E00F0F312B4D
:109E80000C0E084EF1370710030E0900E10F000E0B
:109E90001403110731C148080F0C31360FB7010602
:109EA000B603088227F60300000011002900000015
:109EB0000FF03FFC7FFE7C3EF81FF00FF00FF00F1D
:109EC000F00FF00FF00FF00FF00FF00FF00FF00F9A
:109ED000F00FF81F7C3E7FFE3FFC0FF000F001F01A
:109EE00003F007F00FF00FF00EF00CF000F000F0B0
:109EF00000F000F000F000F000F000F000F000F0E2
:109F000000F003FC03FC03FC0FF03FFC7FFE7C3EF3
:109F1000F81FF00FF00F001F003F007E00FC01F85B
:109F200003F007E00FC01F803F007E00FC00FFFF32
:109F3000FFFFFFFF0FF03FFC7FFE7C3EF81FF00F9E
:109F4000F00F001E003E01FC01F801FC007E001F26
:109F5000000FF00FF00FF81F7C3E7FFE3FFC0FF06C
:109F600001F801F803F803F807F807F80FF80F787D
:109F70001F781E783E783C787C787878F878FFFFF8
:109F8000FFFFFFFF0078007800780078FFFFFFFFF9
:109F9000FFFFF000F000F000F000F7F0FFFCFFFE24
:109FA000FC3EF81F000F000F000F000FF00FF81F0E
:109FB0007C3E7FFE3FFC0FF00FF03FFC7FFE7C3EBF
:109FC000F81FF00FF000F000F7F0FFFCFFFEFC3E82
:109FD000F81FF00FF00FF00FF00FF81F7C3E7FFE20
:109FE0003FFC0FF0FFFFFFFFFFFF001F003E007C64
:109FF00000F801F001E003E003C007C0078007801C
:10A000000F800F000F000F000F000F000F000F0058
:10A0100007E01FF83FFC7C3E781E781E781E3C3C13
:10A020001FF80FF03FFC7C3E781EF00FF00FF00F92
:10A03000F00FF81F7C3E7FFE3FFC0FF00FF03FFC5F
:10A040007FFE7C3EF81FF00FF00FF00FF00FF81FAF
:10A050007C3F7FFF3FFF0FFF000F000FF00FF81F47
:10A060007C3E7FFE3FFC0FF000000000000000007F
:10A0700000000000000000000000000000000000E0
:10A0800000000000000000000000038007C007C0BF
:10A09000038000000000000000000000000000003D
:10A0A00000000000000000003FFC3FFC3FFC3FFCC4
:10A0B00000000000000000000000000000000000A0
:10A0C00000030007000F001F003F007F000F000F7C
:10A0D000000F60CFF1EF7BCF3F8F1F0F1F0F3F8F20
:10A0E0007BCFF1EF60CF000F000F000FF000F0000A
:10A0F000F000F000F000F000F03EF07CF0F8F1F03D
:10A10000F3E0F7C0FF80FF00FF00FF80F7C0F3E03F
:10A11000F1F0F0F8F07CF03EF00FF00FF81FF81FB0
:10A12000FC3FFC3FFE7FFE7FFFFFFFFFFFFFFFFFC7
:10A13000F7EFF7EFF3CFF3CFF18FF18FF00FF00FD1
:10A14000F00FF00F0FF03FFC7FFE7C3EF81FF00F8A
:10A15000F00FF00FF000F000F000F000F03FF03FE3
:10A16000F03FF007F00FF81F7C3F7FFF3FF70FE74E
:10A1700000000000004000C001C003C007C00FFF86
:10A180001FFF3FFF7FFFFFFF7FFF3FFF1FFF0FFF0F
:10A1900007C003C001C000C0004000000000000074
:10A1A0000000000000001E3C3F7E73E661C3E1C377
:10A1B000C183C183C183C183C387C38667CE7EFC4D
:10A1C0003C78000000000000000000000000077C58
:10A1D000077E036603660366036603663B7C7F7E39
:10A1E000E767C363C363C363C363C363C363E767EF
:10A1F0007F7E3B7C0000000003800380038003809F
:10A200003FF83FF83FF8038003800380038000009D
:10A2100000003FF83FF83FF8000000000000000099
:10A2200000007BDE7BDE7BDE7BDE00007BDE7BDE18
:10A230007BDE7BDE00007BDE7BDE7BDE7BDE000008
:10A240007BDE7BDE7BDE7BDE0000000000000000AA
:10A25000000000000000000000000000EE1CFF3EB7
:10A26000FFFFFFFFF3CFF3CFF3CFF3CFF3CFF3CF66
:10A27000F3CFF3CFF3CFF3CF0000000000000000D6
:10A2800000000000F01EF01EF01EF01EF01EF01E7A
:10A29000F01EF01EF83EFC7EFFFEFFFFF7CFF387B7
:10A2A000F000F000000000000000000000000000CE
:10A2B00000000000F1F0F7FCFFFEFE3EFC1FF80F6F
:10A2C000F00FF00FF00FF00FF00FF00FF00FF00F96
:10A2D000000000000000000000000000F3F0F7FCA8
:10A2E000FFFEFE1FFC0FF807F807F807FC0FFE1F24
:10A2F000FFFEF7FCF3F0F000F000F000F45F86449E
:10A30000F54484C4F44400000000000F000F000F67
:10A31000000F000F000F000F180F380F7FFFFFFF17
:10A32000FFFF7FFF3800180000060646FEFE4002D1
:10A330002020505088F884C0E0F0E0C080006CB26B
:10A34000929A6C00022040F8402000022010F81081
:10A35000200002F8505050509802008888D8A880F9
:10A36000728888885050D863909060000000040084
:10A370000000000000454040404000405050500068
:10A380000000005250F850F850502278A07028F089
:10A3900020C2C8102040981802205060A89068641D
:10A3A00040800000000024408080804020844020C5
:10A3B000202040800220A870A82000022020F82041
:10A3C000200005000000C04080030000F0000000F5
:10A3D0000500000000C0C024204040408080639001
:10A3E0009090909060236020202020706390102037
:10A3F0004080F06390106010906093909090F01007
:10A4000010F380E010109060639080E0909060F313
:10A410001020204040406390906090906063909046
:10A420007010906004C0C000C0C000046060006094
:10A430004080032040804020000300F000F0000036
:10A4400003804020408000639010204000406390D3
:10A45000B0B080807063909090F09090E39090E026
:10A460009090E063908080809060E39090909090D6
:10A47000E0F38080E08080F0F38080E08080806383
:10A480009080B0909070939090F0909090E44040C5
:10A49000404040E073101010109060939090E09056
:10A4A0009090838080808080F08AD8A8A8A888882F
:10A4B0009390D0B090909063909090909060E39043
:10A4C00090E08080806390909090A050E39090E026
:10A4D00090909063908060109060FA20202020205F
:10A4E0002093909090909070939090909060608A5C
:10A4F0008888A8A8A8508A8850205088888A888888
:10A5000050202020F31020408080F0E48080808064
:10A5100080E084804040402020E42020202020E073
:10A5200044A00000000000030000000000F8C44048
:10A5300020000000000300709090B0508380A0D0F5
:10A540009090E003007080808070131050B0909065
:10A550007003006090F08070235040E04040400362
:10A560000070907010608380A0D09090904400C0E4
:10A57000404040E02400202020A040838090A0C0E4
:10A58000A090C44040404040E00200F0A8A8A8A825
:10A590000300A0D090909003006090909060030022
:10A5A000E09090E080030070909070100300A0D0C5
:10A5B000808080030070806010E04340E0404040B5
:10A5C000300300909090B050030090909060600233
:10A5D000008888A8A8500300909060909003009095
:10A5E000907010E00300F0204080F0244040804054
:10A5F00040202420202020202084404020404080F3
:10A60000030050A000000000000000700070007007
:10A61000007000700070107030707FF0FFF07FF0FD
:10A62000300010000000060006000F000F000F00B1
:10A630001B801B8031C031C060E060E060E0FFF053
:10A6400000058000C000E000F000F800FC00FE0003
:10A65000FC00F800F000E000C000800000000000F6
:10A6600039C07FE0EE70CE30C630C730E7707FE093
:10A6700039C00000000000000004000000000000DD
:10A68000100030007000FF00FF007000300010006C
:10A6900000000000000400000000000008000C00A2
:10A6A0000E00FF00FF000E000C000800000000007C
:10A6B00000010000000000007FE0FFE0B180318079
:10A6C0003180318031803180E1F0E1E00000000034
:10A6D0000000000071C071C071C071C071C073D042
:10A6E0007EE06000E000E0000F003FC070E0E0703E
:10A6F000E070E070E070E070E07070E039C0999058
:10A70000F9F0F9F01C043E006300630063003E00B2
:10A710001C0000000000000000000000000000001D
:10A720000007000000000000000000000000000022
:10A7300000000000000000000000000030073000B2
:10A740007800780078007800300030003000300069
:10A750000000300078003000660566006600660084
:10A7600044000000000000000000000000000000A5
:10A77000000000000002330033003300FFC0FFC0C0
:10A7800033003300FFC0FFC033003300330000004C
:10A790003E036B00C900C900E80078003C000E00D1
:10A7A0000B00098089808980CB007E007010883082
:10A7B000886088C08980730006000CE01910311091
:10A7C0006110C11080E000001E0031003100310036
:10A7D00032001CF018602C404E80C700C300C390AC
:10A7E000E5F07860380738003800380000000000D5
:10A7F0000000000000000000000000000000000059
:10A8000000070000180030006000C000C000C00059
:10A81000C000C00060003000180000000007000009
:10A82000C000600030001800180018001800180060
:10A8300030006000C00000000004000000001000B4
:10A84000D600D6003800D600D60010000000000068
:10A8500000000000000400000000180018001800AC
:10A86000FF00FF00180018001800000000000000A2
:10A8700000070000000000000000000000000000D1
:10A88000000000006000F0007000E0000004000024
:10A890000000000000000000FF00FF0000000000BA
:10A8A00000000000000000000007000000000000A1
:10A8B0000000000000000000000000000000600038
:10A8C000F00060000004000000000100030006002A
:10A8D0001800180030006000C00080000000000078
:10A8E0003F027F80F3C0E1C0E1C0E1C0E1C0E1C050
:10A8F000E1C0E1C0E1C0F3C07F803F0038057800CF
:10A90000F800F80038003800380038003800380007
:10A9100038003800FE00FE003F027F80F3C0E1C037
:10A9200001C003C007800F003C007800F000F00079
:10A93000FFC0FFC03F027F80F3C0E1C001C003C081
:10A940001F801F8003C001C0E1C0F3C07F803F00B3
:10A95000E382E380E380E380E380E380E380E380DD
:10A96000E380FFC0FFC0038003800380FFC2FFC0FD
:10A97000E000E000E000FF00FF80E3C001C001C094
:10A98000E1C0F3C07F803F003F027F80F3C0E1C0A1
:10A99000E000EF00FF80F3C0E1C0E1C0E1C0F3C020
:10A9A0007F803F00FFC2FFC0E1C001C001C003C003
:10A9B00007800F001E001C001C001C001C001C0057
:10A9C0003F027F80F3C0E1C0E1C0F3C07F807F80A1
:10A9D000F3C0E1C0E1C0F3C07F803F003F027F8051
:10A9E000F3C0E1C0E1C0E1C0F3C07FC03DC001C021
:10A9F000E1C0F3C07F803F00000700006000F0006E
:10AA0000600000000000000000006000F000600036
:10AA100000000000000700006000F000600000007F
:10AA20000000000000006000F00030006000000046
:10AA30000002000000C003800E003800E000E000CB
:10AA400038000E00038000C000000000000200007B
:10AA500000000000FFC0FFC000000000FFC0FFC0FA
:10AA6000000000000000000000020000C0007000B4
:10AA70001C00070001C001C007001C007000C000DE
:10AA8000000000003F027F80F3C0E1C001C001C0B0
:10AA9000038007000E001C001C0000001C001C00AE
:10AAA0000F0030C0402086908990909090909090B8
:10AAB0009090899086E0400030000F000C021E004C
:10AAC0003F007F80F3C0E1C0E1C0E1C0FFC0FFC034
:10AAD000E1C0E1C0E1C0E1C0FF02FF80E3C0E1C02E
:10AAE000E1C0E3C0FF80FF80E3C0E1C0E1C0E3C09C
:10AAF000FF80FF003F027F80F3C0E1C0E000E00084
:10AB0000E000E000E000E000E1C0F3C07F803F0033
:10AB1000FF02FF80E3C0E1C0E1C0E1C0E1C0E1C0ED
:10AB2000E1C0E1C0E1C0E3C0FF80FF00FFC2FFC0A1
:10AB3000E000E000E000E000FF00FF00E000E000D7
:10AB4000E000E000FFC0FFC0FFC2FFC0E000E00087
:10AB5000E000E000FF00FF00E000E000E000E000B7
:10AB6000E000E0003F027F80F3C0E1C0E000E000D1
:10AB7000E7C0E7C0E1C0E1C0E3C0F7C07EC03CC0B1
:10AB8000E1C2E1C0E1C0E1C0E1C0E1C0FFC0FFC07F
:10AB9000E1C0E1C0E1C0E1C0E1C0E1C0FE053800B4
:10ABA00038003800380038003800380038003800E5
:10ABB000380038003800FE001FC21FC00380038029
:10ABC00003800380038003800380E380E380F780B9
:10ABD0007F003E00E0E1E1E0E3C0E780EF00FE003F
:10ABE000FC00FC00FE00EF00E780E3C0E1E0E0E0F5
:10ABF000E002E000E000E000E000E000E000E00053
:10AC0000E000E000E000E000FFC0FFC0E0E1E0E0C5
:10AC1000F1E0FBE0FFE0FFE0FFE0EEE0EEE0E4E08B
:10AC2000E0E0E0E0E0E0E0E0E1C2E1C0E1C0F1C08E
:10AC3000F9C0FDC0FFC0EFC0E7C0E3C0E1C0E1C0A4
:10AC4000E1C0E1C03F027F80F3C0E1C0E1C0E1C0EC
:10AC5000E1C0E1C0E1C0E1C0E1C0F3C07F803F00DE
:10AC6000FF02FF80E3C0E1C0E1C0E3C0FF80FF005E
:10AC7000E000E000E000E000E000E0003F817FC095
:10AC8000F1E0E0E0E0E0E0E0E0E0E0E0EEE0EFE096
:10AC9000E780F3C07FE03EE0FF02FF80E3C0E1C059
:10ACA000E1C0E3C0FF80FF00FF80E3C0E1C0E1C07E
:10ACB000E1C0E1C03F027F80F3C0E1C0E000F000EE
:10ACC0007F003F8003C001C0E1C0F3C07F803F0030
:10ACD000FFE1FFE08E200E000E000E000E000E00C1
:10ACE0000E000E000E000E000E000E00E1C2E1C0CC
:10ACF000E1C0E1C0E1C0E1C0E1C0E1C0E1C0E1C04C
:10AD0000E1C0F3C07F803F00E1C2E1C0E1C0E1C02B
:10AD1000E1C0E1C0E1C0E1C0E1C0F3C07F803F001D
:10AD20001E000C00E0E1E0E0E0E0E0E0E0E0EEE06A
:10AD3000EEE0EEE0EEE0EEE0FFE0FFE07BC0318031
:10AD4000E0E1E0E0E0E0F1E07BC03F801F001F00B9
:10AD50003F807BC0F1E0E0E0E0E0E0E0E0E1E0E067
:10AD6000E0E0F1E07BC03F801F000E000E000E000F
:10AD70000E000E000E000E00FFE1FFE000E001E01B
:10AD800003C007800F001E003C007800F000E000C8
:10AD9000FFE0FFE0F807F800E000E000E000E0007E
:10ADA000E000E000E000E000E000E000F800F80073
:10ADB0000004000000008000C00060006000180077
:10ADC0000C0006000300010000000000F807F80076
:10ADD00038003800380038003800380038003800B3
:10ADE00038003800F800F80008031C003600630043
:10ADF000C180000000000000000000000000000012
:10AE00000000000000010000000000000000000041
:10AE1000000000000000000000000000FFE0FFE074
:10AE20006007300018000000000000000000000073
:10AE30000000000000000000000000000001000011
:10AE4000000000007F80FFC0E1C001C07FC0FFC0E4
:10AE5000E1C0E1C0FFE07F60E002E000E000E00070
:10AE6000EF00FF80F3C0E1C0E1C0E1C0E1C0F3C08A
:10AE7000FF80DF0000020000000000003F007F8034
:10AE8000F3C0E1C0E000E000E1C0F3C07F803F001C
:10AE900001C201C001C001C03DC07FC0F3C0E1C01C
:10AEA000E1C0E1C0E1C0F1C07FC03EC000020000CF
:10AEB000000000003F007F80F3C0E1C0FFC0FFC082
:10AEC000E000F0C07FC03F800FC21FC01C001C000C
:10AED000FF80FF801C001C001C001C001C001C00CC
:10AEE0001C001C0000020000000000003EC07FC0EB
:10AEF000F1C0E1C0E1C0F3C07FC03FC001C07F80AE
:10AF0000E002E000E000E000EF00FF80F3C0E1C0FD
:10AF1000E1C0E1C0E1C0E1C0E1C0E1C038053800F6
:10AF200000000000F8003800380038003800380011
:10AF3000380038003800FE00070407000000000059
:10AF40001F000700070007000700070007000700B1
:10AF5000E7007E00E001E000E000E000E0E0E1E08A
:10AF6000E3C0E780FF00FF00E780E3C0E1E0E0E04E
:10AF7000F80538003800380038003800380038004C
:10AF800038003800380038003800FE0000010000AA
:10AF900000000000DB80FFC0FFE0EEE0EEE0EEE04E
:10AFA000EEE0EEE0EEE0EEE0000200000000000067
:10AFB000DF00FF80F3C0E1C0E1C0E1C0E1C0E1C05B
:10AFC000E1C0E1C000020000000000003F007F80FF
:10AFD000F3C0E1C0E1C0E1C0E1C0F3C07F803F0049
:10AFE0000002000000000000DF80FFC0E1C0E1C0FF
:10AFF000E1C0E1C0E1C0FFC0FF80E000000100004F
:10B00000000000003EE07FC0E1C0E1C0E1C0E1C05F
:10B01000E1C07FC03FC001C000020000000000008E
:10B02000DF80FFC0F1C0E1C0E000E000E000E00030
:10B03000E000E00000020000000000007F80FFC090
:10B04000E1C0E000FF807FC001C0E1C0FFC07F80A1
:10B050001C021C001C001C00FF80FF801C001C0048
:10B060001C001C001C001DC01FC00F80000200003F
:10B0700000000000E1C0E1C0E1C0E1C0E1C0E1C00A
:10B08000E1C0F3C07FC03EC000020000000000002D
:10B09000E1C0E1C0E1C0E1C0E1C0F3C07F803F009A
:10B0A0001E000C000001000000000000E0E0E0E0F5
:10B0B000EEE0EEE0EEE0EEE0EEE0FFE07FC03B80B1
:10B0C0000001000000000000E0E0F1E07BC03F80F4
:10B0D0001F001F003F807BC0F1E0E0E000020000A5
:10B0E00000000000E1C0E1C0E1C0E1C0F1C07FC0EC
:10B0F0001DC001C0E1C07F80000200000000000010
:10B10000FFC0FFC0038007000E001C003800700065
:10B11000FFC0FFC000070000380060006000600052
:10B120006000C00060006000600060003800000047
:10B130003007300030003000300030003000300088
:10B1400030003000300030003000300000070000D8
:10B15000E0003000300030003000180030003000D7
:10B1600030003000E000000000030000000000009C
:10B1700038C06D80C7000000000000000000000023
:10B180000000000053011F0054FC20005501250061
:10B1900056FD2A0057FD2D0041FC310042FC3600CF
:10B1A00043FD3B0044FC3D00450148004601520080
:10B1B0004701580031FC5F0032FC6A0033FD730028
:10B1C00034F8790035018E003601A2003701AF0056
:10B1D00021FCBD0022FCD2002301E30024FCF0008E
:10B1E00025011A012601420127015B0111FC7901A9
:10B1F00012FCA10113FDC40114FCDF011501320290
:10B20000160181021701B40201FCF00202FC4003A6
:10B2100003FD840304FCB903050661040601FF0471
:10B22000070163059410940595168E0699CB1307B4
:10B230008F987B078110CB088215B8098311850A86
:10B24000840B210B88ED1B0D89CA220E8AF26A102D
:10B250008BF24C128CE944148DF28A168EF73F184B
:10B26000050006001F0069601D001E021F0321016A
:10B2700022112311240125132AFF306169600B126A
:10B280000C150D1F0E000F0000000000FFE1C6AFFF
:10B290009A88786A5D52484038322C27221E1A1745
:10B2A0001512100E0C0B0A08070706050500000012
:10B2B000000606062666FEFE6020000010103838E4
:10B2C0006C6CC6C6FE000280C0E0F0F8F0E0C08002
:10B2D0000000006EDB919989DB76000000001030E1
:10B2E00060FEFE60301000000010180CFEFE0C180E
:10B2F000100001000000FC6C6C6CECCC0000000045
:10B3000000C6C6C6C6EED6C0007CC6C6C6C6C66CDB
:10B310006CEE000270D8D87000000000000004003D
:10B3200000000000000000000004606060606060D9
:10B330000060600002D8D8D80000000000000002C1
:10B340005050F8F850F8F850500000307CB0B07809
:10B350003434F830006092966C18306CD2920C0045
:10B360000070D8D87072DCCCDC720003E0E060C002
:10B3700000000000000003306060C0C0C0606030AA
:10B380000003C060603030306060C0000100002009
:10B39000A870A8200000000100003030FCFC303014
:10B3A00000000400000000000040E060C001000058
:10B3B0000000FCFC00000000040000000000004051
:10B3C000E04000010C0C1818306060C0C00001782B
:10B3D000CCCCCCCCCCCCCC7800013070B030303080
:10B3E0003030FC000178CCCC0C3860C0C0FC0001CF
:10B3F00078CCCC0C380CCCCC7800010C1C3C6CCC40
:10B40000CCFC0C0C0001FCC0C0F8CC0C0CCC7800BF
:10B410000178CCC0C0F8CCCCCC780001FC0C0C1866
:10B420001830306060000178CCCCCC78CCCCCC78B3
:10B43000000178CCCCCC7C0C0CCC7800040040E033
:10B44000400040E0400000040040E0400040E04098
:10B450008000010C183060C06030180C0001000042
:10B4600000FC0000FC00000001C06030180C183027
:10B4700060C0000178CCCC0C18300030300001786E
:10B480008C8CBCACB8808C78000178CCCCCCFCCC5B
:10B49000CCCCCC0001F8CCCCCCF8CCCCCCF8000196
:10B4A00078CCCCC0C0C0CCCC780001F8CCCCCCCC13
:10B4B000CCCCCCF80001FCC0C0C0F8C0C0C0FC00BF
:10B4C00001FCC0C0C0F8C0C0C0C0000178CCCCC076
:10B4D000C0DCCCDC6C0001CCCCCCCCFCCCCCCCCC5F
:10B4E0000003F060606060606060F000010C0C0CB4
:10B4F0000C0C0C0CCC780001CCCCCCD8F0D8CCCC3B
:10B50000CC0001C0C0C0C0C0C0C0C0FC0000C6C6E6
:10B51000EEEED6D6D6C6C60001CCCCECECFCDCDC1C
:10B52000CCCC000178CCCCCCCCCCCCCC780001F805
:10B53000CCCCCCF8C0C0C0C0000178CCCCCCCCCC3A
:10B54000ECDC780C01F8CCCCCCF8D8CCCCCC00011D
:10B5500078CCCC603018CCCC780001FCB4303030E2
:10B56000303030300001CCCCCCCCCCCCCCCC780042
:10B5700000C6C6C66C6C6C3838100000C6C6C6D68D
:10B58000D6D6D6FE6C0001CCCCCC483048CCCCCC46
:10B590000001CCCCCCCC78303030300001FC0C0C2D
:10B5A000183060C0C0FC0003F0C0C0C0C0C0C0C044
:10B5B000F00001C0C060603018180C0C0003F030BF
:10B5C000303030303030F000013078CC8400000072
:10B5D000000000010000000000000000FCFC03C0AF
:10B5E00060300000000000000001000000780C7CCA
:10B5F000CCCC7C0001C0C0C0D8ECCCCCECD80001D5
:10B6000000000078CCC0C0CC7800010C0C0C6CDCC5
:10B61000CCCCDC6C000100000078CCFCC0CC780005
:10B6200001386C6060F060606060000100000074D0
:10B63000CCCCCC7C0C7801C0C0C0D8ECCCCCCCCC71
:10B640000003606000E060606060F000010C0C00CE
:10B650000C0C0C0C0CCC7801C0C0C0CCD8F0F0D8CD
:10B66000CC00017030303030303030FC0000000051
:10B6700000ECFED6D6D6D60001000000D8ECCCCC2B
:10B68000CCCC000100000078CCCCCCCC7800010000
:10B690000000D8ECCCCCF8C0C0010000006CDCCCC1
:10B6A000CC7C0C0C01000000D8ECC0C0C0C0000174
:10B6B00000000078CC6018CC780001006060F86071
:10B6C00060606C380001000000CCCCCCCCDC6C009D
:10B6D00001000000CCCC484830300000000000C61B
:10B6E000C6D6D6FE6C0001000000CC48303048CCF5
:10B6F0000001000000CCCCCC7C0CCC780100000018
:10B70000FC0C1860C0FC000238606060C0606060C3
:10B710003800036060606060606060600002E0307C
:10B72000303018303030E0000164FC980000000038
:10B730000000000000000000000000000000F03FDA
:10B74000748515D3B0D9EF3F0F89F96C58B5EF3F29
:10B75000515B12D00193EF3F7B517D3CB872EF3FBC
:10B76000AAB968318754EF3F3862756E7A38EF3F77
:10B77000E1DE1FF59D1EEF3F15B7310AFE06EF3FD4
:10B78000CBA93A37A7F1EE3F2234124CA6DEEE3FAA
:10B790002D89616008CEEE3F272A36D5DABFEE3F0D
:10B7A000824F9D562BB4EE3F295448DD07ABEE3F48
:10B7B00085553AB07EA4EE3FCD3B7F669EA0EE3F1E
:10B7C000745FECE8759FEE3F8701EB7314A1EE3FC9
:10B7D00013CE4C9989A5EE3FDBA02A42E5ACEE3FA3
:10B7E000E5C5CDB037B7EE3F90F0A38291C4EE3FF0
:10B7F0005D253EB203D5EE3FADD35A999FE8EE3FAB
:10B80000475EFBF276FFEE3F9C5285DD9B19EF3FD2
:10B810006990EFDC2037EF3F87A4FBDC1858EF3F3F
:10B820005F9B7B33977CEF3FDA90A4A2AFA4EF3FFE
:10B8300040456E5B76D0EF3F000000000000E8421C
:10B840009423914BF86AAC3FF3C4FA50CEBFCE3F7D
:10B85000D6520CFF422EE63F0000000000003843A5
:10B86000FE822B65471547409423914BF86ABC3EF6
:10B87000F3C4FA50CEBF2E3FD6520CFF422E963F55
:10B88000BEF3F879EC61F63FDEAA8C80F77BD5BF7A
:10B890003D88AF4AED71F53FDB6DC0A7F0BED2BF6A
:10B8A000B010F0F03995F43F673A517FAE1ED0BF2B
:10B8B0008503B8B095C9F33FE92482A6D831CBBF40
:10B8C000A564880C190DF33F5877C00A4F57C6BFBF
:10B8D000A08E0B7B225EF23F00819CC72BAAC1BFCA
:10B8E0003F341A4A4ABBF13F5E0E8CCE764EBABF49
:10B8F000BAE58AF05823F13FCC1C615A3C97B1BF9E
:10B90000A70099413F95F03F1E0CE138F452A2BFC9
:10B91000000000000000F03F0000000000000000F8
:10B92000AC479AFD8C60EE3F8459F25DAAA5AA3F10
:10B93000A06A021FB3A4EC3FB42E36AA535EBC3FEC
:10B94000E6FC6A573620EB3F08DB2077E526C53F4B
:10B950002DAAA163D1C2E93F7047220D86C2CB3F19
:10B96000ED417803E686E83FE17EA0C88B05D13F34
:10B97000624853F5DC67E73F09EEB6573004D43F21
:10B98000EF39FAFE422EE63F3483B848A30ED0BF0B
:10B990006A0BE00B5B57D53F23410AF2FEFFDFBF86
:10B9A0000040380000000800AF3CFFFF6E4E4F43E0
:10B9B000000000000000FFFF8410E73C0000D69A62
:10B9C000FFE047E8FA08F81F1F00F800001FFFFF1C
:10B9D000841007E084100000FFFF001FFC1007E048
:10B9E0008C71DEFB528AC638FFFF07E007FFFFE0DD
:10B9F000000000001602E502820D6A0D00C201007F
:10BA00008207F401000000000000000000000000B8
:10BA10000000000000000000000000000000C04026
:10BA200033333340CDCCCC3FCDCCCCBE0000000076
:10BA3000CDCCCCBECDCCCC3E000040400000804000
:10BA40009A99014100000000000000000000000081
:10BA500000000000000000000000000000000000E6
:10BA60000000000000000000000000000000C040D6
:10BA700033333340CDCCCC3FCDCCCCBE0000000026
:10BA8000CDCCCCBECDCCCC3E0000404000008040B0
:10BA90009A99014110270000A0860100400D030083
:10BAA00020A1070080C3C901003B580800C2EB0B6E
:10BAB00000A3E1118066AB134051CD14405E5D0ED2
:10BAC0000076B01000A3E1110084D7170065CD1DEA
:10BAD0000046C3230027B9290008AF2F00E9A43589
:10BAE00080EB193910270000A0860100400D0300EB
:10BAF00020A1070080C3C901003B580800C2EB0B1E
:10BB000000A3E1118066AB134051CD1480969800DC
:10BB1000000000000000200000000000333353400C
:10BB20000000000080000000000000000000000095
:10BB300001000100FFFFFFFFE87301080092FE1EF5
:10BB4000000016C3000016C3650000000100FFFFDF
:10BB50006400000001000100000016C3010017008E
:10BB600022010000602B0020E600000046524551F3
:10BB70003A202573000000000000000000000000D3
:10BB80002D37362E2E2D360000000000210000003B
:10BB9000148F0108000000000000000000000000F9
:10BBA000000000000000000000000000A89A01084A
:10BBB000AC9A0108B49A0108FF000000AD470108E3
:10BBC00000F10E002C010000DC05000050050020F3
:10BBD0000000000000000000000000000000000065
:10BBE0000000000000000000000000000000000055
:10BBF0000000000000000000000000000000000045
:10BC00000000000000000000000000000000000034
:10BC10000000000000000000000000000000000024
:10BC20000000000000000000000000000000000014
:10BC3000FFFFFFFFFFFFFFFFFFFFFFFFFFFFFFFF14
:10BC4000FFFFFFFFFFFFFFFFFFFFFFFFFFFFFFFF04
:10BC5000FFFFFFFFFFFFFFFFFFFFFFFFFFFFFFFFF4
:10BC6000FFFFFFFFFFFFFFFFFFFFFFFFFFFFFFFFE4
:10BC7000FFFFFFFFFFFFFFFFFFFFFFFFFFFFFFFFD4
:10BC8000FFFFFFFFFFFFFFFFFFFFFFFFFFFFFFFFC4
:10BC9000FFFFFFFFFFFFFFFFFFFFFFFFFFFFFFFFB4
:10BCA000FFFFFFFFFFFFFFFFFFFFFFFFFFFFFFFFA4
:10BCB000FFFFFFFFFFFFFFFFFFFFFFFFFFFFFFFF94
:10BCC000FFFFFFFFFFFFFFFFFFFFFFFFFFFFFFFF84
:10BCD000FFFFFFFFFFFFFFFFFFFFFFFFFFFFFFFF74
:10BCE000FFFFFFFFFFFFFFFFFFFFFFFFFFFFFFFF64
:10BCF000FFFFFFFFFFFFFFFFFFFFFFFFFFFFFFFF54
:10BD0000FFFFFFFFFFFFFFFFFFFFFFFFFFFFFFFF43
:10BD1000FFFFFFFFFFFFFFFFFFFFFFFFFFFFFFFF33
:10BD2000FFFFFFFFFFFFFFFFFFFFFFFFFFFFFFFF23
:10BD3000FFFFFFFFFFFFFFFFFFFFFFFFFFFFFFFF13
:10BD4000FFFFFFFFFFFFFFFFFFFFFFFFFFFFFFFF03
:10BD5000FFFFFFFFFFFFFFFFFFFFFFFFFFFFFFFFF3
:10BD6000FFFFFFFFFFFFFFFFFFFFFFFFFFFFFFFFE3
:10BD7000FFFFFFFFFFFFFFFFFFFFFFFFFFFFFFFFD3
:10BD8000FFFFFFFFFFFFFFFFFFFFFFFFFFFFFFFFC3
:10BD9000FFFFFFFFFFFFFFFFFFFFFFFFFFFFFFFFB3
:10BDA000FFFFFFFFFFFFFFFFFFFFFFFFFFFFFFFFA3
:10BDB000FFFFFFFFFFFFFFFFFFFFFFFFFFFFFFFF93
:10BDC000FFFFFFFFFFFFFFFFFFFFFFFFFFFFFFFF83
:10BDD000FFFFFFFFFFFFFFFFFFFFFFFFFFFFFFFF73
:10BDE000FFFFFFFFFFFFFFFFFFFFFFFFFFFFFFFF63
:10BDF000FFFFFFFFFFFFFFFFFFFFFFFFFFFFFFFF53
:10BE0000FFFFFFFFFFFFFFFFFFFFFFFFFFFFFFFF42
:10BE1000FFFFFFFFFFFFFFFFFFFFFFFFFFFFFFFF32
:10BE2000FFFFFFFFFFFFFFFFFFFFFFFFFFFFFFFF22
:10BE3000FFFFFFFFFFFFFFFFFFFFFFFFFFFFFFFF12
:10BE4000FFFFFFFFFFFFFFFFFFFFFFFFFFFFFFFF02
:10BE5000FFFFFFFFFFFFFFFFFFFFFFFFFFFFFFFFF2
:10BE6000FFFFFFFFFFFFFFFFFFFFFFFFFFFFFFFFE2
:10BE7000FFFFFFFFFFFFFFFFFFFFFFFFFFFFFFFFD2
:10BE8000FFFFFFFFFFFFFFFFFFFFFFFFFFFFFFFFC2
:10BE9000FFFFFFFFFFFFFFFFFFFFFFFFFFFFFFFFB2
:10BEA000FFFFFFFFFFFFFFFFFFFFFFFFFFFFFFFFA2
:10BEB000FFFFFFFFFFFFFFFFFFFFFFFFFFFFFFFF92
:10BEC000FFFFFFFFFFFFFFFFFFFFFFFFFFFFFFFF82
:10BED000FFFFFFFFFFFFFFFFFFFFFFFFFFFFFFFF72
:10BEE000FFFFFFFFFFFFFFFFFFFFFFFFFFFFFFFF62
:10BEF000FFFFFFFFFFFFFFFFFFFFFFFFFFFFFFFF52
:10BF0000FFFFFFFFFFFFFFFFFFFFFFFFFFFFFFFF41
:10BF1000FFFFFFFFFFFFFFFFFFFFFFFFFFFFFFFF31
:10BF2000FFFFFFFFFFFFFFFFFFFFFFFFFFFFFFFF21
:10BF3000FFFFFFFFFFFFFFFFFFFFFFFFFFFFFFFF11
:10BF4000FFFFFFFFFFFFFFFFFFFFFFFFFFFFFFFF01
:10BF5000FFFFFFFFFFFFFFFFFFFFFFFFFFFFFFFFF1
:10BF6000FFFFFFFFFFFFFFFFFFFFFFFFFFFFFFFFE1
:10BF7000FFFFFFFFFFFFFFFFFFFFFFFFFFFFFFFFD1
:10BF8000FFFFFFFFFFFFFFFFFFFFFFFFFFFFFFFFC1
:10BF9000FFFFFFFFFFFFFFFFFFFFFFFFFFFFFFFFB1
:10BFA000FFFFFFFFFFFFFFFFFFFFFFFFFFFFFFFFA1
:10BFB000FFFFFFFFFFFFFFFFFFFFFFFFFFFFFFFF91
:10BFC000FFFFFFFFFFFFFFFFFFFFFFFFFFFFFFFF81
:10BFD000FFFFFFFFFFFFFFFFFFFFFFFFFFFFFFFF71
:10BFE000FFFFFFFFFFFFFFFFFFFFFFFFFFFFFFFF61
:10BFF000FFFFFFFFFFFFFFFFFFFFFFFFFFFFFFFF51
:10C00000FFFFFFFFFFFFFFFFFFFFFFFFFFFFFFFF40
:10C01000FFFFFFFFFFFFFFFFFFFFFFFFFFFFFFFF30
:10C02000FFFFFFFFFFFFFFFFFFFFFFFFFFFFFFFF20
:10C03000FFFFFFFFFFFFFFFFFFFFFFFFFFFFFFFF10
:10C04000FFFFFFFFFFFFFFFFFFFFFFFFFFFFFFFF00
:10C05000FFFFFFFFFFFFFFFFFFFFFFFFFFFFFFFFF0
:10C06000FFFFFFFFFFFFFFFFFFFFFFFFFFFFFFFFE0
:10C07000FFFFFFFFFFFFFFFFFFFFFFFFFFFFFFFFD0
:10C08000FFFFFFFFFFFFFFFFFFFFFFFFFFFFFFFFC0
:10C09000FFFFFFFFFFFFFFFFFFFFFFFFFFFFFFFFB0
:10C0A000FFFFFFFFFFFFFFFFFFFFFFFFFFFFFFFFA0
:10C0B000FFFFFFFFFFFFFFFFFFFFFFFFFFFFFFFF90
:10C0C000FFFFFFFFFFFFFFFFFFFFFFFFFFFFFFFF80
:10C0D000FFFFFFFFFFFFFFFFFFFFFFFFFFFFFFFF70
:10C0E000FFFFFFFFFFFFFFFFFFFFFFFFFFFFFFFF60
:10C0F000FFFFFFFFFFFFFFFFFFFFFFFFFFFFFFFF50
:10C10000FFFFFFFFFFFFFFFFFFFFFFFFFFFFFFFF3F
:10C11000FFFFFFFFFFFFFFFFFFFFFFFFFFFFFFFF2F
:10C12000FFFFFFFFFFFFFFFFFFFFFFFFFFFFFFFF1F
:10C13000FFFFFFFFFFFFFFFFFFFFFFFFFFFFFFFF0F
:10C14000FFFFFFFFFFFFFFFFFFFFFFFFFFFFFFFFFF
:10C15000FFFFFFFFFFFFFFFFFFFFFFFFFFFFFFFFEF
:10C16000FFFFFFFFFFFFFFFFFFFFFFFFFFFFFFFFDF
:10C17000FFFFFFFFFFFFFFFFFFFFFFFFFFFFFFFFCF
:10C18000FFFFFFFFFFFFFFFFFFFFFFFFFFFFFFFFBF
:10C19000FFFFFFFFFFFFFFFFFFFFFFFFFFFFFFFFAF
:10C1A000FFFFFFFFFFFFFFFFFFFFFFFFFFFFFFFF9F
:10C1B000FFFFFFFFFFFFFFFFFFFFFFFFFFFFFFFF8F
:10C1C000FFFFFFFFFFFFFFFFFFFFFFFFFFFFFFFF7F
:10C1D000FFFFFFFFFFFFFFFFFFFFFFFFFFFFFFFF6F
:10C1E000FFFFFFFFFFFFFFFFFFFFFFFFFFFFFFFF5F
:10C1F000FFFFFFFFFFFFFFFFFFFFFFFFFFFFFFFF4F
:10C20000FFFFFFFFFFFFFFFFFFFFFFFFFFFFFFFF3E
:10C21000FFFFFFFFFFFFFFFFFFFFFFFFFFFFFFFF2E
:10C22000FFFFFFFFFFFFFFFFFFFFFFFFFFFFFFFF1E
:10C23000FFFFFFFFFFFFFFFFFFFFFFFFFFFFFFFF0E
:10C24000FFFFFFFFFFFFFFFFFFFFFFFFFFFFFFFFFE
:10C25000FFFFFFFFFFFFFFFFFFFFFFFFFFFFFFFFEE
:10C26000FFFFFFFFFFFFFFFFFFFFFFFFFFFFFFFFDE
:10C27000FFFFFFFFFFFFFFFFFFFFFFFFFFFFFFFFCE
:10C28000FFFFFFFFFFFFFFFFFFFFFFFFFFFFFFFFBE
:10C29000FFFFFFFFFFFFFFFFFFFFFFFFFFFFFFFFAE
:10C2A000FFFFFFFFFFFFFFFFFFFFFFFFFFFFFFFF9E
:10C2B000FFFFFFFFFFFFFFFFFFFFFFFFFFFFFFFF8E
:10C2C000FFFFFFFFFFFFFFFFFFFFFFFFFFFFFFFF7E
:10C2D000FFFFFFFFFFFFFFFFFFFFFFFFFFFFFFFF6E
:10C2E000FFFFFFFFFFFFFFFFFFFFFFFFFFFFFFFF5E
:10C2F000FFFFFFFFFFFFFFFFFFFFFFFFFFFFFFFF4E
:10C30000FFFFFFFFFFFFFFFFFFFFFFFFFFFFFFFF3D
:10C31000FFFFFFFFFFFFFFFFFFFFFFFFFFFFFFFF2D
:10C32000FFFFFFFFFFFFFFFFFFFFFFFFFFFFFFFF1D
:10C33000FFFFFFFFFFFFFFFFFFFFFFFFFFFFFFFF0D
:10C34000FFFFFFFFFFFFFFFFFFFFFFFFFFFFFFFFFD
:10C35000FFFFFFFFFFFFFFFFFFFFFFFFFFFFFFFFED
:10C36000FFFFFFFFFFFFFFFFFFFFFFFFFFFFFFFFDD
:10C37000FFFFFFFFFFFFFFFFFFFFFFFFFFFFFFFFCD
:10C38000FFFFFFFFFFFFFFFFFFFFFFFFFFFFFFFFBD
:10C39000FFFFFFFFFFFFFFFFFFFFFFFFFFFFFFFFAD
:10C3A000FFFFFFFFFFFFFFFFFFFFFFFFFFFFFFFF9D
:10C3B000FFFFFFFFFFFFFFFFFFFFFFFFFFFFFFFF8D
:10C3C000FFFFFFFFFFFFFFFFFFFFFFFFFFFFFFFF7D
:10C3D000FFFFFFFFFFFFFFFFFFFFFFFFFFFFFFFF6D
:10C3E000FFFFFFFFFFFFFFFFFFFFFFFFFFFFFFFF5D
:10C3F000FFFFFFFFFFFFFFFFFFFFFFFFFFFFFFFF4D
:10C40000FFFFFFFFFFFFFFFFFFFFFFFFFFFFFFFF3C
:10C41000FFFFFFFFFFFFFFFFFFFFFFFFFFFFFFFF2C
:10C42000FFFFFFFFFFFFFFFFFFFFFFFFFFFFFFFF1C
:10C43000FFFFFFFFFFFFFFFFFFFFFFFFFFFFFFFF0C
:10C44000FFFFFFFFFFFFFFFFFFFFFFFFFFFFFFFFFC
:10C45000FFFFFFFFFFFFFFFFFFFFFFFFFFFFFFFFEC
:10C46000FFFFFFFFFFFFFFFFFFFFFFFFFFFFFFFFDC
:10C47000FFFFFFFFFFFFFFFFFFFFFFFFFFFFFFFFCC
:10C48000FFFFFFFFFFFFFFFFFFFFFFFFFFFFFFFFBC
:10C49000FFFFFFFFFFFFFFFFFFFFFFFFFFFFFFFFAC
:10C4A000FFFFFFFFFFFFFFFFFFFFFFFFFFFFFFFF9C
:10C4B000FFFFFFFFFFFFFFFFFFFFFFFFFFFFFFFF8C
:10C4C000FFFFFFFFFFFFFFFFFFFFFFFFFFFFFFFF7C
:10C4D000FFFFFFFFFFFFFFFFFFFFFFFFFFFFFFFF6C
:10C4E000FFFFFFFFFFFFFFFFFFFFFFFFFFFFFFFF5C
:10C4F000FFFFFFFFFFFFFFFFFFFFFFFFFFFFFFFF4C
:10C50000FFFFFFFFFFFFFFFFFFFFFFFFFFFFFFFF3B
:10C51000FFFFFFFFFFFFFFFFFFFFFFFFFFFFFFFF2B
:10C52000FFFFFFFFFFFFFFFFFFFFFFFFFFFFFFFF1B
:10C53000FFFFFFFFFFFFFFFFFFFFFFFFFFFFFFFF0B
:10C54000FFFFFFFFFFFFFFFFFFFFFFFFFFFFFFFFFB
:10C55000FFFFFFFFFFFFFFFFFFFFFFFFFFFFFFFFEB
:10C56000FFFFFFFFFFFFFFFFFFFFFFFFFFFFFFFFDB
:10C57000FFFFFFFFFFFFFFFFFFFFFFFFFFFFFFFFCB
:10C58000FFFFFFFFFFFFFFFFFFFFFFFFFFFFFFFFBB
:10C59000FFFFFFFFFFFFFFFFFFFFFFFFFFFFFFFFAB
:10C5A000FFFFFFFFFFFFFFFFFFFFFFFFFFFFFFFF9B
:10C5B000FFFFFFFFFFFFFFFFFFFFFFFFFFFFFFFF8B
:10C5C000FFFFFFFFFFFFFFFFFFFFFFFFFFFFFFFF7B
:10C5D000FFFFFFFFFFFFFFFFFFFFFFFFFFFFFFFF6B
:10C5E000FFFFFFFFFFFFFFFFFFFFFFFFFFFFFFFF5B
:10C5F000FFFFFFFFFFFFFFFFFFFFFFFFFFFFFFFF4B
:10C60000FFFFFFFFFFFFFFFFFFFFFFFFFFFFFFFF3A
:10C61000FFFFFFFFFFFFFFFFFFFFFFFFFFFFFFFF2A
:10C62000FFFFFFFFFFFFFFFFFFFFFFFFFFFFFFFF1A
:10C63000FFFFFFFFFFFFFFFFFFFFFFFFFFFFFFFF0A
:10C64000FFFFFFFFFFFFFFFFFFFFFFFFFFFFFFFFFA
:10C65000FFFFFFFFFFFFFFFFFFFFFFFFFFFFFFFFEA
:10C66000FFFFFFFFFFFFFFFFFFFFFFFFFFFFFFFFDA
:10C67000FFFFFFFFFFFFFFFFFFFFFFFFFFFFFFFFCA
:10C68000FFFFFFFFFFFFFFFFFFFFFFFFFFFFFFFFBA
:10C69000FFFFFFFFFFFFFFFFFFFFFFFFFFFFFFFFAA
:10C6A000FFFFFFFFFFFFFFFFFFFFFFFFFFFFFFFF9A
:10C6B000FFFFFFFFFFFFFFFFFFFFFFFFFFFFFFFF8A
:10C6C000FFFFFFFFFFFFFFFFFFFFFFFFFFFFFFFF7A
:10C6D000FFFFFFFFFFFFFFFFFFFFFFFFFFFFFFFF6A
:10C6E000FFFFFFFFFFFFFFFFFFFFFFFFFFFFFFFF5A
:10C6F000FFFFFFFFFFFFFFFFFFFFFFFFFFFFFFFF4A
:10C70000FFFFFFFFFFFFFFFFFFFFFFFFFFFFFFFF39
:10C71000FFFFFFFFFFFFFFFFFFFFFFFFFFFFFFFF29
:10C72000FFFFFFFFFFFFFFFFFFFFFFFFFFFFFFFF19
:10C73000FFFFFFFFFFFFFFFFFFFFFFFFFFFFFFFF09
:10C74000FFFFFFFFFFFFFFFFFFFFFFFFFFFFFFFFF9
:10C75000FFFFFFFFFFFFFFFFFFFFFFFFFFFFFFFFE9
:10C76000FFFFFFFFFFFFFFFFFFFFFFFFFFFFFFFFD9
:10C77000FFFFFFFFFFFFFFFFFFFFFFFFFFFFFFFFC9
:10C78000FFFFFFFFFFFFFFFFFFFFFFFFFFFFFFFFB9
:10C79000FFFFFFFFFFFFFFFFFFFFFFFFFFFFFFFFA9
:10C7A000FFFFFFFFFFFFFFFFFFFFFFFFFFFFFFFF99
:10C7B000FFFFFFFFFFFFFFFFFFFFFFFFFFFFFFFF89
:10C7C000FFFFFFFFFFFFFFFFFFFFFFFFFFFFFFFF79
:10C7D000FFFFFFFFFFFFFFFFFFFFFFFFFFFFFFFF69
:10C7E000FFFFFFFFFFFFFFFFFFFFFFFFFFFFFFFF59
:10C7F000FFFFFFFFFFFFFFFFFFFFFFFFFFFFFFFF49
:10C80000FFFFFFFFFFFFFFFFFFFFFFFFFFFFFFFF38
:10C81000FFFFFFFFFFFFFFFFFFFFFFFFFFFFFFFF28
:10C82000FFFFFFFFFFFFFFFFFFFFFFFFFFFFFFFF18
:10C83000FFFFFFFFFFFFFFFFFFFFFFFFFFFFFFFF08
:10C84000FFFFFFFFFFFFFFFFFFFFFFFFFFFFFFFFF8
:10C85000FFFFFFFFFFFFFFFFFFFFFFFFFFFFFFFFE8
:10C86000FFFFFFFFFFFFFFFFFFFFFFFFFFFFFFFFD8
:10C87000FFFFFFFFFFFFFFFFFFFFFFFFFFFFFFFFC8
:10C88000FFFFFFFFFFFFFFFFFFFFFFFFFFFFFFFFB8
:10C89000FFFFFFFFFFFFFFFFFFFFFFFFFFFFFFFFA8
:10C8A000FFFFFFFFFFFFFFFFFFFFFFFFFFFFFFFF98
:10C8B000FFFFFFFFFFFFFFFFFFFFFFFFFFFFFFFF88
:10C8C000FFFFFFFFFFFFFFFFFFFFFFFFFFFFFFFF78
:10C8D000FFFFFFFFFFFFFFFFFFFFFFFFFFFFFFFF68
:10C8E000FFFFFFFFFFFFFFFFFFFFFFFFFFFFFFFF58
:10C8F000FFFFFFFFFFFFFFFFFFFFFFFFFFFFFFFF48
:10C90000FFFFFFFFFFFFFFFFFFFFFFFFFFFFFFFF37
:10C91000FFFFFFFFFFFFFFFFFFFFFFFFFFFFFFFF27
:10C92000FFFFFFFFFFFFFFFFFFFFFFFFFFFFFFFF17
:10C93000FFFFFFFFFFFFFFFFFFFFFFFFFFFFFFFF07
:10C94000FFFFFFFFFFFFFFFFFFFFFFFFFFFFFFFFF7
:10C95000FFFFFFFFFFFFFFFFFFFFFFFFFFFFFFFFE7
:10C96000FFFFFFFFFFFFFFFFFFFFFFFFFFFFFFFFD7
:10C97000FFFFFFFFFFFFFFFFFFFFFFFFFFFFFFFFC7
:10C98000FFFFFFFFFFFFFFFFFFFFFFFFFFFFFFFFB7
:10C99000FFFFFFFFFFFFFFFFFFFFFFFFFFFFFFFFA7
:10C9A000FFFFFFFFFFFFFFFFFFFFFFFFFFFFFFFF97
:10C9B000FFFFFFFFFFFFFFFFFFFFFFFFFFFFFFFF87
:10C9C000FFFFFFFFFFFFFFFFFFFFFFFFFFFFFFFF77
:10C9D000FFFFFFFFFFFFFFFFFFFFFFFFFFFFFFFF67
:10C9E000FFFFFFFFFFFFFFFFFFFFFFFFFFFFFFFF57
:10C9F000FFFFFFFFFFFFFFFFFFFFFFFFFFFFFFFF47
:10CA0000FFFFFFFFFFFFFFFFFFFFFFFFFFFFFFFF36
:10CA1000FFFFFFFFFFFFFFFFFFFFFFFFFFFFFFFF26
:10CA2000FFFFFFFFFFFFFFFFFFFFFFFFFFFFFFFF16
:10CA3000FFFFFFFFFFFFFFFFFFFFFFFFFFFFFFFF06
:10CA4000FFFFFFFFFFFFFFFFFFFFFFFFFFFFFFFFF6
:10CA5000FFFFFFFFFFFFFFFFFFFFFFFFFFFFFFFFE6
:10CA6000FFFFFFFFFFFFFFFFFFFFFFFFFFFFFFFFD6
:10CA7000FFFFFFFFFFFFFFFFFFFFFFFFFFFFFFFFC6
:10CA8000FFFFFFFFFFFFFFFFFFFFFFFFFFFFFFFFB6
:10CA9000FFFFFFFFFFFFFFFFFFFFFFFFFFFFFFFFA6
:10CAA000FFFFFFFFFFFFFFFFFFFFFFFFFFFFFFFF96
:10CAB000FFFFFFFFFFFFFFFFFFFFFFFFFFFFFFFF86
:10CAC000FFFFFFFFFFFFFFFFFFFFFFFFFFFFFFFF76
:10CAD000FFFFFFFFFFFFFFFFFFFFFFFFFFFFFFFF66
:10CAE000FFFFFFFFFFFFFFFFFFFFFFFFFFFFFFFF56
:10CAF000FFFFFFFFFFFFFFFFFFFFFFFFFFFFFFFF46
:10CB0000FFFFFFFFFFFFFFFFFFFFFFFFFFFFFFFF35
:10CB1000FFFFFFFFFFFFFFFFFFFFFFFFFFFFFFFF25
:10CB2000FFFFFFFFFFFFFFFFFFFFFFFFFFFFFFFF15
:10CB3000FFFFFFFFFFFFFFFFFFFFFFFFFFFFFFFF05
:10CB4000FFFFFFFFFFFFFFFFFFFFFFFFFFFFFFFFF5
:10CB5000FFFFFFFFFFFFFFFFFFFFFFFFFFFFFFFFE5
:10CB6000FFFFFFFFFFFFFFFFFFFFFFFFFFFFFFFFD5
:10CB7000FFFFFFFFFFFFFFFFFFFFFFFFFFFFFFFFC5
:10CB8000FFFFFFFFFFFFFFFFFFFFFFFFFFFFFFFFB5
:10CB9000FFFFFFFFFFFFFFFFFFFFFFFFFFFFFFFFA5
:10CBA000FFFFFFFFFFFFFFFFFFFFFFFFFFFFFFFF95
:10CBB000FFFFFFFFFFFFFFFFFFFFFFFFFFFFFFFF85
:10CBC000FFFFFFFFFFFFFFFFFFFFFFFFFFFFFFFF75
:10CBD000FFFFFFFFFFFFFFFFFFFFFFFFFFFFFFFF65
:10CBE000FFFFFFFFFFFFFFFFFFFFFFFFFFFFFFFF55
:10CBF000FFFFFFFFFFFFFFFFFFFFFFFFFFFFFFFF45
:10CC0000FFFFFFFFFFFFFFFFFFFFFFFFFFFFFFFF34
:10CC1000FFFFFFFFFFFFFFFFFFFFFFFFFFFFFFFF24
:10CC2000FFFFFFFFFFFFFFFFFFFFFFFFFFFFFFFF14
:10CC3000FFFFFFFFFFFFFFFFFFFFFFFFFFFFFFFF04
:10CC4000FFFFFFFFFFFFFFFFFFFFFFFFFFFFFFFFF4
:10CC5000FFFFFFFFFFFFFFFFFFFFFFFFFFFFFFFFE4
:10CC6000FFFFFFFFFFFFFFFFFFFFFFFFFFFFFFFFD4
:10CC7000FFFFFFFFFFFFFFFFFFFFFFFFFFFFFFFFC4
:10CC8000FFFFFFFFFFFFFFFFFFFFFFFFFFFFFFFFB4
:10CC9000FFFFFFFFFFFFFFFFFFFFFFFFFFFFFFFFA4
:10CCA000FFFFFFFFFFFFFFFFFFFFFFFFFFFFFFFF94
:10CCB000FFFFFFFFFFFFFFFFFFFFFFFFFFFFFFFF84
:10CCC000FFFFFFFFFFFFFFFFFFFFFFFFFFFFFFFF74
:10CCD000FFFFFFFFFFFFFFFFFFFFFFFFFFFFFFFF64
:10CCE000FFFFFFFFFFFFFFFFFFFFFFFFFFFFFFFF54
:10CCF000FFFFFFFFFFFFFFFFFFFFFFFFFFFFFFFF44
:10CD0000FFFFFFFFFFFFFFFFFFFFFFFFFFFFFFFF33
:10CD1000FFFFFFFFFFFFFFFFFFFFFFFFFFFFFFFF23
:10CD2000FFFFFFFFFFFFFFFFFFFFFFFFFFFFFFFF13
:10CD3000FFFFFFFFFFFFFFFFFFFFFFFFFFFFFFFF03
:10CD4000FFFFFFFFFFFFFFFFFFFFFFFFFFFFFFFFF3
:10CD5000FFFFFFFFFFFFFFFFFFFFFFFFFFFFFFFFE3
:10CD6000FFFFFFFFFFFFFFFFFFFFFFFFFFFFFFFFD3
:10CD7000FFFFFFFFFFFFFFFFFFFFFFFFFFFFFFFFC3
:10CD8000FFFFFFFFFFFFFFFFFFFFFFFFFFFFFFFFB3
:10CD9000FFFFFFFFFFFFFFFFFFFFFFFFFFFFFFFFA3
:10CDA000FFFFFFFFFFFFFFFFFFFFFFFFFFFFFFFF93
:10CDB000FFFFFFFFFFFFFFFFFFFFFFFFFFFFFFFF83
:10CDC000FFFFFFFFFFFFFFFFFFFFFFFFFFFFFFFF73
:10CDD000FFFFFFFFFFFFFFFFFFFFFFFFFFFFFFFF63
:10CDE000FFFFFFFFFFFFFFFFFFFFFFFFFFFFFFFF53
:10CDF000FFFFFFFFFFFFFFFFFFFFFFFFFFFFFFFF43
:10CE0000FFFFFFFFFFFFFFFFFFFFFFFFFFFFFFFF32
:10CE1000FFFFFFFFFFFFFFFFFFFFFFFFFFFFFFFF22
:10CE2000FFFFFFFFFFFFFFFFFFFFFFFFFFFFFFFF12
:10CE3000FFFFFFFFFFFFFFFFFFFFFFFFFFFFFFFF02
:10CE4000FFFFFFFFFFFFFFFFFFFFFFFFFFFFFFFFF2
:10CE5000FFFFFFFFFFFFFFFFFFFFFFFFFFFFFFFFE2
:10CE6000FFFFFFFFFFFFFFFFFFFFFFFFFFFFFFFFD2
:10CE7000FFFFFFFFFFFFFFFFFFFFFFFFFFFFFFFFC2
:10CE8000FFFFFFFFFFFFFFFFFFFFFFFFFFFFFFFFB2
:10CE9000FFFFFFFFFFFFFFFFFFFFFFFFFFFFFFFFA2
:10CEA000FFFFFFFFFFFFFFFFFFFFFFFFFFFFFFFF92
:10CEB000FFFFFFFFFFFFFFFFFFFFFFFFFFFFFFFF82
:10CEC000FFFFFFFFFFFFFFFFFFFFFFFFFFFFFFFF72
:10CED000FFFFFFFFFFFFFFFFFFFFFFFFFFFFFFFF62
:10CEE000FFFFFFFFFFFFFFFFFFFFFFFFFFFFFFFF52
:10CEF000FFFFFFFFFFFFFFFFFFFFFFFFFFFFFFFF42
:10CF0000FFFFFFFFFFFFFFFFFFFFFFFFFFFFFFFF31
:10CF1000FFFFFFFFFFFFFFFFFFFFFFFFFFFFFFFF21
:10CF2000FFFFFFFFFFFFFFFFFFFFFFFFFFFFFFFF11
:10CF3000FFFFFFFFFFFFFFFFFFFFFFFFFFFFFFFF01
:10CF4000FFFFFFFFFFFFFFFFFFFFFFFFFFFFFFFFF1
:10CF5000FFFFFFFFFFFFFFFFFFFFFFFFFFFFFFFFE1
:10CF6000FFFFFFFFFFFFFFFFFFFFFFFFFFFFFFFFD1
:10CF7000FFFFFFFFFFFFFFFFFFFFFFFFFFFFFFFFC1
:10CF8000FFFFFFFFFFFFFFFFFFFFFFFFFFFFFFFFB1
:10CF9000FFFFFFFFFFFFFFFFFFFFFFFFFFFFFFFFA1
:10CFA000FFFFFFFFFFFFFFFFFFFFFFFFFFFFFFFF91
:10CFB000FFFFFFFFFFFFFFFFFFFFFFFFFFFFFFFF81
:10CFC000FFFFFFFFFFFFFFFFFFFFFFFFFFFFFFFF71
:10CFD000FFFFFFFFFFFFFFFFFFFFFFFFFFFFFFFF61
:10CFE000FFFFFFFFFFFFFFFFFFFFFFFFFFFFFFFF51
:10CFF000FFFFFFFFFFFFFFFFFFFFFFFFFFFFFFFF41
:10D00000674E4F43000000000000FFFF8410E73C24
:10D010000000D69AFFE047E8FA08F81F1F00F80062
:10D02000001FFFFF841007E084100000FFFF001FB7
:10D03000FC1007E08C71DEFB528AC638FFFF07E068
:10D0400007FFFFE0000000001602E502820D6A0DF6
:10D0500000C201008207F40100000000A09913C083
:10D060000000000000000000000000002033BB3F73
:10D070000000C04033333340CDCCCC3FCDCCCCBE10
:10D0800000000000CDCCCCBECDCCCC3E000040405A
:10D09000000080409A99014100000000000000005B
:10D0A0000000000000000000000000000000000080
:10D0B0000000000000000000000000000000000070
:10D0C0000000C04033333340CDCCCC3FCDCCCCBEC0
:10D0D00000000000CDCCCCBECDCCCC3E000040400A
:10D0E000000080409A99014110270000A0860100AD
:10D0F000400D030020A1070080C3C901003B580870
:10D1000000C2EB0B00A3E1118066AB134051CD14BC
:10D11000405E5D0E0076B01000A3E1110084D717C9
:10D120000065CD1D0046C3230027B9290008AF2F95
:10D1300000E9A43580EB193910270000A086010012
:10D14000400D030020A1070080C3C901003B58081F
:10D1500000C2EB0B00A3E1118066AB134051CD146C
:10D1600080969800000000000100200000000000F0
:10D17000333353400000A0C08000000000000000D6
:10D18000DCF280FCFFFFFFFFFFFFFFFFFFFFFFFF61
:10D19000FFFFFFFFFFFFFFFFFFFFFFFFFFFFFFFF9F
:10D1A000FFFFFFFFFFFFFFFFFFFFFFFFFFFFFFFF8F
:10D1B000FFFFFFFFFFFFFFFFFFFFFFFFFFFFFFFF7F
:10D1C000FFFFFFFFFFFFFFFFFFFFFFFFFFFFFFFF6F
:10D1D000FFFFFFFFFFFFFFFFFFFFFFFFFFFFFFFF5F
:10D1E000FFFFFFFFFFFFFFFFFFFFFFFFFFFFFFFF4F
:10D1F000FFFFFFFFFFFFFFFFFFFFFFFFFFFFFFFF3F
:10D20000FFFFFFFFFFFFFFFFFFFFFFFFFFFFFFFF2E
:10D21000FFFFFFFFFFFFFFFFFFFFFFFFFFFFFFFF1E
:10D22000FFFFFFFFFFFFFFFFFFFFFFFFFFFFFFFF0E
:10D23000FFFFFFFFFFFFFFFFFFFFFFFFFFFFFFFFFE
:10D24000FFFFFFFFFFFFFFFFFFFFFFFFFFFFFFFFEE
:10D25000FFFFFFFFFFFFFFFFFFFFFFFFFFFFFFFFDE
:10D26000FFFFFFFFFFFFFFFFFFFFFFFFFFFFFFFFCE
:10D27000FFFFFFFFFFFFFFFFFFFFFFFFFFFFFFFFBE
:10D28000FFFFFFFFFFFFFFFFFFFFFFFFFFFFFFFFAE
:10D29000FFFFFFFFFFFFFFFFFFFFFFFFFFFFFFFF9E
:10D2A000FFFFFFFFFFFFFFFFFFFFFFFFFFFFFFFF8E
:10D2B000FFFFFFFFFFFFFFFFFFFFFFFFFFFFFFFF7E
:10D2C000FFFFFFFFFFFFFFFFFFFFFFFFFFFFFFFF6E
:10D2D000FFFFFFFFFFFFFFFFFFFFFFFFFFFFFFFF5E
:10D2E000FFFFFFFFFFFFFFFFFFFFFFFFFFFFFFFF4E
:10D2F000FFFFFFFFFFFFFFFFFFFFFFFFFFFFFFFF3E
:10D30000FFFFFFFFFFFFFFFFFFFFFFFFFFFFFFFF2D
:10D31000FFFFFFFFFFFFFFFFFFFFFFFFFFFFFFFF1D
:10D32000FFFFFFFFFFFFFFFFFFFFFFFFFFFFFFFF0D
:10D33000FFFFFFFFFFFFFFFFFFFFFFFFFFFFFFFFFD
:10D34000FFFFFFFFFFFFFFFFFFFFFFFFFFFFFFFFED
:10D35000FFFFFFFFFFFFFFFFFFFFFFFFFFFFFFFFDD
:10D36000FFFFFFFFFFFFFFFFFFFFFFFFFFFFFFFFCD
:10D37000FFFFFFFFFFFFFFFFFFFFFFFFFFFFFFFFBD
:10D38000FFFFFFFFFFFFFFFFFFFFFFFFFFFFFFFFAD
:10D39000FFFFFFFFFFFFFFFFFFFFFFFFFFFFFFFF9D
:10D3A000FFFFFFFFFFFFFFFFFFFFFFFFFFFFFFFF8D
:10D3B000FFFFFFFFFFFFFFFFFFFFFFFFFFFFFFFF7D
:10D3C000FFFFFFFFFFFFFFFFFFFFFFFFFFFFFFFF6D
:10D3D000FFFFFFFFFFFFFFFFFFFFFFFFFFFFFFFF5D
:10D3E000FFFFFFFFFFFFFFFFFFFFFFFFFFFFFFFF4D
:10D3F000FFFFFFFFFFFFFFFFFFFFFFFFFFFFFFFF3D
:10D40000FFFFFFFFFFFFFFFFFFFFFFFFFFFFFFFF2C
:10D41000FFFFFFFFFFFFFFFFFFFFFFFFFFFFFFFF1C
:10D42000FFFFFFFFFFFFFFFFFFFFFFFFFFFFFFFF0C
:10D43000FFFFFFFFFFFFFFFFFFFFFFFFFFFFFFFFFC
:10D44000FFFFFFFFFFFFFFFFFFFFFFFFFFFFFFFFEC
:10D45000FFFFFFFFFFFFFFFFFFFFFFFFFFFFFFFFDC
:10D46000FFFFFFFFFFFFFFFFFFFFFFFFFFFFFFFFCC
:10D47000FFFFFFFFFFFFFFFFFFFFFFFFFFFFFFFFBC
:10D48000FFFFFFFFFFFFFFFFFFFFFFFFFFFFFFFFAC
:10D49000FFFFFFFFFFFFFFFFFFFFFFFFFFFFFFFF9C
:10D4A000FFFFFFFFFFFFFFFFFFFFFFFFFFFFFFFF8C
:10D4B000FFFFFFFFFFFFFFFFFFFFFFFFFFFFFFFF7C
:10D4C000FFFFFFFFFFFFFFFFFFFFFFFFFFFFFFFF6C
:10D4D000FFFFFFFFFFFFFFFFFFFFFFFFFFFFFFFF5C
:10D4E000FFFFFFFFFFFFFFFFFFFFFFFFFFFFFFFF4C
:10D4F000FFFFFFFFFFFFFFFFFFFFFFFFFFFFFFFF3C
:10D50000FFFFFFFFFFFFFFFFFFFFFFFFFFFFFFFF2B
:10D51000FFFFFFFFFFFFFFFFFFFFFFFFFFFFFFFF1B
:10D52000FFFFFFFFFFFFFFFFFFFFFFFFFFFFFFFF0B
:10D53000FFFFFFFFFFFFFFFFFFFFFFFFFFFFFFFFFB
:10D54000FFFFFFFFFFFFFFFFFFFFFFFFFFFFFFFFEB
:10D55000FFFFFFFFFFFFFFFFFFFFFFFFFFFFFFFFDB
:10D56000FFFFFFFFFFFFFFFFFFFFFFFFFFFFFFFFCB
:10D57000FFFFFFFFFFFFFFFFFFFFFFFFFFFFFFFFBB
:10D58000FFFFFFFFFFFFFFFFFFFFFFFFFFFFFFFFAB
:10D59000FFFFFFFFFFFFFFFFFFFFFFFFFFFFFFFF9B
:10D5A000FFFFFFFFFFFFFFFFFFFFFFFFFFFFFFFF8B
:10D5B000FFFFFFFFFFFFFFFFFFFFFFFFFFFFFFFF7B
:10D5C000FFFFFFFFFFFFFFFFFFFFFFFFFFFFFFFF6B
:10D5D000FFFFFFFFFFFFFFFFFFFFFFFFFFFFFFFF5B
:10D5E000FFFFFFFFFFFFFFFFFFFFFFFFFFFFFFFF4B
:10D5F000FFFFFFFFFFFFFFFFFFFFFFFFFFFFFFFF3B
:10D60000FFFFFFFFFFFFFFFFFFFFFFFFFFFFFFFF2A
:10D61000FFFFFFFFFFFFFFFFFFFFFFFFFFFFFFFF1A
:10D62000FFFFFFFFFFFFFFFFFFFFFFFFFFFFFFFF0A
:10D63000FFFFFFFFFFFFFFFFFFFFFFFFFFFFFFFFFA
:10D64000FFFFFFFFFFFFFFFFFFFFFFFFFFFFFFFFEA
:10D65000FFFFFFFFFFFFFFFFFFFFFFFFFFFFFFFFDA
:10D66000FFFFFFFFFFFFFFFFFFFFFFFFFFFFFFFFCA
:10D67000FFFFFFFFFFFFFFFFFFFFFFFFFFFFFFFFBA
:10D68000FFFFFFFFFFFFFFFFFFFFFFFFFFFFFFFFAA
:10D69000FFFFFFFFFFFFFFFFFFFFFFFFFFFFFFFF9A
:10D6A000FFFFFFFFFFFFFFFFFFFFFFFFFFFFFFFF8A
:10D6B000FFFFFFFFFFFFFFFFFFFFFFFFFFFFFFFF7A
:10D6C000FFFFFFFFFFFFFFFFFFFFFFFFFFFFFFFF6A
:10D6D000FFFFFFFFFFFFFFFFFFFFFFFFFFFFFFFF5A
:10D6E000FFFFFFFFFFFFFFFFFFFFFFFFFFFFFFFF4A
:10D6F000FFFFFFFFFFFFFFFFFFFFFFFFFFFFFFFF3A
:10D70000FFFFFFFFFFFFFFFFFFFFFFFFFFFFFFFF29
:10D71000FFFFFFFFFFFFFFFFFFFFFFFFFFFFFFFF19
:10D72000FFFFFFFFFFFFFFFFFFFFFFFFFFFFFFFF09
:10D73000FFFFFFFFFFFFFFFFFFFFFFFFFFFFFFFFF9
:10D74000FFFFFFFFFFFFFFFFFFFFFFFFFFFFFFFFE9
:10D75000FFFFFFFFFFFFFFFFFFFFFFFFFFFFFFFFD9
:10D76000FFFFFFFFFFFFFFFFFFFFFFFFFFFFFFFFC9
:10D77000FFFFFFFFFFFFFFFFFFFFFFFFFFFFFFFFB9
:10D78000FFFFFFFFFFFFFFFFFFFFFFFFFFFFFFFFA9
:10D79000FFFFFFFFFFFFFFFFFFFFFFFFFFFFFFFF99
:10D7A000FFFFFFFFFFFFFFFFFFFFFFFFFFFFFFFF89
:10D7B000FFFFFFFFFFFFFFFFFFFFFFFFFFFFFFFF79
:10D7C000FFFFFFFFFFFFFFFFFFFFFFFFFFFFFFFF69
:10D7D000FFFFFFFFFFFFFFFFFFFFFFFFFFFFFFFF59
:10D7E000FFFFFFFFFFFFFFFFFFFFFFFFFFFFFFFF49
:10D7F000FFFFFFFFFFFFFFFFFFFFFFFFFFFFFFFF39
:10D80000FFFFFFFFFFFFFFFFFFFFFFFFFFFFFFFF28
:10D81000FFFFFFFFFFFFFFFFFFFFFFFFFFFFFFFF18
:10D82000FFFFFFFFFFFFFFFFFFFFFFFFFFFFFFFF08
:10D83000FFFFFFFFFFFFFFFFFFFFFFFFFFFFFFFFF8
:10D84000FFFFFFFFFFFFFFFFFFFFFFFFFFFFFFFFE8
:10D85000FFFFFFFFFFFFFFFFFFFFFFFFFFFFFFFFD8
:10D86000FFFFFFFFFFFFFFFFFFFFFFFFFFFFFFFFC8
:10D87000FFFFFFFFFFFFFFFFFFFFFFFFFFFFFFFFB8
:10D88000FFFFFFFFFFFFFFFFFFFFFFFFFFFFFFFFA8
:10D89000FFFFFFFFFFFFFFFFFFFFFFFFFFFFFFFF98
:10D8A000FFFFFFFFFFFFFFFFFFFFFFFFFFFFFFFF88
:10D8B000FFFFFFFFFFFFFFFFFFFFFFFFFFFFFFFF78
:10D8C000FFFFFFFFFFFFFFFFFFFFFFFFFFFFFFFF68
:10D8D000FFFFFFFFFFFFFFFFFFFFFFFFFFFFFFFF58
:10D8E000FFFFFFFFFFFFFFFFFFFFFFFFFFFFFFFF48
:10D8F000FFFFFFFFFFFFFFFFFFFFFFFFFFFFFFFF38
:10D90000FFFFFFFFFFFFFFFFFFFFFFFFFFFFFFFF27
:10D91000FFFFFFFFFFFFFFFFFFFFFFFFFFFFFFFF17
:10D92000FFFFFFFFFFFFFFFFFFFFFFFFFFFFFFFF07
:10D93000FFFFFFFFFFFFFFFFFFFFFFFFFFFFFFFFF7
:10D94000FFFFFFFFFFFFFFFFFFFFFFFFFFFFFFFFE7
:10D95000FFFFFFFFFFFFFFFFFFFFFFFFFFFFFFFFD7
:10D96000FFFFFFFFFFFFFFFFFFFFFFFFFFFFFFFFC7
:10D97000FFFFFFFFFFFFFFFFFFFFFFFFFFFFFFFFB7
:10D98000FFFFFFFFFFFFFFFFFFFFFFFFFFFFFFFFA7
:10D99000FFFFFFFFFFFFFFFFFFFFFFFFFFFFFFFF97
:10D9A000FFFFFFFFFFFFFFFFFFFFFFFFFFFFFFFF87
:10D9B000FFFFFFFFFFFFFFFFFFFFFFFFFFFFFFFF77
:10D9C000FFFFFFFFFFFFFFFFFFFFFFFFFFFFFFFF67
:10D9D000FFFFFFFFFFFFFFFFFFFFFFFFFFFFFFFF57
:10D9E000FFFFFFFFFFFFFFFFFFFFFFFFFFFFFFFF47
:10D9F000FFFFFFFFFFFFFFFFFFFFFFFFFFFFFFFF37
:10DA0000FFFFFFFFFFFFFFFFFFFFFFFFFFFFFFFF26
:10DA1000FFFFFFFFFFFFFFFFFFFFFFFFFFFFFFFF16
:10DA2000FFFFFFFFFFFFFFFFFFFFFFFFFFFFFFFF06
:10DA3000FFFFFFFFFFFFFFFFFFFFFFFFFFFFFFFFF6
:10DA4000FFFFFFFFFFFFFFFFFFFFFFFFFFFFFFFFE6
:10DA5000FFFFFFFFFFFFFFFFFFFFFFFFFFFFFFFFD6
:10DA6000FFFFFFFFFFFFFFFFFFFFFFFFFFFFFFFFC6
:10DA7000FFFFFFFFFFFFFFFFFFFFFFFFFFFFFFFFB6
:10DA8000FFFFFFFFFFFFFFFFFFFFFFFFFFFFFFFFA6
:10DA9000FFFFFFFFFFFFFFFFFFFFFFFFFFFFFFFF96
:10DAA000FFFFFFFFFFFFFFFFFFFFFFFFFFFFFFFF86
:10DAB000FFFFFFFFFFFFFFFFFFFFFFFFFFFFFFFF76
:10DAC000FFFFFFFFFFFFFFFFFFFFFFFFFFFFFFFF66
:10DAD000FFFFFFFFFFFFFFFFFFFFFFFFFFFFFFFF56
:10DAE000FFFFFFFFFFFFFFFFFFFFFFFFFFFFFFFF46
:10DAF000FFFFFFFFFFFFFFFFFFFFFFFFFFFFFFFF36
:10DB0000FFFFFFFFFFFFFFFFFFFFFFFFFFFFFFFF25
:10DB1000FFFFFFFFFFFFFFFFFFFFFFFFFFFFFFFF15
:10DB2000FFFFFFFFFFFFFFFFFFFFFFFFFFFFFFFF05
:10DB3000FFFFFFFFFFFFFFFFFFFFFFFFFFFFFFFFF5
:10DB4000FFFFFFFFFFFFFFFFFFFFFFFFFFFFFFFFE5
:10DB5000FFFFFFFFFFFFFFFFFFFFFFFFFFFFFFFFD5
:10DB6000FFFFFFFFFFFFFFFFFFFFFFFFFFFFFFFFC5
:10DB7000FFFFFFFFFFFFFFFFFFFFFFFFFFFFFFFFB5
:10DB8000FFFFFFFFFFFFFFFFFFFFFFFFFFFFFFFFA5
:10DB9000FFFFFFFFFFFFFFFFFFFFFFFFFFFFFFFF95
:10DBA000FFFFFFFFFFFFFFFFFFFFFFFFFFFFFFFF85
:10DBB000FFFFFFFFFFFFFFFFFFFFFFFFFFFFFFFF75
:10DBC000FFFFFFFFFFFFFFFFFFFFFFFFFFFFFFFF65
:10DBD000FFFFFFFFFFFFFFFFFFFFFFFFFFFFFFFF55
:10DBE000FFFFFFFFFFFFFFFFFFFFFFFFFFFFFFFF45
:10DBF000FFFFFFFFFFFFFFFFFFFFFFFFFFFFFFFF35
:10DC0000FFFFFFFFFFFFFFFFFFFFFFFFFFFFFFFF24
:10DC1000FFFFFFFFFFFFFFFFFFFFFFFFFFFFFFFF14
:10DC2000FFFFFFFFFFFFFFFFFFFFFFFFFFFFFFFF04
:10DC3000FFFFFFFFFFFFFFFFFFFFFFFFFFFFFFFFF4
:10DC4000FFFFFFFFFFFFFFFFFFFFFFFFFFFFFFFFE4
:10DC5000FFFFFFFFFFFFFFFFFFFFFFFFFFFFFFFFD4
:10DC6000FFFFFFFFFFFFFFFFFFFFFFFFFFFFFFFFC4
:10DC7000FFFFFFFFFFFFFFFFFFFFFFFFFFFFFFFFB4
:10DC8000FFFFFFFFFFFFFFFFFFFFFFFFFFFFFFFFA4
:10DC9000FFFFFFFFFFFFFFFFFFFFFFFFFFFFFFFF94
:10DCA000FFFFFFFFFFFFFFFFFFFFFFFFFFFFFFFF84
:10DCB000FFFFFFFFFFFFFFFFFFFFFFFFFFFFFFFF74
:10DCC000FFFFFFFFFFFFFFFFFFFFFFFFFFFFFFFF64
:10DCD000FFFFFFFFFFFFFFFFFFFFFFFFFFFFFFFF54
:10DCE000FFFFFFFFFFFFFFFFFFFFFFFFFFFFFFFF44
:10DCF000FFFFFFFFFFFFFFFFFFFFFFFFFFFFFFFF34
:10DD0000FFFFFFFFFFFFFFFFFFFFFFFFFFFFFFFF23
:10DD1000FFFFFFFFFFFFFFFFFFFFFFFFFFFFFFFF13
:10DD2000FFFFFFFFFFFFFFFFFFFFFFFFFFFFFFFF03
:10DD3000FFFFFFFFFFFFFFFFFFFFFFFFFFFFFFFFF3
:10DD4000FFFFFFFFFFFFFFFFFFFFFFFFFFFFFFFFE3
:10DD5000FFFFFFFFFFFFFFFFFFFFFFFFFFFFFFFFD3
:10DD6000FFFFFFFFFFFFFFFFFFFFFFFFFFFFFFFFC3
:10DD7000FFFFFFFFFFFFFFFFFFFFFFFFFFFFFFFFB3
:10DD8000FFFFFFFFFFFFFFFFFFFFFFFFFFFFFFFFA3
:10DD9000FFFFFFFFFFFFFFFFFFFFFFFFFFFFFFFF93
:10DDA000FFFFFFFFFFFFFFFFFFFFFFFFFFFFFFFF83
:10DDB000FFFFFFFFFFFFFFFFFFFFFFFFFFFFFFFF73
:10DDC000FFFFFFFFFFFFFFFFFFFFFFFFFFFFFFFF63
:10DDD000FFFFFFFFFFFFFFFFFFFFFFFFFFFFFFFF53
:10DDE000FFFFFFFFFFFFFFFFFFFFFFFFFFFFFFFF43
:10DDF000FFFFFFFFFFFFFFFFFFFFFFFFFFFFFFFF33
:10DE0000FFFFFFFFFFFFFFFFFFFFFFFFFFFFFFFF22
:10DE1000FFFFFFFFFFFFFFFFFFFFFFFFFFFFFFFF12
:10DE2000FFFFFFFFFFFFFFFFFFFFFFFFFFFFFFFF02
:10DE3000FFFFFFFFFFFFFFFFFFFFFFFFFFFFFFFFF2
:10DE4000FFFFFFFFFFFFFFFFFFFFFFFFFFFFFFFFE2
:10DE5000FFFFFFFFFFFFFFFFFFFFFFFFFFFFFFFFD2
:10DE6000FFFFFFFFFFFFFFFFFFFFFFFFFFFFFFFFC2
:10DE7000FFFFFFFFFFFFFFFFFFFFFFFFFFFFFFFFB2
:10DE8000FFFFFFFFFFFFFFFFFFFFFFFFFFFFFFFFA2
:10DE9000FFFFFFFFFFFFFFFFFFFFFFFFFFFFFFFF92
:10DEA000FFFFFFFFFFFFFFFFFFFFFFFFFFFFFFFF82
:10DEB000FFFFFFFFFFFFFFFFFFFFFFFFFFFFFFFF72
:10DEC000FFFFFFFFFFFFFFFFFFFFFFFFFFFFFFFF62
:10DED000FFFFFFFFFFFFFFFFFFFFFFFFFFFFFFFF52
:10DEE000FFFFFFFFFFFFFFFFFFFFFFFFFFFFFFFF42
:10DEF000FFFFFFFFFFFFFFFFFFFFFFFFFFFFFFFF32
:10DF0000FFFFFFFFFFFFFFFFFFFFFFFFFFFFFFFF21
:10DF1000FFFFFFFFFFFFFFFFFFFFFFFFFFFFFFFF11
:10DF2000FFFFFFFFFFFFFFFFFFFFFFFFFFFFFFFF01
:10DF3000FFFFFFFFFFFFFFFFFFFFFFFFFFFFFFFFF1
:10DF4000FFFFFFFFFFFFFFFFFFFFFFFFFFFFFFFFE1
:10DF5000FFFFFFFFFFFFFFFFFFFFFFFFFFFFFFFFD1
:10DF6000FFFFFFFFFFFFFFFFFFFFFFFFFFFFFFFFC1
:10DF7000FFFFFFFFFFFFFFFFFFFFFFFFFFFFFFFFB1
:10DF8000FFFFFFFFFFFFFFFFFFFFFFFFFFFFFFFFA1
:10DF9000FFFFFFFFFFFFFFFFFFFFFFFFFFFFFFFF91
:10DFA000FFFFFFFFFFFFFFFFFFFFFFFFFFFFFFFF81
:10DFB000FFFFFFFFFFFFFFFFFFFFFFFFFFFFFFFF71
:10DFC000FFFFFFFFFFFFFFFFFFFFFFFFFFFFFFFF61
:10DFD000FFFFFFFFFFFFFFFFFFFFFFFFFFFFFFFF51
:10DFE000FFFFFFFFFFFFFFFFFFFFFFFFFFFFFFFF41
:10DFF000FFFFFFFFFFFFFFFFFFFFFFFFFFFFFFFF31
:10E00000FFFFFFFFFFFFFFFFFFFFFFFFFFFFFFFF20
:10E01000FFFFFFFFFFFFFFFFFFFFFFFFFFFFFFFF10
:10E02000FFFFFFFFFFFFFFFFFFFFFFFFFFFFFFFF00
:10E03000FFFFFFFFFFFFFFFFFFFFFFFFFFFFFFFFF0
:10E04000FFFFFFFFFFFFFFFFFFFFFFFFFFFFFFFFE0
:10E05000FFFFFFFFFFFFFFFFFFFFFFFFFFFFFFFFD0
:10E06000FFFFFFFFFFFFFFFFFFFFFFFFFFFFFFFFC0
:10E07000FFFFFFFFFFFFFFFFFFFFFFFFFFFFFFFFB0
:10E08000FFFFFFFFFFFFFFFFFFFFFFFFFFFFFFFFA0
:10E09000FFFFFFFFFFFFFFFFFFFFFFFFFFFFFFFF90
:10E0A000FFFFFFFFFFFFFFFFFFFFFFFFFFFFFFFF80
:10E0B000FFFFFFFFFFFFFFFFFFFFFFFFFFFFFFFF70
:10E0C000FFFFFFFFFFFFFFFFFFFFFFFFFFFFFFFF60
:10E0D000FFFFFFFFFFFFFFFFFFFFFFFFFFFFFFFF50
:10E0E000FFFFFFFFFFFFFFFFFFFFFFFFFFFFFFFF40
:10E0F000FFFFFFFFFFFFFFFFFFFFFFFFFFFFFFFF30
:10E10000FFFFFFFFFFFFFFFFFFFFFFFFFFFFFFFF1F
:10E11000FFFFFFFFFFFFFFFFFFFFFFFFFFFFFFFF0F
:10E12000FFFFFFFFFFFFFFFFFFFFFFFFFFFFFFFFFF
:10E13000FFFFFFFFFFFFFFFFFFFFFFFFFFFFFFFFEF
:10E14000FFFFFFFFFFFFFFFFFFFFFFFFFFFFFFFFDF
:10E15000FFFFFFFFFFFFFFFFFFFFFFFFFFFFFFFFCF
:10E16000FFFFFFFFFFFFFFFFFFFFFFFFFFFFFFFFBF
:10E17000FFFFFFFFFFFFFFFFFFFFFFFFFFFFFFFFAF
:10E18000FFFFFFFFFFFFFFFFFFFFFFFFFFFFFFFF9F
:10E19000FFFFFFFFFFFFFFFFFFFFFFFFFFFFFFFF8F
:10E1A000FFFFFFFFFFFFFFFFFFFFFFFFFFFFFFFF7F
:10E1B000FFFFFFFFFFFFFFFFFFFFFFFFFFFFFFFF6F
:10E1C000FFFFFFFFFFFFFFFFFFFFFFFFFFFFFFFF5F
:10E1D000FFFFFFFFFFFFFFFFFFFFFFFFFFFFFFFF4F
:10E1E000FFFFFFFFFFFFFFFFFFFFFFFFFFFFFFFF3F
:10E1F000FFFFFFFFFFFFFFFFFFFFFFFFFFFFFFFF2F
:10E20000FFFFFFFFFFFFFFFFFFFFFFFFFFFFFFFF1E
:10E21000FFFFFFFFFFFFFFFFFFFFFFFFFFFFFFFF0E
:10E22000FFFFFFFFFFFFFFFFFFFFFFFFFFFFFFFFFE
:10E23000FFFFFFFFFFFFFFFFFFFFFFFFFFFFFFFFEE
:10E24000FFFFFFFFFFFFFFFFFFFFFFFFFFFFFFFFDE
:10E25000FFFFFFFFFFFFFFFFFFFFFFFFFFFFFFFFCE
:10E26000FFFFFFFFFFFFFFFFFFFFFFFFFFFFFFFFBE
:10E27000FFFFFFFFFFFFFFFFFFFFFFFFFFFFFFFFAE
:10E28000FFFFFFFFFFFFFFFFFFFFFFFFFFFFFFFF9E
:10E29000FFFFFFFFFFFFFFFFFFFFFFFFFFFFFFFF8E
:10E2A000FFFFFFFFFFFFFFFFFFFFFFFFFFFFFFFF7E
:10E2B000FFFFFFFFFFFFFFFFFFFFFFFFFFFFFFFF6E
:10E2C000FFFFFFFFFFFFFFFFFFFFFFFFFFFFFFFF5E
:10E2D000FFFFFFFFFFFFFFFFFFFFFFFFFFFFFFFF4E
:10E2E000FFFFFFFFFFFFFFFFFFFFFFFFFFFFFFFF3E
:10E2F000FFFFFFFFFFFFFFFFFFFFFFFFFFFFFFFF2E
:10E30000FFFFFFFFFFFFFFFFFFFFFFFFFFFFFFFF1D
:10E31000FFFFFFFFFFFFFFFFFFFFFFFFFFFFFFFF0D
:10E32000FFFFFFFFFFFFFFFFFFFFFFFFFFFFFFFFFD
:10E33000FFFFFFFFFFFFFFFFFFFFFFFFFFFFFFFFED
:10E34000FFFFFFFFFFFFFFFFFFFFFFFFFFFFFFFFDD
:10E35000FFFFFFFFFFFFFFFFFFFFFFFFFFFFFFFFCD
:10E36000FFFFFFFFFFFFFFFFFFFFFFFFFFFFFFFFBD
:10E37000FFFFFFFFFFFFFFFFFFFFFFFFFFFFFFFFAD
:10E38000FFFFFFFFFFFFFFFFFFFFFFFFFFFFFFFF9D
:10E39000FFFFFFFFFFFFFFFFFFFFFFFFFFFFFFFF8D
:10E3A000FFFFFFFFFFFFFFFFFFFFFFFFFFFFFFFF7D
:10E3B000FFFFFFFFFFFFFFFFFFFFFFFFFFFFFFFF6D
:10E3C000FFFFFFFFFFFFFFFFFFFFFFFFFFFFFFFF5D
:10E3D000FFFFFFFFFFFFFFFFFFFFFFFFFFFFFFFF4D
:10E3E000FFFFFFFFFFFFFFFFFFFFFFFFFFFFFFFF3D
:10E3F000FFFFFFFFFFFFFFFFFFFFFFFFFFFFFFFF2D
:10E40000FFFFFFFFFFFFFFFFFFFFFFFFFFFFFFFF1C
:10E41000FFFFFFFFFFFFFFFFFFFFFFFFFFFFFFFF0C
:10E42000FFFFFFFFFFFFFFFFFFFFFFFFFFFFFFFFFC
:10E43000FFFFFFFFFFFFFFFFFFFFFFFFFFFFFFFFEC
:10E44000FFFFFFFFFFFFFFFFFFFFFFFFFFFFFFFFDC
:10E45000FFFFFFFFFFFFFFFFFFFFFFFFFFFFFFFFCC
:10E46000FFFFFFFFFFFFFFFFFFFFFFFFFFFFFFFFBC
:10E47000FFFFFFFFFFFFFFFFFFFFFFFFFFFFFFFFAC
:10E48000FFFFFFFFFFFFFFFFFFFFFFFFFFFFFFFF9C
:10E49000FFFFFFFFFFFFFFFFFFFFFFFFFFFFFFFF8C
:10E4A000FFFFFFFFFFFFFFFFFFFFFFFFFFFFFFFF7C
:10E4B000FFFFFFFFFFFFFFFFFFFFFFFFFFFFFFFF6C
:10E4C000FFFFFFFFFFFFFFFFFFFFFFFFFFFFFFFF5C
:10E4D000FFFFFFFFFFFFFFFFFFFFFFFFFFFFFFFF4C
:10E4E000FFFFFFFFFFFFFFFFFFFFFFFFFFFFFFFF3C
:10E4F000FFFFFFFFFFFFFFFFFFFFFFFFFFFFFFFF2C
:10E50000FFFFFFFFFFFFFFFFFFFFFFFFFFFFFFFF1B
:10E51000FFFFFFFFFFFFFFFFFFFFFFFFFFFFFFFF0B
:10E52000FFFFFFFFFFFFFFFFFFFFFFFFFFFFFFFFFB
:10E53000FFFFFFFFFFFFFFFFFFFFFFFFFFFFFFFFEB
:10E54000FFFFFFFFFFFFFFFFFFFFFFFFFFFFFFFFDB
:10E55000FFFFFFFFFFFFFFFFFFFFFFFFFFFFFFFFCB
:10E56000FFFFFFFFFFFFFFFFFFFFFFFFFFFFFFFFBB
:10E57000FFFFFFFFFFFFFFFFFFFFFFFFFFFFFFFFAB
:10E58000FFFFFFFFFFFFFFFFFFFFFFFFFFFFFFFF9B
:10E59000FFFFFFFFFFFFFFFFFFFFFFFFFFFFFFFF8B
:10E5A000FFFFFFFFFFFFFFFFFFFFFFFFFFFFFFFF7B
:10E5B000FFFFFFFFFFFFFFFFFFFFFFFFFFFFFFFF6B
:10E5C000FFFFFFFFFFFFFFFFFFFFFFFFFFFFFFFF5B
:10E5D000FFFFFFFFFFFFFFFFFFFFFFFFFFFFFFFF4B
:10E5E000FFFFFFFFFFFFFFFFFFFFFFFFFFFFFFFF3B
:10E5F000FFFFFFFFFFFFFFFFFFFFFFFFFFFFFFFF2B
:10E60000FFFFFFFFFFFFFFFFFFFFFFFFFFFFFFFF1A
:10E61000FFFFFFFFFFFFFFFFFFFFFFFFFFFFFFFF0A
:10E62000FFFFFFFFFFFFFFFFFFFFFFFFFFFFFFFFFA
:10E63000FFFFFFFFFFFFFFFFFFFFFFFFFFFFFFFFEA
:10E64000FFFFFFFFFFFFFFFFFFFFFFFFFFFFFFFFDA
:10E65000FFFFFFFFFFFFFFFFFFFFFFFFFFFFFFFFCA
:10E66000FFFFFFFFFFFFFFFFFFFFFFFFFFFFFFFFBA
:10E67000FFFFFFFFFFFFFFFFFFFFFFFFFFFFFFFFAA
:10E68000FFFFFFFFFFFFFFFFFFFFFFFFFFFFFFFF9A
:10E69000FFFFFFFFFFFFFFFFFFFFFFFFFFFFFFFF8A
:10E6A000FFFFFFFFFFFFFFFFFFFFFFFFFFFFFFFF7A
:10E6B000FFFFFFFFFFFFFFFFFFFFFFFFFFFFFFFF6A
:10E6C000FFFFFFFFFFFFFFFFFFFFFFFFFFFFFFFF5A
:10E6D000FFFFFFFFFFFFFFFFFFFFFFFFFFFFFFFF4A
:10E6E000FFFFFFFFFFFFFFFFFFFFFFFFFFFFFFFF3A
:10E6F000FFFFFFFFFFFFFFFFFFFFFFFFFFFFFFFF2A
:10E70000FFFFFFFFFFFFFFFFFFFFFFFFFFFFFFFF19
:10E71000FFFFFFFFFFFFFFFFFFFFFFFFFFFFFFFF09
:10E72000FFFFFFFFFFFFFFFFFFFFFFFFFFFFFFFFF9
:10E73000FFFFFFFFFFFFFFFFFFFFFFFFFFFFFFFFE9
:10E74000FFFFFFFFFFFFFFFFFFFFFFFFFFFFFFFFD9
:10E75000FFFFFFFFFFFFFFFFFFFFFFFFFFFFFFFFC9
:10E76000FFFFFFFFFFFFFFFFFFFFFFFFFFFFFFFFB9
:10E77000FFFFFFFFFFFFFFFFFFFFFFFFFFFFFFFFA9
:10E78000FFFFFFFFFFFFFFFFFFFFFFFFFFFFFFFF99
:10E79000FFFFFFFFFFFFFFFFFFFFFFFFFFFFFFFF89
:10E7A000FFFFFFFFFFFFFFFFFFFFFFFFFFFFFFFF79
:10E7B000FFFFFFFFFFFFFFFFFFFFFFFFFFFFFFFF69
:10E7C000FFFFFFFFFFFFFFFFFFFFFFFFFFFFFFFF59
:10E7D000FFFFFFFFFFFFFFFFFFFFFFFFFFFFFFFF49
:10E7E000FFFFFFFFFFFFFFFFFFFFFFFFFFFFFFFF39
:10E7F000FFFFFFFFFFFFFFFFFFFFFFFFFFFFFFFF29
:10E80000FFFFFFFFFFFFFFFFFFFFFFFFFFFFFFFF18
:10E81000FFFFFFFFFFFFFFFFFFFFFFFFFFFFFFFF08
:10E82000FFFFFFFFFFFFFFFFFFFFFFFFFFFFFFFFF8
:10E83000FFFFFFFFFFFFFFFFFFFFFFFFFFFFFFFFE8
:10E84000FFFFFFFFFFFFFFFFFFFFFFFFFFFFFFFFD8
:10E85000FFFFFFFFFFFFFFFFFFFFFFFFFFFFFFFFC8
:10E86000FFFFFFFFFFFFFFFFFFFFFFFFFFFFFFFFB8
:10E87000FFFFFFFFFFFFFFFFFFFFFFFFFFFFFFFFA8
:10E88000FFFFFFFFFFFFFFFFFFFFFFFFFFFFFFFF98
:10E89000FFFFFFFFFFFFFFFFFFFFFFFFFFFFFFFF88
:10E8A000FFFFFFFFFFFFFFFFFFFFFFFFFFFFFFFF78
:10E8B000FFFFFFFFFFFFFFFFFFFFFFFFFFFFFFFF68
:10E8C000FFFFFFFFFFFFFFFFFFFFFFFFFFFFFFFF58
:10E8D000FFFFFFFFFFFFFFFFFFFFFFFFFFFFFFFF48
:10E8E000FFFFFFFFFFFFFFFFFFFFFFFFFFFFFFFF38
:10E8F000FFFFFFFFFFFFFFFFFFFFFFFFFFFFFFFF28
:10E90000FFFFFFFFFFFFFFFFFFFFFFFFFFFFFFFF17
:10E91000FFFFFFFFFFFFFFFFFFFFFFFFFFFFFFFF07
:10E92000FFFFFFFFFFFFFFFFFFFFFFFFFFFFFFFFF7
:10E93000FFFFFFFFFFFFFFFFFFFFFFFFFFFFFFFFE7
:10E94000FFFFFFFFFFFFFFFFFFFFFFFFFFFFFFFFD7
:10E95000FFFFFFFFFFFFFFFFFFFFFFFFFFFFFFFFC7
:10E96000FFFFFFFFFFFFFFFFFFFFFFFFFFFFFFFFB7
:10E97000FFFFFFFFFFFFFFFFFFFFFFFFFFFFFFFFA7
:10E98000FFFFFFFFFFFFFFFFFFFFFFFFFFFFFFFF97
:10E99000FFFFFFFFFFFFFFFFFFFFFFFFFFFFFFFF87
:10E9A000FFFFFFFFFFFFFFFFFFFFFFFFFFFFFFFF77
:10E9B000FFFFFFFFFFFFFFFFFFFFFFFFFFFFFFFF67
:10E9C000FFFFFFFFFFFFFFFFFFFFFFFFFFFFFFFF57
:10E9D000FFFFFFFFFFFFFFFFFFFFFFFFFFFFFFFF47
:10E9E000FFFFFFFFFFFFFFFFFFFFFFFFFFFFFFFF37
:10E9F000FFFFFFFFFFFFFFFFFFFFFFFFFFFFFFFF27
:10EA0000FFFFFFFFFFFFFFFFFFFFFFFFFFFFFFFF16
:10EA1000FFFFFFFFFFFFFFFFFFFFFFFFFFFFFFFF06
:10EA2000FFFFFFFFFFFFFFFFFFFFFFFFFFFFFFFFF6
:10EA3000FFFFFFFFFFFFFFFFFFFFFFFFFFFFFFFFE6
:10EA4000FFFFFFFFFFFFFFFFFFFFFFFFFFFFFFFFD6
:10EA5000FFFFFFFFFFFFFFFFFFFFFFFFFFFFFFFFC6
:10EA6000FFFFFFFFFFFFFFFFFFFFFFFFFFFFFFFFB6
:10EA7000FFFFFFFFFFFFFFFFFFFFFFFFFFFFFFFFA6
:10EA8000FFFFFFFFFFFFFFFFFFFFFFFFFFFFFFFF96
:10EA9000FFFFFFFFFFFFFFFFFFFFFFFFFFFFFFFF86
:10EAA000FFFFFFFFFFFFFFFFFFFFFFFFFFFFFFFF76
:10EAB000FFFFFFFFFFFFFFFFFFFFFFFFFFFFFFFF66
:10EAC000FFFFFFFFFFFFFFFFFFFFFFFFFFFFFFFF56
:10EAD000FFFFFFFFFFFFFFFFFFFFFFFFFFFFFFFF46
:10EAE000FFFFFFFFFFFFFFFFFFFFFFFFFFFFFFFF36
:10EAF000FFFFFFFFFFFFFFFFFFFFFFFFFFFFFFFF26
:10EB0000FFFFFFFFFFFFFFFFFFFFFFFFFFFFFFFF15
:10EB1000FFFFFFFFFFFFFFFFFFFFFFFFFFFFFFFF05
:10EB2000FFFFFFFFFFFFFFFFFFFFFFFFFFFFFFFFF5
:10EB3000FFFFFFFFFFFFFFFFFFFFFFFFFFFFFFFFE5
:10EB4000FFFFFFFFFFFFFFFFFFFFFFFFFFFFFFFFD5
:10EB5000FFFFFFFFFFFFFFFFFFFFFFFFFFFFFFFFC5
:10EB6000FFFFFFFFFFFFFFFFFFFFFFFFFFFFFFFFB5
:10EB7000FFFFFFFFFFFFFFFFFFFFFFFFFFFFFFFFA5
:10EB8000FFFFFFFFFFFFFFFFFFFFFFFFFFFFFFFF95
:10EB9000FFFFFFFFFFFFFFFFFFFFFFFFFFFFFFFF85
:10EBA000FFFFFFFFFFFFFFFFFFFFFFFFFFFFFFFF75
:10EBB000FFFFFFFFFFFFFFFFFFFFFFFFFFFFFFFF65
:10EBC000FFFFFFFFFFFFFFFFFFFFFFFFFFFFFFFF55
:10EBD000FFFFFFFFFFFFFFFFFFFFFFFFFFFFFFFF45
:10EBE000FFFFFFFFFFFFFFFFFFFFFFFFFFFFFFFF35
:10EBF000FFFFFFFFFFFFFFFFFFFFFFFFFFFFFFFF25
:10EC0000FFFFFFFFFFFFFFFFFFFFFFFFFFFFFFFF14
:10EC1000FFFFFFFFFFFFFFFFFFFFFFFFFFFFFFFF04
:10EC2000FFFFFFFFFFFFFFFFFFFFFFFFFFFFFFFFF4
:10EC3000FFFFFFFFFFFFFFFFFFFFFFFFFFFFFFFFE4
:10EC4000FFFFFFFFFFFFFFFFFFFFFFFFFFFFFFFFD4
:10EC5000FFFFFFFFFFFFFFFFFFFFFFFFFFFFFFFFC4
:10EC6000FFFFFFFFFFFFFFFFFFFFFFFFFFFFFFFFB4
:10EC7000FFFFFFFFFFFFFFFFFFFFFFFFFFFFFFFFA4
:10EC8000FFFFFFFFFFFFFFFFFFFFFFFFFFFFFFFF94
:10EC9000FFFFFFFFFFFFFFFFFFFFFFFFFFFFFFFF84
:10ECA000FFFFFFFFFFFFFFFFFFFFFFFFFFFFFFFF74
:10ECB000FFFFFFFFFFFFFFFFFFFFFFFFFFFFFFFF64
:10ECC000FFFFFFFFFFFFFFFFFFFFFFFFFFFFFFFF54
:10ECD000FFFFFFFFFFFFFFFFFFFFFFFFFFFFFFFF44
:10ECE000FFFFFFFFFFFFFFFFFFFFFFFFFFFFFFFF34
:10ECF000FFFFFFFFFFFFFFFFFFFFFFFFFFFFFFFF24
:10ED0000FFFFFFFFFFFFFFFFFFFFFFFFFFFFFFFF13
:10ED1000FFFFFFFFFFFFFFFFFFFFFFFFFFFFFFFF03
:10ED2000FFFFFFFFFFFFFFFFFFFFFFFFFFFFFFFFF3
:10ED3000FFFFFFFFFFFFFFFFFFFFFFFFFFFFFFFFE3
:10ED4000FFFFFFFFFFFFFFFFFFFFFFFFFFFFFFFFD3
:10ED5000FFFFFFFFFFFFFFFFFFFFFFFFFFFFFFFFC3
:10ED6000FFFFFFFFFFFFFFFFFFFFFFFFFFFFFFFFB3
:10ED7000FFFFFFFFFFFFFFFFFFFFFFFFFFFFFFFFA3
:10ED8000FFFFFFFFFFFFFFFFFFFFFFFFFFFFFFFF93
:10ED9000FFFFFFFFFFFFFFFFFFFFFFFFFFFFFFFF83
:10EDA000FFFFFFFFFFFFFFFFFFFFFFFFFFFFFFFF73
:10EDB000FFFFFFFFFFFFFFFFFFFFFFFFFFFFFFFF63
:10EDC000FFFFFFFFFFFFFFFFFFFFFFFFFFFFFFFF53
:10EDD000FFFFFFFFFFFFFFFFFFFFFFFFFFFFFFFF43
:10EDE000FFFFFFFFFFFFFFFFFFFFFFFFFFFFFFFF33
:10EDF000FFFFFFFFFFFFFFFFFFFFFFFFFFFFFFFF23
:10EE0000FFFFFFFFFFFFFFFFFFFFFFFFFFFFFFFF12
:10EE1000FFFFFFFFFFFFFFFFFFFFFFFFFFFFFFFF02
:10EE2000FFFFFFFFFFFFFFFFFFFFFFFFFFFFFFFFF2
:10EE3000FFFFFFFFFFFFFFFFFFFFFFFFFFFFFFFFE2
:10EE4000FFFFFFFFFFFFFFFFFFFFFFFFFFFFFFFFD2
:10EE5000FFFFFFFFFFFFFFFFFFFFFFFFFFFFFFFFC2
:10EE6000FFFFFFFFFFFFFFFFFFFFFFFFFFFFFFFFB2
:10EE7000FFFFFFFFFFFFFFFFFFFFFFFFFFFFFFFFA2
:10EE8000FFFFFFFFFFFFFFFFFFFFFFFFFFFFFFFF92
:10EE9000FFFFFFFFFFFFFFFFFFFFFFFFFFFFFFFF82
:10EEA000FFFFFFFFFFFFFFFFFFFFFFFFFFFFFFFF72
:10EEB000FFFFFFFFFFFFFFFFFFFFFFFFFFFFFFFF62
:10EEC000FFFFFFFFFFFFFFFFFFFFFFFFFFFFFFFF52
:10EED000FFFFFFFFFFFFFFFFFFFFFFFFFFFFFFFF42
:10EEE000FFFFFFFFFFFFFFFFFFFFFFFFFFFFFFFF32
:10EEF000FFFFFFFFFFFFFFFFFFFFFFFFFFFFFFFF22
:10EF0000FFFFFFFFFFFFFFFFFFFFFFFFFFFFFFFF11
:10EF1000FFFFFFFFFFFFFFFFFFFFFFFFFFFFFFFF01
:10EF2000FFFFFFFFFFFFFFFFFFFFFFFFFFFFFFFFF1
:10EF3000FFFFFFFFFFFFFFFFFFFFFFFFFFFFFFFFE1
:10EF4000FFFFFFFFFFFFFFFFFFFFFFFFFFFFFFFFD1
:10EF5000FFFFFFFFFFFFFFFFFFFFFFFFFFFFFFFFC1
:10EF6000FFFFFFFFFFFFFFFFFFFFFFFFFFFFFFFFB1
:10EF7000FFFFFFFFFFFFFFFFFFFFFFFFFFFFFFFFA1
:10EF8000FFFFFFFFFFFFFFFFFFFFFFFFFFFFFFFF91
:10EF9000FFFFFFFFFFFFFFFFFFFFFFFFFFFFFFFF81
:10EFA000FFFFFFFFFFFFFFFFFFFFFFFFFFFFFFFF71
:10EFB000FFFFFFFFFFFFFFFFFFFFFFFFFFFFFFFF61
:10EFC000FFFFFFFFFFFFFFFFFFFFFFFFFFFFFFFF51
:10EFD000FFFFFFFFFFFFFFFFFFFFFFFFFFFFFFFF41
:10EFE000FFFFFFFFFFFFFFFFFFFFFFFFFFFFFFFF31
:10EFF000FFFFFFFFFFFFFFFFFFFFFFFFFFFFFFFF21
:10F00000FFFFFFFFFFFFFFFFFFFFFFFFFFFFFFFF10
:10F01000FFFFFFFFFFFFFFFFFFFFFFFFFFFFFFFF00
:10F02000FFFFFFFFFFFFFFFFFFFFFFFFFFFFFFFFF0
:10F03000FFFFFFFFFFFFFFFFFFFFFFFFFFFFFFFFE0
:10F04000FFFFFFFFFFFFFFFFFFFFFFFFFFFFFFFFD0
:10F05000FFFFFFFFFFFFFFFFFFFFFFFFFFFFFFFFC0
:10F06000FFFFFFFFFFFFFFFFFFFFFFFFFFFFFFFFB0
:10F07000FFFFFFFFFFFFFFFFFFFFFFFFFFFFFFFFA0
:10F08000FFFFFFFFFFFFFFFFFFFFFFFFFFFFFFFF90
:10F09000FFFFFFFFFFFFFFFFFFFFFFFFFFFFFFFF80
:10F0A000FFFFFFFFFFFFFFFFFFFFFFFFFFFFFFFF70
:10F0B000FFFFFFFFFFFFFFFFFFFFFFFFFFFFFFFF60
:10F0C000FFFFFFFFFFFFFFFFFFFFFFFFFFFFFFFF50
:10F0D000FFFFFFFFFFFFFFFFFFFFFFFFFFFFFFFF40
:10F0E000FFFFFFFFFFFFFFFFFFFFFFFFFFFFFFFF30
:10F0F000FFFFFFFFFFFFFFFFFFFFFFFFFFFFFFFF20
:10F10000FFFFFFFFFFFFFFFFFFFFFFFFFFFFFFFF0F
:10F11000FFFFFFFFFFFFFFFFFFFFFFFFFFFFFFFFFF
:10F12000FFFFFFFFFFFFFFFFFFFFFFFFFFFFFFFFEF
:10F13000FFFFFFFFFFFFFFFFFFFFFFFFFFFFFFFFDF
:10F14000FFFFFFFFFFFFFFFFFFFFFFFFFFFFFFFFCF
:10F15000FFFFFFFFFFFFFFFFFFFFFFFFFFFFFFFFBF
:10F16000FFFFFFFFFFFFFFFFFFFFFFFFFFFFFFFFAF
:10F17000FFFFFFFFFFFFFFFFFFFFFFFFFFFFFFFF9F
:10F18000FFFFFFFFFFFFFFFFFFFFFFFFFFFFFFFF8F
:10F19000FFFFFFFFFFFFFFFFFFFFFFFFFFFFFFFF7F
:10F1A000FFFFFFFFFFFFFFFFFFFFFFFFFFFFFFFF6F
:10F1B000FFFFFFFFFFFFFFFFFFFFFFFFFFFFFFFF5F
:10F1C000FFFFFFFFFFFFFFFFFFFFFFFFFFFFFFFF4F
:10F1D000FFFFFFFFFFFFFFFFFFFFFFFFFFFFFFFF3F
:10F1E000FFFFFFFFFFFFFFFFFFFFFFFFFFFFFFFF2F
:10F1F000FFFFFFFFFFFFFFFFFFFFFFFFFFFFFFFF1F
:10F20000FFFFFFFFFFFFFFFFFFFFFFFFFFFFFFFF0E
:10F21000FFFFFFFFFFFFFFFFFFFFFFFFFFFFFFFFFE
:10F22000FFFFFFFFFFFFFFFFFFFFFFFFFFFFFFFFEE
:10F23000FFFFFFFFFFFFFFFFFFFFFFFFFFFFFFFFDE
:10F24000FFFFFFFFFFFFFFFFFFFFFFFFFFFFFFFFCE
:10F25000FFFFFFFFFFFFFFFFFFFFFFFFFFFFFFFFBE
:10F26000FFFFFFFFFFFFFFFFFFFFFFFFFFFFFFFFAE
:10F27000FFFFFFFFFFFFFFFFFFFFFFFFFFFFFFFF9E
:10F28000FFFFFFFFFFFFFFFFFFFFFFFFFFFFFFFF8E
:10F29000FFFFFFFFFFFFFFFFFFFFFFFFFFFFFFFF7E
:10F2A000FFFFFFFFFFFFFFFFFFFFFFFFFFFFFFFF6E
:10F2B000FFFFFFFFFFFFFFFFFFFFFFFFFFFFFFFF5E
:10F2C000FFFFFFFFFFFFFFFFFFFFFFFFFFFFFFFF4E
:10F2D000FFFFFFFFFFFFFFFFFFFFFFFFFFFFFFFF3E
:10F2E000FFFFFFFFFFFFFFFFFFFFFFFFFFFFFFFF2E
:10F2F000FFFFFFFFFFFFFFFFFFFFFFFFFFFFFFFF1E
:10F30000FFFFFFFFFFFFFFFFFFFFFFFFFFFFFFFF0D
:10F31000FFFFFFFFFFFFFFFFFFFFFFFFFFFFFFFFFD
:10F32000FFFFFFFFFFFFFFFFFFFFFFFFFFFFFFFFED
:10F33000FFFFFFFFFFFFFFFFFFFFFFFFFFFFFFFFDD
:10F34000FFFFFFFFFFFFFFFFFFFFFFFFFFFFFFFFCD
:10F35000FFFFFFFFFFFFFFFFFFFFFFFFFFFFFFFFBD
:10F36000FFFFFFFFFFFFFFFFFFFFFFFFFFFFFFFFAD
:10F37000FFFFFFFFFFFFFFFFFFFFFFFFFFFFFFFF9D
:10F38000FFFFFFFFFFFFFFFFFFFFFFFFFFFFFFFF8D
:10F39000FFFFFFFFFFFFFFFFFFFFFFFFFFFFFFFF7D
:10F3A000FFFFFFFFFFFFFFFFFFFFFFFFFFFFFFFF6D
:10F3B000FFFFFFFFFFFFFFFFFFFFFFFFFFFFFFFF5D
:10F3C000FFFFFFFFFFFFFFFFFFFFFFFFFFFFFFFF4D
:10F3D000FFFFFFFFFFFFFFFFFFFFFFFFFFFFFFFF3D
:10F3E000FFFFFFFFFFFFFFFFFFFFFFFFFFFFFFFF2D
:10F3F000FFFFFFFFFFFFFFFFFFFFFFFFFFFFFFFF1D
:10F40000FFFFFFFFFFFFFFFFFFFFFFFFFFFFFFFF0C
:10F41000FFFFFFFFFFFFFFFFFFFFFFFFFFFFFFFFFC
:10F42000FFFFFFFFFFFFFFFFFFFFFFFFFFFFFFFFEC
:10F43000FFFFFFFFFFFFFFFFFFFFFFFFFFFFFFFFDC
:10F44000FFFFFFFFFFFFFFFFFFFFFFFFFFFFFFFFCC
:10F45000FFFFFFFFFFFFFFFFFFFFFFFFFFFFFFFFBC
:10F46000FFFFFFFFFFFFFFFFFFFFFFFFFFFFFFFFAC
:10F47000FFFFFFFFFFFFFFFFFFFFFFFFFFFFFFFF9C
:10F48000FFFFFFFFFFFFFFFFFFFFFFFFFFFFFFFF8C
:10F49000FFFFFFFFFFFFFFFFFFFFFFFFFFFFFFFF7C
:10F4A000FFFFFFFFFFFFFFFFFFFFFFFFFFFFFFFF6C
:10F4B000FFFFFFFFFFFFFFFFFFFFFFFFFFFFFFFF5C
:10F4C000FFFFFFFFFFFFFFFFFFFFFFFFFFFFFFFF4C
:10F4D000FFFFFFFFFFFFFFFFFFFFFFFFFFFFFFFF3C
:10F4E000FFFFFFFFFFFFFFFFFFFFFFFFFFFFFFFF2C
:10F4F000FFFFFFFFFFFFFFFFFFFFFFFFFFFFFFFF1C
:10F50000FFFFFFFFFFFFFFFFFFFFFFFFFFFFFFFF0B
:10F51000FFFFFFFFFFFFFFFFFFFFFFFFFFFFFFFFFB
:10F52000FFFFFFFFFFFFFFFFFFFFFFFFFFFFFFFFEB
:10F53000FFFFFFFFFFFFFFFFFFFFFFFFFFFFFFFFDB
:10F54000FFFFFFFFFFFFFFFFFFFFFFFFFFFFFFFFCB
:10F55000FFFFFFFFFFFFFFFFFFFFFFFFFFFFFFFFBB
:10F56000FFFFFFFFFFFFFFFFFFFFFFFFFFFFFFFFAB
:10F57000FFFFFFFFFFFFFFFFFFFFFFFFFFFFFFFF9B
:10F58000FFFFFFFFFFFFFFFFFFFFFFFFFFFFFFFF8B
:10F59000FFFFFFFFFFFFFFFFFFFFFFFFFFFFFFFF7B
:10F5A000FFFFFFFFFFFFFFFFFFFFFFFFFFFFFFFF6B
:10F5B000FFFFFFFFFFFFFFFFFFFFFFFFFFFFFFFF5B
:10F5C000FFFFFFFFFFFFFFFFFFFFFFFFFFFFFFFF4B
:10F5D000FFFFFFFFFFFFFFFFFFFFFFFFFFFFFFFF3B
:10F5E000FFFFFFFFFFFFFFFFFFFFFFFFFFFFFFFF2B
:10F5F000FFFFFFFFFFFFFFFFFFFFFFFFFFFFFFFF1B
:10F60000FFFFFFFFFFFFFFFFFFFFFFFFFFFFFFFF0A
:10F61000FFFFFFFFFFFFFFFFFFFFFFFFFFFFFFFFFA
:10F62000FFFFFFFFFFFFFFFFFFFFFFFFFFFFFFFFEA
:10F63000FFFFFFFFFFFFFFFFFFFFFFFFFFFFFFFFDA
:10F64000FFFFFFFFFFFFFFFFFFFFFFFFFFFFFFFFCA
:10F65000FFFFFFFFFFFFFFFFFFFFFFFFFFFFFFFFBA
:10F66000FFFFFFFFFFFFFFFFFFFFFFFFFFFFFFFFAA
:10F67000FFFFFFFFFFFFFFFFFFFFFFFFFFFFFFFF9A
:10F68000FFFFFFFFFFFFFFFFFFFFFFFFFFFFFFFF8A
:10F69000FFFFFFFFFFFFFFFFFFFFFFFFFFFFFFFF7A
:10F6A000FFFFFFFFFFFFFFFFFFFFFFFFFFFFFFFF6A
:10F6B000FFFFFFFFFFFFFFFFFFFFFFFFFFFFFFFF5A
:10F6C000FFFFFFFFFFFFFFFFFFFFFFFFFFFFFFFF4A
:10F6D000FFFFFFFFFFFFFFFFFFFFFFFFFFFFFFFF3A
:10F6E000FFFFFFFFFFFFFFFFFFFFFFFFFFFFFFFF2A
:10F6F000FFFFFFFFFFFFFFFFFFFFFFFFFFFFFFFF1A
:10F70000FFFFFFFFFFFFFFFFFFFFFFFFFFFFFFFF09
:10F71000FFFFFFFFFFFFFFFFFFFFFFFFFFFFFFFFF9
:10F72000FFFFFFFFFFFFFFFFFFFFFFFFFFFFFFFFE9
:10F73000FFFFFFFFFFFFFFFFFFFFFFFFFFFFFFFFD9
:10F74000FFFFFFFFFFFFFFFFFFFFFFFFFFFFFFFFC9
:10F75000FFFFFFFFFFFFFFFFFFFFFFFFFFFFFFFFB9
:10F76000FFFFFFFFFFFFFFFFFFFFFFFFFFFFFFFFA9
:10F77000FFFFFFFFFFFFFFFFFFFFFFFFFFFFFFFF99
:10F78000FFFFFFFFFFFFFFFFFFFFFFFFFFFFFFFF89
:10F79000FFFFFFFFFFFFFFFFFFFFFFFFFFFFFFFF79
:10F7A000FFFFFFFFFFFFFFFFFFFFFFFFFFFFFFFF69
:10F7B000FFFFFFFFFFFFFFFFFFFFFFFFFFFFFFFF59
:10F7C000FFFFFFFFFFFFFFFFFFFFFFFFFFFFFFFF49
:10F7D000FFFFFFFFFFFFFFFFFFFFFFFFFFFFFFFF39
:10F7E000FFFFFFFFFFFFFFFFFFFFFFFFFFFFFFFF29
:10F7F000FFFFFFFFFFFFFFFFFFFFFFFFFFFFFFFF19
:10F80000FFFFFFFFFFFFFFFFFFFFFFFFFFFFFFFF08
:10F81000FFFFFFFFFFFFFFFFFFFFFFFFFFFFFFFFF8
:10F82000FFFFFFFFFFFFFFFFFFFFFFFFFFFFFFFFE8
:10F83000FFFFFFFFFFFFFFFFFFFFFFFFFFFFFFFFD8
:10F84000FFFFFFFFFFFFFFFFFFFFFFFFFFFFFFFFC8
:10F85000FFFFFFFFFFFFFFFFFFFFFFFFFFFFFFFFB8
:10F86000FFFFFFFFFFFFFFFFFFFFFFFFFFFFFFFFA8
:10F87000FFFFFFFFFFFFFFFFFFFFFFFFFFFFFFFF98
:10F88000FFFFFFFFFFFFFFFFFFFFFFFFFFFFFFFF88
:10F89000FFFFFFFFFFFFFFFFFFFFFFFFFFFFFFFF78
:10F8A000FFFFFFFFFFFFFFFFFFFFFFFFFFFFFFFF68
:10F8B000FFFFFFFFFFFFFFFFFFFFFFFFFFFFFFFF58
:10F8C000FFFFFFFFFFFFFFFFFFFFFFFFFFFFFFFF48
:10F8D000FFFFFFFFFFFFFFFFFFFFFFFFFFFFFFFF38
:10F8E000FFFFFFFFFFFFFFFFFFFFFFFFFFFFFFFF28
:10F8F000FFFFFFFFFFFFFFFFFFFFFFFFFFFFFFFF18
:10F90000FFFFFFFFFFFFFFFFFFFFFFFFFFFFFFFF07
:10F91000FFFFFFFFFFFFFFFFFFFFFFFFFFFFFFFFF7
:10F92000FFFFFFFFFFFFFFFFFFFFFFFFFFFFFFFFE7
:10F93000FFFFFFFFFFFFFFFFFFFFFFFFFFFFFFFFD7
:10F94000FFFFFFFFFFFFFFFFFFFFFFFFFFFFFFFFC7
:10F95000FFFFFFFFFFFFFFFFFFFFFFFFFFFFFFFFB7
:10F96000FFFFFFFFFFFFFFFFFFFFFFFFFFFFFFFFA7
:10F97000FFFFFFFFFFFFFFFFFFFFFFFFFFFFFFFF97
:10F98000FFFFFFFFFFFFFFFFFFFFFFFFFFFFFFFF87
:10F99000FFFFFFFFFFFFFFFFFFFFFFFFFFFFFFFF77
:10F9A000FFFFFFFFFFFFFFFFFFFFFFFFFFFFFFFF67
:10F9B000FFFFFFFFFFFFFFFFFFFFFFFFFFFFFFFF57
:10F9C000FFFFFFFFFFFFFFFFFFFFFFFFFFFFFFFF47
:10F9D000FFFFFFFFFFFFFFFFFFFFFFFFFFFFFFFF37
:10F9E000FFFFFFFFFFFFFFFFFFFFFFFFFFFFFFFF27
:10F9F000FFFFFFFFFFFFFFFFFFFFFFFFFFFFFFFF17
:10FA0000FFFFFFFFFFFFFFFFFFFFFFFFFFFFFFFF06
:10FA1000FFFFFFFFFFFFFFFFFFFFFFFFFFFFFFFFF6
:10FA2000FFFFFFFFFFFFFFFFFFFFFFFFFFFFFFFFE6
:10FA3000FFFFFFFFFFFFFFFFFFFFFFFFFFFFFFFFD6
:10FA4000FFFFFFFFFFFFFFFFFFFFFFFFFFFFFFFFC6
:10FA5000FFFFFFFFFFFFFFFFFFFFFFFFFFFFFFFFB6
:10FA6000FFFFFFFFFFFFFFFFFFFFFFFFFFFFFFFFA6
:10FA7000FFFFFFFFFFFFFFFFFFFFFFFFFFFFFFFF96
:10FA8000FFFFFFFFFFFFFFFFFFFFFFFFFFFFFFFF86
:10FA9000FFFFFFFFFFFFFFFFFFFFFFFFFFFFFFFF76
:10FAA000FFFFFFFFFFFFFFFFFFFFFFFFFFFFFFFF66
:10FAB000FFFFFFFFFFFFFFFFFFFFFFFFFFFFFFFF56
:10FAC000FFFFFFFFFFFFFFFFFFFFFFFFFFFFFFFF46
:10FAD000FFFFFFFFFFFFFFFFFFFFFFFFFFFFFFFF36
:10FAE000FFFFFFFFFFFFFFFFFFFFFFFFFFFFFFFF26
:10FAF000FFFFFFFFFFFFFFFFFFFFFFFFFFFFFFFF16
:10FB0000FFFFFFFFFFFFFFFFFFFFFFFFFFFFFFFF05
:10FB1000FFFFFFFFFFFFFFFFFFFFFFFFFFFFFFFFF5
:10FB2000FFFFFFFFFFFFFFFFFFFFFFFFFFFFFFFFE5
:10FB3000FFFFFFFFFFFFFFFFFFFFFFFFFFFFFFFFD5
:10FB4000FFFFFFFFFFFFFFFFFFFFFFFFFFFFFFFFC5
:10FB5000FFFFFFFFFFFFFFFFFFFFFFFFFFFFFFFFB5
:10FB6000FFFFFFFFFFFFFFFFFFFFFFFFFFFFFFFFA5
:10FB7000FFFFFFFFFFFFFFFFFFFFFFFFFFFFFFFF95
:10FB8000FFFFFFFFFFFFFFFFFFFFFFFFFFFFFFFF85
:10FB9000FFFFFFFFFFFFFFFFFFFFFFFFFFFFFFFF75
:10FBA000FFFFFFFFFFFFFFFFFFFFFFFFFFFFFFFF65
:10FBB000FFFFFFFFFFFFFFFFFFFFFFFFFFFFFFFF55
:10FBC000FFFFFFFFFFFFFFFFFFFFFFFFFFFFFFFF45
:10FBD000FFFFFFFFFFFFFFFFFFFFFFFFFFFFFFFF35
:10FBE000FFFFFFFFFFFFFFFFFFFFFFFFFFFFFFFF25
:10FBF000FFFFFFFFFFFFFFFFFFFFFFFFFFFFFFFF15
:10FC0000FFFFFFFFFFFFFFFFFFFFFFFFFFFFFFFF04
:10FC1000FFFFFFFFFFFFFFFFFFFFFFFFFFFFFFFFF4
:10FC2000FFFFFFFFFFFFFFFFFFFFFFFFFFFFFFFFE4
:10FC3000FFFFFFFFFFFFFFFFFFFFFFFFFFFFFFFFD4
:10FC4000FFFFFFFFFFFFFFFFFFFFFFFFFFFFFFFFC4
:10FC5000FFFFFFFFFFFFFFFFFFFFFFFFFFFFFFFFB4
:10FC6000FFFFFFFFFFFFFFFFFFFFFFFFFFFFFFFFA4
:10FC7000FFFFFFFFFFFFFFFFFFFFFFFFFFFFFFFF94
:10FC8000FFFFFFFFFFFFFFFFFFFFFFFFFFFFFFFF84
:10FC9000FFFFFFFFFFFFFFFFFFFFFFFFFFFFFFFF74
:10FCA000FFFFFFFFFFFFFFFFFFFFFFFFFFFFFFFF64
:10FCB000FFFFFFFFFFFFFFFFFFFFFFFFFFFFFFFF54
:10FCC000FFFFFFFFFFFFFFFFFFFFFFFFFFFFFFFF44
:10FCD000FFFFFFFFFFFFFFFFFFFFFFFFFFFFFFFF34
:10FCE000FFFFFFFFFFFFFFFFFFFFFFFFFFFFFFFF24
:10FCF000FFFFFFFFFFFFFFFFFFFFFFFFFFFFFFFF14
:10FD0000FFFFFFFFFFFFFFFFFFFFFFFFFFFFFFFF03
:10FD1000FFFFFFFFFFFFFFFFFFFFFFFFFFFFFFFFF3
:10FD2000FFFFFFFFFFFFFFFFFFFFFFFFFFFFFFFFE3
:10FD3000FFFFFFFFFFFFFFFFFFFFFFFFFFFFFFFFD3
:10FD4000FFFFFFFFFFFFFFFFFFFFFFFFFFFFFFFFC3
:10FD5000FFFFFFFFFFFFFFFFFFFFFFFFFFFFFFFFB3
:10FD6000FFFFFFFFFFFFFFFFFFFFFFFFFFFFFFFFA3
:10FD7000FFFFFFFFFFFFFFFFFFFFFFFFFFFFFFFF93
:10FD8000FFFFFFFFFFFFFFFFFFFFFFFFFFFFFFFF83
:10FD9000FFFFFFFFFFFFFFFFFFFFFFFFFFFFFFFF73
:10FDA000FFFFFFFFFFFFFFFFFFFFFFFFFFFFFFFF63
:10FDB000FFFFFFFFFFFFFFFFFFFFFFFFFFFFFFFF53
:10FDC000FFFFFFFFFFFFFFFFFFFFFFFFFFFFFFFF43
:10FDD000FFFFFFFFFFFFFFFFFFFFFFFFFFFFFFFF33
:10FDE000FFFFFFFFFFFFFFFFFFFFFFFFFFFFFFFF23
:10FDF000FFFFFFFFFFFFFFFFFFFFFFFFFFFFFFFF13
:10FE0000FFFFFFFFFFFFFFFFFFFFFFFFFFFFFFFF02
:10FE1000FFFFFFFFFFFFFFFFFFFFFFFFFFFFFFFFF2
:10FE2000FFFFFFFFFFFFFFFFFFFFFFFFFFFFFFFFE2
:10FE3000FFFFFFFFFFFFFFFFFFFFFFFFFFFFFFFFD2
:10FE4000FFFFFFFFFFFFFFFFFFFFFFFFFFFFFFFFC2
:10FE5000FFFFFFFFFFFFFFFFFFFFFFFFFFFFFFFFB2
:10FE6000FFFFFFFFFFFFFFFFFFFFFFFFFFFFFFFFA2
:10FE7000FFFFFFFFFFFFFFFFFFFFFFFFFFFFFFFF92
:10FE8000FFFFFFFFFFFFFFFFFFFFFFFFFFFFFFFF82
:10FE9000FFFFFFFFFFFFFFFFFFFFFFFFFFFFFFFF72
:10FEA000FFFFFFFFFFFFFFFFFFFFFFFFFFFFFFFF62
:10FEB000FFFFFFFFFFFFFFFFFFFFFFFFFFFFFFFF52
:10FEC000FFFFFFFFFFFFFFFFFFFFFFFFFFFFFFFF42
:10FED000FFFFFFFFFFFFFFFFFFFFFFFFFFFFFFFF32
:10FEE000FFFFFFFFFFFFFFFFFFFFFFFFFFFFFFFF22
:10FEF000FFFFFFFFFFFFFFFFFFFFFFFFFFFFFFFF12
:10FF0000FFFFFFFFFFFFFFFFFFFFFFFFFFFFFFFF01
:10FF1000FFFFFFFFFFFFFFFFFFFFFFFFFFFFFFFFF1
:10FF2000FFFFFFFFFFFFFFFFFFFFFFFFFFFFFFFFE1
:10FF3000FFFFFFFFFFFFFFFFFFFFFFFFFFFFFFFFD1
:10FF4000FFFFFFFFFFFFFFFFFFFFFFFFFFFFFFFFC1
:10FF5000FFFFFFFFFFFFFFFFFFFFFFFFFFFFFFFFB1
:10FF6000FFFFFFFFFFFFFFFFFFFFFFFFFFFFFFFFA1
:10FF7000FFFFFFFFFFFFFFFFFFFFFFFFFFFFFFFF91
:10FF8000FFFFFFFFFFFFFFFFFFFFFFFFFFFFFFFF81
:10FF9000FFFFFFFFFFFFFFFFFFFFFFFFFFFFFFFF71
:10FFA000FFFFFFFFFFFFFFFFFFFFFFFFFFFFFFFF61
:10FFB000FFFFFFFFFFFFFFFFFFFFFFFFFFFFFFFF51
:10FFC000FFFFFFFFFFFFFFFFFFFFFFFFFFFFFFFF41
:10FFD000FFFFFFFFFFFFFFFFFFFFFFFFFFFFFFFF31
:10FFE000FFFFFFFFFFFFFFFFFFFFFFFFFFFFFFFF21
:10FFF000FFFFFFFFFFFFFFFFFFFFFFFFFFFFFFFF11
:0400000508020000ED
:00000001FF
