name,type,start_time,duration,"data","error"
"Async TX","data",0.085491,0.000082,"\0","framing"
"Async TX","data",0.8369995,0.000082,"d",
"Async TX","data",0.837086,0.000082,"i",
"Async TX","data",0.837173,0.000082,"m",
"Async TX","data",0.8372595,0.000082,"s",
"Async TX","data",0.8373465,0.000082,"=",
"Async TX","data",0.837433,0.000082,"2",
"Async TX","data",0.83752,0.000082,"5",
"Async TX","data",0.8376065,0.000082,"ÿ",
"Async TX","data",0.8376935,0.000082,"ÿ",
"Async TX","data",0.8377805,0.000082,"ÿ",
"Async TX","data",0.939957,0.000082,"p",
"Async TX","data",0.9400435,0.000082,"a",
"Async TX","data",0.9401305,0.000082,"g",
"Async TX","data",0.940217,0.000082,"e",
"Async TX","data",0.940304,0.000082," ",
"Async TX","data",0.9403905,0.000082,"0",
"Async TX","data",0.9404775,0.000082,"ÿ",
"Async TX","data",0.940564,0.000082,"ÿ",
"Async TX","data",0.940651,0.000082,"ÿ",
"Async TX","data",1.042914,0.000082,"t",
"Async TX","data",1.0430005,0.000082,"7",
"Async TX","data",1.0430875,0.000082,".",
"Async TX","data",1.043174,0.000082,"t",
"Async TX","data",1.043261,0.000082,"x",
"Async TX","data",1.0433475,0.000082,"t",
"Async TX","data",1.0434345,0.000082,"=",
"Async TX","data",1.043521,0.000082,"""",
"Async TX","data",1.043608,0.000082,"V",
"Async TX","data",1.0436945,0.000082,"2",
"Async TX","data",1.0437815,0.000082,".",
"Async TX","data",1.043868,0.000082,"0",
"Async TX","data",1.043955,0.000082,"2",
"Async TX","data",1.0440415,0.000082,"""",
"Async TX","data",1.0441285,0.000082,"ÿ",
"Async TX","data",1.044215,0.000082,"ÿ",
"Async TX","data",1.044302,0.000082,"ÿ",
"Async TX","data",1.0545825,0.000082,"t",
"Async TX","data",1.054669,0.000082,"8",
"Async TX","data",1.054756,0.000082,".",
"Async TX","data",1.0548425,0.000082,"t",
"Async TX","data",1.0549295,0.000082,"x",
"Async TX","data",1.055016,0.000082,"t",
"Async TX","data",1.055103,0.000082,"=",
"Async TX","data",1.0551895,0.000082,"""",
"Async TX","data",1.0552765,0.000082,"F",
"Async TX","data",1.055363,0.000082,"1",
"Async TX","data",1.05545,0.000082,".",
"Async TX","data",1.0555365,0.000082,"0",
"Async TX","data",1.0556235,0.000082,"5",
"Async TX","data",1.05571,0.000082,"""",
"Async TX","data",1.055797,0.000082,"ÿ",
"Async TX","data",1.055884,0.000082,"ÿ",
"Async TX","data",1.0559705,0.000082,"ÿ",
"Async TX","data",1.066243,0.000082,"t",
"Async TX","data",1.06633,0.000082,"1",
"Async TX","data",1.0664165,0.000082,".",
"Async TX","data",1.0665035,0.000082,"t",
"Async TX","data",1.06659,0.000082,"x",
"Async TX","data",1.066677,0.000082,"t",
"Async TX","data",1.0667635,0.000082,"=",
"Async TX","data",1.0668505,0.000082,"""",
"Async TX","data",1.0669375,0.000082,"S",
"Async TX","data",1.067024,0.000082,"""",
"Async TX","data",1.067111,0.000082,"ÿ",
"Async TX","data",1.0671975,0.000082,"ÿ",
"Async TX","data",1.0672845,0.000082,"ÿ",
"Async TX","data",1.0775565,0.000082,"t",
"Async TX","data",1.077643,0.000082,"2",
"Async TX","data",1.07773,0.000082,".",
"Async TX","data",1.0778165,0.000082,"t",
"Async TX","data",1.0779035,0.000082,"x",
"Async TX","data",1.07799,0.000082,"t",
"Async TX","data",1.078077,0.000082,"=",
"Async TX","data",1.0781635,0.000082,"""",
"Async TX","data",1.0782505,0.000082,"W",
"Async TX","data",1.078337,0.000082,"""",
"Async TX","data",1.078424,0.000082,"ÿ",
"Async TX","data",1.0785105,0.000082,"ÿ",
"Async TX","data",1.0785975,0.000082,"ÿ",
"Async TX","data",1.088874,0.000082,"t",
"Async TX","data",1.088961,0.000082,"3",
"Async TX","data",1.0890475,0.000082,".",
"Async TX","data",1.0891345,0.000082,"t",
"Async TX","data",1.0892215,0.000082,"x",
"Async TX","data",1.089308,0.000082,"t",
"Async TX","data",1.089395,0.000082,"=",
"Async TX","data",1.0894815,0.000082,"""",
"Async TX","data",1.0895685,0.000082,"R",
"Async TX","data",1.0896555,0.000082,"""",
"Async TX","data",1.089742,0.000082,"ÿ",
"Async TX","data",1.089829,0.000082,"ÿ",
"Async TX","data",1.089916,0.000082,"ÿ",
"Async TX","data",1.100192,0.000082,"t",
"Async TX","data",1.100279,0.000082,"4",
"Async TX","data",1.1003655,0.000082,".",
"Async TX","data",1.1004525,0.000082,"t",
"Async TX","data",1.1005395,0.000082,"x",
"Async TX","data",1.100626,0.000082,"t",
"Async TX","data",1.100713,0.000082,"=",
"Async TX","data",1.1007995,0.000082,"""",
"Async TX","data",1.1008865,0.000082,"5",
"Async TX","data",1.1009735,0.000082,"""",
"Async TX","data",1.10106,0.000082,"ÿ",
"Async TX","data",1.101147,0.000082,"ÿ",
"Async TX","data",1.1012335,0.000082,"ÿ",
"Async TX","data",1.111517,0.000082,"t",
"Async TX","data",1.1116035,0.000082,"5",
"Async TX","data",1.1116905,0.000082,".",
"Async TX","data",1.111777,0.000082,"t",
"Async TX","data",1.111864,0.000082,"x",
"Async TX","data",1.1119505,0.000082,"t",
"Async TX","data",1.1120375,0.000082,"=",
"Async TX","data",1.112124,0.000082,"""",
"Async TX","data",1.112211,0.000082,"0",
"Async TX","data",1.1122975,0.000082,"""",
"Async TX","data",1.1123845,0.000082,"ÿ",
"Async TX","data",1.1124715,0.000082,"ÿ",
"Async TX","data",1.112558,0.000082,"ÿ",
"Async TX","data",1.1228315,0.000082,"t",
"Async TX","data",1.1229185,0.000082,"6",
"Async TX","data",1.123005,0.000082,".",
"Async TX","data",1.123092,0.000082,"t",
"Async TX","data",1.1231785,0.000082,"x",
"Async TX","data",1.1232655,0.000082,"t",
"Async TX","data",1.123352,0.000082,"=",
"Async TX","data",1.123439,0.000082,"""",
"Async TX","data",1.1235255,0.000082,"8",
"Async TX","data",1.1236125,0.000082,"""",
"Async TX","data",1.123699,0.000082,"ÿ",
"Async TX","data",1.1237855,0.000082,"ÿ",
"Async TX","data",1.1238725,0.000082,"ÿ",
"Async TX","data",1.154692,0.000082,"j",
"Async TX","data",1.154779,0.000082,"0",
"Async TX","data",1.1548655,0.000082,".",
"Async TX","data",1.1549525,0.000082,"v",
"Async TX","data",1.155039,0.000082,"a",
"Async TX","data",1.155126,0.000082,"l",
"Async TX","data",1.155213,0.000082,"=",
"Async TX","data",1.1552995,0.000082,"1",
"Async TX","data",1.1553865,0.000082,"ÿ",
"Async TX","data",1.155473,0.000082,"ÿ",
"Async TX","data",1.15556,0.000082,"ÿ",
"Async TX","data",1.1556465,0.000082,"t",
"Async TX","data",1.1557335,0.000082,"0",
"Async TX","data",1.15582,0.000082,".",
"Async TX","data",1.155907,0.000082,"t",
"Async TX","data",1.1559935,0.000082,"x",
"Async TX","data",1.1560805,0.000082,"t",
"Async TX","data",1.156167,0.000082,"=",
"Async TX","data",1.156254,0.000082,"""",
"Async TX","data",1.1563405,0.000082,"1",
"Async TX","data",1.1564275,0.000082,"%",
"Async TX","data",1.156514,0.000082,"""",
"Async TX","data",1.156601,0.000082,"ÿ",
"Async TX","data",1.1566875,0.000082,"ÿ",
"Async TX","data",1.1567745,0.000082,"ÿ",
"Async TX","data",1.177267,0.000082,"j",
"Async TX","data",1.1773535,0.000082,"0",
"Async TX","data",1.1774405,0.000082,".",
"Async TX","data",1.177527,0.000082,"v",
"Async TX","data",1.177614,0.000082,"a",
"Async TX","data",1.177701,0.000082,"l",
"Async TX","data",1.1777875,0.000082,"=",
"Async TX","data",1.1778745,0.000082,"2",
"Async TX","data",1.177961,0.000082,"ÿ",
"Async TX","data",1.178048,0.000082,"ÿ",
"Async TX","data",1.178135,0.000082,"ÿ",
"Async TX","data",1.1782215,0.000082,"t",
"Async TX","data",1.1783085,0.000082,"0",
"Async TX","data",1.178395,0.000082,".",
"Async TX","data",1.178482,0.000082,"t",
"Async TX","data",1.178569,0.000082,"x",
"Async TX","data",1.1786555,0.000082,"t",
"Async TX","data",1.1787425,0.000082,"=",
"Async TX","data",1.178829,0.000082,"""",
"Async TX","data",1.178916,0.000082,"2",
"Async TX","data",1.1790025,0.000082,"%",
"Async TX","data",1.1790895,0.000082,"""",
"Async TX","data",1.179176,0.000082,"ÿ",
"Async TX","data",1.179263,0.000082,"ÿ",
"Async TX","data",1.1793495,0.000082,"ÿ",
"Async TX","data",1.199839,0.000082,"j",
"Async TX","data",1.1999255,0.000082,"0",
"Async TX","data",1.2000125,0.000082,".",
"Async TX","data",1.200099,0.000082,"v",
"Async TX","data",1.200186,0.000082,"a",
"Async TX","data",1.2002725,0.000082,"l",
"Async TX","data",1.2003595,0.000082,"=",
"Async TX","data",1.200446,0.000082,"3",
"Async TX","data",1.200533,0.000082,"ÿ",
"Async TX","data",1.2006195,0.000082,"ÿ",
"Async TX","data",1.2007065,0.000082,"ÿ",
"Async TX","data",1.200793,0.000082,"t",
"Async TX","data",1.20088,0.000082,"0",
"Async TX","data",1.2009665,0.000082,".",
"Async TX","data",1.201053,0.000082,"t",
"Async TX","data",1.20114,0.000082,"x",
"Async TX","data",1.2012265,0.000082,"t",
"Async TX","data",1.2013135,0.000082,"=",
"Async TX","data",1.2014,0.000082,"""",
"Async TX","data",1.201487,0.000082,"3",
"Async TX","data",1.2015735,0.000082,"%",
"Async TX","data",1.20166,0.000082,"""",
"Async TX","data",1.201747,0.000082,"ÿ",
"Async TX","data",1.2018335,0.000082,"ÿ",
"Async TX","data",1.2019205,0.000082,"ÿ",
"Async TX","data",1.2224145,0.000082,"j",
"Async TX","data",1.2225015,0.000082,"0",
"Async TX","data",1.2225885,0.000082,".",
"Async TX","data",1.222675,0.000082,"v",
"Async TX","data",1.222762,0.000082,"a",
"Async TX","data",1.2228485,0.000082,"l",
"Async TX","data",1.2229355,0.000082,"=",
"Async TX","data",1.223022,0.000082,"4",
"Async TX","data",1.223109,0.000082,"ÿ",
"Async TX","data",1.2231955,0.000082,"ÿ",
"Async TX","data",1.2232825,0.000082,"ÿ",
"Async TX","data",1.2233695,0.000082,"t",
"Async TX","data",1.223456,0.000082,"0",
"Async TX","data",1.223543,0.000082,".",
"Async TX","data",1.2236295,0.000082,"t",
"Async TX","data",1.2237165,0.000082,"x",
"Async TX","data",1.223803,0.000082,"t",
"Async TX","data",1.22389,0.000082,"=",
"Async TX","data",1.2239765,0.000082,"""",
"Async TX","data",1.2240635,0.000082,"4",
"Async TX","data",1.2241505,0.000082,"%",
"Async TX","data",1.224237,0.000082,"""",
"Async TX","data",1.224324,0.000082,"ÿ",
"Async TX","data",1.2244105,0.000082,"ÿ",
"Async TX","data",1.224497,0.000082,"ÿ",
"Async TX","data",1.2449905,0.000082,"j",
"Async TX","data",1.2450775,0.000082,"0",
"Async TX","data",1.245164,0.000082,".",
"Async TX","data",1.245251,0.000082,"v",
"Async TX","data",1.245338,0.000082,"a",
"Async TX","data",1.2454245,0.000082,"l",
"Async TX","data",1.2455115,0.000082,"=",
"Async TX","data",1.245598,0.000082,"5",
"Async TX","data",1.245685,0.000082,"ÿ",
"Async TX","data",1.2457715,0.000082,"ÿ",
"Async TX","data",1.2458585,0.000082,"ÿ",
"Async TX","data",1.245945,0.000082,"t",
"Async TX","data",1.246032,0.000082,"0",
"Async TX","data",1.2461185,0.000082,".",
"Async TX","data",1.2462055,0.000082,"t",
"Async TX","data",1.246292,0.000082,"x",
"Async TX","data",1.246379,0.000082,"t",
"Async TX","data",1.246466,0.000082,"=",
"Async TX","data",1.2465525,0.000082,"""",
"Async TX","data",1.2466395,0.000082,"5",
"Async TX","data",1.246726,0.000082,"%",
"Async TX","data",1.246813,0.000082,"""",
"Async TX","data",1.2469,0.000082,"ÿ",
"Async TX","data",1.2469865,0.000082,"ÿ",
"Async TX","data",1.2470735,0.000082,"ÿ",
"Async TX","data",1.2675695,0.000082,"j",
"Async TX","data",1.267656,0.000082,"0",
"Async TX","data",1.267743,0.000082,".",
"Async TX","data",1.26783,0.000082,"v",
"Async TX","data",1.2679165,0.000082,"a",
"Async TX","data",1.2680035,0.000082,"l",
"Async TX","data",1.26809,0.000082,"=",
"Async TX","data",1.268177,0.000082,"6",
"Async TX","data",1.2682635,0.000082,"ÿ",
"Async TX","data",1.2683505,0.000082,"ÿ",
"Async TX","data",1.268437,0.000082,"ÿ",
"Async TX","data",1.268524,0.000082,"t",
"Async TX","data",1.268611,0.000082,"0",
"Async TX","data",1.2686975,0.000082,".",
"Async TX","data",1.2687845,0.000082,"t",
"Async TX","data",1.268871,0.000082,"x",
"Async TX","data",1.268958,0.000082,"t",
"Async TX","data",1.2690445,0.000082,"=",
"Async TX","data",1.2691315,0.000082,"""",
"Async TX","data",1.269218,0.000082,"6",
"Async TX","data",1.269305,0.000082,"%",
"Async TX","data",1.2693915,0.000082,"""",
"Async TX","data",1.2694785,0.000082,"ÿ",
"Async TX","data",1.269565,0.000082,"ÿ",
"Async TX","data",1.269652,0.000082,"ÿ",
"Async TX","data",1.2901435,0.000082,"j",
"Async TX","data",1.2902305,0.000082,"0",
"Async TX","data",1.290317,0.000082,".",
"Async TX","data",1.290404,0.000082,"v",
"Async TX","data",1.290491,0.000082,"a",
"Async TX","data",1.2905775,0.000082,"l",
"Async TX","data",1.2906645,0.000082,"=",
"Async TX","data",1.290751,0.000082,"7",
"Async TX","data",1.290838,0.000082,"ÿ",
"Async TX","data",1.2909245,0.000082,"ÿ",
"Async TX","data",1.2910115,0.000082,"ÿ",
"Async TX","data",1.291098,0.000082,"t",
"Async TX","data",1.291185,0.000082,"0",
"Async TX","data",1.291272,0.000082,".",
"Async TX","data",1.2913585,0.000082,"t",
"Async TX","data",1.2914455,0.000082,"x",
"Async TX","data",1.291532,0.000082,"t",
"Async TX","data",1.291619,0.000082,"=",
"Async TX","data",1.2917055,0.000082,"""",
"Async TX","data",1.2917925,0.000082,"7",
"Async TX","data",1.291879,0.000082,"%",
"Async TX","data",1.291966,0.000082,"""",
"Async TX","data",1.2920525,0.000082,"ÿ",
"Async TX","data",1.2921395,0.000082,"ÿ",
"Async TX","data",1.292226,0.000082,"ÿ",
"Async TX","data",1.31272,0.000082,"j",
"Async TX","data",1.312807,0.000082,"0",
"Async TX","data",1.3128935,0.000082,".",
"Async TX","data",1.3129805,0.000082,"v",
"Async TX","data",1.3130675,0.000082,"a",
"Async TX","data",1.313154,0.000082,"l",
"Async TX","data",1.313241,0.000082,"=",
"Async TX","data",1.3133275,0.000082,"8",
"Async TX","data",1.3134145,0.000082,"ÿ",
"Async TX","data",1.3135015,0.000082,"ÿ",
"Async TX","data",1.313588,0.000082,"ÿ",
"Async TX","data",1.313675,0.000082,"t",
"Async TX","data",1.3137615,0.000082,"0",
"Async TX","data",1.3138485,0.000082,".",
"Async TX","data",1.3139355,0.000082,"t",
"Async TX","data",1.314022,0.000082,"x",
"Async TX","data",1.314109,0.000082,"t",
"Async TX","data",1.3141955,0.000082,"=",
"Async TX","data",1.3142825,0.000082,"""",
"Async TX","data",1.314369,0.000082,"8",
"Async TX","data",1.314456,0.000082,"%",
"Async TX","data",1.3145425,0.000082,"""",
"Async TX","data",1.3146295,0.000082,"ÿ",
"Async TX","data",1.314716,0.000082,"ÿ",
"Async TX","data",1.314803,0.000082,"ÿ",
"Async TX","data",1.335294,0.000082,"j",
"Async TX","data",1.3353805,0.000082,"0",
"Async TX","data",1.335467,0.000082,".",
"Async TX","data",1.335554,0.000082,"v",
"Async TX","data",1.3356405,0.000082,"a",
"Async TX","data",1.3357275,0.000082,"l",
"Async TX","data",1.335814,0.000082,"=",
"Async TX","data",1.335901,0.000082,"9",
"Async TX","data",1.3359875,0.000082,"ÿ",
"Async TX","data",1.3360745,0.000082,"ÿ",
"Async TX","data",1.336161,0.000082,"ÿ",
"Async TX","data",1.336248,0.000082,"t",
"Async TX","data",1.3363345,0.000082,"0",
"Async TX","data",1.3364215,0.000082,".",
"Async TX","data",1.336508,0.000082,"t",
"Async TX","data",1.336595,0.000082,"x",
"Async TX","data",1.3366815,0.000082,"t",
"Async TX","data",1.336768,0.000082,"=",
"Async TX","data",1.336855,0.000082,"""",
"Async TX","data",1.3369415,0.000082,"9",
"Async TX","data",1.3370285,0.000082,"%",
"Async TX","data",1.337115,0.000082,"""",
"Async TX","data",1.337202,0.000082,"ÿ",
"Async TX","data",1.3372885,0.000082,"ÿ",
"Async TX","data",1.3373755,0.000082,"ÿ",
"Async TX","data",1.3578865,0.000082,"j",
"Async TX","data",1.3579735,0.000082,"0",
"Async TX","data",1.35806,0.000082,".",
"Async TX","data",1.358147,0.000082,"v",
"Async TX","data",1.358234,0.000082,"a",
"Async TX","data",1.3583205,0.000082,"l",
"Async TX","data",1.3584075,0.000082,"=",
"Async TX","data",1.358494,0.000082,"1",
"Async TX","data",1.358581,0.000082,"0",
"Async TX","data",1.3586675,0.000082,"ÿ",
"Async TX","data",1.3587545,0.000082,"ÿ",
"Async TX","data",1.358841,0.000082,"ÿ",
"Async TX","data",1.3589365,0.000082,"t",
"Async TX","data",1.3590235,0.000082,"0",
"Async TX","data",1.35911,0.000082,".",
"Async TX","data",1.3591965,0.000082,"t",
"Async TX","data",1.3592835,0.000082,"x",
"Async TX","data",1.35937,0.000082,"t",
"Async TX","data",1.359457,0.000082,"=",
"Async TX","data",1.3595435,0.000082,"""",
"Async TX","data",1.3596305,0.000082,"1",
"Async TX","data",1.359717,0.000082,"0",
"Async TX","data",1.359804,0.000082,"%",
"Async TX","data",1.3598905,0.000082,"""",
"Async TX","data",1.3599775,0.000082,"ÿ",
"Async TX","data",1.3600645,0.000082,"ÿ",
"Async TX","data",1.360151,0.000082,"ÿ",
"Async TX","data",1.3806615,0.000082,"j",
"Async TX","data",1.3807485,0.000082,"0",
"Async TX","data",1.3808355,0.000082,".",
"Async TX","data",1.380922,0.000082,"v",
"Async TX","data",1.381009,0.000082,"a",
"Async TX","data",1.3810955,0.000082,"l",
"Async TX","data",1.3811825,0.000082,"=",
"Async TX","data",1.3812695,0.000082,"1",
"Async TX","data",1.381356,0.000082,"1",
"Async TX","data",1.381443,0.000082,"ÿ",
"Async TX","data",1.3815295,0.000082,"ÿ",
"Async TX","data",1.3816165,0.000082,"ÿ",
"Async TX","data",1.381712,0.000082,"t",
"Async TX","data",1.3817985,0.000082,"0",
"Async TX","data",1.3818855,0.000082,".",
"Async TX","data",1.381972,0.000082,"t",
"Async TX","data",1.3820585,0.000082,"x",
"Async TX","data",1.3821455,0.000082,"t",
"Async TX","data",1.382232,0.000082,"=",
"Async TX","data",1.382319,0.000082,"""",
"Async TX","data",1.3824055,0.000082,"1",
"Async TX","data",1.3824925,0.000082,"1",
"Async TX","data",1.382579,0.000082,"%",
"Async TX","data",1.382666,0.000082,"""",
"Async TX","data",1.3827525,0.000082,"ÿ",
"Async TX","data",1.3828395,0.000082,"ÿ",
"Async TX","data",1.382926,0.000082,"ÿ",
"Async TX","data",1.4034285,0.000082,"j",
"Async TX","data",1.4035155,0.000082,"0",
"Async TX","data",1.403602,0.000082,".",
"Async TX","data",1.403689,0.000082,"v",
"Async TX","data",1.4037755,0.000082,"a",
"Async TX","data",1.4038625,0.000082,"l",
"Async TX","data",1.4039495,0.000082,"=",
"Async TX","data",1.404036,0.000082,"1",
"Async TX","data",1.404123,0.000082,"2",
"Async TX","data",1.4042095,0.000082,"ÿ",
"Async TX","data",1.4042965,0.000082,"ÿ",
"Async TX","data",1.404383,0.000082,"ÿ",
"Async TX","data",1.4044785,0.000082,"t",
"Async TX","data",1.404565,0.000082,"0",
"Async TX","data",1.404652,0.000082,".",
"Async TX","data",1.4047385,0.000082,"t",
"Async TX","data",1.4048255,0.000082,"x",
"Async TX","data",1.404912,0.000082,"t",
"Async TX","data",1.404999,0.000082,"=",
"Async TX","data",1.405086,0.000082,"""",
"Async TX","data",1.4051725,0.000082,"1",
"Async TX","data",1.4052595,0.000082,"2",
"Async TX","data",1.405346,0.000082,"%",
"Async TX","data",1.405433,0.000082,"""",
"Async TX","data",1.4055195,0.000082,"ÿ",
"Async TX","data",1.4056065,0.000082,"ÿ",
"Async TX","data",1.405693,0.000082,"ÿ",
"Async TX","data",1.4261975,0.000082,"j",
"Async TX","data",1.4262845,0.000082,"0",
"Async TX","data",1.426371,0.000082,".",
"Async TX","data",1.426458,0.000082,"v",
"Async TX","data",1.4265445,0.000082,"a",
"Async TX","data",1.4266315,0.000082,"l",
"Async TX","data",1.426718,0.000082,"=",
"Async TX","data",1.426805,0.000082,"1",
"Async TX","data",1.4268915,0.000082,"3",
"Async TX","data",1.4269785,0.000082,"ÿ",
"Async TX","data",1.427065,0.000082,"ÿ",
"Async TX","data",1.427152,0.000082,"ÿ",
"Async TX","data",1.4272475,0.000082,"t",
"Async TX","data",1.427334,0.000082,"0",
"Async TX","data",1.427421,0.000082,".",
"Async TX","data",1.4275075,0.000082,"t",
"Async TX","data",1.4275945,0.000082,"x",
"Async TX","data",1.427681,0.000082,"t",
"Async TX","data",1.427768,0.000082,"=",
"Async TX","data",1.4278545,0.000082,"""",
"Async TX","data",1.4279415,0.000082,"1",
"Async TX","data",1.428028,0.000082,"3",
"Async TX","data",1.428115,0.000082,"%",
"Async TX","data",1.428202,0.000082,"""",
"Async TX","data",1.4282885,0.000082,"ÿ",
"Async TX","data",1.4283755,0.000082,"ÿ",
"Async TX","data",1.428462,0.000082,"ÿ",
"Async TX","data",1.448965,0.000082,"j",
"Async TX","data",1.449052,0.000082,"0",
"Async TX","data",1.4491385,0.000082,".",
"Async TX","data",1.4492255,0.000082,"v",
"Async TX","data",1.449312,0.000082,"a",
"Async TX","data",1.449399,0.000082,"l",
"Async TX","data",1.449486,0.000082,"=",
"Async TX","data",1.4495725,0.000082,"1",
"Async TX","data",1.4496595,0.000082,"4",
"Async TX","data",1.449746,0.000082,"ÿ",
"Async TX","data",1.449833,0.000082,"ÿ",
"Async TX","data",1.4499195,0.000082,"ÿ",
"Async TX","data",1.450015,0.000082,"t",
"Async TX","data",1.450102,0.000082,"0",
"Async TX","data",1.4501885,0.000082,".",
"Async TX","data",1.4502755,0.000082,"t",
"Async TX","data",1.450362,0.000082,"x",
"Async TX","data",1.450449,0.000082,"t",
"Async TX","data",1.4505355,0.000082,"=",
"Async TX","data",1.4506225,0.000082,"""",
"Async TX","data",1.4507095,0.000082,"1",
"Async TX","data",1.450796,0.000082,"4",
"Async TX","data",1.450883,0.000082,"%",
"Async TX","data",1.4509695,0.000082,"""",
"Async TX","data",1.4510565,0.000082,"ÿ",
"Async TX","data",1.451143,0.000082,"ÿ",
"Async TX","data",1.4512295,0.000082,"ÿ",
"Async TX","data",1.4717335,0.000082,"j",
"Async TX","data",1.47182,0.000082,"0",
"Async TX","data",1.471907,0.000082,".",
"Async TX","data",1.4719935,0.000082,"v",
"Async TX","data",1.4720805,0.000082,"a",
"Async TX","data",1.472167,0.000082,"l",
"Async TX","data",1.472254,0.000082,"=",
"Async TX","data",1.4723405,0.000082,"1",
"Async TX","data",1.4724275,0.000082,"5",
"Async TX","data",1.472514,0.000082,"ÿ",
"Async TX","data",1.472601,0.000082,"ÿ",
"Async TX","data",1.4726875,0.000082,"ÿ",
"Async TX","data",1.472783,0.000082,"t",
"Async TX","data",1.47287,0.000082,"0",
"Async TX","data",1.4729565,0.000082,".",
"Async TX","data",1.4730435,0.000082,"t",
"Async TX","data",1.47313,0.000082,"x",
"Async TX","data",1.473217,0.000082,"t",
"Async TX","data",1.4733035,0.000082,"=",
"Async TX","data",1.4733905,0.000082,"""",
"Async TX","data",1.4734775,0.000082,"1",
"Async TX","data",1.473564,0.000082,"5",
"Async TX","data",1.473651,0.000082,"%",
"Async TX","data",1.4737375,0.000082,"""",
"Async TX","data",1.4738245,0.000082,"ÿ",
"Async TX","data",1.473911,0.000082,"ÿ",
"Async TX","data",1.473998,0.000082,"ÿ",
"Async TX","data",1.4945095,0.000082,"j",
"Async TX","data",1.494596,0.000082,"0",
"Async TX","data",1.494683,0.000082,".",
"Async TX","data",1.49477,0.000082,"v",
"Async TX","data",1.4948565,0.000082,"a",
"Async TX","data",1.494943,0.000082,"l",
"Async TX","data",1.49503,0.000082,"=",
"Async TX","data",1.4951165,0.000082,"1",
"Async TX","data",1.4952035,0.000082,"6",
"Async TX","data",1.49529,0.000082,"ÿ",
"Async TX","data",1.495377,0.000082,"ÿ",
"Async TX","data",1.4954635,0.000082,"ÿ",
"Async TX","data",1.495559,0.000082,"t",
"Async TX","data",1.495646,0.000082,"0",
"Async TX","data",1.4957325,0.000082,".",
"Async TX","data",1.4958195,0.000082,"t",
"Async TX","data",1.495906,0.000082,"x",
"Async TX","data",1.495993,0.000082,"t",
"Async TX","data",1.4960795,0.000082,"=",
"Async TX","data",1.4961665,0.000082,"""",
"Async TX","data",1.496253,0.000082,"1",
"Async TX","data",1.49634,0.000082,"6",
"Async TX","data",1.4964265,0.000082,"%",
"Async TX","data",1.4965135,0.000082,"""",
"Async TX","data",1.4966,0.000082,"ÿ",
"Async TX","data",1.496687,0.000082,"ÿ",
"Async TX","data",1.4967735,0.000082,"ÿ",
"Async TX","data",1.5172715,0.000082,"j",
"Async TX","data",1.517358,0.000082,"0",
"Async TX","data",1.517445,0.000082,".",
"Async TX","data",1.5175315,0.000082,"v",
"Async TX","data",1.5176185,0.000082,"a",
"Async TX","data",1.517705,0.000082,"l",
"Async TX","data",1.517792,0.000082,"=",
"Async TX","data",1.5178785,0.000082,"1",
"Async TX","data",1.5179655,0.000082,"7",
"Async TX","data",1.5180525,0.000082,"ÿ",
"Async TX","data",1.518139,0.000082,"ÿ",
"Async TX","data",1.518226,0.000082,"ÿ",
"Async TX","data",1.518321,0.000082,"t",
"Async TX","data",1.518408,0.000082,"0",
"Async TX","data",1.518495,0.000082,".",
"Async TX","data",1.5185815,0.000082,"t",
"Async TX","data",1.518668,0.000082,"x",
"Async TX","data",1.518755,0.000082,"t",
"Async TX","data",1.5188415,0.000082,"=",
"Async TX","data",1.5189285,0.000082,"""",
"Async TX","data",1.5190155,0.000082,"1",
"Async TX","data",1.519102,0.000082,"7",
"Async TX","data",1.519189,0.000082,"%",
"Async TX","data",1.5192755,0.000082,"""",
"Async TX","data",1.5193625,0.000082,"ÿ",
"Async TX","data",1.519449,0.000082,"ÿ",
"Async TX","data",1.519536,0.000082,"ÿ",
"Async TX","data",1.540041,0.000082,"j",
"Async TX","data",1.5401275,0.000082,"0",
"Async TX","data",1.5402145,0.000082,".",
"Async TX","data",1.540301,0.000082,"v",
"Async TX","data",1.540388,0.000082,"a",
"Async TX","data",1.540475,0.000082,"l",
"Async TX","data",1.5405615,0.000082,"=",
"Async TX","data",1.5406485,0.000082,"1",
"Async TX","data",1.540735,0.000082,"8",
"Async TX","data",1.540822,0.000082,"ÿ",
"Async TX","data",1.5409085,0.000082,"ÿ",
"Async TX","data",1.5409955,0.000082,"ÿ",
"Async TX","data",1.541091,0.000082,"t",
"Async TX","data",1.5411775,0.000082,"0",
"Async TX","data",1.5412645,0.000082,".",
"Async TX","data",1.541351,0.000082,"t",
"Async TX","data",1.5414375,0.000082,"x",
"Async TX","data",1.5415245,0.000082,"t",
"Async TX","data",1.541611,0.000082,"=",
"Async TX","data",1.541698,0.000082,"""",
"Async TX","data",1.5417845,0.000082,"1",
"Async TX","data",1.5418715,0.000082,"8",
"Async TX","data",1.541958,0.000082,"%",
"Async TX","data",1.542045,0.000082,"""",
"Async TX","data",1.5421315,0.000082,"ÿ",
"Async TX","data",1.5422185,0.000082,"ÿ",
"Async TX","data",1.542305,0.000082,"ÿ",
"Async TX","data",1.562804,0.000082,"j",
"Async TX","data",1.562891,0.000082,"0",
"Async TX","data",1.5629775,0.000082,".",
"Async TX","data",1.5630645,0.000082,"v",
"Async TX","data",1.563151,0.000082,"a",
"Async TX","data",1.563238,0.000082,"l",
"Async TX","data",1.5633245,0.000082,"=",
"Async TX","data",1.5634115,0.000082,"1",
"Async TX","data",1.563498,0.000082,"9",
"Async TX","data",1.563585,0.000082,"ÿ",
"Async TX","data",1.5636715,0.000082,"ÿ",
"Async TX","data",1.563758,0.000082,"ÿ",
"Async TX","data",1.5638535,0.000082,"t",
"Async TX","data",1.5639405,0.000082,"0",
"Async TX","data",1.564027,0.000082,".",
"Async TX","data",1.564114,0.000082,"t",
"Async TX","data",1.5642005,0.000082,"x",
"Async TX","data",1.5642875,0.000082,"t",
"Async TX","data",1.564374,0.000082,"=",
"Async TX","data",1.564461,0.000082,"""",
"Async TX","data",1.5645475,0.000082,"1",
"Async TX","data",1.5646345,0.000082,"9",
"Async TX","data",1.564721,0.000082,"%",
"Async TX","data",1.564808,0.000082,"""",
"Async TX","data",1.564895,0.000082,"ÿ",
"Async TX","data",1.5649815,0.000082,"ÿ",
"Async TX","data",1.5650685,0.000082,"ÿ",
"Async TX","data",1.585566,0.000082,"j",
"Async TX","data",1.5856525,0.000082,"0",
"Async TX","data",1.5857395,0.000082,".",
"Async TX","data",1.585826,0.000082,"v",
"Async TX","data",1.585913,0.000082,"a",
"Async TX","data",1.586,0.000082,"l",
"Async TX","data",1.5860865,0.000082,"=",
"Async TX","data",1.5861735,0.000082,"2",
"Async TX","data",1.58626,0.000082,"0",
"Async TX","data",1.586347,0.000082,"ÿ",
"Async TX","data",1.5864335,0.000082,"ÿ",
"Async TX","data",1.5865205,0.000082,"ÿ",
"Async TX","data",1.586616,0.000082,"t",
"Async TX","data",1.586703,0.000082,"0",
"Async TX","data",1.5867895,0.000082,".",
"Async TX","data",1.5868765,0.000082,"t",
"Async TX","data",1.586963,0.000082,"x",
"Async TX","data",1.58705,0.000082,"t",
"Async TX","data",1.587137,0.000082,"=",
"Async TX","data",1.5872235,0.000082,"""",
"Async TX","data",1.5873105,0.000082,"2",
"Async TX","data",1.587397,0.000082,"0",
"Async TX","data",1.587484,0.000082,"%",
"Async TX","data",1.587571,0.000082,"""",
"Async TX","data",1.5876575,0.000082,"ÿ",
"Async TX","data",1.5877445,0.000082,"ÿ",
"Async TX","data",1.587831,0.000082,"ÿ",
"Async TX","data",1.608333,0.000082,"j",
"Async TX","data",1.60842,0.000082,"0",
"Async TX","data",1.6085065,0.000082,".",
"Async TX","data",1.6085935,0.000082,"v",
"Async TX","data",1.60868,0.000082,"a",
"Async TX","data",1.608767,0.000082,"l",
"Async TX","data",1.6088535,0.000082,"=",
"Async TX","data",1.6089405,0.000082,"2",
"Async TX","data",1.6090275,0.000082,"1",
"Async TX","data",1.609114,0.000082,"ÿ",
"Async TX","data",1.609201,0.000082,"ÿ",
"Async TX","data",1.6092875,0.000082,"ÿ",
"Async TX","data",1.609383,0.000082,"t",
"Async TX","data",1.60947,0.000082,"0",
"Async TX","data",1.6095565,0.000082,".",
"Async TX","data",1.6096435,0.000082,"t",
"Async TX","data",1.6097305,0.000082,"x",
"Async TX","data",1.609817,0.000082,"t",
"Async TX","data",1.609904,0.000082,"=",
"Async TX","data",1.6099905,0.000082,"""",
"Async TX","data",1.6100775,0.000082,"2",
"Async TX","data",1.6101645,0.000082,"1",
"Async TX","data",1.610251,0.000082,"%",
"Async TX","data",1.610338,0.000082,"""",
"Async TX","data",1.6104245,0.000082,"ÿ",
"Async TX","data",1.6105115,0.000082,"ÿ",
"Async TX","data",1.610598,0.000082,"ÿ",
"Async TX","data",1.631104,0.000082,"j",
"Async TX","data",1.6311905,0.000082,"0",
"Async TX","data",1.6312775,0.000082,".",
"Async TX","data",1.6313645,0.000082,"v",
"Async TX","data",1.631451,0.000082,"a",
"Async TX","data",1.631538,0.000082,"l",
"Async TX","data",1.6316245,0.000082,"=",
"Async TX","data",1.6317115,0.000082,"2",
"Async TX","data",1.631798,0.000082,"2",
"Async TX","data",1.631885,0.000082,"ÿ",
"Async TX","data",1.6319715,0.000082,"ÿ",
"Async TX","data",1.6320585,0.000082,"ÿ",
"Async TX","data",1.632154,0.000082,"t",
"Async TX","data",1.6322405,0.000082,"0",
"Async TX","data",1.6323275,0.000082,".",
"Async TX","data",1.632414,0.000082,"t",
"Async TX","data",1.632501,0.000082,"x",
"Async TX","data",1.6325875,0.000082,"t",
"Async TX","data",1.6326745,0.000082,"=",
"Async TX","data",1.632761,0.000082,"""",
"Async TX","data",1.632848,0.000082,"2",
"Async TX","data",1.6329345,0.000082,"2",
"Async TX","data",1.6330215,0.000082,"%",
"Async TX","data",1.633108,0.000082,"""",
"Async TX","data",1.633195,0.000082,"ÿ",
"Async TX","data",1.6332815,0.000082,"ÿ",
"Async TX","data",1.6333685,0.000082,"ÿ",
"Async TX","data",1.653886,0.000082,"j",
"Async TX","data",1.6539725,0.000082,"0",
"Async TX","data",1.6540595,0.000082,".",
"Async TX","data",1.654146,0.000082,"v",
"Async TX","data",1.654233,0.000082,"a",
"Async TX","data",1.65432,0.000082,"l",
"Async TX","data",1.6544065,0.000082,"=",
"Async TX","data",1.6544935,0.000082,"2",
"Async TX","data",1.65458,0.000082,"3",
"Async TX","data",1.654667,0.000082,"ÿ",
"Async TX","data",1.6547535,0.000082,"ÿ",
"Async TX","data",1.6548405,0.000082,"ÿ",
"Async TX","data",1.654936,0.000082,"t",
"Async TX","data",1.6550225,0.000082,"0",
"Async TX","data",1.6551095,0.000082,".",
"Async TX","data",1.6551965,0.000082,"t",
"Async TX","data",1.655283,0.000082,"x",
"Async TX","data",1.65537,0.000082,"t",
"Async TX","data",1.6554565,0.000082,"=",
"Async TX","data",1.6555435,0.000082,"""",
"Async TX","data",1.65563,0.000082,"2",
"Async TX","data",1.655717,0.000082,"3",
"Async TX","data",1.655804,0.000082,"%",
"Async TX","data",1.6558905,0.000082,"""",
"Async TX","data",1.6559775,0.000082,"ÿ",
"Async TX","data",1.656064,0.000082,"ÿ",
"Async TX","data",1.656151,0.000082,"ÿ",
"Async TX","data",1.676672,0.000082,"j",
"Async TX","data",1.6767585,0.000082,"0",
"Async TX","data",1.6768455,0.000082,".",
"Async TX","data",1.6769325,0.000082,"v",
"Async TX","data",1.677019,0.000082,"a",
"Async TX","data",1.677106,0.000082,"l",
"Async TX","data",1.6771925,0.000082,"=",
"Async TX","data",1.6772795,0.000082,"2",
"Async TX","data",1.677366,0.000082,"4",
"Async TX","data",1.677453,0.000082,"ÿ",
"Async TX","data",1.6775395,0.000082,"ÿ",
"Async TX","data",1.6776265,0.000082,"ÿ",
"Async TX","data",1.6777215,0.000082,"t",
"Async TX","data",1.6778085,0.000082,"0",
"Async TX","data",1.6778955,0.000082,".",
"Async TX","data",1.677982,0.000082,"t",
"Async TX","data",1.678069,0.000082,"x",
"Async TX","data",1.6781555,0.000082,"t",
"Async TX","data",1.6782425,0.000082,"=",
"Async TX","data",1.678329,0.000082,"""",
"Async TX","data",1.678416,0.000082,"2",
"Async TX","data",1.6785025,0.000082,"4",
"Async TX","data",1.6785895,0.000082,"%",
"Async TX","data",1.6786765,0.000082,"""",
"Async TX","data",1.678763,0.000082,"ÿ",
"Async TX","data",1.67885,0.000082,"ÿ",
"Async TX","data",1.6789365,0.000082,"ÿ",
"Async TX","data",1.6994445,0.000082,"j",
"Async TX","data",1.699531,0.000082,"0",
"Async TX","data",1.699618,0.000082,".",
"Async TX","data",1.6997045,0.000082,"v",
"Async TX","data",1.6997915,0.000082,"a",
"Async TX","data",1.6998785,0.000082,"l",
"Async TX","data",1.699965,0.000082,"=",
"Async TX","data",1.700052,0.000082,"2",
"Async TX","data",1.7001385,0.000082,"5",
"Async TX","data",1.7002255,0.000082,"ÿ",
"Async TX","data",1.7003125,0.000082,"ÿ",
"Async TX","data",1.700399,0.000082,"ÿ",
"Async TX","data",1.7004945,0.000082,"t",
"Async TX","data",1.7005815,0.000082,"0",
"Async TX","data",1.700668,0.000082,".",
"Async TX","data",1.700755,0.000082,"t",
"Async TX","data",1.7008415,0.000082,"x",
"Async TX","data",1.7009285,0.000082,"t",
"Async TX","data",1.701015,0.000082,"=",
"Async TX","data",1.701102,0.000082,"""",
"Async TX","data",1.7011885,0.000082,"2",
"Async TX","data",1.7012755,0.000082,"5",
"Async TX","data",1.701362,0.000082,"%",
"Async TX","data",1.701449,0.000082,"""",
"Async TX","data",1.7015355,0.000082,"ÿ",
"Async TX","data",1.7016225,0.000082,"ÿ",
"Async TX","data",1.701709,0.000082,"ÿ",
"Async TX","data",1.7222155,0.000082,"j",
"Async TX","data",1.7223025,0.000082,"0",
"Async TX","data",1.722389,0.000082,".",
"Async TX","data",1.722476,0.000082,"v",
"Async TX","data",1.7225625,0.000082,"a",
"Async TX","data",1.7226495,0.000082,"l",
"Async TX","data",1.722736,0.000082,"=",
"Async TX","data",1.722823,0.000082,"2",
"Async TX","data",1.72291,0.000082,"6",
"Async TX","data",1.7229965,0.000082,"ÿ",
"Async TX","data",1.7230835,0.000082,"ÿ",
"Async TX","data",1.72317,0.000082,"ÿ",
"Async TX","data",1.7232655,0.000082,"t",
"Async TX","data",1.7233525,0.000082,"0",
"Async TX","data",1.723439,0.000082,".",
"Async TX","data",1.723526,0.000082,"t",
"Async TX","data",1.7236125,0.000082,"x",
"Async TX","data",1.7236995,0.000082,"t",
"Async TX","data",1.723786,0.000082,"=",
"Async TX","data",1.723873,0.000082,"""",
"Async TX","data",1.7239595,0.000082,"2",
"Async TX","data",1.7240465,0.000082,"6",
"Async TX","data",1.724133,0.000082,"%",
"Async TX","data",1.72422,0.000082,"""",
"Async TX","data",1.7243065,0.000082,"ÿ",
"Async TX","data",1.7243935,0.000082,"ÿ",
"Async TX","data",1.72448,0.000082,"ÿ",
"Async TX","data",1.7449805,0.000082,"j",
"Async TX","data",1.745067,0.000082,"0",
"Async TX","data",1.745154,0.000082,".",
"Async TX","data",1.7452405,0.000082,"v",
"Async TX","data",1.7453275,0.000082,"a",
"Async TX","data",1.745414,0.000082,"l",
"Async TX","data",1.745501,0.000082,"=",
"Async TX","data",1.7455875,0.000082,"2",
"Async TX","data",1.7456745,0.000082,"7",
"Async TX","data",1.745761,0.000082,"ÿ",
"Async TX","data",1.745848,0.000082,"ÿ",
"Async TX","data",1.7459345,0.000082,"ÿ",
"Async TX","data",1.74603,0.000082,"t",
"Async TX","data",1.746117,0.000082,"0",
"Async TX","data",1.7462035,0.000082,".",
"Async TX","data",1.7462905,0.000082,"t",
"Async TX","data",1.746377,0.000082,"x",
"Async TX","data",1.746464,0.000082,"t",
"Async TX","data",1.7465505,0.000082,"=",
"Async TX","data",1.7466375,0.000082,"""",
"Async TX","data",1.746724,0.000082,"2",
"Async TX","data",1.746811,0.000082,"7",
"Async TX","data",1.7468975,0.000082,"%",
"Async TX","data",1.7469845,0.000082,"""",
"Async TX","data",1.747071,0.000082,"ÿ",
"Async TX","data",1.747158,0.000082,"ÿ",
"Async TX","data",1.7472445,0.000082,"ÿ",
"Async TX","data",1.76775,0.000082,"j",
"Async TX","data",1.767837,0.000082,"0",
"Async TX","data",1.7679235,0.000082,".",
"Async TX","data",1.7680105,0.000082,"v",
"Async TX","data",1.768097,0.000082,"a",
"Async TX","data",1.768184,0.000082,"l",
"Async TX","data",1.7682705,0.000082,"=",
"Async TX","data",1.7683575,0.000082,"2",
"Async TX","data",1.768444,0.000082,"8",
"Async TX","data",1.768531,0.000082,"ÿ",
"Async TX","data",1.7686175,0.000082,"ÿ",
"Async TX","data",1.7687045,0.000082,"ÿ",
"Async TX","data",1.7688,0.000082,"t",
"Async TX","data",1.768887,0.000082,"0",
"Async TX","data",1.7689735,0.000082,".",
"Async TX","data",1.7690605,0.000082,"t",
"Async TX","data",1.769147,0.000082,"x",
"Async TX","data",1.769234,0.000082,"t",
"Async TX","data",1.7693205,0.000082,"=",
"Async TX","data",1.7694075,0.000082,"""",
"Async TX","data",1.769494,0.000082,"2",
"Async TX","data",1.769581,0.000082,"8",
"Async TX","data",1.7696675,0.000082,"%",
"Async TX","data",1.7697545,0.000082,"""",
"Async TX","data",1.769841,0.000082,"ÿ",
"Async TX","data",1.769928,0.000082,"ÿ",
"Async TX","data",1.7700145,0.000082,"ÿ",
"Async TX","data",1.790528,0.000082,"j",
"Async TX","data",1.7906145,0.000082,"0",
"Async TX","data",1.7907015,0.000082,".",
"Async TX","data",1.790788,0.000082,"v",
"Async TX","data",1.790875,0.000082,"a",
"Async TX","data",1.7909615,0.000082,"l",
"Async TX","data",1.7910485,0.000082,"=",
"Async TX","data",1.7911355,0.000082,"2",
"Async TX","data",1.791222,0.000082,"9",
"Async TX","data",1.791309,0.000082,"ÿ",
"Async TX","data",1.7913955,0.000082,"ÿ",
"Async TX","data",1.7914825,0.000082,"ÿ",
"Async TX","data",1.791578,0.000082,"t",
"Async TX","data",1.7916645,0.000082,"0",
"Async TX","data",1.7917515,0.000082,".",
"Async TX","data",1.791838,0.000082,"t",
"Async TX","data",1.791925,0.000082,"x",
"Async TX","data",1.7920115,0.000082,"t",
"Async TX","data",1.7920985,0.000082,"=",
"Async TX","data",1.792185,0.000082,"""",
"Async TX","data",1.792272,0.000082,"2",
"Async TX","data",1.7923585,0.000082,"9",
"Async TX","data",1.7924455,0.000082,"%",
"Async TX","data",1.792532,0.000082,"""",
"Async TX","data",1.792619,0.000082,"ÿ",
"Async TX","data",1.7927055,0.000082,"ÿ",
"Async TX","data",1.7927925,0.000082,"ÿ",
"Async TX","data",1.8133065,0.000082,"j",
"Async TX","data",1.813393,0.000082,"0",
"Async TX","data",1.81348,0.000082,".",
"Async TX","data",1.8135665,0.000082,"v",
"Async TX","data",1.8136535,0.000082,"a",
"Async TX","data",1.8137405,0.000082,"l",
"Async TX","data",1.813827,0.000082,"=",
"Async TX","data",1.813914,0.000082,"3",
"Async TX","data",1.8140005,0.000082,"0",
"Async TX","data",1.8140875,0.000082,"ÿ",
"Async TX","data",1.814174,0.000082,"ÿ",
"Async TX","data",1.814261,0.000082,"ÿ",
"Async TX","data",1.814365,0.000082,"t",
"Async TX","data",1.814452,0.000082,"0",
"Async TX","data",1.8145385,0.000082,".",
"Async TX","data",1.8146255,0.000082,"t",
"Async TX","data",1.8147125,0.000082,"x",
"Async TX","data",1.814799,0.000082,"t",
"Async TX","data",1.814886,0.000082,"=",
"Async TX","data",1.8149725,0.000082,"""",
"Async TX","data",1.8150595,0.000082,"3",
"Async TX","data",1.815146,0.000082,"0",
"Async TX","data",1.815233,0.000082,"%",
"Async TX","data",1.8153195,0.000082,"""",
"Async TX","data",1.8154065,0.000082,"ÿ",
"Async TX","data",1.8154935,0.000082,"ÿ",
"Async TX","data",1.81558,0.000082,"ÿ",
"Async TX","data",1.836082,0.000082,"j",
"Async TX","data",1.8361685,0.000082,"0",
"Async TX","data",1.8362555,0.000082,".",
"Async TX","data",1.836342,0.000082,"v",
"Async TX","data",1.836429,0.000082,"a",
"Async TX","data",1.8365155,0.000082,"l",
"Async TX","data",1.8366025,0.000082,"=",
"Async TX","data",1.8366895,0.000082,"3",
"Async TX","data",1.836776,0.000082,"1",
"Async TX","data",1.836863,0.000082,"ÿ",
"Async TX","data",1.8369495,0.000082,"ÿ",
"Async TX","data",1.8370365,0.000082,"ÿ",
"Async TX","data",1.837132,0.000082,"t",
"Async TX","data",1.8372185,0.000082,"0",
"Async TX","data",1.8373055,0.000082,".",
"Async TX","data",1.837392,0.000082,"t",
"Async TX","data",1.837479,0.000082,"x",
"Async TX","data",1.8375655,0.000082,"t",
"Async TX","data",1.8376525,0.000082,"=",
"Async TX","data",1.837739,0.000082,"""",
"Async TX","data",1.837826,0.000082,"3",
"Async TX","data",1.8379125,0.000082,"1",
"Async TX","data",1.8379995,0.000082,"%",
"Async TX","data",1.838086,0.000082,"""",
"Async TX","data",1.838173,0.000082,"ÿ",
"Async TX","data",1.8382595,0.000082,"ÿ",
"Async TX","data",1.8383465,0.000082,"ÿ",
"Async TX","data",1.85885,0.000082,"j",
"Async TX","data",1.858937,0.000082,"0",
"Async TX","data",1.8590235,0.000082,".",
"Async TX","data",1.8591105,0.000082,"v",
"Async TX","data",1.859197,0.000082,"a",
"Async TX","data",1.859284,0.000082,"l",
"Async TX","data",1.8593705,0.000082,"=",
"Async TX","data",1.8594575,0.000082,"3",
"Async TX","data",1.859544,0.000082,"2",
"Async TX","data",1.8596305,0.000082,"ÿ",
"Async TX","data",1.8597175,0.000082,"ÿ",
"Async TX","data",1.859804,0.000082,"ÿ",
"Async TX","data",1.8598995,0.000082,"t",
"Async TX","data",1.8599865,0.000082,"0",
"Async TX","data",1.860073,0.000082,".",
"Async TX","data",1.86016,0.000082,"t",
"Async TX","data",1.8602465,0.000082,"x",
"Async TX","data",1.8603335,0.000082,"t",
"Async TX","data",1.86042,0.000082,"=",
"Async TX","data",1.860507,0.000082,"""",
"Async TX","data",1.8605935,0.000082,"3",
"Async TX","data",1.8606805,0.000082,"2",
"Async TX","data",1.8607675,0.000082,"%",
"Async TX","data",1.860854,0.000082,"""",
"Async TX","data",1.860941,0.000082,"ÿ",
"Async TX","data",1.8610275,0.000082,"ÿ",
"Async TX","data",1.8611145,0.000082,"ÿ",
"Async TX","data",1.88162,0.000082,"j",
"Async TX","data",1.8817065,0.000082,"0",
"Async TX","data",1.8817935,0.000082,".",
"Async TX","data",1.88188,0.000082,"v",
"Async TX","data",1.881967,0.000082,"a",
"Async TX","data",1.8820535,0.000082,"l",
"Async TX","data",1.8821405,0.000082,"=",
"Async TX","data",1.882227,0.000082,"3",
"Async TX","data",1.882314,0.000082,"3",
"Async TX","data",1.8824005,0.000082,"ÿ",
"Async TX","data",1.8824875,0.000082,"ÿ",
"Async TX","data",1.882574,0.000082,"ÿ",
"Async TX","data",1.8826695,0.000082,"t",
"Async TX","data",1.8827565,0.000082,"0",
"Async TX","data",1.882843,0.000082,".",
"Async TX","data",1.88293,0.000082,"t",
"Async TX","data",1.8830165,0.000082,"x",
"Async TX","data",1.8831035,0.000082,"t",
"Async TX","data",1.8831905,0.000082,"=",
"Async TX","data",1.883277,0.000082,"""",
"Async TX","data",1.883364,0.000082,"3",
"Async TX","data",1.8834505,0.000082,"3",
"Async TX","data",1.8835375,0.000082,"%",
"Async TX","data",1.883624,0.000082,"""",
"Async TX","data",1.883711,0.000082,"ÿ",
"Async TX","data",1.8837975,0.000082,"ÿ",
"Async TX","data",1.8838845,0.000082,"ÿ",
"Async TX","data",1.904384,0.000082,"j",
"Async TX","data",1.9044705,0.000082,"0",
"Async TX","data",1.9045575,0.000082,".",
"Async TX","data",1.904644,0.000082,"v",
"Async TX","data",1.904731,0.000082,"a",
"Async TX","data",1.9048175,0.000082,"l",
"Async TX","data",1.9049045,0.000082,"=",
"Async TX","data",1.904991,0.000082,"3",
"Async TX","data",1.905078,0.000082,"4",
"Async TX","data",1.9051645,0.000082,"ÿ",
"Async TX","data",1.9052515,0.000082,"ÿ",
"Async TX","data",1.905338,0.000082,"ÿ",
"Async TX","data",1.9054335,0.000082,"t",
"Async TX","data",1.90552,0.000082,"0",
"Async TX","data",1.905607,0.000082,".",
"Async TX","data",1.9056935,0.000082,"t",
"Async TX","data",1.9057805,0.000082,"x",
"Async TX","data",1.905867,0.000082,"t",
"Async TX","data",1.9059535,0.000082,"=",
"Async TX","data",1.9060405,0.000082,"""",
"Async TX","data",1.906127,0.000082,"3",
"Async TX","data",1.906214,0.000082,"4",
"Async TX","data",1.9063005,0.000082,"%",
"Async TX","data",1.9063875,0.000082,"""",
"Async TX","data",1.906474,0.000082,"ÿ",
"Async TX","data",1.906561,0.000082,"ÿ",
"Async TX","data",1.9066475,0.000082,"ÿ",
"Async TX","data",1.9271485,0.000082,"j",
"Async TX","data",1.9272355,0.000082,"0",
"Async TX","data",1.927322,0.000082,".",
"Async TX","data",1.927409,0.000082,"v",
"Async TX","data",1.9274955,0.000082,"a",
"Async TX","data",1.9275825,0.000082,"l",
"Async TX","data",1.927669,0.000082,"=",
"Async TX","data",1.927756,0.000082,"3",
"Async TX","data",1.927843,0.000082,"5",
"Async TX","data",1.9279295,0.000082,"ÿ",
"Async TX","data",1.9280165,0.000082,"ÿ",
"Async TX","data",1.928103,0.000082,"ÿ",
"Async TX","data",1.928207,0.000082,"t",
"Async TX","data",1.928294,0.000082,"0",
"Async TX","data",1.9283805,0.000082,".",
"Async TX","data",1.9284675,0.000082,"t",
"Async TX","data",1.928554,0.000082,"x",
"Async TX","data",1.928641,0.000082,"t",
"Async TX","data",1.9287275,0.000082,"=",
"Async TX","data",1.9288145,0.000082,"""",
"Async TX","data",1.928901,0.000082,"3",
"Async TX","data",1.928988,0.000082,"5",
"Async TX","data",1.9290745,0.000082,"%",
"Async TX","data",1.9291615,0.000082,"""",
"Async TX","data",1.929248,0.000082,"ÿ",
"Async TX","data",1.929335,0.000082,"ÿ",
"Async TX","data",1.9294215,0.000082,"ÿ",
"Async TX","data",1.949923,0.000082,"j",
"Async TX","data",1.95001,0.000082,"0",
"Async TX","data",1.9500965,0.000082,".",
"Async TX","data",1.9501835,0.000082,"v",
"Async TX","data",1.95027,0.000082,"a",
"Async TX","data",1.950357,0.000082,"l",
"Async TX","data",1.9504435,0.000082,"=",
"Async TX","data",1.9505305,0.000082,"3",
"Async TX","data",1.950617,0.000082,"6",
"Async TX","data",1.950704,0.000082,"ÿ",
"Async TX","data",1.9507905,0.000082,"ÿ",
"Async TX","data",1.9508775,0.000082,"ÿ",
"Async TX","data",1.950973,0.000082,"t",
"Async TX","data",1.9510595,0.000082,"0",
"Async TX","data",1.9511465,0.000082,".",
"Async TX","data",1.951233,0.000082,"t",
"Async TX","data",1.95132,0.000082,"x",
"Async TX","data",1.9514065,0.000082,"t",
"Async TX","data",1.9514935,0.000082,"=",
"Async TX","data",1.95158,0.000082,"""",
"Async TX","data",1.951667,0.000082,"3",
"Async TX","data",1.9517535,0.000082,"6",
"Async TX","data",1.9518405,0.000082,"%",
"Async TX","data",1.9519275,0.000082,"""",
"Async TX","data",1.952014,0.000082,"ÿ",
"Async TX","data",1.952101,0.000082,"ÿ",
"Async TX","data",1.9521875,0.000082,"ÿ",
"Async TX","data",1.9726925,0.000082,"j",
"Async TX","data",1.9727795,0.000082,"0",
"Async TX","data",1.972866,0.000082,".",
"Async TX","data",1.972953,0.000082,"v",
"Async TX","data",1.9730395,0.000082,"a",
"Async TX","data",1.9731265,0.000082,"l",
"Async TX","data",1.973213,0.000082,"=",
"Async TX","data",1.9733,0.000082,"3",
"Async TX","data",1.9733865,0.000082,"7",
"Async TX","data",1.9734735,0.000082,"ÿ",
"Async TX","data",1.97356,0.000082,"ÿ",
"Async TX","data",1.973647,0.000082,"ÿ",
"Async TX","data",1.973742,0.000082,"t",
"Async TX","data",1.973829,0.000082,"0",
"Async TX","data",1.9739155,0.000082,".",
"Async TX","data",1.9740025,0.000082,"t",
"Async TX","data",1.974089,0.000082,"x",
"Async TX","data",1.974176,0.000082,"t",
"Async TX","data",1.9742625,0.000082,"=",
"Async TX","data",1.9743495,0.000082,"""",
"Async TX","data",1.974436,0.000082,"3",
"Async TX","data",1.9745225,0.000082,"7",
"Async TX","data",1.9746095,0.000082,"%",
"Async TX","data",1.974696,0.000082,"""",
"Async TX","data",1.974783,0.000082,"ÿ",
"Async TX","data",1.9748695,0.000082,"ÿ",
"Async TX","data",1.9749565,0.000082,"ÿ",
"Async TX","data",1.9954675,0.000082,"j",
"Async TX","data",1.995554,0.000082,"0",
"Async TX","data",1.995641,0.000082,".",
"Async TX","data",1.9957275,0.000082,"v",
"Async TX","data",1.9958145,0.000082,"a",
"Async TX","data",1.9959015,0.000082,"l",
"Async TX","data",1.995988,0.000082,"=",
"Async TX","data",1.996075,0.000082,"3",
"Async TX","data",1.9961615,0.000082,"8",
"Async TX","data",1.9962485,0.000082,"ÿ",
"Async TX","data",1.996335,0.000082,"ÿ",
"Async TX","data",1.996422,0.000082,"ÿ",
"Async TX","data",1.9965175,0.000082,"t",
"Async TX","data",1.996604,0.000082,"0",
"Async TX","data",1.996691,0.000082,".",
"Async TX","data",1.996778,0.000082,"t",
"Async TX","data",1.9968645,0.000082,"x",
"Async TX","data",1.9969515,0.000082,"t",
"Async TX","data",1.997038,0.000082,"=",
"Async TX","data",1.997125,0.000082,"""",
"Async TX","data",1.9972115,0.000082,"3",
"Async TX","data",1.9972985,0.000082,"8",
"Async TX","data",1.997385,0.000082,"%",
"Async TX","data",1.997472,0.000082,"""",
"Async TX","data",1.997559,0.000082,"ÿ",
"Async TX","data",1.9976455,0.000082,"ÿ",
"Async TX","data",1.9977325,0.000082,"ÿ",
"Async TX","data",2.0182445,0.000082,"j",
"Async TX","data",2.0183315,0.000082,"0",
"Async TX","data",2.018418,0.000082,".",
"Async TX","data",2.018505,0.000082,"v",
"Async TX","data",2.0185915,0.000082,"a",
"Async TX","data",2.0186785,0.000082,"l",
"Async TX","data",2.018765,0.000082,"=",
"Async TX","data",2.018852,0.000082,"3",
"Async TX","data",2.0189385,0.000082,"9",
"Async TX","data",2.0190255,0.000082,"ÿ",
"Async TX","data",2.019112,0.000082,"ÿ",
"Async TX","data",2.019199,0.000082,"ÿ",
"Async TX","data",2.0192945,0.000082,"t",
"Async TX","data",2.019381,0.000082,"0",
"Async TX","data",2.019468,0.000082,".",
"Async TX","data",2.0195545,0.000082,"t",
"Async TX","data",2.0196415,0.000082,"x",
"Async TX","data",2.019728,0.000082,"t",
"Async TX","data",2.019815,0.000082,"=",
"Async TX","data",2.0199015,0.000082,"""",
"Async TX","data",2.0199885,0.000082,"3",
"Async TX","data",2.020075,0.000082,"9",
"Async TX","data",2.020162,0.000082,"%",
"Async TX","data",2.0202485,0.000082,"""",
"Async TX","data",2.0203355,0.000082,"ÿ",
"Async TX","data",2.020422,0.000082,"ÿ",
"Async TX","data",2.020509,0.000082,"ÿ",
"Async TX","data",2.0410135,0.000082,"j",
"Async TX","data",2.0411,0.000082,"0",
"Async TX","data",2.041187,0.000082,".",
"Async TX","data",2.0412735,0.000082,"v",
"Async TX","data",2.0413605,0.000082,"a",
"Async TX","data",2.041447,0.000082,"l",
"Async TX","data",2.041534,0.000082,"=",
"Async TX","data",2.0416205,0.000082,"4",
"Async TX","data",2.0417075,0.000082,"0",
"Async TX","data",2.0417945,0.000082,"ÿ",
"Async TX","data",2.041881,0.000082,"ÿ",
"Async TX","data",2.041968,0.000082,"ÿ",
"Async TX","data",2.0420635,0.000082,"t",
"Async TX","data",2.04215,0.000082,"0",
"Async TX","data",2.042237,0.000082,".",
"Async TX","data",2.0423235,0.000082,"t",
"Async TX","data",2.0424105,0.000082,"x",
"Async TX","data",2.042497,0.000082,"t",
"Async TX","data",2.042584,0.000082,"=",
"Async TX","data",2.0426705,0.000082,"""",
"Async TX","data",2.0427575,0.000082,"4",
"Async TX","data",2.042844,0.000082,"0",
"Async TX","data",2.042931,0.000082,"%",
"Async TX","data",2.0430175,0.000082,"""",
"Async TX","data",2.0431045,0.000082,"ÿ",
"Async TX","data",2.043191,0.000082,"ÿ",
"Async TX","data",2.043278,0.000082,"ÿ",
"Async TX","data",2.0637805,0.000082,"j",
"Async TX","data",2.063867,0.000082,"0",
"Async TX","data",2.063954,0.000082,".",
"Async TX","data",2.0640405,0.000082,"v",
"Async TX","data",2.0641275,0.000082,"a",
"Async TX","data",2.0642145,0.000082,"l",
"Async TX","data",2.064301,0.000082,"=",
"Async TX","data",2.064388,0.000082,"4",
"Async TX","data",2.0644745,0.000082,"1",
"Async TX","data",2.0645615,0.000082,"ÿ",
"Async TX","data",2.064648,0.000082,"ÿ",
"Async TX","data",2.064735,0.000082,"ÿ",
"Async TX","data",2.0648305,0.000082,"t",
"Async TX","data",2.064917,0.000082,"0",
"Async TX","data",2.065004,0.000082,".",
"Async TX","data",2.065091,0.000082,"t",
"Async TX","data",2.0651775,0.000082,"x",
"Async TX","data",2.0652645,0.000082,"t",
"Async TX","data",2.065351,0.000082,"=",
"Async TX","data",2.065438,0.000082,"""",
"Async TX","data",2.065525,0.000082,"4",
"Async TX","data",2.0656115,0.000082,"1",
"Async TX","data",2.0656985,0.000082,"%",
"Async TX","data",2.065785,0.000082,"""",
"Async TX","data",2.065872,0.000082,"ÿ",
"Async TX","data",2.065959,0.000082,"ÿ",
"Async TX","data",2.0660455,0.000082,"ÿ",
"Async TX","data",2.086553,0.000082,"j",
"Async TX","data",2.0866395,0.000082,"0",
"Async TX","data",2.0867265,0.000082,".",
"Async TX","data",2.086813,0.000082,"v",
"Async TX","data",2.0869,0.000082,"a",
"Async TX","data",2.0869865,0.000082,"l",
"Async TX","data",2.0870735,0.000082,"=",
"Async TX","data",2.08716,0.000082,"4",
"Async TX","data",2.087247,0.000082,"2",
"Async TX","data",2.0873335,0.000082,"ÿ",
"Async TX","data",2.0874205,0.000082,"ÿ",
"Async TX","data",2.087507,0.000082,"ÿ",
"Async TX","data",2.0876025,0.000082,"t",
"Async TX","data",2.0876895,0.000082,"0",
"Async TX","data",2.087776,0.000082,".",
"Async TX","data",2.087863,0.000082,"t",
"Async TX","data",2.0879495,0.000082,"x",
"Async TX","data",2.0880365,0.000082,"t",
"Async TX","data",2.088123,0.000082,"=",
"Async TX","data",2.08821,0.000082,"""",
"Async TX","data",2.0882965,0.000082,"4",
"Async TX","data",2.0883835,0.000082,"2",
"Async TX","data",2.0884705,0.000082,"%",
"Async TX","data",2.088557,0.000082,"""",
"Async TX","data",2.088644,0.000082,"ÿ",
"Async TX","data",2.0887305,0.000082,"ÿ",
"Async TX","data",2.0888175,0.000082,"ÿ",
"Async TX","data",2.109321,0.000082,"j",
"Async TX","data",2.109408,0.000082,"0",
"Async TX","data",2.1094945,0.000082,".",
"Async TX","data",2.1095815,0.000082,"v",
"Async TX","data",2.109668,0.000082,"a",
"Async TX","data",2.109755,0.000082,"l",
"Async TX","data",2.109842,0.000082,"=",
"Async TX","data",2.1099285,0.000082,"4",
"Async TX","data",2.1100155,0.000082,"3",
"Async TX","data",2.110102,0.000082,"ÿ",
"Async TX","data",2.110189,0.000082,"ÿ",
"Async TX","data",2.1102755,0.000082,"ÿ",
"Async TX","data",2.110371,0.000082,"t",
"Async TX","data",2.110458,0.000082,"0",
"Async TX","data",2.1105445,0.000082,".",
"Async TX","data",2.1106315,0.000082,"t",
"Async TX","data",2.1107185,0.000082,"x",
"Async TX","data",2.110805,0.000082,"t",
"Async TX","data",2.110892,0.000082,"=",
"Async TX","data",2.1109785,0.000082,"""",
"Async TX","data",2.1110655,0.000082,"4",
"Async TX","data",2.111152,0.000082,"3",
"Async TX","data",2.111239,0.000082,"%",
"Async TX","data",2.1113255,0.000082,"""",
"Async TX","data",2.1114125,0.000082,"ÿ",
"Async TX","data",2.111499,0.000082,"ÿ",
"Async TX","data",2.111586,0.000082,"ÿ",
"Async TX","data",2.1320895,0.000082,"j",
"Async TX","data",2.132176,0.000082,"0",
"Async TX","data",2.132263,0.000082,".",
"Async TX","data",2.1323495,0.000082,"v",
"Async TX","data",2.1324365,0.000082,"a",
"Async TX","data",2.1325235,0.000082,"l",
"Async TX","data",2.13261,0.000082,"=",
"Async TX","data",2.132697,0.000082,"4",
"Async TX","data",2.1327835,0.000082,"4",
"Async TX","data",2.1328705,0.000082,"ÿ",
"Async TX","data",2.132957,0.000082,"ÿ",
"Async TX","data",2.133044,0.000082,"ÿ",
"Async TX","data",2.133148,0.000082,"t",
"Async TX","data",2.133235,0.000082,"0",
"Async TX","data",2.1333215,0.000082,".",
"Async TX","data",2.1334085,0.000082,"t",
"Async TX","data",2.133495,0.000082,"x",
"Async TX","data",2.133582,0.000082,"t",
"Async TX","data",2.1336685,0.000082,"=",
"Async TX","data",2.1337555,0.000082,"""",
"Async TX","data",2.133842,0.000082,"4",
"Async TX","data",2.133929,0.000082,"4",
"Async TX","data",2.134016,0.000082,"%",
"Async TX","data",2.1341025,0.000082,"""",
"Async TX","data",2.1341895,0.000082,"ÿ",
"Async TX","data",2.134276,0.000082,"ÿ",
"Async TX","data",2.134363,0.000082,"ÿ",
"Async TX","data",2.154871,0.000082,"j",
"Async TX","data",2.154958,0.000082,"0",
"Async TX","data",2.155045,0.000082,".",
"Async TX","data",2.1551315,0.000082,"v",
"Async TX","data",2.1552185,0.000082,"a",
"Async TX","data",2.155305,0.000082,"l",
"Async TX","data",2.155392,0.000082,"=",
"Async TX","data",2.155479,0.000082,"4",
"Async TX","data",2.1555655,0.000082,"5",
"Async TX","data",2.1556525,0.000082,"ÿ",
"Async TX","data",2.155739,0.000082,"ÿ",
"Async TX","data",2.155826,0.000082,"ÿ",
"Async TX","data",2.1559215,0.000082,"t",
"Async TX","data",2.156008,0.000082,"0",
"Async TX","data",2.156095,0.000082,".",
"Async TX","data",2.156182,0.000082,"t",
"Async TX","data",2.1562685,0.000082,"x",
"Async TX","data",2.1563555,0.000082,"t",
"Async TX","data",2.156442,0.000082,"=",
"Async TX","data",2.156529,0.000082,"""",
"Async TX","data",2.156616,0.000082,"4",
"Async TX","data",2.1567025,0.000082,"5",
"Async TX","data",2.1567895,0.000082,"%",
"Async TX","data",2.156876,0.000082,"""",
"Async TX","data",2.156963,0.000082,"ÿ",
"Async TX","data",2.1570495,0.000082,"ÿ",
"Async TX","data",2.1571365,0.000082,"ÿ",
"Async TX","data",2.177646,0.000082,"j",
"Async TX","data",2.177733,0.000082,"0",
"Async TX","data",2.17782,0.000082,".",
"Async TX","data",2.1779065,0.000082,"v",
"Async TX","data",2.1779935,0.000082,"a",
"Async TX","data",2.17808,0.000082,"l",
"Async TX","data",2.178167,0.000082,"=",
"Async TX","data",2.178254,0.000082,"4",
"Async TX","data",2.1783405,0.000082,"6",
"Async TX","data",2.1784275,0.000082,"ÿ",
"Async TX","data",2.178514,0.000082,"ÿ",
"Async TX","data",2.178601,0.000082,"ÿ",
"Async TX","data",2.1786965,0.000082,"t",
"Async TX","data",2.178783,0.000082,"0",
"Async TX","data",2.17887,0.000082,".",
"Async TX","data",2.178957,0.000082,"t",
"Async TX","data",2.1790435,0.000082,"x",
"Async TX","data",2.1791305,0.000082,"t",
"Async TX","data",2.179217,0.000082,"=",
"Async TX","data",2.179304,0.000082,"""",
"Async TX","data",2.1793905,0.000082,"4",
"Async TX","data",2.1794775,0.000082,"6",
"Async TX","data",2.1795645,0.000082,"%",
"Async TX","data",2.179651,0.000082,"""",
"Async TX","data",2.179738,0.000082,"ÿ",
"Async TX","data",2.1798245,0.000082,"ÿ",
"Async TX","data",2.1799115,0.000082,"ÿ",
"Async TX","data",2.200427,0.000082,"j",
"Async TX","data",2.2005135,0.000082,"0",
"Async TX","data",2.2006005,0.000082,".",
"Async TX","data",2.2006875,0.000082,"v",
"Async TX","data",2.200774,0.000082,"a",
"Async TX","data",2.200861,0.000082,"l",
"Async TX","data",2.2009475,0.000082,"=",
"Async TX","data",2.2010345,0.000082,"4",
"Async TX","data",2.201121,0.000082,"7",
"Async TX","data",2.201208,0.000082,"ÿ",
"Async TX","data",2.201295,0.000082,"ÿ",
"Async TX","data",2.2013815,0.000082,"ÿ",
"Async TX","data",2.201477,0.000082,"t",
"Async TX","data",2.201564,0.000082,"0",
"Async TX","data",2.2016505,0.000082,".",
"Async TX","data",2.2017375,0.000082,"t",
"Async TX","data",2.2018245,0.000082,"x",
"Async TX","data",2.201911,0.000082,"t",
"Async TX","data",2.201998,0.000082,"=",
"Async TX","data",2.2020845,0.000082,"""",
"Async TX","data",2.2021715,0.000082,"4",
"Async TX","data",2.2022585,0.000082,"7",
"Async TX","data",2.202345,0.000082,"%",
"Async TX","data",2.202432,0.000082,"""",
"Async TX","data",2.2025185,0.000082,"ÿ",
"Async TX","data",2.2026055,0.000082,"ÿ",
"Async TX","data",2.2026925,0.000082,"ÿ",
"Async TX","data",2.223198,0.000082,"j",
"Async TX","data",2.2232845,0.000082,"0",
"Async TX","data",2.2233715,0.000082,".",
"Async TX","data",2.2234585,0.000082,"v",
"Async TX","data",2.223545,0.000082,"a",
"Async TX","data",2.223632,0.000082,"l",
"Async TX","data",2.2237185,0.000082,"=",
"Async TX","data",2.2238055,0.000082,"4",
"Async TX","data",2.223892,0.000082,"8",
"Async TX","data",2.223979,0.000082,"ÿ",
"Async TX","data",2.2240655,0.000082,"ÿ",
"Async TX","data",2.2241525,0.000082,"ÿ",
"Async TX","data",2.224248,0.000082,"t",
"Async TX","data",2.2243345,0.000082,"0",
"Async TX","data",2.2244215,0.000082,".",
"Async TX","data",2.2245085,0.000082,"t",
"Async TX","data",2.224595,0.000082,"x",
"Async TX","data",2.224682,0.000082,"t",
"Async TX","data",2.2247685,0.000082,"=",
"Async TX","data",2.2248555,0.000082,"""",
"Async TX","data",2.224942,0.000082,"4",
"Async TX","data",2.225029,0.000082,"8",
"Async TX","data",2.2251155,0.000082,"%",
"Async TX","data",2.2252025,0.000082,"""",
"Async TX","data",2.225289,0.000082,"ÿ",
"Async TX","data",2.225376,0.000082,"ÿ",
"Async TX","data",2.2254625,0.000082,"ÿ",
"Async TX","data",2.245967,0.000082,"j",
"Async TX","data",2.246054,0.000082,"0",
"Async TX","data",2.2461405,0.000082,".",
"Async TX","data",2.2462275,0.000082,"v",
"Async TX","data",2.246314,0.000082,"a",
"Async TX","data",2.246401,0.000082,"l",
"Async TX","data",2.2464875,0.000082,"=",
"Async TX","data",2.2465745,0.000082,"4",
"Async TX","data",2.2466615,0.000082,"9",
"Async TX","data",2.246748,0.000082,"ÿ",
"Async TX","data",2.246835,0.000082,"ÿ",
"Async TX","data",2.2469215,0.000082,"ÿ",
"Async TX","data",2.2470255,0.000082,"t",
"Async TX","data",2.2471125,0.000082,"0",
"Async TX","data",2.2471995,0.000082,".",
"Async TX","data",2.247286,0.000082,"t",
"Async TX","data",2.247373,0.000082,"x",
"Async TX","data",2.2474595,0.000082,"t",
"Async TX","data",2.2475465,0.000082,"=",
"Async TX","data",2.247633,0.000082,"""",
"Async TX","data",2.24772,0.000082,"4",
"Async TX","data",2.247807,0.000082,"9",
"Async TX","data",2.2478935,0.000082,"%",
"Async TX","data",2.2479805,0.000082,"""",
"Async TX","data",2.2480675,0.000082,"ÿ",
"Async TX","data",2.248154,0.000082,"ÿ",
"Async TX","data",2.248241,0.000082,"ÿ",
"Async TX","data",2.26875,0.000082,"j",
"Async TX","data",2.268837,0.000082,"0",
"Async TX","data",2.268924,0.000082,".",
"Async TX","data",2.2690105,0.000082,"v",
"Async TX","data",2.2690975,0.000082,"a",
"Async TX","data",2.269184,0.000082,"l",
"Async TX","data",2.269271,0.000082,"=",
"Async TX","data",2.269358,0.000082,"5",
"Async TX","data",2.2694445,0.000082,"0",
"Async TX","data",2.2695315,0.000082,"ÿ",
"Async TX","data",2.2696185,0.000082,"ÿ",
"Async TX","data",2.269705,0.000082,"ÿ",
"Async TX","data",2.2698095,0.000082,"t",
"Async TX","data",2.269896,0.000082,"0",
"Async TX","data",2.269983,0.000082,".",
"Async TX","data",2.2700695,0.000082,"t",
"Async TX","data",2.2701565,0.000082,"x",
"Async TX","data",2.2702435,0.000082,"t",
"Async TX","data",2.27033,0.000082,"=",
"Async TX","data",2.270417,0.000082,"""",
"Async TX","data",2.270504,0.000082,"5",
"Async TX","data",2.2705905,0.000082,"0",
"Async TX","data",2.2706775,0.000082,"%",
"Async TX","data",2.2707645,0.000082,"""",
"Async TX","data",2.270851,0.000082,"ÿ",
"Async TX","data",2.270938,0.000082,"ÿ",
"Async TX","data",2.271025,0.000082,"ÿ",
"Async TX","data",2.2915375,0.000082,"j",
"Async TX","data",2.291624,0.000082,"0",
"Async TX","data",2.291711,0.000082,".",
"Async TX","data",2.2917975,0.000082,"v",
"Async TX","data",2.2918845,0.000082,"a",
"Async TX","data",2.291971,0.000082,"l",
"Async TX","data",2.292058,0.000082,"=",
"Async TX","data",2.2921445,0.000082,"5",
"Async TX","data",2.2922315,0.000082,"1",
"Async TX","data",2.292318,0.000082,"ÿ",
"Async TX","data",2.292405,0.000082,"ÿ",
"Async TX","data",2.2924915,0.000082,"ÿ",
"Async TX","data",2.292587,0.000082,"t",
"Async TX","data",2.292674,0.000082,"0",
"Async TX","data",2.2927605,0.000082,".",
"Async TX","data",2.2928475,0.000082,"t",
"Async TX","data",2.292934,0.000082,"x",
"Async TX","data",2.293021,0.000082,"t",
"Async TX","data",2.2931075,0.000082,"=",
"Async TX","data",2.2931945,0.000082,"""",
"Async TX","data",2.2932815,0.000082,"5",
"Async TX","data",2.293368,0.000082,"1",
"Async TX","data",2.293455,0.000082,"%",
"Async TX","data",2.2935415,0.000082,"""",
"Async TX","data",2.2936285,0.000082,"ÿ",
"Async TX","data",2.293715,0.000082,"ÿ",
"Async TX","data",2.293802,0.000082,"ÿ",
"Async TX","data",2.314321,0.000082,"j",
"Async TX","data",2.314408,0.000082,"0",
"Async TX","data",2.314495,0.000082,".",
"Async TX","data",2.3145815,0.000082,"v",
"Async TX","data",2.3146685,0.000082,"a",
"Async TX","data",2.3147555,0.000082,"l",
"Async TX","data",2.314842,0.000082,"=",
"Async TX","data",2.314929,0.000082,"5",
"Async TX","data",2.3150155,0.000082,"2",
"Async TX","data",2.3151025,0.000082,"ÿ",
"Async TX","data",2.3151895,0.000082,"ÿ",
"Async TX","data",2.315276,0.000082,"ÿ",
"Async TX","data",2.3153715,0.000082,"t",
"Async TX","data",2.3154585,0.000082,"0",
"Async TX","data",2.315545,0.000082,".",
"Async TX","data",2.315632,0.000082,"t",
"Async TX","data",2.3157185,0.000082,"x",
"Async TX","data",2.3158055,0.000082,"t",
"Async TX","data",2.3158925,0.000082,"=",
"Async TX","data",2.315979,0.000082,"""",
"Async TX","data",2.316066,0.000082,"5",
"Async TX","data",2.3161525,0.000082,"2",
"Async TX","data",2.3162395,0.000082,"%",
"Async TX","data",2.316326,0.000082,"""",
"Async TX","data",2.316413,0.000082,"ÿ",
"Async TX","data",2.3164995,0.000082,"ÿ",
"Async TX","data",2.3165865,0.000082,"ÿ",
"Async TX","data",2.3371045,0.000082,"j",
"Async TX","data",2.3371915,0.000082,"0",
"Async TX","data",2.337278,0.000082,".",
"Async TX","data",2.337365,0.000082,"v",
"Async TX","data",2.3374515,0.000082,"a",
"Async TX","data",2.3375385,0.000082,"l",
"Async TX","data",2.337625,0.000082,"=",
"Async TX","data",2.337712,0.000082,"5",
"Async TX","data",2.3377985,0.000082,"3",
"Async TX","data",2.3378855,0.000082,"ÿ",
"Async TX","data",2.3379725,0.000082,"ÿ",
"Async TX","data",2.338059,0.000082,"ÿ",
"Async TX","data",2.3381545,0.000082,"t",
"Async TX","data",2.3382415,0.000082,"0",
"Async TX","data",2.338328,0.000082,".",
"Async TX","data",2.338415,0.000082,"t",
"Async TX","data",2.3385015,0.000082,"x",
"Async TX","data",2.3385885,0.000082,"t",
"Async TX","data",2.3386755,0.000082,"=",
"Async TX","data",2.338762,0.000082,"""",
"Async TX","data",2.338849,0.000082,"5",
"Async TX","data",2.3389355,0.000082,"3",
"Async TX","data",2.3390225,0.000082,"%",
"Async TX","data",2.339109,0.000082,"""",
"Async TX","data",2.339196,0.000082,"ÿ",
"Async TX","data",2.3392825,0.000082,"ÿ",
"Async TX","data",2.3393695,0.000082,"ÿ",
"Async TX","data",2.3598745,0.000082,"j",
"Async TX","data",2.3599615,0.000082,"0",
"Async TX","data",2.360048,0.000082,".",
"Async TX","data",2.360135,0.000082,"v",
"Async TX","data",2.3602215,0.000082,"a",
"Async TX","data",2.3603085,0.000082,"l",
"Async TX","data",2.360395,0.000082,"=",
"Async TX","data",2.3604815,0.000082,"5",
"Async TX","data",2.3605685,0.000082,"4",
"Async TX","data",2.360655,0.000082,"ÿ",
"Async TX","data",2.360742,0.000082,"ÿ",
"Async TX","data",2.3608285,0.000082,"ÿ",
"Async TX","data",2.360924,0.000082,"t",
"Async TX","data",2.3610105,0.000082,"0",
"Async TX","data",2.3610975,0.000082,".",
"Async TX","data",2.361184,0.000082,"t",
"Async TX","data",2.361271,0.000082,"x",
"Async TX","data",2.3613575,0.000082,"t",
"Async TX","data",2.3614445,0.000082,"=",
"Async TX","data",2.361531,0.000082,"""",
"Async TX","data",2.3616175,0.000082,"5",
"Async TX","data",2.3617045,0.000082,"4",
"Async TX","data",2.361791,0.000082,"%",
"Async TX","data",2.361878,0.000082,"""",
"Async TX","data",2.3619645,0.000082,"ÿ",
"Async TX","data",2.3620515,0.000082,"ÿ",
"Async TX","data",2.362138,0.000082,"ÿ",
"Async TX","data",2.3826385,0.000082,"j",
"Async TX","data",2.3827255,0.000082,"0",
"Async TX","data",2.382812,0.000082,".",
"Async TX","data",2.382899,0.000082,"v",
"Async TX","data",2.3829855,0.000082,"a",
"Async TX","data",2.3830725,0.000082,"l",
"Async TX","data",2.383159,0.000082,"=",
"Async TX","data",2.383246,0.000082,"5",
"Async TX","data",2.383333,0.000082,"5",
"Async TX","data",2.3834195,0.000082,"ÿ",
"Async TX","data",2.3835065,0.000082,"ÿ",
"Async TX","data",2.383593,0.000082,"ÿ",
"Async TX","data",2.3836885,0.000082,"t",
"Async TX","data",2.3837755,0.000082,"0",
"Async TX","data",2.383862,0.000082,".",
"Async TX","data",2.383949,0.000082,"t",
"Async TX","data",2.3840355,0.000082,"x",
"Async TX","data",2.3841225,0.000082,"t",
"Async TX","data",2.384209,0.000082,"=",
"Async TX","data",2.384296,0.000082,"""",
"Async TX","data",2.3843825,0.000082,"5",
"Async TX","data",2.3844695,0.000082,"5",
"Async TX","data",2.3845565,0.000082,"%",
"Async TX","data",2.384643,0.000082,"""",
"Async TX","data",2.38473,0.000082,"ÿ",
"Async TX","data",2.3848165,0.000082,"ÿ",
"Async TX","data",2.3849035,0.000082,"ÿ",
"Async TX","data",2.4054095,0.000082,"j",
"Async TX","data",2.4054965,0.000082,"0",
"Async TX","data",2.405583,0.000082,".",
"Async TX","data",2.40567,0.000082,"v",
"Async TX","data",2.405757,0.000082,"a",
"Async TX","data",2.4058435,0.000082,"l",
"Async TX","data",2.4059305,0.000082,"=",
"Async TX","data",2.406017,0.000082,"5",
"Async TX","data",2.406104,0.000082,"6",
"Async TX","data",2.4061905,0.000082,"ÿ",
"Async TX","data",2.4062775,0.000082,"ÿ",
"Async TX","data",2.406364,0.000082,"ÿ",
"Async TX","data",2.4064595,0.000082,"t",
"Async TX","data",2.4065465,0.000082,"0",
"Async TX","data",2.406633,0.000082,".",
"Async TX","data",2.40672,0.000082,"t",
"Async TX","data",2.4068065,0.000082,"x",
"Async TX","data",2.4068935,0.000082,"t",
"Async TX","data",2.40698,0.000082,"=",
"Async TX","data",2.407067,0.000082,"""",
"Async TX","data",2.407154,0.000082,"5",
"Async TX","data",2.4072405,0.000082,"6",
"Async TX","data",2.4073275,0.000082,"%",
"Async TX","data",2.407414,0.000082,"""",
"Async TX","data",2.407501,0.000082,"ÿ",
"Async TX","data",2.4075875,0.000082,"ÿ",
"Async TX","data",2.4076745,0.000082,"ÿ",
"Async TX","data",2.428181,0.000082,"j",
"Async TX","data",2.428268,0.000082,"0",
"Async TX","data",2.4283545,0.000082,".",
"Async TX","data",2.4284415,0.000082,"v",
"Async TX","data",2.428528,0.000082,"a",
"Async TX","data",2.428615,0.000082,"l",
"Async TX","data",2.4287015,0.000082,"=",
"Async TX","data",2.4287885,0.000082,"5",
"Async TX","data",2.428875,0.000082,"7",
"Async TX","data",2.428962,0.000082,"ÿ",
"Async TX","data",2.4290485,0.000082,"ÿ",
"Async TX","data",2.4291355,0.000082,"ÿ",
"Async TX","data",2.429231,0.000082,"t",
"Async TX","data",2.4293175,0.000082,"0",
"Async TX","data",2.4294045,0.000082,".",
"Async TX","data",2.429491,0.000082,"t",
"Async TX","data",2.429578,0.000082,"x",
"Async TX","data",2.429665,0.000082,"t",
"Async TX","data",2.4297515,0.000082,"=",
"Async TX","data",2.4298385,0.000082,"""",
"Async TX","data",2.429925,0.000082,"5",
"Async TX","data",2.430012,0.000082,"7",
"Async TX","data",2.4300985,0.000082,"%",
"Async TX","data",2.4301855,0.000082,"""",
"Async TX","data",2.430272,0.000082,"ÿ",
"Async TX","data",2.430359,0.000082,"ÿ",
"Async TX","data",2.4304455,0.000082,"ÿ",
"Async TX","data",2.450951,0.000082,"j",
"Async TX","data",2.4510375,0.000082,"0",
"Async TX","data",2.4511245,0.000082,".",
"Async TX","data",2.451211,0.000082,"v",
"Async TX","data",2.451298,0.000082,"a",
"Async TX","data",2.4513845,0.000082,"l",
"Async TX","data",2.4514715,0.000082,"=",
"Async TX","data",2.451558,0.000082,"5",
"Async TX","data",2.451645,0.000082,"8",
"Async TX","data",2.4517315,0.000082,"ÿ",
"Async TX","data",2.4518185,0.000082,"ÿ",
"Async TX","data",2.4519055,0.000082,"ÿ",
"Async TX","data",2.4520005,0.000082,"t",
"Async TX","data",2.4520875,0.000082,"0",
"Async TX","data",2.4521745,0.000082,".",
"Async TX","data",2.452261,0.000082,"t",
"Async TX","data",2.452348,0.000082,"x",
"Async TX","data",2.4524345,0.000082,"t",
"Async TX","data",2.4525215,0.000082,"=",
"Async TX","data",2.452608,0.000082,"""",
"Async TX","data",2.452695,0.000082,"5",
"Async TX","data",2.4527815,0.000082,"8",
"Async TX","data",2.4528685,0.000082,"%",
"Async TX","data",2.452955,0.000082,"""",
"Async TX","data",2.453042,0.000082,"ÿ",
"Async TX","data",2.4531285,0.000082,"ÿ",
"Async TX","data",2.4532155,0.000082,"ÿ",
"Async TX","data",2.4737135,0.000082,"j",
"Async TX","data",2.4738005,0.000082,"0",
"Async TX","data",2.473887,0.000082,".",
"Async TX","data",2.473974,0.000082,"v",
"Async TX","data",2.4740605,0.000082,"a",
"Async TX","data",2.4741475,0.000082,"l",
"Async TX","data",2.4742345,0.000082,"=",
"Async TX","data",2.474321,0.000082,"5",
"Async TX","data",2.474408,0.000082,"9",
"Async TX","data",2.4744945,0.000082,"ÿ",
"Async TX","data",2.4745815,0.000082,"ÿ",
"Async TX","data",2.474668,0.000082,"ÿ",
"Async TX","data",2.4747635,0.000082,"t",
"Async TX","data",2.4748505,0.000082,"0",
"Async TX","data",2.474937,0.000082,".",
"Async TX","data",2.475024,0.000082,"t",
"Async TX","data",2.4751105,0.000082,"x",
"Async TX","data",2.4751975,0.000082,"t",
"Async TX","data",2.475284,0.000082,"=",
"Async TX","data",2.475371,0.000082,"""",
"Async TX","data",2.475458,0.000082,"5",
"Async TX","data",2.4755445,0.000082,"9",
"Async TX","data",2.4756315,0.000082,"%",
"Async TX","data",2.475718,0.000082,"""",
"Async TX","data",2.475805,0.000082,"ÿ",
"Async TX","data",2.4758915,0.000082,"ÿ",
"Async TX","data",2.4759785,0.000082,"ÿ",
"Async TX","data",2.4964795,0.000082,"j",
"Async TX","data",2.4965665,0.000082,"0",
"Async TX","data",2.4966535,0.000082,".",
"Async TX","data",2.49674,0.000082,"v",
"Async TX","data",2.496827,0.000082,"a",
"Async TX","data",2.4969135,0.000082,"l",
"Async TX","data",2.4970005,0.000082,"=",
"Async TX","data",2.497087,0.000082,"6",
"Async TX","data",2.497174,0.000082,"0",
"Async TX","data",2.497261,0.000082,"ÿ",
"Async TX","data",2.4973475,0.000082,"ÿ",
"Async TX","data",2.4974345,0.000082,"ÿ",
"Async TX","data",2.49753,0.000082,"t",
"Async TX","data",2.4976165,0.000082,"0",
"Async TX","data",2.4977035,0.000082,".",
"Async TX","data",2.49779,0.000082,"t",
"Async TX","data",2.497877,0.000082,"x",
"Async TX","data",2.4979635,0.000082,"t",
"Async TX","data",2.4980505,0.000082,"=",
"Async TX","data",2.4981375,0.000082,"""",
"Async TX","data",2.498224,0.000082,"6",
"Async TX","data",2.498311,0.000082,"0",
"Async TX","data",2.4983975,0.000082,"%",
"Async TX","data",2.4984845,0.000082,"""",
"Async TX","data",2.498571,0.000082,"ÿ",
"Async TX","data",2.498658,0.000082,"ÿ",
"Async TX","data",2.4987445,0.000082,"ÿ",
"Async TX","data",2.519248,0.000082,"j",
"Async TX","data",2.519335,0.000082,"0",
"Async TX","data",2.519422,0.000082,".",
"Async TX","data",2.5195085,0.000082,"v",
"Async TX","data",2.5195955,0.000082,"a",
"Async TX","data",2.519682,0.000082,"l",
"Async TX","data",2.519769,0.000082,"=",
"Async TX","data",2.5198555,0.000082,"6",
"Async TX","data",2.5199425,0.000082,"1",
"Async TX","data",2.5200295,0.000082,"ÿ",
"Async TX","data",2.520116,0.000082,"ÿ",
"Async TX","data",2.520203,0.000082,"ÿ",
"Async TX","data",2.5202985,0.000082,"t",
"Async TX","data",2.520385,0.000082,"0",
"Async TX","data",2.520472,0.000082,".",
"Async TX","data",2.5205585,0.000082,"t",
"Async TX","data",2.5206455,0.000082,"x",
"Async TX","data",2.520732,0.000082,"t",
"Async TX","data",2.520819,0.000082,"=",
"Async TX","data",2.5209055,0.000082,"""",
"Async TX","data",2.5209925,0.000082,"6",
"Async TX","data",2.521079,0.000082,"1",
"Async TX","data",2.521166,0.000082,"%",
"Async TX","data",2.5212525,0.000082,"""",
"Async TX","data",2.5213395,0.000082,"ÿ",
"Async TX","data",2.521426,0.000082,"ÿ",
"Async TX","data",2.521513,0.000082,"ÿ",
"Async TX","data",2.5420155,0.000082,"j",
"Async TX","data",2.5421025,0.000082,"0",
"Async TX","data",2.542189,0.000082,".",
"Async TX","data",2.542276,0.000082,"v",
"Async TX","data",2.5423625,0.000082,"a",
"Async TX","data",2.5424495,0.000082,"l",
"Async TX","data",2.542536,0.000082,"=",
"Async TX","data",2.542623,0.000082,"6",
"Async TX","data",2.54271,0.000082,"2",
"Async TX","data",2.5427965,0.000082,"ÿ",
"Async TX","data",2.5428835,0.000082,"ÿ",
"Async TX","data",2.54297,0.000082,"ÿ",
"Async TX","data",2.5430655,0.000082,"t",
"Async TX","data",2.5431525,0.000082,"0",
"Async TX","data",2.543239,0.000082,".",
"Async TX","data",2.543326,0.000082,"t",
"Async TX","data",2.5434125,0.000082,"x",
"Async TX","data",2.5434995,0.000082,"t",
"Async TX","data",2.543586,0.000082,"=",
"Async TX","data",2.543673,0.000082,"""",
"Async TX","data",2.5437595,0.000082,"6",
"Async TX","data",2.5438465,0.000082,"2",
"Async TX","data",2.543933,0.000082,"%",
"Async TX","data",2.54402,0.000082,"""",
"Async TX","data",2.5441065,0.000082,"ÿ",
"Async TX","data",2.5441935,0.000082,"ÿ",
"Async TX","data",2.54428,0.000082,"ÿ",
"Async TX","data",2.564784,0.000082,"j",
"Async TX","data",2.5648705,0.000082,"0",
"Async TX","data",2.5649575,0.000082,".",
"Async TX","data",2.5650445,0.000082,"v",
"Async TX","data",2.565131,0.000082,"a",
"Async TX","data",2.565218,0.000082,"l",
"Async TX","data",2.565305,0.000082,"=",
"Async TX","data",2.5653915,0.000082,"6",
"Async TX","data",2.5654785,0.000082,"3",
"Async TX","data",2.565565,0.000082,"ÿ",
"Async TX","data",2.565652,0.000082,"ÿ",
"Async TX","data",2.5657385,0.000082,"ÿ",
"Async TX","data",2.565843,0.000082,"t",
"Async TX","data",2.5659295,0.000082,"0",
"Async TX","data",2.5660165,0.000082,".",
"Async TX","data",2.566103,0.000082,"t",
"Async TX","data",2.56619,0.000082,"x",
"Async TX","data",2.5662765,0.000082,"t",
"Async TX","data",2.5663635,0.000082,"=",
"Async TX","data",2.56645,0.000082,"""",
"Async TX","data",2.566537,0.000082,"6",
"Async TX","data",2.566624,0.000082,"3",
"Async TX","data",2.5667105,0.000082,"%",
"Async TX","data",2.5667975,0.000082,"""",
"Async TX","data",2.566884,0.000082,"ÿ",
"Async TX","data",2.566971,0.000082,"ÿ",
"Async TX","data",2.5670575,0.000082,"ÿ",
"Async TX","data",2.587563,0.000082,"j",
"Async TX","data",2.5876495,0.000082,"0",
"Async TX","data",2.5877365,0.000082,".",
"Async TX","data",2.587823,0.000082,"v",
"Async TX","data",2.58791,0.000082,"a",
"Async TX","data",2.5879965,0.000082,"l",
"Async TX","data",2.5880835,0.000082,"=",
"Async TX","data",2.58817,0.000082,"6",
"Async TX","data",2.588257,0.000082,"4",
"Async TX","data",2.5883435,0.000082,"ÿ",
"Async TX","data",2.5884305,0.000082,"ÿ",
"Async TX","data",2.588517,0.000082,"ÿ",
"Async TX","data",2.5886125,0.000082,"t",
"Async TX","data",2.5886995,0.000082,"0",
"Async TX","data",2.588786,0.000082,".",
"Async TX","data",2.588873,0.000082,"t",
"Async TX","data",2.5889595,0.000082,"x",
"Async TX","data",2.5890465,0.000082,"t",
"Async TX","data",2.589133,0.000082,"=",
"Async TX","data",2.58922,0.000082,"""",
"Async TX","data",2.589307,0.000082,"6",
"Async TX","data",2.5893935,0.000082,"4",
"Async TX","data",2.5894805,0.000082,"%",
"Async TX","data",2.589567,0.000082,"""",
"Async TX","data",2.589654,0.000082,"ÿ",
"Async TX","data",2.589741,0.000082,"ÿ",
"Async TX","data",2.5898275,0.000082,"ÿ",
"Async TX","data",2.610341,0.000082,"j",
"Async TX","data",2.610428,0.000082,"0",
"Async TX","data",2.6105145,0.000082,".",
"Async TX","data",2.6106015,0.000082,"v",
"Async TX","data",2.6106885,0.000082,"a",
"Async TX","data",2.610775,0.000082,"l",
"Async TX","data",2.610862,0.000082,"=",
"Async TX","data",2.6109485,0.000082,"6",
"Async TX","data",2.6110355,0.000082,"5",
"Async TX","data",2.6111225,0.000082,"ÿ",
"Async TX","data",2.611209,0.000082,"ÿ",
"Async TX","data",2.611296,0.000082,"ÿ",
"Async TX","data",2.6113915,0.000082,"t",
"Async TX","data",2.611478,0.000082,"0",
"Async TX","data",2.611565,0.000082,".",
"Async TX","data",2.611652,0.000082,"t",
"Async TX","data",2.6117385,0.000082,"x",
"Async TX","data",2.6118255,0.000082,"t",
"Async TX","data",2.6119125,0.000082,"=",
"Async TX","data",2.611999,0.000082,"""",
"Async TX","data",2.612086,0.000082,"6",
"Async TX","data",2.6121725,0.000082,"5",
"Async TX","data",2.6122595,0.000082,"%",
"Async TX","data",2.6123465,0.000082,"""",
"Async TX","data",2.612433,0.000082,"ÿ",
"Async TX","data",2.61252,0.000082,"ÿ",
"Async TX","data",2.6126065,0.000082,"ÿ",
"Async TX","data",2.633117,0.000082,"j",
"Async TX","data",2.633204,0.000082,"0",
"Async TX","data",2.6332905,0.000082,".",
"Async TX","data",2.6333775,0.000082,"v",
"Async TX","data",2.6334645,0.000082,"a",
"Async TX","data",2.633551,0.000082,"l",
"Async TX","data",2.633638,0.000082,"=",
"Async TX","data",2.6337245,0.000082,"6",
"Async TX","data",2.6338115,0.000082,"6",
"Async TX","data",2.6338985,0.000082,"ÿ",
"Async TX","data",2.633985,0.000082,"ÿ",
"Async TX","data",2.634072,0.000082,"ÿ",
"Async TX","data",2.6341675,0.000082,"t",
"Async TX","data",2.634254,0.000082,"0",
"Async TX","data",2.634341,0.000082,".",
"Async TX","data",2.6344275,0.000082,"t",
"Async TX","data",2.6345145,0.000082,"x",
"Async TX","data",2.634601,0.000082,"t",
"Async TX","data",2.634688,0.000082,"=",
"Async TX","data",2.6347745,0.000082,"""",
"Async TX","data",2.6348615,0.000082,"6",
"Async TX","data",2.6349485,0.000082,"6",
"Async TX","data",2.635035,0.000082,"%",
"Async TX","data",2.635122,0.000082,"""",
"Async TX","data",2.6352085,0.000082,"ÿ",
"Async TX","data",2.6352955,0.000082,"ÿ",
"Async TX","data",2.6353825,0.000082,"ÿ",
"Async TX","data",2.655893,0.000082,"j",
"Async TX","data",2.65598,0.000082,"0",
"Async TX","data",2.6560665,0.000082,".",
"Async TX","data",2.6561535,0.000082,"v",
"Async TX","data",2.65624,0.000082,"a",
"Async TX","data",2.656327,0.000082,"l",
"Async TX","data",2.6564135,0.000082,"=",
"Async TX","data",2.6565005,0.000082,"6",
"Async TX","data",2.656587,0.000082,"7",
"Async TX","data",2.656674,0.000082,"ÿ",
"Async TX","data",2.6567605,0.000082,"ÿ",
"Async TX","data",2.6568475,0.000082,"ÿ",
"Async TX","data",2.656943,0.000082,"t",
"Async TX","data",2.6570295,0.000082,"0",
"Async TX","data",2.6571165,0.000082,".",
"Async TX","data",2.657203,0.000082,"t",
"Async TX","data",2.65729,0.000082,"x",
"Async TX","data",2.6573765,0.000082,"t",
"Async TX","data",2.6574635,0.000082,"=",
"Async TX","data",2.65755,0.000082,"""",
"Async TX","data",2.657637,0.000082,"6",
"Async TX","data",2.6577235,0.000082,"7",
"Async TX","data",2.6578105,0.000082,"%",
"Async TX","data",2.657897,0.000082,"""",
"Async TX","data",2.657984,0.000082,"ÿ",
"Async TX","data",2.658071,0.000082,"ÿ",
"Async TX","data",2.6581575,0.000082,"ÿ",
"Async TX","data",2.678654,0.000082,"j",
"Async TX","data",2.6787405,0.000082,"0",
"Async TX","data",2.6788275,0.000082,".",
"Async TX","data",2.678914,0.000082,"v",
"Async TX","data",2.6790005,0.000082,"a",
"Async TX","data",2.6790875,0.000082,"l",
"Async TX","data",2.679174,0.000082,"=",
"Async TX","data",2.6792605,0.000082,"6",
"Async TX","data",2.6793475,0.000082,"8",
"Async TX","data",2.679434,0.000082,"ÿ",
"Async TX","data",2.679521,0.000082,"ÿ",
"Async TX","data",2.6796075,0.000082,"ÿ",
"Async TX","data",2.679703,0.000082,"t",
"Async TX","data",2.6797895,0.000082,"0",
"Async TX","data",2.6798765,0.000082,".",
"Async TX","data",2.679963,0.000082,"t",
"Async TX","data",2.68005,0.000082,"x",
"Async TX","data",2.6801365,0.000082,"t",
"Async TX","data",2.680223,0.000082,"=",
"Async TX","data",2.68031,0.000082,"""",
"Async TX","data",2.6803965,0.000082,"6",
"Async TX","data",2.6804835,0.000082,"8",
"Async TX","data",2.68057,0.000082,"%",
"Async TX","data",2.6806565,0.000082,"""",
"Async TX","data",2.6807435,0.000082,"ÿ",
"Async TX","data",2.68083,0.000082,"ÿ",
"Async TX","data",2.680917,0.000082,"ÿ",
"Async TX","data",2.7014195,0.000082,"j",
"Async TX","data",2.701506,0.000082,"0",
"Async TX","data",2.701593,0.000082,".",
"Async TX","data",2.7016795,0.000082,"v",
"Async TX","data",2.7017665,0.000082,"a",
"Async TX","data",2.701853,0.000082,"l",
"Async TX","data",2.70194,0.000082,"=",
"Async TX","data",2.7020265,0.000082,"6",
"Async TX","data",2.7021135,0.000082,"9",
"Async TX","data",2.7022,0.000082,"ÿ",
"Async TX","data",2.702287,0.000082,"ÿ",
"Async TX","data",2.7023735,0.000082,"ÿ",
"Async TX","data",2.702469,0.000082,"t",
"Async TX","data",2.702556,0.000082,"0",
"Async TX","data",2.7026425,0.000082,".",
"Async TX","data",2.7027295,0.000082,"t",
"Async TX","data",2.702816,0.000082,"x",
"Async TX","data",2.702903,0.000082,"t",
"Async TX","data",2.7029895,0.000082,"=",
"Async TX","data",2.7030765,0.000082,"""",
"Async TX","data",2.703163,0.000082,"6",
"Async TX","data",2.70325,0.000082,"9",
"Async TX","data",2.7033365,0.000082,"%",
"Async TX","data",2.7034235,0.000082,"""",
"Async TX","data",2.70351,0.000082,"ÿ",
"Async TX","data",2.703597,0.000082,"ÿ",
"Async TX","data",2.7036835,0.000082,"ÿ",
"Async TX","data",2.724189,0.000082,"j",
"Async TX","data",2.7242755,0.000082,"0",
"Async TX","data",2.7243625,0.000082,".",
"Async TX","data",2.724449,0.000082,"v",
"Async TX","data",2.724536,0.000082,"a",
"Async TX","data",2.724623,0.000082,"l",
"Async TX","data",2.7247095,0.000082,"=",
"Async TX","data",2.7247965,0.000082,"7",
"Async TX","data",2.724883,0.000082,"0",
"Async TX","data",2.72497,0.000082,"ÿ",
"Async TX","data",2.7250565,0.000082,"ÿ",
"Async TX","data",2.7251435,0.000082,"ÿ",
"Async TX","data",2.725239,0.000082,"t",
"Async TX","data",2.725326,0.000082,"0",
"Async TX","data",2.7254125,0.000082,".",
"Async TX","data",2.7254995,0.000082,"t",
"Async TX","data",2.725586,0.000082,"x",
"Async TX","data",2.725673,0.000082,"t",
"Async TX","data",2.7257595,0.000082,"=",
"Async TX","data",2.7258465,0.000082,"""",
"Async TX","data",2.7259335,0.000082,"7",
"Async TX","data",2.72602,0.000082,"0",
"Async TX","data",2.726107,0.000082,"%",
"Async TX","data",2.7261935,0.000082,"""",
"Async TX","data",2.7262805,0.000082,"ÿ",
"Async TX","data",2.726367,0.000082,"ÿ",
"Async TX","data",2.726454,0.000082,"ÿ",
"Async TX","data",2.74696,0.000082,"j",
"Async TX","data",2.747047,0.000082,"0",
"Async TX","data",2.7471335,0.000082,".",
"Async TX","data",2.7472205,0.000082,"v",
"Async TX","data",2.747307,0.000082,"a",
"Async TX","data",2.747394,0.000082,"l",
"Async TX","data",2.7474805,0.000082,"=",
"Async TX","data",2.7475675,0.000082,"7",
"Async TX","data",2.747654,0.000082,"1",
"Async TX","data",2.747741,0.000082,"ÿ",
"Async TX","data",2.7478275,0.000082,"ÿ",
"Async TX","data",2.7479145,0.000082,"ÿ",
"Async TX","data",2.7480185,0.000082,"t",
"Async TX","data",2.7481055,0.000082,"0",
"Async TX","data",2.748192,0.000082,".",
"Async TX","data",2.748279,0.000082,"t",
"Async TX","data",2.7483655,0.000082,"x",
"Async TX","data",2.7484525,0.000082,"t",
"Async TX","data",2.748539,0.000082,"=",
"Async TX","data",2.748626,0.000082,"""",
"Async TX","data",2.7487125,0.000082,"7",
"Async TX","data",2.748799,0.000082,"1",
"Async TX","data",2.748886,0.000082,"%",
"Async TX","data",2.748973,0.000082,"""",
"Async TX","data",2.7490595,0.000082,"ÿ",
"Async TX","data",2.7491465,0.000082,"ÿ",
"Async TX","data",2.749233,0.000082,"ÿ",
"Async TX","data",2.769749,0.000082,"j",
"Async TX","data",2.7698355,0.000082,"0",
"Async TX","data",2.7699225,0.000082,".",
"Async TX","data",2.770009,0.000082,"v",
"Async TX","data",2.770096,0.000082,"a",
"Async TX","data",2.7701825,0.000082,"l",
"Async TX","data",2.7702695,0.000082,"=",
"Async TX","data",2.7703565,0.000082,"7",
"Async TX","data",2.770443,0.000082,"2",
"Async TX","data",2.77053,0.000082,"ÿ",
"Async TX","data",2.7706165,0.000082,"ÿ",
"Async TX","data",2.7707035,0.000082,"ÿ",
"Async TX","data",2.7708075,0.000082,"t",
"Async TX","data",2.7708945,0.000082,"0",
"Async TX","data",2.770981,0.000082,".",
"Async TX","data",2.771068,0.000082,"t",
"Async TX","data",2.7711545,0.000082,"x",
"Async TX","data",2.7712415,0.000082,"t",
"Async TX","data",2.771328,0.000082,"=",
"Async TX","data",2.771415,0.000082,"""",
"Async TX","data",2.7715015,0.000082,"7",
"Async TX","data",2.7715885,0.000082,"2",
"Async TX","data",2.771675,0.000082,"%",
"Async TX","data",2.771762,0.000082,"""",
"Async TX","data",2.7718485,0.000082,"ÿ",
"Async TX","data",2.7719355,0.000082,"ÿ",
"Async TX","data",2.7720225,0.000082,"ÿ",
"Async TX","data",2.7925265,0.000082,"j",
"Async TX","data",2.7926135,0.000082,"0",
"Async TX","data",2.7927,0.000082,".",
"Async TX","data",2.792787,0.000082,"v",
"Async TX","data",2.7928735,0.000082,"a",
"Async TX","data",2.7929605,0.000082,"l",
"Async TX","data",2.793047,0.000082,"=",
"Async TX","data",2.793134,0.000082,"7",
"Async TX","data",2.7932205,0.000082,"3",
"Async TX","data",2.7933075,0.000082,"ÿ",
"Async TX","data",2.793394,0.000082,"ÿ",
"Async TX","data",2.793481,0.000082,"ÿ",
"Async TX","data",2.7935765,0.000082,"t",
"Async TX","data",2.7936635,0.000082,"0",
"Async TX","data",2.79375,0.000082,".",
"Async TX","data",2.793837,0.000082,"t",
"Async TX","data",2.793924,0.000082,"x",
"Async TX","data",2.7940105,0.000082,"t",
"Async TX","data",2.7940975,0.000082,"=",
"Async TX","data",2.794184,0.000082,"""",
"Async TX","data",2.794271,0.000082,"7",
"Async TX","data",2.794358,0.000082,"3",
"Async TX","data",2.7944445,0.000082,"%",
"Async TX","data",2.7945315,0.000082,"""",
"Async TX","data",2.794618,0.000082,"ÿ",
"Async TX","data",2.794705,0.000082,"ÿ",
"Async TX","data",2.794792,0.000082,"ÿ",
"Async TX","data",2.815303,0.000082,"j",
"Async TX","data",2.81539,0.000082,"0",
"Async TX","data",2.815477,0.000082,".",
"Async TX","data",2.8155635,0.000082,"v",
"Async TX","data",2.8156505,0.000082,"a",
"Async TX","data",2.815737,0.000082,"l",
"Async TX","data",2.815824,0.000082,"=",
"Async TX","data",2.8159105,0.000082,"7",
"Async TX","data",2.8159975,0.000082,"4",
"Async TX","data",2.8160845,0.000082,"ÿ",
"Async TX","data",2.816171,0.000082,"ÿ",
"Async TX","data",2.816258,0.000082,"ÿ",
"Async TX","data",2.8163535,0.000082,"t",
"Async TX","data",2.8164405,0.000082,"0",
"Async TX","data",2.816527,0.000082,".",
"Async TX","data",2.816614,0.000082,"t",
"Async TX","data",2.8167005,0.000082,"x",
"Async TX","data",2.8167875,0.000082,"t",
"Async TX","data",2.8168745,0.000082,"=",
"Async TX","data",2.816961,0.000082,"""",
"Async TX","data",2.817048,0.000082,"7",
"Async TX","data",2.817135,0.000082,"4",
"Async TX","data",2.8172215,0.000082,"%",
"Async TX","data",2.8173085,0.000082,"""",
"Async TX","data",2.817395,0.000082,"ÿ",
"Async TX","data",2.817482,0.000082,"ÿ",
"Async TX","data",2.8175685,0.000082,"ÿ",
"Async TX","data",2.8380835,0.000082,"j",
"Async TX","data",2.8381705,0.000082,"0",
"Async TX","data",2.8382575,0.000082,".",
"Async TX","data",2.838344,0.000082,"v",
"Async TX","data",2.838431,0.000082,"a",
"Async TX","data",2.8385175,0.000082,"l",
"Async TX","data",2.8386045,0.000082,"=",
"Async TX","data",2.838691,0.000082,"7",
"Async TX","data",2.838778,0.000082,"5",
"Async TX","data",2.8388645,0.000082,"ÿ",
"Async TX","data",2.8389515,0.000082,"ÿ",
"Async TX","data",2.8390385,0.000082,"ÿ",
"Async TX","data",2.8391335,0.000082,"t",
"Async TX","data",2.8392205,0.000082,"0",
"Async TX","data",2.8393075,0.000082,".",
"Async TX","data",2.839394,0.000082,"t",
"Async TX","data",2.839481,0.000082,"x",
"Async TX","data",2.8395675,0.000082,"t",
"Async TX","data",2.8396545,0.000082,"=",
"Async TX","data",2.839741,0.000082,"""",
"Async TX","data",2.839828,0.000082,"7",
"Async TX","data",2.839915,0.000082,"5",
"Async TX","data",2.8400015,0.000082,"%",
"Async TX","data",2.8400885,0.000082,"""",
"Async TX","data",2.840175,0.000082,"ÿ",
"Async TX","data",2.840262,0.000082,"ÿ",
"Async TX","data",2.840349,0.000082,"ÿ",
"Async TX","data",2.860868,0.000082,"j",
"Async TX","data",2.860955,0.000082,"0",
"Async TX","data",2.861042,0.000082,".",
"Async TX","data",2.8611285,0.000082,"v",
"Async TX","data",2.8612155,0.000082,"a",
"Async TX","data",2.8613025,0.000082,"l",
"Async TX","data",2.861389,0.000082,"=",
"Async TX","data",2.861476,0.000082,"7",
"Async TX","data",2.8615625,0.000082,"6",
"Async TX","data",2.8616495,0.000082,"ÿ",
"Async TX","data",2.8617365,0.000082,"ÿ",
"Async TX","data",2.861823,0.000082,"ÿ",
"Async TX","data",2.8619185,0.000082,"t",
"Async TX","data",2.8620055,0.000082,"0",
"Async TX","data",2.862092,0.000082,".",
"Async TX","data",2.862179,0.000082,"t",
"Async TX","data",2.862266,0.000082,"x",
"Async TX","data",2.8623525,0.000082,"t",
"Async TX","data",2.8624395,0.000082,"=",
"Async TX","data",2.862526,0.000082,"""",
"Async TX","data",2.862613,0.000082,"7",
"Async TX","data",2.8626995,0.000082,"6",
"Async TX","data",2.8627865,0.000082,"%",
"Async TX","data",2.8628735,0.000082,"""",
"Async TX","data",2.86296,0.000082,"ÿ",
"Async TX","data",2.863047,0.000082,"ÿ",
"Async TX","data",2.8631335,0.000082,"ÿ",
"Async TX","data",2.883645,0.000082,"j",
"Async TX","data",2.8837315,0.000082,"0",
"Async TX","data",2.8838185,0.000082,".",
"Async TX","data",2.883905,0.000082,"v",
"Async TX","data",2.883992,0.000082,"a",
"Async TX","data",2.8840785,0.000082,"l",
"Async TX","data",2.8841655,0.000082,"=",
"Async TX","data",2.8842525,0.000082,"7",
"Async TX","data",2.884339,0.000082,"7",
"Async TX","data",2.884426,0.000082,"ÿ",
"Async TX","data",2.8845125,0.000082,"ÿ",
"Async TX","data",2.8845995,0.000082,"ÿ",
"Async TX","data",2.8847035,0.000082,"t",
"Async TX","data",2.8847905,0.000082,"0",
"Async TX","data",2.884877,0.000082,".",
"Async TX","data",2.884964,0.000082,"t",
"Async TX","data",2.8850505,0.000082,"x",
"Async TX","data",2.8851375,0.000082,"t",
"Async TX","data",2.885224,0.000082,"=",
"Async TX","data",2.885311,0.000082,"""",
"Async TX","data",2.885398,0.000082,"7",
"Async TX","data",2.8854845,0.000082,"7",
"Async TX","data",2.8855715,0.000082,"%",
"Async TX","data",2.885658,0.000082,"""",
"Async TX","data",2.885745,0.000082,"ÿ",
"Async TX","data",2.8858315,0.000082,"ÿ",
"Async TX","data",2.8859185,0.000082,"ÿ",
"Async TX","data",2.906425,0.000082,"j",
"Async TX","data",2.906512,0.000082,"0",
"Async TX","data",2.9065985,0.000082,".",
"Async TX","data",2.9066855,0.000082,"v",
"Async TX","data",2.906772,0.000082,"a",
"Async TX","data",2.906859,0.000082,"l",
"Async TX","data",2.9069455,0.000082,"=",
"Async TX","data",2.9070325,0.000082,"7",
"Async TX","data",2.9071195,0.000082,"8",
"Async TX","data",2.907206,0.000082,"ÿ",
"Async TX","data",2.907293,0.000082,"ÿ",
"Async TX","data",2.9073795,0.000082,"ÿ",
"Async TX","data",2.907475,0.000082,"t",
"Async TX","data",2.907562,0.000082,"0",
"Async TX","data",2.9076485,0.000082,".",
"Async TX","data",2.9077355,0.000082,"t",
"Async TX","data",2.907822,0.000082,"x",
"Async TX","data",2.907909,0.000082,"t",
"Async TX","data",2.907996,0.000082,"=",
"Async TX","data",2.9080825,0.000082,"""",
"Async TX","data",2.9081695,0.000082,"7",
"Async TX","data",2.908256,0.000082,"8",
"Async TX","data",2.908343,0.000082,"%",
"Async TX","data",2.90843,0.000082,"""",
"Async TX","data",2.9085165,0.000082,"ÿ",
"Async TX","data",2.9086035,0.000082,"ÿ",
"Async TX","data",2.9086905,0.000082,"ÿ",
"Async TX","data",2.929191,0.000082,"j",
"Async TX","data",2.929278,0.000082,"0",
"Async TX","data",2.9293645,0.000082,".",
"Async TX","data",2.9294515,0.000082,"v",
"Async TX","data",2.929538,0.000082,"a",
"Async TX","data",2.929625,0.000082,"l",
"Async TX","data",2.9297115,0.000082,"=",
"Async TX","data",2.9297985,0.000082,"7",
"Async TX","data",2.929885,0.000082,"9",
"Async TX","data",2.929972,0.000082,"ÿ",
"Async TX","data",2.9300585,0.000082,"ÿ",
"Async TX","data",2.9301455,0.000082,"ÿ",
"Async TX","data",2.930241,0.000082,"t",
"Async TX","data",2.9303275,0.000082,"0",
"Async TX","data",2.9304145,0.000082,".",
"Async TX","data",2.930501,0.000082,"t",
"Async TX","data",2.930588,0.000082,"x",
"Async TX","data",2.9306745,0.000082,"t",
"Async TX","data",2.9307615,0.000082,"=",
"Async TX","data",2.930848,0.000082,"""",
"Async TX","data",2.9309345,0.000082,"7",
"Async TX","data",2.9310215,0.000082,"9",
"Async TX","data",2.931108,0.000082,"%",
"Async TX","data",2.931195,0.000082,"""",
"Async TX","data",2.931282,0.000082,"ÿ",
"Async TX","data",2.9313685,0.000082,"ÿ",
"Async TX","data",2.9314555,0.000082,"ÿ",
"Async TX","data",2.9519615,0.000082,"j",
"Async TX","data",2.9520485,0.000082,"0",
"Async TX","data",2.952135,0.000082,".",
"Async TX","data",2.952222,0.000082,"v",
"Async TX","data",2.952309,0.000082,"a",
"Async TX","data",2.9523955,0.000082,"l",
"Async TX","data",2.9524825,0.000082,"=",
"Async TX","data",2.952569,0.000082,"8",
"Async TX","data",2.952656,0.000082,"0",
"Async TX","data",2.952743,0.000082,"ÿ",
"Async TX","data",2.9528295,0.000082,"ÿ",
"Async TX","data",2.9529165,0.000082,"ÿ",
"Async TX","data",2.9530205,0.000082,"t",
"Async TX","data",2.9531075,0.000082,"0",
"Async TX","data",2.953194,0.000082,".",
"Async TX","data",2.953281,0.000082,"t",
"Async TX","data",2.9533675,0.000082,"x",
"Async TX","data",2.9534545,0.000082,"t",
"Async TX","data",2.9535415,0.000082,"=",
"Async TX","data",2.953628,0.000082,"""",
"Async TX","data",2.953715,0.000082,"8",
"Async TX","data",2.9538015,0.000082,"0",
"Async TX","data",2.9538885,0.000082,"%",
"Async TX","data",2.953975,0.000082,"""",
"Async TX","data",2.954062,0.000082,"ÿ",
"Async TX","data",2.9541485,0.000082,"ÿ",
"Async TX","data",2.9542355,0.000082,"ÿ",
"Async TX","data",2.9747465,0.000082,"j",
"Async TX","data",2.9748335,0.000082,"0",
"Async TX","data",2.97492,0.000082,".",
"Async TX","data",2.975007,0.000082,"v",
"Async TX","data",2.9750935,0.000082,"a",
"Async TX","data",2.9751805,0.000082,"l",
"Async TX","data",2.9752675,0.000082,"=",
"Async TX","data",2.975354,0.000082,"8",
"Async TX","data",2.975441,0.000082,"1",
"Async TX","data",2.9755275,0.000082,"ÿ",
"Async TX","data",2.9756145,0.000082,"ÿ",
"Async TX","data",2.975701,0.000082,"ÿ",
"Async TX","data",2.9757965,0.000082,"t",
"Async TX","data",2.9758835,0.000082,"0",
"Async TX","data",2.97597,0.000082,".",
"Async TX","data",2.976057,0.000082,"t",
"Async TX","data",2.9761435,0.000082,"x",
"Async TX","data",2.9762305,0.000082,"t",
"Async TX","data",2.976317,0.000082,"=",
"Async TX","data",2.976404,0.000082,"""",
"Async TX","data",2.976491,0.000082,"8",
"Async TX","data",2.9765775,0.000082,"1",
"Async TX","data",2.9766645,0.000082,"%",
"Async TX","data",2.976751,0.000082,"""",
"Async TX","data",2.976838,0.000082,"ÿ",
"Async TX","data",2.9769245,0.000082,"ÿ",
"Async TX","data",2.9770115,0.000082,"ÿ",
"Async TX","data",2.9975125,0.000082,"j",
"Async TX","data",2.9975995,0.000082,"0",
"Async TX","data",2.997686,0.000082,".",
"Async TX","data",2.997773,0.000082,"v",
"Async TX","data",2.9978595,0.000082,"a",
"Async TX","data",2.997946,0.000082,"l",
"Async TX","data",2.998033,0.000082,"=",
"Async TX","data",2.9981195,0.000082,"8",
"Async TX","data",2.9982065,0.000082,"2",
"Async TX","data",2.998293,0.000082,"ÿ",
"Async TX","data",2.99838,0.000082,"ÿ",
"Async TX","data",2.9984665,0.000082,"ÿ",
"Async TX","data",2.998562,0.000082,"t",
"Async TX","data",2.998649,0.000082,"0",
"Async TX","data",2.9987355,0.000082,".",
"Async TX","data",2.9988225,0.000082,"t",
"Async TX","data",2.998909,0.000082,"x",
"Async TX","data",2.998996,0.000082,"t",
"Async TX","data",2.999083,0.000082,"=",
"Async TX","data",2.9991695,0.000082,"""",
"Async TX","data",2.9992565,0.000082,"8",
"Async TX","data",2.999343,0.000082,"2",
"Async TX","data",2.99943,0.000082,"%",
"Async TX","data",2.9995165,0.000082,"""",
"Async TX","data",2.9996035,0.000082,"ÿ",
"Async TX","data",2.9996905,0.000082,"ÿ",
"Async TX","data",2.999777,0.000082,"ÿ",
"Async TX","data",3.0202825,0.000082,"j",
"Async TX","data",3.0203695,0.000082,"0",
"Async TX","data",3.020456,0.000082,".",
"Async TX","data",3.020543,0.000082,"v",
"Async TX","data",3.0206295,0.000082,"a",
"Async TX","data",3.0207165,0.000082,"l",
"Async TX","data",3.0208035,0.000082,"=",
"Async TX","data",3.02089,0.000082,"8",
"Async TX","data",3.020977,0.000082,"3",
"Async TX","data",3.0210635,0.000082,"ÿ",
"Async TX","data",3.0211505,0.000082,"ÿ",
"Async TX","data",3.021237,0.000082,"ÿ",
"Async TX","data",3.0213325,0.000082,"t",
"Async TX","data",3.0214195,0.000082,"0",
"Async TX","data",3.021506,0.000082,".",
"Async TX","data",3.021593,0.000082,"t",
"Async TX","data",3.0216795,0.000082,"x",
"Async TX","data",3.0217665,0.000082,"t",
"Async TX","data",3.0218535,0.000082,"=",
"Async TX","data",3.02194,0.000082,"""",
"Async TX","data",3.022027,0.000082,"8",
"Async TX","data",3.0221135,0.000082,"3",
"Async TX","data",3.0222005,0.000082,"%",
"Async TX","data",3.0222875,0.000082,"""",
"Async TX","data",3.022374,0.000082,"ÿ",
"Async TX","data",3.022461,0.000082,"ÿ",
"Async TX","data",3.0225475,0.000082,"ÿ",
"Async TX","data",3.0430545,0.000082,"j",
"Async TX","data",3.0431415,0.000082,"0",
"Async TX","data",3.043228,0.000082,".",
"Async TX","data",3.043315,0.000082,"v",
"Async TX","data",3.0434015,0.000082,"a",
"Async TX","data",3.0434885,0.000082,"l",
"Async TX","data",3.0435755,0.000082,"=",
"Async TX","data",3.043662,0.000082,"8",
"Async TX","data",3.043749,0.000082,"4",
"Async TX","data",3.0438355,0.000082,"ÿ",
"Async TX","data",3.0439225,0.000082,"ÿ",
"Async TX","data",3.0440095,0.000082,"ÿ",
"Async TX","data",3.044105,0.000082,"t",
"Async TX","data",3.0441915,0.000082,"0",
"Async TX","data",3.0442785,0.000082,".",
"Async TX","data",3.0443655,0.000082,"t",
"Async TX","data",3.044452,0.000082,"x",
"Async TX","data",3.044539,0.000082,"t",
"Async TX","data",3.0446255,0.000082,"=",
"Async TX","data",3.0447125,0.000082,"""",
"Async TX","data",3.044799,0.000082,"8",
"Async TX","data",3.044886,0.000082,"4",
"Async TX","data",3.044973,0.000082,"%",
"Async TX","data",3.0450595,0.000082,"""",
"Async TX","data",3.0451465,0.000082,"ÿ",
"Async TX","data",3.045233,0.000082,"ÿ",
"Async TX","data",3.04532,0.000082,"ÿ",
"Async TX","data",3.065828,0.000082,"j",
"Async TX","data",3.065915,0.000082,"0",
"Async TX","data",3.0660015,0.000082,".",
"Async TX","data",3.0660885,0.000082,"v",
"Async TX","data",3.066175,0.000082,"a",
"Async TX","data",3.066262,0.000082,"l",
"Async TX","data",3.0663485,0.000082,"=",
"Async TX","data",3.0664355,0.000082,"8",
"Async TX","data",3.0665225,0.000082,"5",
"Async TX","data",3.066609,0.000082,"ÿ",
"Async TX","data",3.066696,0.000082,"ÿ",
"Async TX","data",3.0667825,0.000082,"ÿ",
"Async TX","data",3.066878,0.000082,"t",
"Async TX","data",3.066965,0.000082,"0",
"Async TX","data",3.0670515,0.000082,".",
"Async TX","data",3.0671385,0.000082,"t",
"Async TX","data",3.067225,0.000082,"x",
"Async TX","data",3.067312,0.000082,"t",
"Async TX","data",3.0673985,0.000082,"=",
"Async TX","data",3.0674855,0.000082,"""",
"Async TX","data",3.067572,0.000082,"8",
"Async TX","data",3.067659,0.000082,"5",
"Async TX","data",3.0677455,0.000082,"%",
"Async TX","data",3.0678325,0.000082,"""",
"Async TX","data",3.067919,0.000082,"ÿ",
"Async TX","data",3.068006,0.000082,"ÿ",
"Async TX","data",3.0680925,0.000082,"ÿ",
"Async TX","data",3.0885945,0.000082,"j",
"Async TX","data",3.0886815,0.000082,"0",
"Async TX","data",3.088768,0.000082,".",
"Async TX","data",3.088855,0.000082,"v",
"Async TX","data",3.0889415,0.000082,"a",
"Async TX","data",3.0890285,0.000082,"l",
"Async TX","data",3.089115,0.000082,"=",
"Async TX","data",3.089202,0.000082,"8",
"Async TX","data",3.089289,0.000082,"6",
"Async TX","data",3.0893755,0.000082,"ÿ",
"Async TX","data",3.0894625,0.000082,"ÿ",
"Async TX","data",3.089549,0.000082,"ÿ",
"Async TX","data",3.089653,0.000082,"t",
"Async TX","data",3.08974,0.000082,"0",
"Async TX","data",3.0898265,0.000082,".",
"Async TX","data",3.0899135,0.000082,"t",
"Async TX","data",3.09,0.000082,"x",
"Async TX","data",3.090087,0.000082,"t",
"Async TX","data",3.0901735,0.000082,"=",
"Async TX","data",3.0902605,0.000082,"""",
"Async TX","data",3.090347,0.000082,"8",
"Async TX","data",3.090434,0.000082,"6",
"Async TX","data",3.0905205,0.000082,"%",
"Async TX","data",3.0906075,0.000082,"""",
"Async TX","data",3.090694,0.000082,"ÿ",
"Async TX","data",3.090781,0.000082,"ÿ",
"Async TX","data",3.0908675,0.000082,"ÿ",
"Async TX","data",3.111378,0.000082,"j",
"Async TX","data",3.111465,0.000082,"0",
"Async TX","data",3.111552,0.000082,".",
"Async TX","data",3.1116385,0.000082,"v",
"Async TX","data",3.1117255,0.000082,"a",
"Async TX","data",3.111812,0.000082,"l",
"Async TX","data",3.111899,0.000082,"=",
"Async TX","data",3.1119855,0.000082,"8",
"Async TX","data",3.1120725,0.000082,"7",
"Async TX","data",3.1121595,0.000082,"ÿ",
"Async TX","data",3.112246,0.000082,"ÿ",
"Async TX","data",3.112333,0.000082,"ÿ",
"Async TX","data",3.1124285,0.000082,"t",
"Async TX","data",3.112515,0.000082,"0",
"Async TX","data",3.112602,0.000082,".",
"Async TX","data",3.1126885,0.000082,"t",
"Async TX","data",3.1127755,0.000082,"x",
"Async TX","data",3.112862,0.000082,"t",
"Async TX","data",3.112949,0.000082,"=",
"Async TX","data",3.1130355,0.000082,"""",
"Async TX","data",3.1131225,0.000082,"8",
"Async TX","data",3.113209,0.000082,"7",
"Async TX","data",3.113296,0.000082,"%",
"Async TX","data",3.1133825,0.000082,"""",
"Async TX","data",3.1134695,0.000082,"ÿ",
"Async TX","data",3.113556,0.000082,"ÿ",
"Async TX","data",3.113643,0.000082,"ÿ",
"Async TX","data",3.1341465,0.000082,"j",
"Async TX","data",3.1342335,0.000082,"0",
"Async TX","data",3.13432,0.000082,".",
"Async TX","data",3.134407,0.000082,"v",
"Async TX","data",3.1344935,0.000082,"a",
"Async TX","data",3.1345805,0.000082,"l",
"Async TX","data",3.1346675,0.000082,"=",
"Async TX","data",3.134754,0.000082,"8",
"Async TX","data",3.134841,0.000082,"8",
"Async TX","data",3.1349275,0.000082,"ÿ",
"Async TX","data",3.1350145,0.000082,"ÿ",
"Async TX","data",3.135101,0.000082,"ÿ",
"Async TX","data",3.1351965,0.000082,"t",
"Async TX","data",3.1352835,0.000082,"0",
"Async TX","data",3.13537,0.000082,".",
"Async TX","data",3.135457,0.000082,"t",
"Async TX","data",3.1355435,0.000082,"x",
"Async TX","data",3.1356305,0.000082,"t",
"Async TX","data",3.135717,0.000082,"=",
"Async TX","data",3.135804,0.000082,"""",
"Async TX","data",3.1358905,0.000082,"8",
"Async TX","data",3.1359775,0.000082,"8",
"Async TX","data",3.136064,0.000082,"%",
"Async TX","data",3.136151,0.000082,"""",
"Async TX","data",3.1362375,0.000082,"ÿ",
"Async TX","data",3.1363245,0.000082,"ÿ",
"Async TX","data",3.136411,0.000082,"ÿ",
"Async TX","data",3.1569225,0.000082,"j",
"Async TX","data",3.157009,0.000082,"0",
"Async TX","data",3.157096,0.000082,".",
"Async TX","data",3.1571825,0.000082,"v",
"Async TX","data",3.1572695,0.000082,"a",
"Async TX","data",3.1573565,0.000082,"l",
"Async TX","data",3.157443,0.000082,"=",
"Async TX","data",3.15753,0.000082,"8",
"Async TX","data",3.1576165,0.000082,"9",
"Async TX","data",3.157703,0.000082,"ÿ",
"Async TX","data",3.15779,0.000082,"ÿ",
"Async TX","data",3.1578765,0.000082,"ÿ",
"Async TX","data",3.157972,0.000082,"t",
"Async TX","data",3.158059,0.000082,"0",
"Async TX","data",3.1581455,0.000082,".",
"Async TX","data",3.1582325,0.000082,"t",
"Async TX","data",3.1583195,0.000082,"x",
"Async TX","data",3.158406,0.000082,"t",
"Async TX","data",3.158493,0.000082,"=",
"Async TX","data",3.1585795,0.000082,"""",
"Async TX","data",3.1586665,0.000082,"8",
"Async TX","data",3.158753,0.000082,"9",
"Async TX","data",3.15884,0.000082,"%",
"Async TX","data",3.1589265,0.000082,"""",
"Async TX","data",3.1590135,0.000082,"ÿ",
"Async TX","data",3.1591,0.000082,"ÿ",
"Async TX","data",3.159187,0.000082,"ÿ",
"Async TX","data",3.179697,0.000082,"j",
"Async TX","data",3.179784,0.000082,"0",
"Async TX","data",3.1798705,0.000082,".",
"Async TX","data",3.1799575,0.000082,"v",
"Async TX","data",3.180044,0.000082,"a",
"Async TX","data",3.180131,0.000082,"l",
"Async TX","data",3.1802175,0.000082,"=",
"Async TX","data",3.1803045,0.000082,"9",
"Async TX","data",3.180391,0.000082,"0",
"Async TX","data",3.180478,0.000082,"ÿ",
"Async TX","data",3.1805645,0.000082,"ÿ",
"Async TX","data",3.1806515,0.000082,"ÿ",
"Async TX","data",3.1807465,0.000082,"t",
"Async TX","data",3.1808335,0.000082,"0",
"Async TX","data",3.18092,0.000082,".",
"Async TX","data",3.181007,0.000082,"t",
"Async TX","data",3.1810935,0.000082,"x",
"Async TX","data",3.1811805,0.000082,"t",
"Async TX","data",3.181267,0.000082,"=",
"Async TX","data",3.181354,0.000082,"""",
"Async TX","data",3.1814405,0.000082,"9",
"Async TX","data",3.1815275,0.000082,"0",
"Async TX","data",3.1816145,0.000082,"%",
"Async TX","data",3.181701,0.000082,"""",
"Async TX","data",3.181788,0.000082,"ÿ",
"Async TX","data",3.1818745,0.000082,"ÿ",
"Async TX","data",3.1819615,0.000082,"ÿ",
"Async TX","data",3.202473,0.000082,"j",
"Async TX","data",3.2025595,0.000082,"0",
"Async TX","data",3.2026465,0.000082,".",
"Async TX","data",3.202733,0.000082,"v",
"Async TX","data",3.20282,0.000082,"a",
"Async TX","data",3.202907,0.000082,"l",
"Async TX","data",3.2029935,0.000082,"=",
"Async TX","data",3.2030805,0.000082,"9",
"Async TX","data",3.203167,0.000082,"1",
"Async TX","data",3.203254,0.000082,"ÿ",
"Async TX","data",3.2033405,0.000082,"ÿ",
"Async TX","data",3.2034275,0.000082,"ÿ",
"Async TX","data",3.2035315,0.000082,"t",
"Async TX","data",3.2036185,0.000082,"0",
"Async TX","data",3.203705,0.000082,".",
"Async TX","data",3.203792,0.000082,"t",
"Async TX","data",3.2038785,0.000082,"x",
"Async TX","data",3.2039655,0.000082,"t",
"Async TX","data",3.2040525,0.000082,"=",
"Async TX","data",3.204139,0.000082,"""",
"Async TX","data",3.204226,0.000082,"9",
"Async TX","data",3.2043125,0.000082,"1",
"Async TX","data",3.2043995,0.000082,"%",
"Async TX","data",3.204486,0.000082,"""",
"Async TX","data",3.204573,0.000082,"ÿ",
"Async TX","data",3.2046595,0.000082,"ÿ",
"Async TX","data",3.2047465,0.000082,"ÿ",
"Async TX","data",3.225246,0.000082,"j",
"Async TX","data",3.2253325,0.000082,"0",
"Async TX","data",3.2254195,0.000082,".",
"Async TX","data",3.225506,0.000082,"v",
"Async TX","data",3.225593,0.000082,"a",
"Async TX","data",3.2256795,0.000082,"l",
"Async TX","data",3.2257665,0.000082,"=",
"Async TX","data",3.225853,0.000082,"9",
"Async TX","data",3.22594,0.000082,"2",
"Async TX","data",3.2260265,0.000082,"ÿ",
"Async TX","data",3.2261135,0.000082,"ÿ",
"Async TX","data",3.2262,0.000082,"ÿ",
"Async TX","data",3.2262955,0.000082,"t",
"Async TX","data",3.2263825,0.000082,"0",
"Async TX","data",3.2264695,0.000082,".",
"Async TX","data",3.226556,0.000082,"t",
"Async TX","data",3.226643,0.000082,"x",
"Async TX","data",3.2267295,0.000082,"t",
"Async TX","data",3.2268165,0.000082,"=",
"Async TX","data",3.226903,0.000082,"""",
"Async TX","data",3.22699,0.000082,"9",
"Async TX","data",3.2270765,0.000082,"2",
"Async TX","data",3.2271635,0.000082,"%",
"Async TX","data",3.2272505,0.000082,"""",
"Async TX","data",3.227337,0.000082,"ÿ",
"Async TX","data",3.227424,0.000082,"ÿ",
"Async TX","data",3.2275105,0.000082,"ÿ",
"Async TX","data",3.2480125,0.000082,"j",
"Async TX","data",3.248099,0.000082,"0",
"Async TX","data",3.248186,0.000082,".",
"Async TX","data",3.2482725,0.000082,"v",
"Async TX","data",3.2483595,0.000082,"a",
"Async TX","data",3.248446,0.000082,"l",
"Async TX","data",3.248533,0.000082,"=",
"Async TX","data",3.2486195,0.000082,"9",
"Async TX","data",3.2487065,0.000082,"3",
"Async TX","data",3.248793,0.000082,"ÿ",
"Async TX","data",3.24888,0.000082,"ÿ",
"Async TX","data",3.2489665,0.000082,"ÿ",
"Async TX","data",3.249062,0.000082,"t",
"Async TX","data",3.249149,0.000082,"0",
"Async TX","data",3.2492355,0.000082,".",
"Async TX","data",3.249322,0.000082,"t",
"Async TX","data",3.249409,0.000082,"x",
"Async TX","data",3.2494955,0.000082,"t",
"Async TX","data",3.2495825,0.000082,"=",
"Async TX","data",3.249669,0.000082,"""",
"Async TX","data",3.249756,0.000082,"9",
"Async TX","data",3.2498425,0.000082,"3",
"Async TX","data",3.249929,0.000082,"%",
"Async TX","data",3.250016,0.000082,"""",
"Async TX","data",3.2501025,0.000082,"ÿ",
"Async TX","data",3.2501895,0.000082,"ÿ",
"Async TX","data",3.250276,0.000082,"ÿ",
"Async TX","data",3.2707795,0.000082,"j",
"Async TX","data",3.2708665,0.000082,"0",
"Async TX","data",3.270953,0.000082,".",
"Async TX","data",3.27104,0.000082,"v",
"Async TX","data",3.2711265,0.000082,"a",
"Async TX","data",3.2712135,0.000082,"l",
"Async TX","data",3.2713,0.000082,"=",
"Async TX","data",3.271387,0.000082,"9",
"Async TX","data",3.2714735,0.000082,"4",
"Async TX","data",3.2715605,0.000082,"ÿ",
"Async TX","data",3.271647,0.000082,"ÿ",
"Async TX","data",3.271734,0.000082,"ÿ",
"Async TX","data",3.2718295,0.000082,"t",
"Async TX","data",3.271916,0.000082,"0",
"Async TX","data",3.272003,0.000082,".",
"Async TX","data",3.2720895,0.000082,"t",
"Async TX","data",3.2721765,0.000082,"x",
"Async TX","data",3.2722635,0.000082,"t",
"Async TX","data",3.27235,0.000082,"=",
"Async TX","data",3.272437,0.000082,"""",
"Async TX","data",3.2725235,0.000082,"9",
"Async TX","data",3.2726105,0.000082,"4",
"Async TX","data",3.272697,0.000082,"%",
"Async TX","data",3.272784,0.000082,"""",
"Async TX","data",3.272871,0.000082,"ÿ",
"Async TX","data",3.2729575,0.000082,"ÿ",
"Async TX","data",3.2730445,0.000082,"ÿ",
"Async TX","data",3.293547,0.000082,"j",
"Async TX","data",3.293634,0.000082,"0",
"Async TX","data",3.2937205,0.000082,".",
"Async TX","data",3.2938075,0.000082,"v",
"Async TX","data",3.293894,0.000082,"a",
"Async TX","data",3.293981,0.000082,"l",
"Async TX","data",3.2940675,0.000082,"=",
"Async TX","data",3.2941545,0.000082,"9",
"Async TX","data",3.294241,0.000082,"5",
"Async TX","data",3.294328,0.000082,"ÿ",
"Async TX","data",3.2944145,0.000082,"ÿ",
"Async TX","data",3.2945015,0.000082,"ÿ",
"Async TX","data",3.294597,0.000082,"t",
"Async TX","data",3.2946835,0.000082,"0",
"Async TX","data",3.29477,0.000082,".",
"Async TX","data",3.294857,0.000082,"t",
"Async TX","data",3.2949435,0.000082,"x",
"Async TX","data",3.2950305,0.000082,"t",
"Async TX","data",3.295117,0.000082,"=",
"Async TX","data",3.295204,0.000082,"""",
"Async TX","data",3.2952905,0.000082,"9",
"Async TX","data",3.2953775,0.000082,"5",
"Async TX","data",3.295464,0.000082,"%",
"Async TX","data",3.295551,0.000082,"""",
"Async TX","data",3.2956375,0.000082,"ÿ",
"Async TX","data",3.2957245,0.000082,"ÿ",
"Async TX","data",3.295811,0.000082,"ÿ",
"Async TX","data",3.3163115,0.000082,"j",
"Async TX","data",3.316398,0.000082,"0",
"Async TX","data",3.316485,0.000082,".",
"Async TX","data",3.3165715,0.000082,"v",
"Async TX","data",3.3166585,0.000082,"a",
"Async TX","data",3.316745,0.000082,"l",
"Async TX","data",3.316832,0.000082,"=",
"Async TX","data",3.3169185,0.000082,"9",
"Async TX","data",3.317005,0.000082,"6",
"Async TX","data",3.317092,0.000082,"ÿ",
"Async TX","data",3.3171785,0.000082,"ÿ",
"Async TX","data",3.3172655,0.000082,"ÿ",
"Async TX","data",3.317361,0.000082,"t",
"Async TX","data",3.3174475,0.000082,"0",
"Async TX","data",3.3175345,0.000082,".",
"Async TX","data",3.317621,0.000082,"t",
"Async TX","data",3.317708,0.000082,"x",
"Async TX","data",3.3177945,0.000082,"t",
"Async TX","data",3.3178815,0.000082,"=",
"Async TX","data",3.317968,0.000082,"""",
"Async TX","data",3.318055,0.000082,"9",
"Async TX","data",3.3181415,0.000082,"6",
"Async TX","data",3.3182285,0.000082,"%",
"Async TX","data",3.318315,0.000082,"""",
"Async TX","data",3.318402,0.000082,"ÿ",
"Async TX","data",3.3184885,0.000082,"ÿ",
"Async TX","data",3.3185755,0.000082,"ÿ",
"Async TX","data",3.339078,0.000082,"j",
"Async TX","data",3.3391645,0.000082,"0",
"Async TX","data",3.3392515,0.000082,".",
"Async TX","data",3.339338,0.000082,"v",
"Async TX","data",3.339425,0.000082,"a",
"Async TX","data",3.3395115,0.000082,"l",
"Async TX","data",3.3395985,0.000082,"=",
"Async TX","data",3.339685,0.000082,"9",
"Async TX","data",3.339772,0.000082,"7",
"Async TX","data",3.3398585,0.000082,"ÿ",
"Async TX","data",3.3399455,0.000082,"ÿ",
"Async TX","data",3.340032,0.000082,"ÿ",
"Async TX","data",3.3401275,0.000082,"t",
"Async TX","data",3.3402145,0.000082,"0",
"Async TX","data",3.340301,0.000082,".",
"Async TX","data",3.340388,0.000082,"t",
"Async TX","data",3.3404745,0.000082,"x",
"Async TX","data",3.3405615,0.000082,"t",
"Async TX","data",3.340648,0.000082,"=",
"Async TX","data",3.340735,0.000082,"""",
"Async TX","data",3.3408215,0.000082,"9",
"Async TX","data",3.3409085,0.000082,"7",
"Async TX","data",3.340995,0.000082,"%",
"Async TX","data",3.341082,0.000082,"""",
"Async TX","data",3.341169,0.000082,"ÿ",
"Async TX","data",3.3412555,0.000082,"ÿ",
"Async TX","data",3.3413425,0.000082,"ÿ",
"Async TX","data",3.3618585,0.000082,"j",
"Async TX","data",3.361945,0.000082,"0",
"Async TX","data",3.362032,0.000082,".",
"Async TX","data",3.3621185,0.000082,"v",
"Async TX","data",3.3622055,0.000082,"a",
"Async TX","data",3.362292,0.000082,"l",
"Async TX","data",3.362379,0.000082,"=",
"Async TX","data",3.3624655,0.000082,"9",
"Async TX","data",3.3625525,0.000082,"8",
"Async TX","data",3.362639,0.000082,"ÿ",
"Async TX","data",3.362726,0.000082,"ÿ",
"Async TX","data",3.362813,0.000082,"ÿ",
"Async TX","data",3.362908,0.000082,"t",
"Async TX","data",3.362995,0.000082,"0",
"Async TX","data",3.363082,0.000082,".",
"Async TX","data",3.3631685,0.000082,"t",
"Async TX","data",3.3632555,0.000082,"x",
"Async TX","data",3.363342,0.000082,"t",
"Async TX","data",3.363429,0.000082,"=",
"Async TX","data",3.363516,0.000082,"""",
"Async TX","data",3.3636025,0.000082,"9",
"Async TX","data",3.3636895,0.000082,"8",
"Async TX","data",3.363776,0.000082,"%",
"Async TX","data",3.363863,0.000082,"""",
"Async TX","data",3.3639495,0.000082,"ÿ",
"Async TX","data",3.3640365,0.000082,"ÿ",
"Async TX","data",3.364123,0.000082,"ÿ",
"Async TX","data",3.384629,0.000082,"j",
"Async TX","data",3.384716,0.000082,"0",
"Async TX","data",3.3848025,0.000082,".",
"Async TX","data",3.3848895,0.000082,"v",
"Async TX","data",3.3849765,0.000082,"a",
"Async TX","data",3.385063,0.000082,"l",
"Async TX","data",3.38515,0.000082,"=",
"Async TX","data",3.3852365,0.000082,"9",
"Async TX","data",3.3853235,0.000082,"9",
"Async TX","data",3.38541,0.000082,"ÿ",
"Async TX","data",3.385497,0.000082,"ÿ",
"Async TX","data",3.3855835,0.000082,"ÿ",
"Async TX","data",3.385679,0.000082,"t",
"Async TX","data",3.385766,0.000082,"0",
"Async TX","data",3.3858525,0.000082,".",
"Async TX","data",3.3859395,0.000082,"t",
"Async TX","data",3.386026,0.000082,"x",
"Async TX","data",3.386113,0.000082,"t",
"Async TX","data",3.3861995,0.000082,"=",
"Async TX","data",3.3862865,0.000082,"""",
"Async TX","data",3.386373,0.000082,"9",
"Async TX","data",3.38646,0.000082,"9",
"Async TX","data",3.386547,0.000082,"%",
"Async TX","data",3.3866335,0.000082,"""",
"Async TX","data",3.3867205,0.000082,"ÿ",
"Async TX","data",3.386807,0.000082,"ÿ",
"Async TX","data",3.386894,0.000082,"ÿ",
"Async TX","data",3.4074095,0.000082,"j",
"Async TX","data",3.407496,0.000082,"0",
"Async TX","data",3.407583,0.000082,".",
"Async TX","data",3.40767,0.000082,"v",
"Async TX","data",3.4077565,0.000082,"a",
"Async TX","data",3.4078435,0.000082,"l",
"Async TX","data",3.40793,0.000082,"=",
"Async TX","data",3.408017,0.000082,"1",
"Async TX","data",3.4081035,0.000082,"0",
"Async TX","data",3.4081905,0.000082,"0",
"Async TX","data",3.4082775,0.000082,"ÿ",
"Async TX","data",3.408364,0.000082,"ÿ",
"Async TX","data",3.408451,0.000082,"ÿ",
"Async TX","data",3.4085635,0.000082,"t",
"Async TX","data",3.4086505,0.000082,"0",
"Async TX","data",3.4087375,0.000082,".",
"Async TX","data",3.408824,0.000082,"t",
"Async TX","data",3.408911,0.000082,"x",
"Async TX","data",3.408998,0.000082,"t",
"Async TX","data",3.4090845,0.000082,"=",
"Async TX","data",3.4091715,0.000082,"""",
"Async TX","data",3.4092585,0.000082,"1",
"Async TX","data",3.409345,0.000082,"0",
"Async TX","data",3.409432,0.000082,"0",
"Async TX","data",3.4095185,0.000082,"%",
"Async TX","data",3.4096055,0.000082,"""",
"Async TX","data",3.4096925,0.000082,"ÿ",
"Async TX","data",3.409779,0.000082,"ÿ",
"Async TX","data",3.409866,0.000082,"ÿ",
"Async TX","data",3.92078,0.000082,"p",
"Async TX","data",3.920867,0.000082,"a",
"Async TX","data",3.920954,0.000082,"g",
"Async TX","data",3.9210405,0.000082,"e",
"Async TX","data",3.9211275,0.000082," ",
"Async TX","data",3.921214,0.000082,"1",
"Async TX","data",3.921301,0.000082,"ÿ",
"Async TX","data",3.9213875,0.000082,"ÿ",
"Async TX","data",3.9214745,0.000082,"ÿ",
"Async TX","data",3.9356815,0.000082,"t",
"Async TX","data",3.9357685,0.000082,"3",
"Async TX","data",3.9358555,0.000082,".",
"Async TX","data",3.935942,0.000082,"t",
"Async TX","data",3.936029,0.000082,"x",
"Async TX","data",3.936116,0.000082,"t",
"Async TX","data",3.9362025,0.000082,"=",
"Async TX","data",3.9362895,0.000082,"""",
"Async TX","data",3.9363765,0.000082,"S",
"Async TX","data",3.936463,0.000082,"""",
"Async TX","data",3.93655,0.000082,"ÿ",
"Async TX","data",3.9366365,0.000082,"ÿ",
"Async TX","data",3.9367235,0.000082,"ÿ",
"Async TX","data",4.039005,0.000082,"t",
"Async TX","data",4.039092,0.000082,"8",
"Async TX","data",4.0391785,0.000082,".",
"Async TX","data",4.0392655,0.000082,"t",
"Async TX","data",4.039352,0.000082,"x",
"Async TX","data",4.039439,0.000082,"t",
"Async TX","data",4.0395255,0.000082,"=",
"Async TX","data",4.0396125,0.000082,"""",
"Async TX","data",4.0396995,0.000082,"W",
"Async TX","data",4.039786,0.000082,"""",
"Async TX","data",4.039873,0.000082,"ÿ",
"Async TX","data",4.0399595,0.000082,"ÿ",
"Async TX","data",4.0400465,0.000082,"ÿ",
"Async TX","data",4.1423125,0.000082,"t",
"Async TX","data",4.142399,0.000082,"9",
"Async TX","data",4.142486,0.000082,".",
"Async TX","data",4.1425725,0.000082,"t",
"Async TX","data",4.1426595,0.000082,"x",
"Async TX","data",4.1427465,0.000082,"t",
"Async TX","data",4.142833,0.000082,"=",
"Async TX","data",4.14292,0.000082,"""",
"Async TX","data",4.1430065,0.000082,"R",
"Async TX","data",4.1430935,0.000082,"""",
"Async TX","data",4.1431805,0.000082,"ÿ",
"Async TX","data",4.143267,0.000082,"ÿ",
"Async TX","data",4.143354,0.000082,"ÿ",
"Async TX","data",4.245632,0.000082,"t",
"Async TX","data",4.245719,0.000082,"1",
"Async TX","data",4.245806,0.000082,"0",
"Async TX","data",4.2458925,0.000082,".",
"Async TX","data",4.2459795,0.000082,"t",
"Async TX","data",4.2460665,0.000082,"x",
"Async TX","data",4.246153,0.000082,"t",
"Async TX","data",4.24624,0.000082,"=",
"Async TX","data",4.246327,0.000082,"""",
"Async TX","data",4.2464135,0.000082,"5",
"Async TX","data",4.2465005,0.000082,"""",
"Async TX","data",4.2465875,0.000082,"ÿ",
"Async TX","data",4.246674,0.000082,"ÿ",
"Async TX","data",4.246761,0.000082,"ÿ",
"Async TX","data",4.3490455,0.000082,"t",
"Async TX","data",4.3491325,0.000082,"1",
"Async TX","data",4.349219,0.000082,"1",
"Async TX","data",4.349306,0.000082,".",
"Async TX","data",4.349393,0.000082,"t",
"Async TX","data",4.3494795,0.000082,"x",
"Async TX","data",4.3495665,0.000082,"t",
"Async TX","data",4.349653,0.000082,"=",
"Async TX","data",4.34974,0.000082,"""",
"Async TX","data",4.349827,0.000082,"0",
"Async TX","data",4.3499135,0.000082,"""",
"Async TX","data",4.3500005,0.000082,"ÿ",
"Async TX","data",4.350087,0.000082,"ÿ",
"Async TX","data",4.350174,0.000082,"ÿ",
"Async TX","data",4.4524385,0.000082,"t",
"Async TX","data",4.452525,0.000082,"1",
"Async TX","data",4.452612,0.000082,"2",
"Async TX","data",4.4526985,0.000082,".",
"Async TX","data",4.4527855,0.000082,"t",
"Async TX","data",4.452872,0.000082,"x",
"Async TX","data",4.452959,0.000082,"t",
"Async TX","data",4.4530455,0.000082,"=",
"Async TX","data",4.4531325,0.000082,"""",
"Async TX","data",4.4532195,0.000082,"8",
"Async TX","data",4.453306,0.000082,"""",
"Async TX","data",4.453393,0.000082,"ÿ",
"Async TX","data",4.45348,0.000082,"ÿ",
"Async TX","data",4.4535665,0.000082,"ÿ",
"Async TX","data",4.5558835,0.000082,"t",
"Async TX","data",4.5559705,0.000082,"0",
"Async TX","data",4.556057,0.000082,".",
"Async TX","data",4.556144,0.000082,"t",
"Async TX","data",4.5562305,0.000082,"x",
"Async TX","data",4.5563175,0.000082,"t",
"Async TX","data",4.5564045,0.000082,"=",
"Async TX","data",4.556491,0.000082,"""",
"Async TX","data",4.556578,0.000082,"0",
"Async TX","data",4.556665,0.000082,".",
"Async TX","data",4.5567515,0.000082,"0",
"Async TX","data",4.5568385,0.000082,"""",
"Async TX","data",4.5569255,0.000082,"ÿ",
"Async TX","data",4.557012,0.000082,"ÿ",
"Async TX","data",4.557099,0.000082,"ÿ",
"Async TX","data",4.561388,0.000082,"t",
"Async TX","data",4.561475,0.000082,"5",
"Async TX","data",4.5615615,0.000082,".",
"Async TX","data",4.5616485,0.000082,"t",
"Async TX","data",4.5617355,0.000082,"x",
"Async TX","data",4.561822,0.000082,"t",
"Async TX","data",4.561909,0.000082,"=",
"Async TX","data",4.5619955,0.000082,"""",
"Async TX","data",4.5620825,0.000082,"0",
"Async TX","data",4.5621695,0.000082,".",
"Async TX","data",4.562256,0.000082,"0",
"Async TX","data",4.562343,0.000082,"""",
"Async TX","data",4.56243,0.000082,"ÿ",
"Async TX","data",4.5625165,0.000082,"ÿ",
"Async TX","data",4.5626035,0.000082,"ÿ",
"Async TX","data",4.56698,0.000082,"t",
"Async TX","data",4.567067,0.000082,"4",
"Async TX","data",4.5671535,0.000082,".",
"Async TX","data",4.5672405,0.000082,"t",
"Async TX","data",4.5673275,0.000082,"x",
"Async TX","data",4.567414,0.000082,"t",
"Async TX","data",4.567501,0.000082,"=",
"Async TX","data",4.567588,0.000082,"""",
"Async TX","data",4.5676745,0.000082,"0",
"Async TX","data",4.5677615,0.000082,".",
"Async TX","data",4.5678485,0.000082,"0",
"Async TX","data",4.5679355,0.000082,"""",
"Async TX","data",4.568022,0.000082,"ÿ",
"Async TX","data",4.568109,0.000082,"ÿ",
"Async TX","data",4.568196,0.000082,"ÿ",
"Async TX","data",4.572841,0.000082,"t",
"Async TX","data",4.5729275,0.000082,"6",
"Async TX","data",4.5730145,0.000082,".",
"Async TX","data",4.573101,0.000082,"t",
"Async TX","data",4.573188,0.000082,"x",
"Async TX","data",4.5732745,0.000082,"t",
"Async TX","data",4.5733615,0.000082,"=",
"Async TX","data",4.5734485,0.000082,"""",
"Async TX","data",4.573535,0.000082,"0",
"Async TX","data",4.573622,0.000082,".",
"Async TX","data",4.5737085,0.000082,"0",
"Async TX","data",4.5737955,0.000082,"""",
"Async TX","data",4.573882,0.000082,"ÿ",
"Async TX","data",4.573969,0.000082,"ÿ",
"Async TX","data",4.574056,0.000082,"ÿ",
"Async TX","data",4.5785085,0.000082,"j",
"Async TX","data",4.578595,0.000082,"2",
"Async TX","data",4.578682,0.000082,".",
"Async TX","data",4.5787685,0.000082,"v",
"Async TX","data",4.5788555,0.000082,"a",
"Async TX","data",4.5789425,0.000082,"l",
"Async TX","data",4.579029,0.000082,"=",
"Async TX","data",4.579116,0.000082,"0",
"Async TX","data",4.5792025,0.000082,"ÿ",
"Async TX","data",4.5792895,0.000082,"ÿ",
"Async TX","data",4.5793765,0.000082,"ÿ",
"Async TX","data",4.5839575,0.000082,"j",
"Async TX","data",4.5840445,0.000082,"1",
"Async TX","data",4.584131,0.000082,".",
"Async TX","data",4.584218,0.000082,"v",
"Async TX","data",4.5843045,0.000082,"a",
"Async TX","data",4.5843915,0.000082,"l",
"Async TX","data",4.5844785,0.000082,"=",
"Async TX","data",4.584565,0.000082,"0",
"Async TX","data",4.584652,0.000082,"ÿ",
"Async TX","data",4.5847385,0.000082,"ÿ",
"Async TX","data",4.584825,0.000082,"ÿ",
"Async TX","data",4.58951,0.000082,"t",
"Async TX","data",4.5895965,0.000082,"7",
"Async TX","data",4.5896835,0.000082,".",
"Async TX","data",4.58977,0.000082,"t",
"Async TX","data",4.589857,0.000082,"x",
"Async TX","data",4.589944,0.000082,"t",
"Async TX","data",4.5900305,0.000082,"=",
"Async TX","data",4.5901175,0.000082,"""",
"Async TX","data",4.590204,0.000082,"0",
"Async TX","data",4.590291,0.000082,"%",
"Async TX","data",4.5903775,0.000082,"""",
"Async TX","data",4.5904645,0.000082,"ÿ",
"Async TX","data",4.590551,0.000082,"ÿ",
"Async TX","data",4.590638,0.000082,"ÿ",
"Async TX","data",4.595271,0.000082,"j",
"Async TX","data",4.595358,0.000082,"0",
"Async TX","data",4.5954445,0.000082,".",
"Async TX","data",4.5955315,0.000082,"p",
"Async TX","data",4.5956185,0.000082,"c",
"Async TX","data",4.595705,0.000082,"o",
"Async TX","data",4.595792,0.000082,"=",
"Async TX","data",4.5958785,0.000082,"2",
"Async TX","data",4.5959655,0.000082,"0",
"Async TX","data",4.5960525,0.000082,"1",
"Async TX","data",4.596139,0.000082,"6",
"Async TX","data",4.596226,0.000082,"ÿ",
"Async TX","data",4.5963125,0.000082,"ÿ",
"Async TX","data",4.5963995,0.000082,"ÿ",
"Async TX","data",4.5964865,0.000082,"t",
"Async TX","data",4.596573,0.000082,"2",
"Async TX","data",4.59666,0.000082,".",
"Async TX","data",4.5967465,0.000082,"p",
"Async TX","data",4.5968335,0.000082,"c",
"Async TX","data",4.59692,0.000082,"o",
"Async TX","data",4.597007,0.000082,"=",
"Async TX","data",4.597094,0.000082,"2",
"Async TX","data",4.5971805,0.000082,"0",
"Async TX","data",4.5972675,0.000082,"1",
"Async TX","data",4.597354,0.000082,"6",
"Async TX","data",4.597441,0.000082,"ÿ",
"Async TX","data",4.5975275,0.000082,"ÿ",
"Async TX","data",4.5976145,0.000082,"ÿ",
"Async TX","data",4.6023975,0.000082,"j",
"Async TX","data",4.602484,0.000082,"0",
"Async TX","data",4.602571,0.000082,".",
"Async TX","data",4.602658,0.000082,"v",
"Async TX","data",4.6027445,0.000082,"a",
"Async TX","data",4.6028315,0.000082,"l",
"Async TX","data",4.6029185,0.000082,"=",
"Async TX","data",4.603005,0.000082,"0",
"Async TX","data",4.603092,0.000082,"ÿ",
"Async TX","data",4.6031785,0.000082,"ÿ",
"Async TX","data",4.6032655,0.000082,"ÿ",
"Async TX","data",4.607858,0.000082,"t",
"Async TX","data",4.6079445,0.000082,"2",
"Async TX","data",4.6080315,0.000082,".",
"Async TX","data",4.6081185,0.000082,"t",
"Async TX","data",4.608205,0.000082,"x",
"Async TX","data",4.608292,0.000082,"t",
"Async TX","data",4.608379,0.000082,"=",
"Async TX","data",4.6084655,0.000082,"""",
"Async TX","data",4.6085525,0.000082,"0",
"Async TX","data",4.608639,0.000082,".",
"Async TX","data",4.608726,0.000082,"0",
"Async TX","data",4.608813,0.000082,"0",
"Async TX","data",4.6088995,0.000082,"""",
"Async TX","data",4.6089865,0.000082,"ÿ",
"Async TX","data",4.609073,0.000082,"ÿ",
"Async TX","data",4.60916,0.000082,"ÿ",
"Async TX","data",4.6138285,0.000082,"t",
"Async TX","data",4.613915,0.000082,"1",
"Async TX","data",4.614002,0.000082,"3",
"Async TX","data",4.614089,0.000082,".",
"Async TX","data",4.6141755,0.000082,"t",
"Async TX","data",4.6142625,0.000082,"x",
"Async TX","data",4.614349,0.000082,"t",
"Async TX","data",4.614436,0.000082,"=",
"Async TX","data",4.6145225,0.000082,"""",
"Async TX","data",4.6146095,0.000082,"1",
"Async TX","data",4.614696,0.000082,"0",
"Async TX","data",4.614783,0.000082,"""",
"Async TX","data",4.61487,0.000082,"ÿ",
"Async TX","data",4.6149565,0.000082,"ÿ",
"Async TX","data",4.6150435,0.000082,"ÿ",
"Async TX","data",4.6195475,0.000082,"t",
"Async TX","data",4.6196345,0.000082,"1",
"Async TX","data",4.619721,0.000082,".",
"Async TX","data",4.619808,0.000082,"p",
"Async TX","data",4.6198945,0.000082,"c",
"Async TX","data",4.6199815,0.000082,"o",
"Async TX","data",4.620068,0.000082,"=",
"Async TX","data",4.620155,0.000082,"2",
"Async TX","data",4.6202415,0.000082,"0",
"Async TX","data",4.6203285,0.000082,"2",
"Async TX","data",4.620415,0.000082,"4",
"Async TX","data",4.620502,0.000082,"ÿ",
"Async TX","data",4.6205885,0.000082,"ÿ",
"Async TX","data",4.6206755,0.000082,"ÿ",
"Async TX","data",4.624771,0.000082,"t",
"Async TX","data",4.624858,0.000082,"1",
"Async TX","data",4.6249445,0.000082,".",
"Async TX","data",4.6250315,0.000082,"t",
"Async TX","data",4.625118,0.000082,"x",
"Async TX","data",4.625205,0.000082,"t",
"Async TX","data",4.6252915,0.000082,"=",
"Async TX","data",4.6253785,0.000082,"""",
"Async TX","data",4.6254655,0.000082,"4",
"Async TX","data",4.625552,0.000082,".",
"Async TX","data",4.625639,0.000082,"0",
"Async TX","data",4.6257255,0.000082,"2",
"Async TX","data",4.6258125,0.000082,"""",
"Async TX","data",4.625899,0.000082,"ÿ",
"Async TX","data",4.625986,0.000082,"ÿ",
"Async TX","data",4.6260725,0.000082,"ÿ",
"Async TX","data",4.6303065,0.000082,"t",
"Async TX","data",4.6303935,0.000082,"0",
"Async TX","data",4.63048,0.000082,".",
"Async TX","data",4.630567,0.000082,"t",
"Async TX","data",4.6306535,0.000082,"x",
"Async TX","data",4.6307405,0.000082,"t",
"Async TX","data",4.6308275,0.000082,"=",
"Async TX","data",4.630914,0.000082,"""",
"Async TX","data",4.631001,0.000082,"0",
"Async TX","data",4.6310875,0.000082,".",
"Async TX","data",4.6311745,0.000082,"0",
"Async TX","data",4.631261,0.000082,"""",
"Async TX","data",4.631348,0.000082,"ÿ",
"Async TX","data",4.631435,0.000082,"ÿ",
"Async TX","data",4.6315215,0.000082,"ÿ",
"Async TX","data",4.6363895,0.000082,"t",
"Async TX","data",4.6364765,0.000082,"5",
"Async TX","data",4.636563,0.000082,".",
"Async TX","data",4.63665,0.000082,"t",
"Async TX","data",4.6367365,0.000082,"x",
"Async TX","data",4.6368235,0.000082,"t",
"Async TX","data",4.63691,0.000082,"=",
"Async TX","data",4.636997,0.000082,"""",
"Async TX","data",4.6370835,0.000082,"0",
"Async TX","data",4.6371705,0.000082,".",
"Async TX","data",4.6372575,0.000082,"0",
"Async TX","data",4.637344,0.000082,"""",
"Async TX","data",4.637431,0.000082,"ÿ",
"Async TX","data",4.6375175,0.000082,"ÿ",
"Async TX","data",4.6376045,0.000082,"ÿ",
"Async TX","data",4.642169,0.000082,"t",
"Async TX","data",4.642256,0.000082,"4",
"Async TX","data",4.6423425,0.000082,".",
"Async TX","data",4.6424295,0.000082,"t",
"Async TX","data",4.642516,0.000082,"x",
"Async TX","data",4.642603,0.000082,"t",
"Async TX","data",4.6426895,0.000082,"=",
"Async TX","data",4.6427765,0.000082,"""",
"Async TX","data",4.642863,0.000082,"0",
"Async TX","data",4.64295,0.000082,".",
"Async TX","data",4.6430365,0.000082,"0",
"Async TX","data",4.6431235,0.000082,"""",
"Async TX","data",4.64321,0.000082,"ÿ",
"Async TX","data",4.643297,0.000082,"ÿ",
"Async TX","data",4.6433835,0.000082,"ÿ",
"Async TX","data",4.64754,0.000082,"t",
"Async TX","data",4.647627,0.000082,"6",
"Async TX","data",4.6477135,0.000082,".",
"Async TX","data",4.6478005,0.000082,"t",
"Async TX","data",4.647887,0.000082,"x",
"Async TX","data",4.647974,0.000082,"t",
"Async TX","data",4.6480605,0.000082,"=",
"Async TX","data",4.6481475,0.000082,"""",
"Async TX","data",4.6482345,0.000082,"0",
"Async TX","data",4.648321,0.000082,".",
"Async TX","data",4.648408,0.000082,"0",
"Async TX","data",4.6484945,0.000082,"""",
"Async TX","data",4.6485815,0.000082,"ÿ",
"Async TX","data",4.6486685,0.000082,"ÿ",
"Async TX","data",4.648755,0.000082,"ÿ",
"Async TX","data",4.6531195,0.000082,"j",
"Async TX","data",4.6532065,0.000082,"2",
"Async TX","data",4.653293,0.000082,".",
"Async TX","data",4.65338,0.000082,"v",
"Async TX","data",4.6534665,0.000082,"a",
"Async TX","data",4.6535535,0.000082,"l",
"Async TX","data",4.65364,0.000082,"=",
"Async TX","data",4.653727,0.000082,"0",
"Async TX","data",4.6538135,0.000082,"ÿ",
"Async TX","data",4.6539005,0.000082,"ÿ",
"Async TX","data",4.6539875,0.000082,"ÿ",
"Async TX","data",4.658768,0.000082,"j",
"Async TX","data",4.658855,0.000082,"1",
"Async TX","data",4.658942,0.000082,".",
"Async TX","data",4.6590285,0.000082,"v",
"Async TX","data",4.6591155,0.000082,"a",
"Async TX","data",4.659202,0.000082,"l",
"Async TX","data",4.659289,0.000082,"=",
"Async TX","data",4.659376,0.000082,"0",
"Async TX","data",4.6594625,0.000082,"ÿ",
"Async TX","data",4.6595495,0.000082,"ÿ",
"Async TX","data",4.659636,0.000082,"ÿ",
"Async TX","data",4.664462,0.000082,"t",
"Async TX","data",4.6645485,0.000082,"7",
"Async TX","data",4.6646355,0.000082,".",
"Async TX","data",4.6647225,0.000082,"t",
"Async TX","data",4.664809,0.000082,"x",
"Async TX","data",4.664896,0.000082,"t",
"Async TX","data",4.6649825,0.000082,"=",
"Async TX","data",4.6650695,0.000082,"""",
"Async TX","data",4.6651565,0.000082,"0",
"Async TX","data",4.665243,0.000082,"%",
"Async TX","data",4.66533,0.000082,"""",
"Async TX","data",4.6654165,0.000082,"ÿ",
"Async TX","data",4.6655035,0.000082,"ÿ",
"Async TX","data",4.6655905,0.000082,"ÿ",
"Async TX","data",4.6700855,0.000082,"j",
"Async TX","data",4.6701725,0.000082,"0",
"Async TX","data",4.670259,0.000082,".",
"Async TX","data",4.670346,0.000082,"p",
"Async TX","data",4.670433,0.000082,"c",
"Async TX","data",4.6705195,0.000082,"o",
"Async TX","data",4.6706065,0.000082,"=",
"Async TX","data",4.670693,0.000082,"2",
"Async TX","data",4.67078,0.000082,"0",
"Async TX","data",4.670867,0.000082,"1",
"Async TX","data",4.6709535,0.000082,"6",
"Async TX","data",4.6710405,0.000082,"ÿ",
"Async TX","data",4.671127,0.000082,"ÿ",
"Async TX","data",4.671214,0.000082,"ÿ",
"Async TX","data",4.671301,0.000082,"t",
"Async TX","data",4.6713875,0.000082,"2",
"Async TX","data",4.6714745,0.000082,".",
"Async TX","data",4.6715615,0.000082,"p",
"Async TX","data",4.671648,0.000082,"c",
"Async TX","data",4.671735,0.000082,"o",
"Async TX","data",4.671822,0.000082,"=",
"Async TX","data",4.6719085,0.000082,"2",
"Async TX","data",4.6719955,0.000082,"0",
"Async TX","data",4.6720825,0.000082,"1",
"Async TX","data",4.672169,0.000082,"6",
"Async TX","data",4.672256,0.000082,"ÿ",
"Async TX","data",4.6723425,0.000082,"ÿ",
"Async TX","data",4.6724295,0.000082,"ÿ",
"Async TX","data",4.676509,0.000082,"j",
"Async TX","data",4.676596,0.000082,"0",
"Async TX","data",4.6766825,0.000082,".",
"Async TX","data",4.6767695,0.000082,"v",
"Async TX","data",4.676856,0.000082,"a",
"Async TX","data",4.676943,0.000082,"l",
"Async TX","data",4.6770295,0.000082,"=",
"Async TX","data",4.6771165,0.000082,"0",
"Async TX","data",4.6772035,0.000082,"ÿ",
"Async TX","data",4.67729,0.000082,"ÿ",
"Async TX","data",4.677377,0.000082,"ÿ",
"Async TX","data",4.681951,0.000082,"t",
"Async TX","data",4.6820375,0.000082,"2",
"Async TX","data",4.6821245,0.000082,".",
"Async TX","data",4.6822115,0.000082,"t",
"Async TX","data",4.682298,0.000082,"x",
"Async TX","data",4.682385,0.000082,"t",
"Async TX","data",4.6824715,0.000082,"=",
"Async TX","data",4.6825585,0.000082,"""",
"Async TX","data",4.6826455,0.000082,"0",
"Async TX","data",4.682732,0.000082,".",
"Async TX","data",4.682819,0.000082,"0",
"Async TX","data",4.682906,0.000082,"0",
"Async TX","data",4.6829925,0.000082,"""",
"Async TX","data",4.6830795,0.000082,"ÿ",
"Async TX","data",4.6831665,0.000082,"ÿ",
"Async TX","data",4.683253,0.000082,"ÿ",
"Async TX","data",4.686994,0.000082,"t",
"Async TX","data",4.687081,0.000082,"1",
"Async TX","data",4.6871675,0.000082,"3",
"Async TX","data",4.6872545,0.000082,".",
"Async TX","data",4.687341,0.000082,"t",
"Async TX","data",4.687428,0.000082,"x",
"Async TX","data",4.687515,0.000082,"t",
"Async TX","data",4.6876015,0.000082,"=",
"Async TX","data",4.6876885,0.000082,"""",
"Async TX","data",4.687775,0.000082,"1",
"Async TX","data",4.687862,0.000082,"0",
"Async TX","data",4.6879485,0.000082,"""",
"Async TX","data",4.6880355,0.000082,"ÿ",
"Async TX","data",4.6881225,0.000082,"ÿ",
"Async TX","data",4.688209,0.000082,"ÿ",
"Async TX","data",4.6928,0.000082,"t",
"Async TX","data",4.692887,0.000082,"1",
"Async TX","data",4.6929735,0.000082,".",
"Async TX","data",4.6930605,0.000082,"p",
"Async TX","data",4.6931475,0.000082,"c",
"Async TX","data",4.693234,0.000082,"o",
"Async TX","data",4.693321,0.000082,"=",
"Async TX","data",4.6934075,0.000082,"2",
"Async TX","data",4.6934945,0.000082,"0",
"Async TX","data",4.6935815,0.000082,"2",
"Async TX","data",4.693668,0.000082,"4",
"Async TX","data",4.693755,0.000082,"ÿ",
"Async TX","data",4.6938415,0.000082,"ÿ",
"Async TX","data",4.6939285,0.000082,"ÿ",
"Async TX","data",4.702944,0.000082,"t",
"Async TX","data",4.7030305,0.000082,"0",
"Async TX","data",4.7031175,0.000082,".",
"Async TX","data",4.703204,0.000082,"t",
"Async TX","data",4.703291,0.000082,"x",
"Async TX","data",4.7033775,0.000082,"t",
"Async TX","data",4.7034645,0.000082,"=",
"Async TX","data",4.7035515,0.000082,"""",
"Async TX","data",4.703638,0.000082,"0",
"Async TX","data",4.703725,0.000082,".",
"Async TX","data",4.7038115,0.000082,"0",
"Async TX","data",4.7038985,0.000082,"""",
"Async TX","data",4.703985,0.000082,"ÿ",
"Async TX","data",4.704072,0.000082,"ÿ",
"Async TX","data",4.704159,0.000082,"ÿ",
"Async TX","data",4.7086635,0.000082,"t",
"Async TX","data",4.7087505,0.000082,"5",
"Async TX","data",4.708837,0.000082,".",
"Async TX","data",4.708924,0.000082,"t",
"Async TX","data",4.7090105,0.000082,"x",
"Async TX","data",4.7090975,0.000082,"t",
"Async TX","data",4.709184,0.000082,"=",
"Async TX","data",4.709271,0.000082,"""",
"Async TX","data",4.709358,0.000082,"0",
"Async TX","data",4.7094445,0.000082,".",
"Async TX","data",4.7095315,0.000082,"0",
"Async TX","data",4.709618,0.000082,"""",
"Async TX","data",4.709705,0.000082,"ÿ",
"Async TX","data",4.7097915,0.000082,"ÿ",
"Async TX","data",4.7098785,0.000082,"ÿ",
"Async TX","data",4.714235,0.000082,"t",
"Async TX","data",4.714322,0.000082,"4",
"Async TX","data",4.7144085,0.000082,".",
"Async TX","data",4.7144955,0.000082,"t",
"Async TX","data",4.7145825,0.000082,"x",
"Async TX","data",4.714669,0.000082,"t",
"Async TX","data",4.714756,0.000082,"=",
"Async TX","data",4.7148425,0.000082,"""",
"Async TX","data",4.7149295,0.000082,"0",
"Async TX","data",4.7150165,0.000082,".",
"Async TX","data",4.715103,0.000082,"0",
"Async TX","data",4.71519,0.000082,"""",
"Async TX","data",4.7152765,0.000082,"ÿ",
"Async TX","data",4.7153635,0.000082,"ÿ",
"Async TX","data",4.7154505,0.000082,"ÿ",
"Async TX","data",4.719565,0.000082,"t",
"Async TX","data",4.7196515,0.000082,"6",
"Async TX","data",4.7197385,0.000082,".",
"Async TX","data",4.719825,0.000082,"t",
"Async TX","data",4.719912,0.000082,"x",
"Async TX","data",4.719999,0.000082,"t",
"Async TX","data",4.7200855,0.000082,"=",
"Async TX","data",4.7201725,0.000082,"""",
"Async TX","data",4.720259,0.000082,"0",
"Async TX","data",4.720346,0.000082,".",
"Async TX","data",4.720433,0.000082,"0",
"Async TX","data",4.7205195,0.000082,"""",
"Async TX","data",4.7206065,0.000082,"ÿ",
"Async TX","data",4.720693,0.000082,"ÿ",
"Async TX","data",4.72078,0.000082,"ÿ",
"Async TX","data",4.725345,0.000082,"j",
"Async TX","data",4.725432,0.000082,"2",
"Async TX","data",4.725519,0.000082,".",
"Async TX","data",4.7256055,0.000082,"v",
"Async TX","data",4.7256925,0.000082,"a",
"Async TX","data",4.725779,0.000082,"l",
"Async TX","data",4.725866,0.000082,"=",
"Async TX","data",4.725953,0.000082,"0",
"Async TX","data",4.7260395,0.000082,"ÿ",
"Async TX","data",4.7261265,0.000082,"ÿ",
"Async TX","data",4.726213,0.000082,"ÿ",
"Async TX","data",4.73031,0.000082,"j",
"Async TX","data",4.730397,0.000082,"1",
"Async TX","data",4.7304835,0.000082,".",
"Async TX","data",4.7305705,0.000082,"v",
"Async TX","data",4.7306575,0.000082,"a",
"Async TX","data",4.730744,0.000082,"l",
"Async TX","data",4.730831,0.000082,"=",
"Async TX","data",4.7309175,0.000082,"0",
"Async TX","data",4.7310045,0.000082,"ÿ",
"Async TX","data",4.731091,0.000082,"ÿ",
"Async TX","data",4.731178,0.000082,"ÿ",
"Async TX","data",4.7358725,0.000082,"t",
"Async TX","data",4.7359595,0.000082,"7",
"Async TX","data",4.736046,0.000082,".",
"Async TX","data",4.736133,0.000082,"t",
"Async TX","data",4.7362195,0.000082,"x",
"Async TX","data",4.7363065,0.000082,"t",
"Async TX","data",4.7363935,0.000082,"=",
"Async TX","data",4.73648,0.000082,"""",
"Async TX","data",4.736567,0.000082,"0",
"Async TX","data",4.7366535,0.000082,"%",
"Async TX","data",4.7367405,0.000082,"""",
"Async TX","data",4.736827,0.000082,"ÿ",
"Async TX","data",4.736914,0.000082,"ÿ",
"Async TX","data",4.737001,0.000082,"ÿ",
"Async TX","data",4.7411145,0.000082,"j",
"Async TX","data",4.7412015,0.000082,"0",
"Async TX","data",4.741288,0.000082,".",
"Async TX","data",4.741375,0.000082,"p",
"Async TX","data",4.7414615,0.000082,"c",
"Async TX","data",4.7415485,0.000082,"o",
"Async TX","data",4.741635,0.000082,"=",
"Async TX","data",4.741722,0.000082,"2",
"Async TX","data",4.741809,0.000082,"0",
"Async TX","data",4.7418955,0.000082,"1",
"Async TX","data",4.7419825,0.000082,"6",
"Async TX","data",4.742069,0.000082,"ÿ",
"Async TX","data",4.742156,0.000082,"ÿ",
"Async TX","data",4.742243,0.000082,"ÿ",
"Async TX","data",4.7423295,0.000082,"t",
"Async TX","data",4.7424165,0.000082,"2",
"Async TX","data",4.742503,0.000082,".",
"Async TX","data",4.74259,0.000082,"p",
"Async TX","data",4.7426765,0.000082,"c",
"Async TX","data",4.7427635,0.000082,"o",
"Async TX","data",4.7428505,0.000082,"=",
"Async TX","data",4.742937,0.000082,"2",
"Async TX","data",4.743024,0.000082,"0",
"Async TX","data",4.7431105,0.000082,"1",
"Async TX","data",4.7431975,0.000082,"6",
"Async TX","data",4.7432845,0.000082,"ÿ",
"Async TX","data",4.743371,0.000082,"ÿ",
"Async TX","data",4.743458,0.000082,"ÿ",
"Async TX","data",4.7480575,0.000082,"j",
"Async TX","data",4.7481445,0.000082,"0",
"Async TX","data",4.748231,0.000082,".",
"Async TX","data",4.748318,0.000082,"v",
"Async TX","data",4.7484045,0.000082,"a",
"Async TX","data",4.7484915,0.000082,"l",
"Async TX","data",4.748578,0.000082,"=",
"Async TX","data",4.748665,0.000082,"0",
"Async TX","data",4.7487515,0.000082,"ÿ",
"Async TX","data",4.7488385,0.000082,"ÿ",
"Async TX","data",4.748925,0.000082,"ÿ",
"Async TX","data",4.753611,0.000082,"t",
"Async TX","data",4.753698,0.000082,"2",
"Async TX","data",4.753785,0.000082,".",
"Async TX","data",4.7538715,0.000082,"t",
"Async TX","data",4.7539585,0.000082,"x",
"Async TX","data",4.754045,0.000082,"t",
"Async TX","data",4.754132,0.000082,"=",
"Async TX","data",4.7542185,0.000082,"""",
"Async TX","data",4.7543055,0.000082,"0",
"Async TX","data",4.754392,0.000082,".",
"Async TX","data",4.754479,0.000082,"0",
"Async TX","data",4.7545655,0.000082,"0",
"Async TX","data",4.7546525,0.000082,"""",
"Async TX","data",4.7547395,0.000082,"ÿ",
"Async TX","data",4.754826,0.000082,"ÿ",
"Async TX","data",4.754913,0.000082,"ÿ",
"Async TX","data",4.759564,0.000082,"t",
"Async TX","data",4.759651,0.000082,"1",
"Async TX","data",4.7597375,0.000082,"3",
"Async TX","data",4.7598245,0.000082,".",
"Async TX","data",4.7599115,0.000082,"t",
"Async TX","data",4.759998,0.000082,"x",
"Async TX","data",4.760085,0.000082,"t",
"Async TX","data",4.7601715,0.000082,"=",
"Async TX","data",4.7602585,0.000082,"""",
"Async TX","data",4.7603455,0.000082,"1",
"Async TX","data",4.760432,0.000082,"0",
"Async TX","data",4.760519,0.000082,"""",
"Async TX","data",4.7606055,0.000082,"ÿ",
"Async TX","data",4.7606925,0.000082,"ÿ",
"Async TX","data",4.760779,0.000082,"ÿ",
"Async TX","data",4.765387,0.000082,"t",
"Async TX","data",4.7654735,0.000082,"1",
"Async TX","data",4.7655605,0.000082,".",
"Async TX","data",4.765647,0.000082,"p",
"Async TX","data",4.765734,0.000082,"c",
"Async TX","data",4.765821,0.000082,"o",
"Async TX","data",4.7659075,0.000082,"=",
"Async TX","data",4.7659945,0.000082,"2",
"Async TX","data",4.766081,0.000082,"0",
"Async TX","data",4.766168,0.000082,"2",
"Async TX","data",4.7662545,0.000082,"4",
"Async TX","data",4.7663415,0.000082,"ÿ",
"Async TX","data",4.766428,0.000082,"ÿ",
"Async TX","data",4.766515,0.000082,"ÿ",
"Async TX","data",4.7757135,0.000082,"t",
"Async TX","data",4.7758005,0.000082,"0",
"Async TX","data",4.775887,0.000082,".",
"Async TX","data",4.775974,0.000082,"t",
"Async TX","data",4.7760605,0.000082,"x",
"Async TX","data",4.7761475,0.000082,"t",
"Async TX","data",4.776234,0.000082,"=",
"Async TX","data",4.776321,0.000082,"""",
"Async TX","data",4.7764075,0.000082,"0",
"Async TX","data",4.7764945,0.000082,".",
"Async TX","data",4.776581,0.000082,"0",
"Async TX","data",4.776668,0.000082,"""",
"Async TX","data",4.7767545,0.000082,"ÿ",
"Async TX","data",4.7768415,0.000082,"ÿ",
"Async TX","data",4.776928,0.000082,"ÿ",
"Async TX","data",4.78131,0.000082,"t",
"Async TX","data",4.781397,0.000082,"5",
"Async TX","data",4.7814835,0.000082,".",
"Async TX","data",4.7815705,0.000082,"t",
"Async TX","data",4.781657,0.000082,"x",
"Async TX","data",4.781744,0.000082,"t",
"Async TX","data",4.781831,0.000082,"=",
"Async TX","data",4.7819175,0.000082,"""",
"Async TX","data",4.7820045,0.000082,"0",
"Async TX","data",4.782091,0.000082,".",
"Async TX","data",4.782178,0.000082,"0",
"Async TX","data",4.7822645,0.000082,"""",
"Async TX","data",4.7823515,0.000082,"ÿ",
"Async TX","data",4.7824385,0.000082,"ÿ",
"Async TX","data",4.782525,0.000082,"ÿ",
"Async TX","data",4.787204,0.000082,"t",
"Async TX","data",4.787291,0.000082,"4",
"Async TX","data",4.7873775,0.000082,".",
"Async TX","data",4.7874645,0.000082,"t",
"Async TX","data",4.787551,0.000082,"x",
"Async TX","data",4.787638,0.000082,"t",
"Async TX","data",4.7877245,0.000082,"=",
"Async TX","data",4.7878115,0.000082,"""",
"Async TX","data",4.787898,0.000082,"0",
"Async TX","data",4.787985,0.000082,".",
"Async TX","data",4.7880715,0.000082,"0",
"Async TX","data",4.7881585,0.000082,"""",
"Async TX","data",4.788245,0.000082,"ÿ",
"Async TX","data",4.788332,0.000082,"ÿ",
"Async TX","data",4.788419,0.000082,"ÿ",
"Async TX","data",4.792836,0.000082,"t",
"Async TX","data",4.792923,0.000082,"6",
"Async TX","data",4.7930095,0.000082,".",
"Async TX","data",4.7930965,0.000082,"t",
"Async TX","data",4.7931835,0.000082,"x",
"Async TX","data",4.79327,0.000082,"t",
"Async TX","data",4.793357,0.000082,"=",
"Async TX","data",4.7934435,0.000082,"""",
"Async TX","data",4.7935305,0.000082,"0",
"Async TX","data",4.7936175,0.000082,".",
"Async TX","data",4.793704,0.000082,"0",
"Async TX","data",4.793791,0.000082,"""",
"Async TX","data",4.7938775,0.000082,"ÿ",
"Async TX","data",4.7939645,0.000082,"ÿ",
"Async TX","data",4.794051,0.000082,"ÿ",
"Async TX","data",4.798434,0.000082,"j",
"Async TX","data",4.798521,0.000082,"2",
"Async TX","data",4.7986075,0.000082,".",
"Async TX","data",4.7986945,0.000082,"v",
"Async TX","data",4.798781,0.000082,"a",
"Async TX","data",4.798868,0.000082,"l",
"Async TX","data",4.798955,0.000082,"=",
"Async TX","data",4.7990415,0.000082,"0",
"Async TX","data",4.7991285,0.000082,"ÿ",
"Async TX","data",4.799215,0.000082,"ÿ",
"Async TX","data",4.799302,0.000082,"ÿ",
"Async TX","data",4.803562,0.000082,"j",
"Async TX","data",4.8036485,0.000082,"1",
"Async TX","data",4.8037355,0.000082,".",
"Async TX","data",4.803822,0.000082,"v",
"Async TX","data",4.803909,0.000082,"a",
"Async TX","data",4.8039955,0.000082,"l",
"Async TX","data",4.8040825,0.000082,"=",
"Async TX","data",4.804169,0.000082,"0",
"Async TX","data",4.804256,0.000082,"ÿ",
"Async TX","data",4.804343,0.000082,"ÿ",
"Async TX","data",4.8044295,0.000082,"ÿ",
"Async TX","data",4.8086225,0.000082,"t",
"Async TX","data",4.808709,0.000082,"7",
"Async TX","data",4.808796,0.000082,".",
"Async TX","data",4.808883,0.000082,"t",
"Async TX","data",4.8089695,0.000082,"x",
"Async TX","data",4.8090565,0.000082,"t",
"Async TX","data",4.8091435,0.000082,"=",
"Async TX","data",4.80923,0.000082,"""",
"Async TX","data",4.809317,0.000082,"0",
"Async TX","data",4.809404,0.000082,"%",
"Async TX","data",4.8094905,0.000082,"""",
"Async TX","data",4.8095775,0.000082,"ÿ",
"Async TX","data",4.809664,0.000082,"ÿ",
"Async TX","data",4.809751,0.000082,"ÿ",
"Async TX","data",4.814544,0.000082,"j",
"Async TX","data",4.814631,0.000082,"0",
"Async TX","data",4.814718,0.000082,".",
"Async TX","data",4.8148045,0.000082,"p",
"Async TX","data",4.8148915,0.000082,"c",
"Async TX","data",4.814978,0.000082,"o",
"Async TX","data",4.815065,0.000082,"=",
"Async TX","data",4.815152,0.000082,"2",
"Async TX","data",4.8152385,0.000082,"0",
"Async TX","data",4.8153255,0.000082,"1",
"Async TX","data",4.8154125,0.000082,"6",
"Async TX","data",4.815499,0.000082,"ÿ",
"Async TX","data",4.815586,0.000082,"ÿ",
"Async TX","data",4.815673,0.000082,"ÿ",
"Async TX","data",4.8157595,0.000082,"t",
"Async TX","data",4.8158465,0.000082,"2",
"Async TX","data",4.815933,0.000082,".",
"Async TX","data",4.81602,0.000082,"p",
"Async TX","data",4.8161065,0.000082,"c",
"Async TX","data",4.8161935,0.000082,"o",
"Async TX","data",4.81628,0.000082,"=",
"Async TX","data",4.816367,0.000082,"2",
"Async TX","data",4.816454,0.000082,"0",
"Async TX","data",4.8165405,0.000082,"1",
"Async TX","data",4.8166275,0.000082,"6",
"Async TX","data",4.816714,0.000082,"ÿ",
"Async TX","data",4.816801,0.000082,"ÿ",
"Async TX","data",4.816888,0.000082,"ÿ",
"Async TX","data",4.8215055,0.000082,"j",
"Async TX","data",4.821592,0.000082,"0",
"Async TX","data",4.821679,0.000082,".",
"Async TX","data",4.821766,0.000082,"v",
"Async TX","data",4.8218525,0.000082,"a",
"Async TX","data",4.8219395,0.000082,"l",
"Async TX","data",4.822026,0.000082,"=",
"Async TX","data",4.822113,0.000082,"0",
"Async TX","data",4.8222,0.000082,"ÿ",
"Async TX","data",4.8222865,0.000082,"ÿ",
"Async TX","data",4.8223735,0.000082,"ÿ",
"Async TX","data",4.8269135,0.000082,"t",
"Async TX","data",4.8270005,0.000082,"2",
"Async TX","data",4.827087,0.000082,".",
"Async TX","data",4.827174,0.000082,"t",
"Async TX","data",4.8272605,0.000082,"x",
"Async TX","data",4.8273475,0.000082,"t",
"Async TX","data",4.8274345,0.000082,"=",
"Async TX","data",4.827521,0.000082,"""",
"Async TX","data",4.827608,0.000082,"0",
"Async TX","data",4.8276945,0.000082,".",
"Async TX","data",4.8277815,0.000082,"0",
"Async TX","data",4.827868,0.000082,"0",
"Async TX","data",4.827955,0.000082,"""",
"Async TX","data",4.828042,0.000082,"ÿ",
"Async TX","data",4.8281285,0.000082,"ÿ",
"Async TX","data",4.8282155,0.000082,"ÿ",
"Async TX","data",4.833136,0.000082,"t",
"Async TX","data",4.833223,0.000082,"1",
"Async TX","data",4.83331,0.000082,"3",
"Async TX","data",4.8333965,0.000082,".",
"Async TX","data",4.8334835,0.000082,"t",
"Async TX","data",4.83357,0.000082,"x",
"Async TX","data",4.833657,0.000082,"t",
"Async TX","data",4.8337435,0.000082,"=",
"Async TX","data",4.8338305,0.000082,"""",
"Async TX","data",4.8339175,0.000082,"1",
"Async TX","data",4.834004,0.000082,"0",
"Async TX","data",4.834091,0.000082,"""",
"Async TX","data",4.834178,0.000082,"ÿ",
"Async TX","data",4.8342645,0.000082,"ÿ",
"Async TX","data",4.8343515,0.000082,"ÿ",
"Async TX","data",4.8386925,0.000082,"t",
"Async TX","data",4.838779,0.000082,"1",
"Async TX","data",4.838866,0.000082,".",
"Async TX","data",4.838953,0.000082,"p",
"Async TX","data",4.8390395,0.000082,"c",
"Async TX","data",4.8391265,0.000082,"o",
"Async TX","data",4.839213,0.000082,"=",
"Async TX","data",4.8393,0.000082,"2",
"Async TX","data",4.839387,0.000082,"0",
"Async TX","data",4.8394735,0.000082,"2",
"Async TX","data",4.8395605,0.000082,"4",
"Async TX","data",4.839647,0.000082,"ÿ",
"Async TX","data",4.839734,0.000082,"ÿ",
"Async TX","data",4.8398205,0.000082,"ÿ",
"Async TX","data",4.8484925,0.000082,"t",
"Async TX","data",4.8485795,0.000082,"0",
"Async TX","data",4.848675,0.000082,".",
"Async TX","data",4.8487615,0.000082,"t",
"Async TX","data",4.8488485,0.000082,"x",
"Async TX","data",4.848935,0.000082,"t",
"Async TX","data",4.849022,0.000082,"=",
"Async TX","data",4.849109,0.000082,"""",
"Async TX","data",4.8491955,0.000082,"0",
"Async TX","data",4.8492825,0.000082,".",
"Async TX","data",4.849369,0.000082,"0",
"Async TX","data",4.849456,0.000082,"""",
"Async TX","data",4.8495425,0.000082,"ÿ",
"Async TX","data",4.8496295,0.000082,"ÿ",
"Async TX","data",4.849716,0.000082,"ÿ",
"Async TX","data",4.854395,0.000082,"t",
"Async TX","data",4.8544815,0.000082,"5",
"Async TX","data",4.8545685,0.000082,".",
"Async TX","data",4.854655,0.000082,"t",
"Async TX","data",4.854742,0.000082,"x",
"Async TX","data",4.854829,0.000082,"t",
"Async TX","data",4.8549155,0.000082,"=",
"Async TX","data",4.8550025,0.000082,"""",
"Async TX","data",4.855089,0.000082,"0",
"Async TX","data",4.855176,0.000082,".",
"Async TX","data",4.855263,0.000082,"0",
"Async TX","data",4.8553495,0.000082,"""",
"Async TX","data",4.8554365,0.000082,"ÿ",
"Async TX","data",4.855523,0.000082,"ÿ",
"Async TX","data",4.85561,0.000082,"ÿ",
"Async TX","data",4.8603745,0.000082,"t",
"Async TX","data",4.8604615,0.000082,"4",
"Async TX","data",4.860548,0.000082,".",
"Async TX","data",4.860635,0.000082,"t",
"Async TX","data",4.860722,0.000082,"x",
"Async TX","data",4.8608085,0.000082,"t",
"Async TX","data",4.8608955,0.000082,"=",
"Async TX","data",4.860982,0.000082,"""",
"Async TX","data",4.861069,0.000082,"0",
"Async TX","data",4.861156,0.000082,".",
"Async TX","data",4.8612425,0.000082,"0",
"Async TX","data",4.8613295,0.000082,"""",
"Async TX","data",4.861416,0.000082,"ÿ",
"Async TX","data",4.861503,0.000082,"ÿ",
"Async TX","data",4.86159,0.000082,"ÿ",
"Async TX","data",4.866259,0.000082,"t",
"Async TX","data",4.866346,0.000082,"6",
"Async TX","data",4.8664325,0.000082,".",
"Async TX","data",4.8665195,0.000082,"t",
"Async TX","data",4.866606,0.000082,"x",
"Async TX","data",4.866693,0.000082,"t",
"Async TX","data",4.8667795,0.000082,"=",
"Async TX","data",4.8668665,0.000082,"""",
"Async TX","data",4.866953,0.000082,"0",
"Async TX","data",4.86704,0.000082,".",
"Async TX","data",4.867127,0.000082,"0",
"Async TX","data",4.8672135,0.000082,"""",
"Async TX","data",4.8673005,0.000082,"ÿ",
"Async TX","data",4.867387,0.000082,"ÿ",
"Async TX","data",4.867474,0.000082,"ÿ",
"Async TX","data",4.8719955,0.000082,"j",
"Async TX","data",4.8720825,0.000082,"2",
"Async TX","data",4.872169,0.000082,".",
"Async TX","data",4.872256,0.000082,"v",
"Async TX","data",4.872343,0.000082,"a",
"Async TX","data",4.8724295,0.000082,"l",
"Async TX","data",4.8725165,0.000082,"=",
"Async TX","data",4.872603,0.000082,"0",
"Async TX","data",4.87269,0.000082,"ÿ",
"Async TX","data",4.872777,0.000082,"ÿ",
"Async TX","data",4.8728635,0.000082,"ÿ",
"Async TX","data",4.87742,0.000082,"j",
"Async TX","data",4.877507,0.000082,"1",
"Async TX","data",4.8775935,0.000082,".",
"Async TX","data",4.8776805,0.000082,"v",
"Async TX","data",4.877767,0.000082,"a",
"Async TX","data",4.877854,0.000082,"l",
"Async TX","data",4.8779405,0.000082,"=",
"Async TX","data",4.8780275,0.000082,"0",
"Async TX","data",4.878114,0.000082,"ÿ",
"Async TX","data",4.878201,0.000082,"ÿ",
"Async TX","data",4.878288,0.000082,"ÿ",
"Async TX","data",4.8828365,0.000082,"t",
"Async TX","data",4.882923,0.000082,"7",
"Async TX","data",4.88301,0.000082,".",
"Async TX","data",4.8830965,0.000082,"t",
"Async TX","data",4.8831835,0.000082,"x",
"Async TX","data",4.8832705,0.000082,"t",
"Async TX","data",4.883357,0.000082,"=",
"Async TX","data",4.883444,0.000082,"""",
"Async TX","data",4.8835305,0.000082,"0",
"Async TX","data",4.8836175,0.000082,"%",
"Async TX","data",4.8837045,0.000082,"""",
"Async TX","data",4.883791,0.000082,"ÿ",
"Async TX","data",4.883878,0.000082,"ÿ",
"Async TX","data",4.8839645,0.000082,"ÿ",
"Async TX","data",4.888642,0.000082,"j",
"Async TX","data",4.888729,0.000082,"0",
"Async TX","data",4.888816,0.000082,".",
"Async TX","data",4.8889025,0.000082,"p",
"Async TX","data",4.8889895,0.000082,"c",
"Async TX","data",4.889076,0.000082,"o",
"Async TX","data",4.889163,0.000082,"=",
"Async TX","data",4.88925,0.000082,"2",
"Async TX","data",4.8893365,0.000082,"0",
"Async TX","data",4.8894235,0.000082,"1",
"Async TX","data",4.8895105,0.000082,"6",
"Async TX","data",4.889597,0.000082,"ÿ",
"Async TX","data",4.889684,0.000082,"ÿ",
"Async TX","data",4.8897705,0.000082,"ÿ",
"Async TX","data",4.8898575,0.000082,"t",
"Async TX","data",4.8899445,0.000082,"2",
"Async TX","data",4.890031,0.000082,".",
"Async TX","data",4.890118,0.000082,"p",
"Async TX","data",4.8902045,0.000082,"c",
"Async TX","data",4.8902915,0.000082,"o",
"Async TX","data",4.8903785,0.000082,"=",
"Async TX","data",4.890465,0.000082,"2",
"Async TX","data",4.890552,0.000082,"0",
"Async TX","data",4.8906385,0.000082,"1",
"Async TX","data",4.8907255,0.000082,"6",
"Async TX","data",4.8908125,0.000082,"ÿ",
"Async TX","data",4.890899,0.000082,"ÿ",
"Async TX","data",4.890986,0.000082,"ÿ",
"Async TX","data",4.895299,0.000082,"j",
"Async TX","data",4.8953855,0.000082,"0",
"Async TX","data",4.8954725,0.000082,".",
"Async TX","data",4.895559,0.000082,"v",
"Async TX","data",4.895646,0.000082,"a",
"Async TX","data",4.8957325,0.000082,"l",
"Async TX","data",4.8958195,0.000082,"=",
"Async TX","data",4.895906,0.000082,"0",
"Async TX","data",4.895993,0.000082,"ÿ",
"Async TX","data",4.89608,0.000082,"ÿ",
"Async TX","data",4.8961665,0.000082,"ÿ",
"Async TX","data",4.900724,0.000082,"t",
"Async TX","data",4.900811,0.000082,"2",
"Async TX","data",4.9008975,0.000082,".",
"Async TX","data",4.9009845,0.000082,"t",
"Async TX","data",4.9010715,0.000082,"x",
"Async TX","data",4.901158,0.000082,"t",
"Async TX","data",4.901245,0.000082,"=",
"Async TX","data",4.9013315,0.000082,"""",
"Async TX","data",4.9014185,0.000082,"0",
"Async TX","data",4.9015055,0.000082,".",
"Async TX","data",4.901592,0.000082,"0",
"Async TX","data",4.901679,0.000082,"0",
"Async TX","data",4.9017655,0.000082,"""",
"Async TX","data",4.9018525,0.000082,"ÿ",
"Async TX","data",4.9019395,0.000082,"ÿ",
"Async TX","data",4.902026,0.000082,"ÿ",
"Async TX","data",4.906585,0.000082,"t",
"Async TX","data",4.906672,0.000082,"1",
"Async TX","data",4.906759,0.000082,"3",
"Async TX","data",4.9068455,0.000082,".",
"Async TX","data",4.9069325,0.000082,"t",
"Async TX","data",4.9070195,0.000082,"x",
"Async TX","data",4.9071065,0.000082,"t",
"Async TX","data",4.907193,0.000082,"=",
"Async TX","data",4.90728,0.000082,"""",
"Async TX","data",4.907367,0.000082,"1",
"Async TX","data",4.9074535,0.000082,"0",
"Async TX","data",4.9075405,0.000082,"""",
"Async TX","data",4.9076275,0.000082,"ÿ",
"Async TX","data",4.907714,0.000082,"ÿ",
"Async TX","data",4.907801,0.000082,"ÿ",
"Async TX","data",4.9122555,0.000082,"t",
"Async TX","data",4.9123425,0.000082,"1",
"Async TX","data",4.9124295,0.000082,".",
"Async TX","data",4.912516,0.000082,"p",
"Async TX","data",4.912603,0.000082,"c",
"Async TX","data",4.9126895,0.000082,"o",
"Async TX","data",4.9127765,0.000082,"=",
"Async TX","data",4.9128635,0.000082,"2",
"Async TX","data",4.91295,0.000082,"0",
"Async TX","data",4.913037,0.000082,"2",
"Async TX","data",4.913124,0.000082,"4",
"Async TX","data",4.9132105,0.000082,"ÿ",
"Async TX","data",4.9132975,0.000082,"ÿ",
"Async TX","data",4.913384,0.000082,"ÿ",
"Async TX","data",4.92275,0.000082,"t",
"Async TX","data",4.9228365,0.000082,"0",
"Async TX","data",4.9229235,0.000082,".",
"Async TX","data",4.9230105,0.000082,"t",
"Async TX","data",4.923097,0.000082,"x",
"Async TX","data",4.923184,0.000082,"t",
"Async TX","data",4.9232705,0.000082,"=",
"Async TX","data",4.9233575,0.000082,"""",
"Async TX","data",4.923444,0.000082,"0",
"Async TX","data",4.923531,0.000082,".",
"Async TX","data",4.9236175,0.000082,"0",
"Async TX","data",4.9237045,0.000082,"""",
"Async TX","data",4.923791,0.000082,"ÿ",
"Async TX","data",4.923878,0.000082,"ÿ",
"Async TX","data",4.9239645,0.000082,"ÿ",
"Async TX","data",4.9284425,0.000082,"t",
"Async TX","data",4.928529,0.000082,"5",
"Async TX","data",4.928616,0.000082,".",
"Async TX","data",4.9287025,0.000082,"t",
"Async TX","data",4.9287895,0.000082,"x",
"Async TX","data",4.928876,0.000082,"t",
"Async TX","data",4.928963,0.000082,"=",
"Async TX","data",4.9290495,0.000082,"""",
"Async TX","data",4.9291365,0.000082,"0",
"Async TX","data",4.929223,0.000082,".",
"Async TX","data",4.92931,0.000082,"0",
"Async TX","data",4.9293965,0.000082,"""",
"Async TX","data",4.9294835,0.000082,"ÿ",
"Async TX","data",4.9295705,0.000082,"ÿ",
"Async TX","data",4.929657,0.000082,"ÿ",
"Async TX","data",4.9341775,0.000082,"t",
"Async TX","data",4.934264,0.000082,"4",
"Async TX","data",4.934351,0.000082,".",
"Async TX","data",4.9344375,0.000082,"t",
"Async TX","data",4.9345245,0.000082,"x",
"Async TX","data",4.934611,0.000082,"t",
"Async TX","data",4.934698,0.000082,"=",
"Async TX","data",4.9347845,0.000082,"""",
"Async TX","data",4.9348715,0.000082,"0",
"Async TX","data",4.934958,0.000082,".",
"Async TX","data",4.935045,0.000082,"0",
"Async TX","data",4.9351315,0.000082,"""",
"Async TX","data",4.9352185,0.000082,"ÿ",
"Async TX","data",4.935305,0.000082,"ÿ",
"Async TX","data",4.935392,0.000082,"ÿ",
"Async TX","data",4.9400955,0.000082,"t",
"Async TX","data",4.9401825,0.000082,"6",
"Async TX","data",4.9402695,0.000082,".",
"Async TX","data",4.940356,0.000082,"t",
"Async TX","data",4.940443,0.000082,"x",
"Async TX","data",4.9405295,0.000082,"t",
"Async TX","data",4.9406165,0.000082,"=",
"Async TX","data",4.940703,0.000082,"""",
"Async TX","data",4.94079,0.000082,"0",
"Async TX","data",4.940877,0.000082,".",
"Async TX","data",4.9409635,0.000082,"0",
"Async TX","data",4.9410505,0.000082,"""",
"Async TX","data",4.941137,0.000082,"ÿ",
"Async TX","data",4.941224,0.000082,"ÿ",
"Async TX","data",4.9413105,0.000082,"ÿ",
"Async TX","data",4.945676,0.000082,"j",
"Async TX","data",4.945763,0.000082,"2",
"Async TX","data",4.9458495,0.000082,".",
"Async TX","data",4.9459365,0.000082,"v",
"Async TX","data",4.946023,0.000082,"a",
"Async TX","data",4.94611,0.000082,"l",
"Async TX","data",4.946197,0.000082,"=",
"Async TX","data",4.9462835,0.000082,"0",
"Async TX","data",4.9463705,0.000082,"ÿ",
"Async TX","data",4.9464575,0.000082,"ÿ",
"Async TX","data",4.946544,0.000082,"ÿ",
"Async TX","data",4.9508405,0.000082,"j",
"Async TX","data",4.9509275,0.000082,"1",
"Async TX","data",4.951014,0.000082,".",
"Async TX","data",4.951101,0.000082,"v",
"Async TX","data",4.9511875,0.000082,"a",
"Async TX","data",4.9512745,0.000082,"l",
"Async TX","data",4.951361,0.000082,"=",
"Async TX","data",4.951448,0.000082,"0",
"Async TX","data",4.951535,0.000082,"ÿ",
"Async TX","data",4.9516215,0.000082,"ÿ",
"Async TX","data",4.9517085,0.000082,"ÿ",
"Async TX","data",4.956497,0.000082,"t",
"Async TX","data",4.956584,0.000082,"7",
"Async TX","data",4.9566705,0.000082,".",
"Async TX","data",4.9567575,0.000082,"t",
"Async TX","data",4.956844,0.000082,"x",
"Async TX","data",4.956931,0.000082,"t",
"Async TX","data",4.9570175,0.000082,"=",
"Async TX","data",4.9571045,0.000082,"""",
"Async TX","data",4.957191,0.000082,"0",
"Async TX","data",4.957278,0.000082,"%",
"Async TX","data",4.9573645,0.000082,"""",
"Async TX","data",4.9574515,0.000082,"ÿ",
"Async TX","data",4.9575385,0.000082,"ÿ",
"Async TX","data",4.957625,0.000082,"ÿ",
"Async TX","data",4.962112,0.000082,"j",
"Async TX","data",4.9621985,0.000082,"0",
"Async TX","data",4.9622855,0.000082,".",
"Async TX","data",4.962372,0.000082,"p",
"Async TX","data",4.962459,0.000082,"c",
"Async TX","data",4.962546,0.000082,"o",
"Async TX","data",4.9626325,0.000082,"=",
"Async TX","data",4.9627195,0.000082,"2",
"Async TX","data",4.962806,0.000082,"0",
"Async TX","data",4.962893,0.000082,"1",
"Async TX","data",4.9629795,0.000082,"6",
"Async TX","data",4.9630665,0.000082,"ÿ",
"Async TX","data",4.9631535,0.000082,"ÿ",
"Async TX","data",4.96324,0.000082,"ÿ",
"Async TX","data",4.963327,0.000082,"t",
"Async TX","data",4.9634135,0.000082,"2",
"Async TX","data",4.9635005,0.000082,".",
"Async TX","data",4.963587,0.000082,"p",
"Async TX","data",4.963674,0.000082,"c",
"Async TX","data",4.9637605,0.000082,"o",
"Async TX","data",4.9638475,0.000082,"=",
"Async TX","data",4.963934,0.000082,"2",
"Async TX","data",4.964021,0.000082,"0",
"Async TX","data",4.9641075,0.000082,"1",
"Async TX","data",4.9641945,0.000082,"6",
"Async TX","data",4.964281,0.000082,"ÿ",
"Async TX","data",4.964368,0.000082,"ÿ",
"Async TX","data",4.9644545,0.000082,"ÿ",
"Async TX","data",4.969115,0.000082,"j",
"Async TX","data",4.9692015,0.000082,"0",
"Async TX","data",4.9692885,0.000082,".",
"Async TX","data",4.9693755,0.000082,"v",
"Async TX","data",4.969462,0.000082,"a",
"Async TX","data",4.969549,0.000082,"l",
"Async TX","data",4.9696355,0.000082,"=",
"Async TX","data",4.9697225,0.000082,"0",
"Async TX","data",4.969809,0.000082,"ÿ",
"Async TX","data",4.969896,0.000082,"ÿ",
"Async TX","data",4.969983,0.000082,"ÿ",
"Async TX","data",4.974469,0.000082,"t",
"Async TX","data",4.9745555,0.000082,"2",
"Async TX","data",4.9746425,0.000082,".",
"Async TX","data",4.9747295,0.000082,"t",
"Async TX","data",4.974816,0.000082,"x",
"Async TX","data",4.974903,0.000082,"t",
"Async TX","data",4.9749895,0.000082,"=",
"Async TX","data",4.9750765,0.000082,"""",
"Async TX","data",4.975163,0.000082,"0",
"Async TX","data",4.97525,0.000082,".",
"Async TX","data",4.975337,0.000082,"0",
"Async TX","data",4.9754235,0.000082,"0",
"Async TX","data",4.9755105,0.000082,"""",
"Async TX","data",4.975597,0.000082,"ÿ",
"Async TX","data",4.975684,0.000082,"ÿ",
"Async TX","data",4.975771,0.000082,"ÿ",
"Async TX","data",4.9802225,0.000082,"t",
"Async TX","data",4.9803095,0.000082,"1",
"Async TX","data",4.9803965,0.000082,"3",
"Async TX","data",4.980483,0.000082,".",
"Async TX","data",4.98057,0.000082,"t",
"Async TX","data",4.9806565,0.000082,"x",
"Async TX","data",4.9807435,0.000082,"t",
"Async TX","data",4.9808305,0.000082,"=",
"Async TX","data",4.980917,0.000082,"""",
"Async TX","data",4.981004,0.000082,"1",
"Async TX","data",4.9810905,0.000082,"0",
"Async TX","data",4.9811775,0.000082,"""",
"Async TX","data",4.9812645,0.000082,"ÿ",
"Async TX","data",4.981351,0.000082,"ÿ",
"Async TX","data",4.981438,0.000082,"ÿ",
"Async TX","data",4.985787,0.000082,"t",
"Async TX","data",4.9858735,0.000082,"1",
"Async TX","data",4.9859605,0.000082,".",
"Async TX","data",4.9860475,0.000082,"p",
"Async TX","data",4.986134,0.000082,"c",
"Async TX","data",4.986221,0.000082,"o",
"Async TX","data",4.9863075,0.000082,"=",
"Async TX","data",4.9863945,0.000082,"2",
"Async TX","data",4.986481,0.000082,"0",
"Async TX","data",4.986568,0.000082,"2",
"Async TX","data",4.9866545,0.000082,"4",
"Async TX","data",4.9867415,0.000082,"ÿ",
"Async TX","data",4.986828,0.000082,"ÿ",
"Async TX","data",4.986915,0.000082,"ÿ",
"Async TX","data",4.9959505,0.000082,"t",
"Async TX","data",4.9960375,0.000082,"0",
"Async TX","data",4.996124,0.000082,".",
"Async TX","data",4.996211,0.000082,"t",
"Async TX","data",4.996298,0.000082,"x",
"Async TX","data",4.9963845,0.000082,"t",
"Async TX","data",4.9964715,0.000082,"=",
"Async TX","data",4.9965585,0.000082,"""",
"Async TX","data",4.996645,0.000082,"0",
"Async TX","data",4.996732,0.000082,".",
"Async TX","data",4.996819,0.000082,"0",
"Async TX","data",4.9969055,0.000082,"""",
"Async TX","data",4.9969925,0.000082,"ÿ",
"Async TX","data",4.997079,0.000082,"ÿ",
"Async TX","data",4.997166,0.000082,"ÿ",
"Async TX","data",5.001453,0.000082,"t",
"Async TX","data",5.0015395,0.000082,"5",
"Async TX","data",5.0016265,0.000082,".",
"Async TX","data",5.001713,0.000082,"t",
"Async TX","data",5.0018,0.000082,"x",
"Async TX","data",5.0018865,0.000082,"t",
"Async TX","data",5.0019735,0.000082,"=",
"Async TX","data",5.0020605,0.000082,"""",
"Async TX","data",5.002147,0.000082,"0",
"Async TX","data",5.002234,0.000082,".",
"Async TX","data",5.0023205,0.000082,"0",
"Async TX","data",5.0024075,0.000082,"""",
"Async TX","data",5.0024945,0.000082,"ÿ",
"Async TX","data",5.002581,0.000082,"ÿ",
"Async TX","data",5.002668,0.000082,"ÿ",
"Async TX","data",5.0074515,0.000082,"t",
"Async TX","data",5.0075385,0.000082,"4",
"Async TX","data",5.007625,0.000082,".",
"Async TX","data",5.007712,0.000082,"t",
"Async TX","data",5.007799,0.000082,"x",
"Async TX","data",5.0078855,0.000082,"t",
"Async TX","data",5.0079725,0.000082,"=",
"Async TX","data",5.0080595,0.000082,"""",
"Async TX","data",5.008146,0.000082,"0",
"Async TX","data",5.008233,0.000082,".",
"Async TX","data",5.0083195,0.000082,"0",
"Async TX","data",5.0084065,0.000082,"""",
"Async TX","data",5.0084935,0.000082,"ÿ",
"Async TX","data",5.00858,0.000082,"ÿ",
"Async TX","data",5.008667,0.000082,"ÿ",
"Async TX","data",5.013232,0.000082,"t",
"Async TX","data",5.013319,0.000082,"6",
"Async TX","data",5.0134055,0.000082,".",
"Async TX","data",5.0134925,0.000082,"t",
"Async TX","data",5.013579,0.000082,"x",
"Async TX","data",5.013666,0.000082,"t",
"Async TX","data",5.013753,0.000082,"=",
"Async TX","data",5.0138395,0.000082,"""",
"Async TX","data",5.0139265,0.000082,"0",
"Async TX","data",5.014013,0.000082,".",
"Async TX","data",5.0141,0.000082,"0",
"Async TX","data",5.014187,0.000082,"""",
"Async TX","data",5.0142735,0.000082,"ÿ",
"Async TX","data",5.0143605,0.000082,"ÿ",
"Async TX","data",5.014447,0.000082,"ÿ",
"Async TX","data",5.0189085,0.000082,"j",
"Async TX","data",5.0189955,0.000082,"2",
"Async TX","data",5.019082,0.000082,".",
"Async TX","data",5.019169,0.000082,"v",
"Async TX","data",5.0192555,0.000082,"a",
"Async TX","data",5.0193425,0.000082,"l",
"Async TX","data",5.0194295,0.000082,"=",
"Async TX","data",5.019516,0.000082,"0",
"Async TX","data",5.019603,0.000082,"ÿ",
"Async TX","data",5.0196895,0.000082,"ÿ",
"Async TX","data",5.0197765,0.000082,"ÿ",
"Async TX","data",5.023961,0.000082,"j",
"Async TX","data",5.0240475,0.000082,"1",
"Async TX","data",5.0241345,0.000082,".",
"Async TX","data",5.024221,0.000082,"v",
"Async TX","data",5.024308,0.000082,"a",
"Async TX","data",5.024395,0.000082,"l",
"Async TX","data",5.0244815,0.000082,"=",
"Async TX","data",5.0245685,0.000082,"0",
"Async TX","data",5.024655,0.000082,"ÿ",
"Async TX","data",5.024742,0.000082,"ÿ",
"Async TX","data",5.024829,0.000082,"ÿ",
"Async TX","data",5.029752,0.000082,"t",
"Async TX","data",5.0298385,0.000082,"7",
"Async TX","data",5.0299255,0.000082,".",
"Async TX","data",5.0300125,0.000082,"t",
"Async TX","data",5.030099,0.000082,"x",
"Async TX","data",5.030186,0.000082,"t",
"Async TX","data",5.0302725,0.000082,"=",
"Async TX","data",5.0303595,0.000082,"""",
"Async TX","data",5.0304465,0.000082,"0",
"Async TX","data",5.030533,0.000082,"%",
"Async TX","data",5.03062,0.000082,"""",
"Async TX","data",5.030707,0.000082,"ÿ",
"Async TX","data",5.0307935,0.000082,"ÿ",
"Async TX","data",5.0308805,0.000082,"ÿ",
"Async TX","data",5.0352635,0.000082,"j",
"Async TX","data",5.03535,0.000082,"0",
"Async TX","data",5.035437,0.000082,".",
"Async TX","data",5.0355235,0.000082,"p",
"Async TX","data",5.0356105,0.000082,"c",
"Async TX","data",5.0356975,0.000082,"o",
"Async TX","data",5.035784,0.000082,"=",
"Async TX","data",5.035871,0.000082,"2",
"Async TX","data",5.035958,0.000082,"0",
"Async TX","data",5.0360445,0.000082,"1",
"Async TX","data",5.0361315,0.000082,"6",
"Async TX","data",5.0362185,0.000082,"ÿ",
"Async TX","data",5.036305,0.000082,"ÿ",
"Async TX","data",5.036392,0.000082,"ÿ",
"Async TX","data",5.0364785,0.000082,"t",
"Async TX","data",5.0365655,0.000082,"2",
"Async TX","data",5.0366525,0.000082,".",
"Async TX","data",5.036739,0.000082,"p",
"Async TX","data",5.036826,0.000082,"c",
"Async TX","data",5.0369125,0.000082,"o",
"Async TX","data",5.0369995,0.000082,"=",
"Async TX","data",5.037086,0.000082,"2",
"Async TX","data",5.037173,0.000082,"0",
"Async TX","data",5.0372595,0.000082,"1",
"Async TX","data",5.0373465,0.000082,"6",
"Async TX","data",5.037433,0.000082,"ÿ",
"Async TX","data",5.03752,0.000082,"ÿ",
"Async TX","data",5.037607,0.000082,"ÿ",
"Async TX","data",5.04225,0.000082,"j",
"Async TX","data",5.042337,0.000082,"0",
"Async TX","data",5.042424,0.000082,".",
"Async TX","data",5.0425105,0.000082,"v",
"Async TX","data",5.0425975,0.000082,"a",
"Async TX","data",5.042684,0.000082,"l",
"Async TX","data",5.042771,0.000082,"=",
"Async TX","data",5.042858,0.000082,"0",
"Async TX","data",5.0429445,0.000082,"ÿ",
"Async TX","data",5.0430315,0.000082,"ÿ",
"Async TX","data",5.0431185,0.000082,"ÿ",
"Async TX","data",5.0477105,0.000082,"t",
"Async TX","data",5.047797,0.000082,"2",
"Async TX","data",5.047884,0.000082,".",
"Async TX","data",5.047971,0.000082,"t",
"Async TX","data",5.0480575,0.000082,"x",
"Async TX","data",5.0481445,0.000082,"t",
"Async TX","data",5.0482315,0.000082,"=",
"Async TX","data",5.048318,0.000082,"""",
"Async TX","data",5.048405,0.000082,"0",
"Async TX","data",5.048492,0.000082,".",
"Async TX","data",5.0485785,0.000082,"0",
"Async TX","data",5.0486655,0.000082,"0",
"Async TX","data",5.048752,0.000082,"""",
"Async TX","data",5.048839,0.000082,"ÿ",
"Async TX","data",5.048926,0.000082,"ÿ",
"Async TX","data",5.0490125,0.000082,"ÿ",
"Async TX","data",5.053832,0.000082,"t",
"Async TX","data",5.053919,0.000082,"1",
"Async TX","data",5.0540055,0.000082,"3",
"Async TX","data",5.0540925,0.000082,".",
"Async TX","data",5.0541795,0.000082,"t",
"Async TX","data",5.054266,0.000082,"x",
"Async TX","data",5.054353,0.000082,"t",
"Async TX","data",5.05444,0.000082,"=",
"Async TX","data",5.0545265,0.000082,"""",
"Async TX","data",5.0546135,0.000082,"1",
"Async TX","data",5.0547005,0.000082,"0",
"Async TX","data",5.054787,0.000082,"""",
"Async TX","data",5.054874,0.000082,"ÿ",
"Async TX","data",5.054961,0.000082,"ÿ",
"Async TX","data",5.0550475,0.000082,"ÿ",
"Async TX","data",5.0595365,0.000082,"t",
"Async TX","data",5.059623,0.000082,"1",
"Async TX","data",5.05971,0.000082,".",
"Async TX","data",5.059797,0.000082,"p",
"Async TX","data",5.0598835,0.000082,"c",
"Async TX","data",5.0599705,0.000082,"o",
"Async TX","data",5.0600575,0.000082,"=",
"Async TX","data",5.060144,0.000082,"2",
"Async TX","data",5.060231,0.000082,"0",
"Async TX","data",5.060318,0.000082,"2",
"Async TX","data",5.0604045,0.000082,"4",
"Async TX","data",5.0604915,0.000082,"ÿ",
"Async TX","data",5.060578,0.000082,"ÿ",
"Async TX","data",5.060665,0.000082,"ÿ",
"Async TX","data",5.0696495,0.000082,"t",
"Async TX","data",5.069736,0.000082,"0",
"Async TX","data",5.069823,0.000082,".",
"Async TX","data",5.0699095,0.000082,"t",
"Async TX","data",5.0699965,0.000082,"x",
"Async TX","data",5.070083,0.000082,"t",
"Async TX","data",5.07017,0.000082,"=",
"Async TX","data",5.0702565,0.000082,"""",
"Async TX","data",5.0703435,0.000082,"0",
"Async TX","data",5.07043,0.000082,".",
"Async TX","data",5.070517,0.000082,"0",
"Async TX","data",5.0706035,0.000082,"""",
"Async TX","data",5.0706905,0.000082,"ÿ",
"Async TX","data",5.070777,0.000082,"ÿ",
"Async TX","data",5.070864,0.000082,"ÿ",
"Async TX","data",5.0750725,0.000082,"t",
"Async TX","data",5.075159,0.000082,"5",
"Async TX","data",5.075246,0.000082,".",
"Async TX","data",5.075333,0.000082,"t",
"Async TX","data",5.0754195,0.000082,"x",
"Async TX","data",5.0755065,0.000082,"t",
"Async TX","data",5.0755935,0.000082,"=",
"Async TX","data",5.07568,0.000082,"""",
"Async TX","data",5.075767,0.000082,"0",
"Async TX","data",5.0758535,0.000082,".",
"Async TX","data",5.0759405,0.000082,"0",
"Async TX","data",5.0760275,0.000082,"""",
"Async TX","data",5.076114,0.000082,"ÿ",
"Async TX","data",5.076201,0.000082,"ÿ",
"Async TX","data",5.0762875,0.000082,"ÿ",
"Async TX","data",5.0810345,0.000082,"t",
"Async TX","data",5.0811215,0.000082,"4",
"Async TX","data",5.0812085,0.000082,".",
"Async TX","data",5.081295,0.000082,"t",
"Async TX","data",5.081382,0.000082,"x",
"Async TX","data",5.0814685,0.000082,"t",
"Async TX","data",5.0815555,0.000082,"=",
"Async TX","data",5.081642,0.000082,"""",
"Async TX","data",5.081729,0.000082,"0",
"Async TX","data",5.081816,0.000082,".",
"Async TX","data",5.0819025,0.000082,"0",
"Async TX","data",5.0819895,0.000082,"""",
"Async TX","data",5.082076,0.000082,"ÿ",
"Async TX","data",5.082163,0.000082,"ÿ",
"Async TX","data",5.0822495,0.000082,"ÿ",
"Async TX","data",5.086859,0.000082,"t",
"Async TX","data",5.086946,0.000082,"6",
"Async TX","data",5.0870325,0.000082,".",
"Async TX","data",5.0871195,0.000082,"t",
"Async TX","data",5.087206,0.000082,"x",
"Async TX","data",5.087293,0.000082,"t",
"Async TX","data",5.08738,0.000082,"=",
"Async TX","data",5.0874665,0.000082,"""",
"Async TX","data",5.0875535,0.000082,"0",
"Async TX","data",5.0876405,0.000082,".",
"Async TX","data",5.087727,0.000082,"0",
"Async TX","data",5.087814,0.000082,"""",
"Async TX","data",5.087901,0.000082,"ÿ",
"Async TX","data",5.0879875,0.000082,"ÿ",
"Async TX","data",5.0880745,0.000082,"ÿ",
"Async TX","data",5.0926925,0.000082,"j",
"Async TX","data",5.092779,0.000082,"2",
"Async TX","data",5.092866,0.000082,".",
"Async TX","data",5.092953,0.000082,"v",
"Async TX","data",5.0930395,0.000082,"a",
"Async TX","data",5.0931265,0.000082,"l",
"Async TX","data",5.093213,0.000082,"=",
"Async TX","data",5.0933,0.000082,"0",
"Async TX","data",5.093387,0.000082,"ÿ",
"Async TX","data",5.0934735,0.000082,"ÿ",
"Async TX","data",5.0935605,0.000082,"ÿ",
"Async TX","data",5.0980305,0.000082,"j",
"Async TX","data",5.0981175,0.000082,"1",
"Async TX","data",5.0982045,0.000082,".",
"Async TX","data",5.098291,0.000082,"v",
"Async TX","data",5.098378,0.000082,"a",
"Async TX","data",5.0984645,0.000082,"l",
"Async TX","data",5.0985515,0.000082,"=",
"Async TX","data",5.0986385,0.000082,"0",
"Async TX","data",5.098725,0.000082,"ÿ",
"Async TX","data",5.098812,0.000082,"ÿ",
"Async TX","data",5.098899,0.000082,"ÿ",
"Async TX","data",5.1035255,0.000082,"t",
"Async TX","data",5.103612,0.000082,"7",
"Async TX","data",5.103699,0.000082,".",
"Async TX","data",5.1037855,0.000082,"t",
"Async TX","data",5.1038725,0.000082,"x",
"Async TX","data",5.103959,0.000082,"t",
"Async TX","data",5.104046,0.000082,"=",
"Async TX","data",5.104133,0.000082,"""",
"Async TX","data",5.1042195,0.000082,"0",
"Async TX","data",5.1043065,0.000082,"%",
"Async TX","data",5.104393,0.000082,"""",
"Async TX","data",5.10448,0.000082,"ÿ",
"Async TX","data",5.1045665,0.000082,"ÿ",
"Async TX","data",5.1046535,0.000082,"ÿ",
"Async TX","data",5.109098,0.000082,"j",
"Async TX","data",5.109185,0.000082,"0",
"Async TX","data",5.1092715,0.000082,".",
"Async TX","data",5.1093585,0.000082,"p",
"Async TX","data",5.1094455,0.000082,"c",
"Async TX","data",5.109532,0.000082,"o",
"Async TX","data",5.109619,0.000082,"=",
"Async TX","data",5.1097055,0.000082,"2",
"Async TX","data",5.1097925,0.000082,"0",
"Async TX","data",5.1098795,0.000082,"1",
"Async TX","data",5.109966,0.000082,"6",
"Async TX","data",5.110053,0.000082,"ÿ",
"Async TX","data",5.1101395,0.000082,"ÿ",
"Async TX","data",5.1102265,0.000082,"ÿ",
"Async TX","data",5.1103135,0.000082,"t",
"Async TX","data",5.1104,0.000082,"2",
"Async TX","data",5.110487,0.000082,".",
"Async TX","data",5.110574,0.000082,"p",
"Async TX","data",5.1106605,0.000082,"c",
"Async TX","data",5.1107475,0.000082,"o",
"Async TX","data",5.1108345,0.000082,"=",
"Async TX","data",5.110921,0.000082,"2",
"Async TX","data",5.111008,0.000082,"0",
"Async TX","data",5.1110945,0.000082,"1",
"Async TX","data",5.1111815,0.000082,"6",
"Async TX","data",5.1112685,0.000082,"ÿ",
"Async TX","data",5.111355,0.000082,"ÿ",
"Async TX","data",5.111442,0.000082,"ÿ",
"Async TX","data",5.1161295,0.000082,"j",
"Async TX","data",5.116216,0.000082,"0",
"Async TX","data",5.116303,0.000082,".",
"Async TX","data",5.11639,0.000082,"v",
"Async TX","data",5.1164765,0.000082,"a",
"Async TX","data",5.1165635,0.000082,"l",
"Async TX","data",5.11665,0.000082,"=",
"Async TX","data",5.116737,0.000082,"0",
"Async TX","data",5.116824,0.000082,"ÿ",
"Async TX","data",5.1169105,0.000082,"ÿ",
"Async TX","data",5.1169975,0.000082,"ÿ",
"Async TX","data",5.1217105,0.000082,"t",
"Async TX","data",5.121797,0.000082,"2",
"Async TX","data",5.121884,0.000082,".",
"Async TX","data",5.1219705,0.000082,"t",
"Async TX","data",5.1220575,0.000082,"x",
"Async TX","data",5.122144,0.000082,"t",
"Async TX","data",5.122231,0.000082,"=",
"Async TX","data",5.122318,0.000082,"""",
"Async TX","data",5.1224045,0.000082,"0",
"Async TX","data",5.1224915,0.000082,".",
"Async TX","data",5.122578,0.000082,"0",
"Async TX","data",5.122665,0.000082,"0",
"Async TX","data",5.122752,0.000082,"""",
"Async TX","data",5.1228385,0.000082,"ÿ",
"Async TX","data",5.1229255,0.000082,"ÿ",
"Async TX","data",5.1230125,0.000082,"ÿ",
"Async TX","data",5.1277785,0.000082,"t",
"Async TX","data",5.127865,0.000082,"1",
"Async TX","data",5.127952,0.000082,"3",
"Async TX","data",5.128039,0.000082,".",
"Async TX","data",5.1281255,0.000082,"t",
"Async TX","data",5.1282125,0.000082,"x",
"Async TX","data",5.128299,0.000082,"t",
"Async TX","data",5.128386,0.000082,"=",
"Async TX","data",5.128473,0.000082,"""",
"Async TX","data",5.1285595,0.000082,"1",
"Async TX","data",5.1286465,0.000082,"0",
"Async TX","data",5.128733,0.000082,"""",
"Async TX","data",5.12882,0.000082,"ÿ",
"Async TX","data",5.128907,0.000082,"ÿ",
"Async TX","data",5.1289935,0.000082,"ÿ",
"Async TX","data",5.133386,0.000082,"t",
"Async TX","data",5.133473,0.000082,"1",
"Async TX","data",5.1335595,0.000082,".",
"Async TX","data",5.1336465,0.000082,"p",
"Async TX","data",5.1337335,0.000082,"c",
"Async TX","data",5.13382,0.000082,"o",
"Async TX","data",5.133907,0.000082,"=",
"Async TX","data",5.133994,0.000082,"2",
"Async TX","data",5.1340805,0.000082,"0",
"Async TX","data",5.1341675,0.000082,"2",
"Async TX","data",5.1342545,0.000082,"4",
"Async TX","data",5.134341,0.000082,"ÿ",
"Async TX","data",5.134428,0.000082,"ÿ",
"Async TX","data",5.134515,0.000082,"ÿ",
"Async TX","data",5.1440555,0.000082,"t",
"Async TX","data",5.144142,0.000082,"0",
"Async TX","data",5.144229,0.000082,".",
"Async TX","data",5.144316,0.000082,"t",
"Async TX","data",5.1444025,0.000082,"x",
"Async TX","data",5.1444895,0.000082,"t",
"Async TX","data",5.1445765,0.000082,"=",
"Async TX","data",5.144663,0.000082,"""",
"Async TX","data",5.14475,0.000082,"0",
"Async TX","data",5.144837,0.000082,".",
"Async TX","data",5.1449235,0.000082,"0",
"Async TX","data",5.1450105,0.000082,"""",
"Async TX","data",5.1450975,0.000082,"ÿ",
"Async TX","data",5.145184,0.000082,"ÿ",
"Async TX","data",5.145271,0.000082,"ÿ",
"Async TX","data",5.150072,0.000082,"t",
"Async TX","data",5.150159,0.000082,"5",
"Async TX","data",5.1502455,0.000082,".",
"Async TX","data",5.1503325,0.000082,"t",
"Async TX","data",5.1504195,0.000082,"x",
"Async TX","data",5.1505065,0.000082,"t",
"Async TX","data",5.150593,0.000082,"=",
"Async TX","data",5.15068,0.000082,"""",
"Async TX","data",5.150767,0.000082,"0",
"Async TX","data",5.1508535,0.000082,".",
"Async TX","data",5.1509405,0.000082,"0",
"Async TX","data",5.1510275,0.000082,"""",
"Async TX","data",5.151114,0.000082,"ÿ",
"Async TX","data",5.151201,0.000082,"ÿ",
"Async TX","data",5.151288,0.000082,"ÿ",
"Async TX","data",5.155716,0.000082,"t",
"Async TX","data",5.155803,0.000082,"4",
"Async TX","data",5.15589,0.000082,".",
"Async TX","data",5.1559765,0.000082,"t",
"Async TX","data",5.1560635,0.000082,"x",
"Async TX","data",5.15615,0.000082,"t",
"Async TX","data",5.156237,0.000082,"=",
"Async TX","data",5.156324,0.000082,"""",
"Async TX","data",5.1564105,0.000082,"0",
"Async TX","data",5.1564975,0.000082,".",
"Async TX","data",5.1565845,0.000082,"0",
"Async TX","data",5.156671,0.000082,"""",
"Async TX","data",5.156758,0.000082,"ÿ",
"Async TX","data",5.156845,0.000082,"ÿ",
"Async TX","data",5.1569315,0.000082,"ÿ",
"Async TX","data",5.161611,0.000082,"t",
"Async TX","data",5.161698,0.000082,"6",
"Async TX","data",5.1617845,0.000082,".",
"Async TX","data",5.1618715,0.000082,"t",
"Async TX","data",5.1619585,0.000082,"x",
"Async TX","data",5.162045,0.000082,"t",
"Async TX","data",5.162132,0.000082,"=",
"Async TX","data",5.1622185,0.000082,"""",
"Async TX","data",5.1623055,0.000082,"0",
"Async TX","data",5.1623925,0.000082,".",
"Async TX","data",5.162479,0.000082,"0",
"Async TX","data",5.162566,0.000082,"""",
"Async TX","data",5.1626525,0.000082,"ÿ",
"Async TX","data",5.1627395,0.000082,"ÿ",
"Async TX","data",5.1628265,0.000082,"ÿ",
"Async TX","data",5.167445,0.000082,"j",
"Async TX","data",5.167532,0.000082,"2",
"Async TX","data",5.167619,0.000082,".",
"Async TX","data",5.1677055,0.000082,"v",
"Async TX","data",5.1677925,0.000082,"a",
"Async TX","data",5.1678795,0.000082,"l",
"Async TX","data",5.167966,0.000082,"=",
"Async TX","data",5.168053,0.000082,"0",
"Async TX","data",5.16814,0.000082,"ÿ",
"Async TX","data",5.1682265,0.000082,"ÿ",
"Async TX","data",5.1683135,0.000082,"ÿ",
"Async TX","data",5.1729065,0.000082,"j",
"Async TX","data",5.1729935,0.000082,"1",
"Async TX","data",5.17308,0.000082,".",
"Async TX","data",5.173167,0.000082,"v",
"Async TX","data",5.1732535,0.000082,"a",
"Async TX","data",5.1733405,0.000082,"l",
"Async TX","data",5.1734275,0.000082,"=",
"Async TX","data",5.173514,0.000082,"0",
"Async TX","data",5.173601,0.000082,"ÿ",
"Async TX","data",5.173688,0.000082,"ÿ",
"Async TX","data",5.173775,0.000082,"ÿ",
"Async TX","data",5.1783765,0.000082,"t",
"Async TX","data",5.1784635,0.000082,"7",
"Async TX","data",5.1785505,0.000082,".",
"Async TX","data",5.178637,0.000082,"t",
"Async TX","data",5.178724,0.000082,"x",
"Async TX","data",5.178811,0.000082,"t",
"Async TX","data",5.1788975,0.000082,"=",
"Async TX","data",5.1789845,0.000082,"""",
"Async TX","data",5.179071,0.000082,"0",
"Async TX","data",5.179158,0.000082,"%",
"Async TX","data",5.179245,0.000082,"""",
"Async TX","data",5.1793315,0.000082,"ÿ",
"Async TX","data",5.1794185,0.000082,"ÿ",
"Async TX","data",5.1795055,0.000082,"ÿ",
"Async TX","data",5.1840025,0.000082,"j",
"Async TX","data",5.184089,0.000082,"0",
"Async TX","data",5.184176,0.000082,".",
"Async TX","data",5.184263,0.000082,"p",
"Async TX","data",5.1843495,0.000082,"c",
"Async TX","data",5.1844365,0.000082,"o",
"Async TX","data",5.1845235,0.000082,"=",
"Async TX","data",5.18461,0.000082,"2",
"Async TX","data",5.184697,0.000082,"0",
"Async TX","data",5.1847835,0.000082,"1",
"Async TX","data",5.1848705,0.000082,"6",
"Async TX","data",5.1849575,0.000082,"ÿ",
"Async TX","data",5.185044,0.000082,"ÿ",
"Async TX","data",5.185131,0.000082,"ÿ",
"Async TX","data",5.185218,0.000082,"t",
"Async TX","data",5.1853045,0.000082,"2",
"Async TX","data",5.1853915,0.000082,".",
"Async TX","data",5.185478,0.000082,"p",
"Async TX","data",5.185565,0.000082,"c",
"Async TX","data",5.185652,0.000082,"o",
"Async TX","data",5.1857385,0.000082,"=",
"Async TX","data",5.1858255,0.000082,"2",
"Async TX","data",5.185912,0.000082,"0",
"Async TX","data",5.185999,0.000082,"1",
"Async TX","data",5.186086,0.000082,"6",
"Async TX","data",5.1861725,0.000082,"ÿ",
"Async TX","data",5.1862595,0.000082,"ÿ",
"Async TX","data",5.1863465,0.000082,"ÿ",
"Async TX","data",5.1909485,0.000082,"j",
"Async TX","data",5.191035,0.000082,"0",
"Async TX","data",5.191122,0.000082,".",
"Async TX","data",5.191209,0.000082,"v",
"Async TX","data",5.191296,0.000082,"a",
"Async TX","data",5.1913825,0.000082,"l",
"Async TX","data",5.1914695,0.000082,"=",
"Async TX","data",5.191556,0.000082,"0",
"Async TX","data",5.191643,0.000082,"ÿ",
"Async TX","data",5.19173,0.000082,"ÿ",
"Async TX","data",5.191817,0.000082,"ÿ",
"Async TX","data",5.196477,0.000082,"t",
"Async TX","data",5.196564,0.000082,"2",
"Async TX","data",5.1966505,0.000082,".",
"Async TX","data",5.1967375,0.000082,"t",
"Async TX","data",5.1968245,0.000082,"x",
"Async TX","data",5.196911,0.000082,"t",
"Async TX","data",5.196998,0.000082,"=",
"Async TX","data",5.197085,0.000082,"""",
"Async TX","data",5.1971715,0.000082,"0",
"Async TX","data",5.1972585,0.000082,".",
"Async TX","data",5.1973455,0.000082,"0",
"Async TX","data",5.197432,0.000082,"0",
"Async TX","data",5.197519,0.000082,"""",
"Async TX","data",5.197606,0.000082,"ÿ",
"Async TX","data",5.197693,0.000082,"ÿ",
"Async TX","data",5.1977795,0.000082,"ÿ",
"Async TX","data",5.202643,0.000082,"t",
"Async TX","data",5.20273,0.000082,"1",
"Async TX","data",5.202817,0.000082,"3",
"Async TX","data",5.2029035,0.000082,".",
"Async TX","data",5.2029905,0.000082,"t",
"Async TX","data",5.203077,0.000082,"x",
"Async TX","data",5.203164,0.000082,"t",
"Async TX","data",5.203251,0.000082,"=",
"Async TX","data",5.2033375,0.000082,"""",
"Async TX","data",5.2034245,0.000082,"1",
"Async TX","data",5.2035115,0.000082,"0",
"Async TX","data",5.203598,0.000082,"""",
"Async TX","data",5.203685,0.000082,"ÿ",
"Async TX","data",5.203772,0.000082,"ÿ",
"Async TX","data",5.2038585,0.000082,"ÿ",
"Async TX","data",5.208312,0.000082,"t",
"Async TX","data",5.2083985,0.000082,"1",
"Async TX","data",5.2084855,0.000082,".",
"Async TX","data",5.2085725,0.000082,"p",
"Async TX","data",5.208659,0.000082,"c",
"Async TX","data",5.208746,0.000082,"o",
"Async TX","data",5.2088325,0.000082,"=",
"Async TX","data",5.2089195,0.000082,"2",
"Async TX","data",5.2090065,0.000082,"0",
"Async TX","data",5.209093,0.000082,"2",
"Async TX","data",5.20918,0.000082,"4",
"Async TX","data",5.209267,0.000082,"ÿ",
"Async TX","data",5.2093535,0.000082,"ÿ",
"Async TX","data",5.2094405,0.000082,"ÿ",
"Async TX","data",5.2139895,0.000082,"t",
"Async TX","data",5.214076,0.000082,"1",
"Async TX","data",5.214163,0.000082,".",
"Async TX","data",5.21425,0.000082,"t",
"Async TX","data",5.2143365,0.000082,"x",
"Async TX","data",5.2144235,0.000082,"t",
"Async TX","data",5.2145105,0.000082,"=",
"Async TX","data",5.214597,0.000082,"""",
"Async TX","data",5.214684,0.000082,"4",
"Async TX","data",5.2147705,0.000082,".",
"Async TX","data",5.2148575,0.000082,"0",
"Async TX","data",5.2149445,0.000082,"2",
"Async TX","data",5.215031,0.000082,"""",
"Async TX","data",5.215118,0.000082,"ÿ",
"Async TX","data",5.215205,0.000082,"ÿ",
"Async TX","data",5.2152915,0.000082,"ÿ",
"Async TX","data",5.2198385,0.000082,"t",
"Async TX","data",5.2199255,0.000082,"0",
"Async TX","data",5.2200125,0.000082,".",
"Async TX","data",5.220099,0.000082,"t",
"Async TX","data",5.220186,0.000082,"x",
"Async TX","data",5.2202725,0.000082,"t",
"Async TX","data",5.2203595,0.000082,"=",
"Async TX","data",5.2204465,0.000082,"""",
"Async TX","data",5.220533,0.000082,"0",
"Async TX","data",5.22062,0.000082,".",
"Async TX","data",5.2207065,0.000082,"0",
"Async TX","data",5.2207935,0.000082,"""",
"Async TX","data",5.2208805,0.000082,"ÿ",
"Async TX","data",5.220967,0.000082,"ÿ",
"Async TX","data",5.221054,0.000082,"ÿ",
"Async TX","data",5.2259065,0.000082,"t",
"Async TX","data",5.2259935,0.000082,"5",
"Async TX","data",5.22608,0.000082,".",
"Async TX","data",5.226167,0.000082,"t",
"Async TX","data",5.226254,0.000082,"x",
"Async TX","data",5.2263405,0.000082,"t",
"Async TX","data",5.2264275,0.000082,"=",
"Async TX","data",5.226514,0.000082,"""",
"Async TX","data",5.226601,0.000082,"0",
"Async TX","data",5.226688,0.000082,".",
"Async TX","data",5.2267745,0.000082,"0",
"Async TX","data",5.2268615,0.000082,"""",
"Async TX","data",5.226948,0.000082,"ÿ",
"Async TX","data",5.227035,0.000082,"ÿ",
"Async TX","data",5.227122,0.000082,"ÿ",
"Async TX","data",5.2315055,0.000082,"t",
"Async TX","data",5.231592,0.000082,"4",
"Async TX","data",5.231679,0.000082,".",
"Async TX","data",5.2317655,0.000082,"t",
"Async TX","data",5.2318525,0.000082,"x",
"Async TX","data",5.2319395,0.000082,"t",
"Async TX","data",5.232026,0.000082,"=",
"Async TX","data",5.232113,0.000082,"""",
"Async TX","data",5.2321995,0.000082,"0",
"Async TX","data",5.2322865,0.000082,".",
"Async TX","data",5.232373,0.000082,"0",
"Async TX","data",5.23246,0.000082,"""",
"Async TX","data",5.2325465,0.000082,"ÿ",
"Async TX","data",5.2326335,0.000082,"ÿ",
"Async TX","data",5.2327205,0.000082,"ÿ",
"Async TX","data",5.2373105,0.000082,"t",
"Async TX","data",5.2373975,0.000082,"6",
"Async TX","data",5.237484,0.000082,".",
"Async TX","data",5.237571,0.000082,"t",
"Async TX","data",5.237658,0.000082,"x",
"Async TX","data",5.2377445,0.000082,"t",
"Async TX","data",5.2378315,0.000082,"=",
"Async TX","data",5.2379185,0.000082,"""",
"Async TX","data",5.238005,0.000082,"0",
"Async TX","data",5.238092,0.000082,".",
"Async TX","data",5.2381785,0.000082,"0",
"Async TX","data",5.2382655,0.000082,"""",
"Async TX","data",5.238352,0.000082,"ÿ",
"Async TX","data",5.238439,0.000082,"ÿ",
"Async TX","data",5.238526,0.000082,"ÿ",
"Async TX","data",5.242596,0.000082,"j",
"Async TX","data",5.242683,0.000082,"2",
"Async TX","data",5.2427695,0.000082,".",
"Async TX","data",5.2428565,0.000082,"v",
"Async TX","data",5.2429435,0.000082,"a",
"Async TX","data",5.24303,0.000082,"l",
"Async TX","data",5.243117,0.000082,"=",
"Async TX","data",5.2432035,0.000082,"0",
"Async TX","data",5.2432905,0.000082,"ÿ",
"Async TX","data",5.243377,0.000082,"ÿ",
"Async TX","data",5.243464,0.000082,"ÿ",
"Async TX","data",5.248115,0.000082,"j",
"Async TX","data",5.2482015,0.000082,"1",
"Async TX","data",5.2482885,0.000082,".",
"Async TX","data",5.248375,0.000082,"v",
"Async TX","data",5.248462,0.000082,"a",
"Async TX","data",5.2485485,0.000082,"l",
"Async TX","data",5.2486355,0.000082,"=",
"Async TX","data",5.2487225,0.000082,"0",
"Async TX","data",5.248809,0.000082,"ÿ",
"Async TX","data",5.248896,0.000082,"ÿ",
"Async TX","data",5.2489825,0.000082,"ÿ",
"Async TX","data",5.2535725,0.000082,"t",
"Async TX","data",5.2536595,0.000082,"7",
"Async TX","data",5.253746,0.000082,".",
"Async TX","data",5.253833,0.000082,"t",
"Async TX","data",5.2539195,0.000082,"x",
"Async TX","data",5.2540065,0.000082,"t",
"Async TX","data",5.254093,0.000082,"=",
"Async TX","data",5.25418,0.000082,"""",
"Async TX","data",5.2542665,0.000082,"0",
"Async TX","data",5.2543535,0.000082,"%",
"Async TX","data",5.25444,0.000082,"""",
"Async TX","data",5.254527,0.000082,"ÿ",
"Async TX","data",5.2546135,0.000082,"ÿ",
"Async TX","data",5.2547005,0.000082,"ÿ",
"Async TX","data",5.2593175,0.000082,"j",
"Async TX","data",5.259404,0.000082,"0",
"Async TX","data",5.259491,0.000082,".",
"Async TX","data",5.2595775,0.000082,"p",
"Async TX","data",5.2596645,0.000082,"c",
"Async TX","data",5.259751,0.000082,"o",
"Async TX","data",5.259838,0.000082,"=",
"Async TX","data",5.259925,0.000082,"2",
"Async TX","data",5.2600115,0.000082,"0",
"Async TX","data",5.2600985,0.000082,"1",
"Async TX","data",5.260185,0.000082,"6",
"Async TX","data",5.260272,0.000082,"ÿ",
"Async TX","data",5.2603585,0.000082,"ÿ",
"Async TX","data",5.2604455,0.000082,"ÿ",
"Async TX","data",5.260532,0.000082,"t",
"Async TX","data",5.260619,0.000082,"2",
"Async TX","data",5.2607055,0.000082,".",
"Async TX","data",5.2607925,0.000082,"p",
"Async TX","data",5.2608795,0.000082,"c",
"Async TX","data",5.260966,0.000082,"o",
"Async TX","data",5.261053,0.000082,"=",
"Async TX","data",5.2611395,0.000082,"2",
"Async TX","data",5.2612265,0.000082,"0",
"Async TX","data",5.261313,0.000082,"1",
"Async TX","data",5.2614,0.000082,"6",
"Async TX","data",5.261487,0.000082,"ÿ",
"Async TX","data",5.2615735,0.000082,"ÿ",
"Async TX","data",5.2616605,0.000082,"ÿ",
"Async TX","data",5.2657305,0.000082,"j",
"Async TX","data",5.265817,0.000082,"0",
"Async TX","data",5.265904,0.000082,".",
"Async TX","data",5.2659905,0.000082,"v",
"Async TX","data",5.2660775,0.000082,"a",
"Async TX","data",5.266164,0.000082,"l",
"Async TX","data",5.266251,0.000082,"=",
"Async TX","data",5.2663375,0.000082,"0",
"Async TX","data",5.2664245,0.000082,"ÿ",
"Async TX","data",5.266511,0.000082,"ÿ",
"Async TX","data",5.266598,0.000082,"ÿ",
"Async TX","data",5.270886,0.000082,"t",
"Async TX","data",5.270973,0.000082,"2",
"Async TX","data",5.27106,0.000082,".",
"Async TX","data",5.2711465,0.000082,"t",
"Async TX","data",5.2712335,0.000082,"x",
"Async TX","data",5.27132,0.000082,"t",
"Async TX","data",5.271407,0.000082,"=",
"Async TX","data",5.271494,0.000082,"""",
"Async TX","data",5.2715805,0.000082,"0",
"Async TX","data",5.2716675,0.000082,".",
"Async TX","data",5.271754,0.000082,"0",
"Async TX","data",5.271841,0.000082,"0",
"Async TX","data",5.271928,0.000082,"""",
"Async TX","data",5.272015,0.000082,"ÿ",
"Async TX","data",5.2721015,0.000082,"ÿ",
"Async TX","data",5.2721885,0.000082,"ÿ",
"Async TX","data",5.276858,0.000082,"t",
"Async TX","data",5.276945,0.000082,"1",
"Async TX","data",5.2770315,0.000082,"3",
"Async TX","data",5.2771185,0.000082,".",
"Async TX","data",5.277205,0.000082,"t",
"Async TX","data",5.277292,0.000082,"x",
"Async TX","data",5.2773785,0.000082,"t",
"Async TX","data",5.2774655,0.000082,"=",
"Async TX","data",5.2775525,0.000082,"""",
"Async TX","data",5.277639,0.000082,"1",
"Async TX","data",5.277726,0.000082,"0",
"Async TX","data",5.2778125,0.000082,"""",
"Async TX","data",5.2778995,0.000082,"ÿ",
"Async TX","data",5.277986,0.000082,"ÿ",
"Async TX","data",5.278073,0.000082,"ÿ",
"Async TX","data",5.281978,0.000082,"t",
"Async TX","data",5.282065,0.000082,"1",
"Async TX","data",5.282152,0.000082,".",
"Async TX","data",5.2822385,0.000082,"p",
"Async TX","data",5.2823255,0.000082,"c",
"Async TX","data",5.282412,0.000082,"o",
"Async TX","data",5.282499,0.000082,"=",
"Async TX","data",5.282586,0.000082,"2",
"Async TX","data",5.2826725,0.000082,"0",
"Async TX","data",5.2827595,0.000082,"2",
"Async TX","data",5.282846,0.000082,"4",
"Async TX","data",5.282933,0.000082,"ÿ",
"Async TX","data",5.28302,0.000082,"ÿ",
"Async TX","data",5.2831065,0.000082,"ÿ",
"Async TX","data",5.292384,0.000082,"t",
"Async TX","data",5.2924705,0.000082,"0",
"Async TX","data",5.2925575,0.000082,".",
"Async TX","data",5.292644,0.000082,"t",
"Async TX","data",5.292731,0.000082,"x",
"Async TX","data",5.2928175,0.000082,"t",
"Async TX","data",5.2929045,0.000082,"=",
"Async TX","data",5.2929915,0.000082,"""",
"Async TX","data",5.293078,0.000082,"0",
"Async TX","data",5.293165,0.000082,".",
"Async TX","data",5.2932515,0.000082,"0",
"Async TX","data",5.2933385,0.000082,"""",
"Async TX","data",5.293425,0.000082,"ÿ",
"Async TX","data",5.293512,0.000082,"ÿ",
"Async TX","data",5.293599,0.000082,"ÿ",
"Async TX","data",5.2982585,0.000082,"t",
"Async TX","data",5.2983455,0.000082,"5",
"Async TX","data",5.298432,0.000082,".",
"Async TX","data",5.298519,0.000082,"t",
"Async TX","data",5.2986055,0.000082,"x",
"Async TX","data",5.2986925,0.000082,"t",
"Async TX","data",5.2987795,0.000082,"=",
"Async TX","data",5.298866,0.000082,"""",
"Async TX","data",5.298953,0.000082,"0",
"Async TX","data",5.2990395,0.000082,".",
"Async TX","data",5.2991265,0.000082,"0",
"Async TX","data",5.299213,0.000082,"""",
"Async TX","data",5.2993,0.000082,"ÿ",
"Async TX","data",5.2993865,0.000082,"ÿ",
"Async TX","data",5.2994735,0.000082,"ÿ",
"Async TX","data",5.303873,0.000082,"t",
"Async TX","data",5.3039595,0.000082,"4",
"Async TX","data",5.3040465,0.000082,".",
"Async TX","data",5.304133,0.000082,"t",
"Async TX","data",5.30422,0.000082,"x",
"Async TX","data",5.3043065,0.000082,"t",
"Async TX","data",5.3043935,0.000082,"=",
"Async TX","data",5.3044805,0.000082,"""",
"Async TX","data",5.304567,0.000082,"0",
"Async TX","data",5.304654,0.000082,".",
"Async TX","data",5.3047405,0.000082,"0",
"Async TX","data",5.3048275,0.000082,"""",
"Async TX","data",5.304914,0.000082,"ÿ",
"Async TX","data",5.305001,0.000082,"ÿ",
"Async TX","data",5.305088,0.000082,"ÿ",
"Async TX","data",5.309601,0.000082,"t",
"Async TX","data",5.309688,0.000082,"6",
"Async TX","data",5.3097745,0.000082,".",
"Async TX","data",5.3098615,0.000082,"t",
"Async TX","data",5.309948,0.000082,"x",
"Async TX","data",5.310035,0.000082,"t",
"Async TX","data",5.310122,0.000082,"=",
"Async TX","data",5.3102085,0.000082,"""",
"Async TX","data",5.3102955,0.000082,"0",
"Async TX","data",5.310382,0.000082,".",
"Async TX","data",5.310469,0.000082,"0",
"Async TX","data",5.3105555,0.000082,"""",
"Async TX","data",5.3106425,0.000082,"ÿ",
"Async TX","data",5.310729,0.000082,"ÿ",
"Async TX","data",5.310816,0.000082,"ÿ",
"Async TX","data",5.315432,0.000082,"j",
"Async TX","data",5.3155185,0.000082,"2",
"Async TX","data",5.3156055,0.000082,".",
"Async TX","data",5.315692,0.000082,"v",
"Async TX","data",5.315779,0.000082,"a",
"Async TX","data",5.3158655,0.000082,"l",
"Async TX","data",5.3159525,0.000082,"=",
"Async TX","data",5.316039,0.000082,"0",
"Async TX","data",5.316126,0.000082,"ÿ",
"Async TX","data",5.3162125,0.000082,"ÿ",
"Async TX","data",5.3162995,0.000082,"ÿ",
"Async TX","data",5.321037,0.000082,"j",
"Async TX","data",5.3211235,0.000082,"1",
"Async TX","data",5.3212105,0.000082,".",
"Async TX","data",5.321297,0.000082,"v",
"Async TX","data",5.321384,0.000082,"a",
"Async TX","data",5.3214705,0.000082,"l",
"Async TX","data",5.3215575,0.000082,"=",
"Async TX","data",5.3216445,0.000082,"0",
"Async TX","data",5.321731,0.000082,"ÿ",
"Async TX","data",5.321818,0.000082,"ÿ",
"Async TX","data",5.3219045,0.000082,"ÿ",
"Async TX","data",5.3266255,0.000082,"t",
"Async TX","data",5.326712,0.000082,"7",
"Async TX","data",5.326799,0.000082,".",
"Async TX","data",5.326886,0.000082,"t",
"Async TX","data",5.3269725,0.000082,"x",
"Async TX","data",5.3270595,0.000082,"t",
"Async TX","data",5.327146,0.000082,"=",
"Async TX","data",5.327233,0.000082,"""",
"Async TX","data",5.32732,0.000082,"0",
"Async TX","data",5.3274065,0.000082,"%",
"Async TX","data",5.3274935,0.000082,"""",
"Async TX","data",5.32758,0.000082,"ÿ",
"Async TX","data",5.327667,0.000082,"ÿ",
"Async TX","data",5.327754,0.000082,"ÿ",
"Async TX","data",5.332286,0.000082,"j",
"Async TX","data",5.3323725,0.000082,"0",
"Async TX","data",5.3324595,0.000082,".",
"Async TX","data",5.3325465,0.000082,"p",
"Async TX","data",5.332633,0.000082,"c",
"Async TX","data",5.33272,0.000082,"o",
"Async TX","data",5.3328065,0.000082,"=",
"Async TX","data",5.3328935,0.000082,"2",
"Async TX","data",5.3329805,0.000082,"0",
"Async TX","data",5.333067,0.000082,"1",
"Async TX","data",5.333154,0.000082,"6",
"Async TX","data",5.333241,0.000082,"ÿ",
"Async TX","data",5.3333275,0.000082,"ÿ",
"Async TX","data",5.3334145,0.000082,"ÿ",
"Async TX","data",5.3335015,0.000082,"t",
"Async TX","data",5.333588,0.000082,"2",
"Async TX","data",5.333675,0.000082,".",
"Async TX","data",5.3337615,0.000082,"p",
"Async TX","data",5.3338485,0.000082,"c",
"Async TX","data",5.3339355,0.000082,"o",
"Async TX","data",5.334022,0.000082,"=",
"Async TX","data",5.334109,0.000082,"2",
"Async TX","data",5.334196,0.000082,"0",
"Async TX","data",5.3342825,0.000082,"1",
"Async TX","data",5.3343695,0.000082,"6",
"Async TX","data",5.334456,0.000082,"ÿ",
"Async TX","data",5.334543,0.000082,"ÿ",
"Async TX","data",5.33463,0.000082,"ÿ",
"Async TX","data",5.3392125,0.000082,"j",
"Async TX","data",5.3392995,0.000082,"0",
"Async TX","data",5.3393865,0.000082,".",
"Async TX","data",5.339473,0.000082,"v",
"Async TX","data",5.33956,0.000082,"a",
"Async TX","data",5.339647,0.000082,"l",
"Async TX","data",5.3397335,0.000082,"=",
"Async TX","data",5.3398205,0.000082,"0",
"Async TX","data",5.339907,0.000082,"ÿ",
"Async TX","data",5.339994,0.000082,"ÿ",
"Async TX","data",5.340081,0.000082,"ÿ",
"Async TX","data",5.344559,0.000082,"t",
"Async TX","data",5.344646,0.000082,"2",
"Async TX","data",5.344733,0.000082,".",
"Async TX","data",5.3448195,0.000082,"t",
"Async TX","data",5.3449065,0.000082,"x",
"Async TX","data",5.344993,0.000082,"t",
"Async TX","data",5.34508,0.000082,"=",
"Async TX","data",5.3451665,0.000082,"""",
"Async TX","data",5.3452535,0.000082,"0",
"Async TX","data",5.34534,0.000082,".",
"Async TX","data",5.345427,0.000082,"0",
"Async TX","data",5.3455135,0.000082,"0",
"Async TX","data",5.3456005,0.000082,"""",
"Async TX","data",5.345687,0.000082,"ÿ",
"Async TX","data",5.345774,0.000082,"ÿ",
"Async TX","data",5.3458605,0.000082,"ÿ",
"Async TX","data",5.350693,0.000082,"t",
"Async TX","data",5.35078,0.000082,"1",
"Async TX","data",5.3508665,0.000082,"3",
"Async TX","data",5.350953,0.000082,".",
"Async TX","data",5.35104,0.000082,"t",
"Async TX","data",5.351127,0.000082,"x",
"Async TX","data",5.3512135,0.000082,"t",
"Async TX","data",5.3513005,0.000082,"=",
"Async TX","data",5.351387,0.000082,"""",
"Async TX","data",5.351474,0.000082,"1",
"Async TX","data",5.3515605,0.000082,"0",
"Async TX","data",5.3516475,0.000082,"""",
"Async TX","data",5.351734,0.000082,"ÿ",
"Async TX","data",5.351821,0.000082,"ÿ",
"Async TX","data",5.3519075,0.000082,"ÿ",
"Async TX","data",5.356152,0.000082,"t",
"Async TX","data",5.356239,0.000082,"1",
"Async TX","data",5.3563255,0.000082,".",
"Async TX","data",5.3564125,0.000082,"p",
"Async TX","data",5.356499,0.000082,"c",
"Async TX","data",5.356586,0.000082,"o",
"Async TX","data",5.356673,0.000082,"=",
"Async TX","data",5.3567595,0.000082,"2",
"Async TX","data",5.3568465,0.000082,"0",
"Async TX","data",5.356933,0.000082,"2",
"Async TX","data",5.35702,0.000082,"4",
"Async TX","data",5.357107,0.000082,"ÿ",
"Async TX","data",5.3571935,0.000082,"ÿ",
"Async TX","data",5.3572805,0.000082,"ÿ",
"Async TX","data",5.3658825,0.000082,"t",
"Async TX","data",5.3659695,0.000082,"0",
"Async TX","data",5.366056,0.000082,".",
"Async TX","data",5.366143,0.000082,"t",
"Async TX","data",5.3662295,0.000082,"x",
"Async TX","data",5.3663165,0.000082,"t",
"Async TX","data",5.3664035,0.000082,"=",
"Async TX","data",5.36649,0.000082,"""",
"Async TX","data",5.366577,0.000082,"0",
"Async TX","data",5.3666635,0.000082,".",
"Async TX","data",5.3667505,0.000082,"0",
"Async TX","data",5.366837,0.000082,"""",
"Async TX","data",5.366924,0.000082,"ÿ",
"Async TX","data",5.3670105,0.000082,"ÿ",
"Async TX","data",5.3670975,0.000082,"ÿ",
"Async TX","data",5.371638,0.000082,"t",
"Async TX","data",5.371725,0.000082,"5",
"Async TX","data",5.3718115,0.000082,".",
"Async TX","data",5.3718985,0.000082,"t",
"Async TX","data",5.3719855,0.000082,"x",
"Async TX","data",5.372072,0.000082,"t",
"Async TX","data",5.372159,0.000082,"=",
"Async TX","data",5.3722455,0.000082,"""",
"Async TX","data",5.3723325,0.000082,"0",
"Async TX","data",5.3724195,0.000082,".",
"Async TX","data",5.372506,0.000082,"0",
"Async TX","data",5.372593,0.000082,"""",
"Async TX","data",5.37268,0.000082,"ÿ",
"Async TX","data",5.3727665,0.000082,"ÿ",
"Async TX","data",5.3728535,0.000082,"ÿ",
"Async TX","data",5.3773755,0.000082,"t",
"Async TX","data",5.3774625,0.000082,"4",
"Async TX","data",5.3775495,0.000082,".",
"Async TX","data",5.377636,0.000082,"t",
"Async TX","data",5.377723,0.000082,"x",
"Async TX","data",5.37781,0.000082,"t",
"Async TX","data",5.3778965,0.000082,"=",
"Async TX","data",5.3779835,0.000082,"""",
"Async TX","data",5.37807,0.000082,"0",
"Async TX","data",5.378157,0.000082,".",
"Async TX","data",5.3782435,0.000082,"0",
"Async TX","data",5.3783305,0.000082,"""",
"Async TX","data",5.3784175,0.000082,"ÿ",
"Async TX","data",5.378504,0.000082,"ÿ",
"Async TX","data",5.378591,0.000082,"ÿ",
"Async TX","data",5.3829055,0.000082,"t",
"Async TX","data",5.382992,0.000082,"6",
"Async TX","data",5.383079,0.000082,".",
"Async TX","data",5.383166,0.000082,"t",
"Async TX","data",5.3832525,0.000082,"x",
"Async TX","data",5.3833395,0.000082,"t",
"Async TX","data",5.3834265,0.000082,"=",
"Async TX","data",5.383513,0.000082,"""",
"Async TX","data",5.3836,0.000082,"0",
"Async TX","data",5.383687,0.000082,".",
"Async TX","data",5.3837735,0.000082,"0",
"Async TX","data",5.3838605,0.000082,"""",
"Async TX","data",5.383947,0.000082,"ÿ",
"Async TX","data",5.384034,0.000082,"ÿ",
"Async TX","data",5.384121,0.000082,"ÿ",
"Async TX","data",5.388079,0.000082,"j",
"Async TX","data",5.3881655,0.000082,"2",
"Async TX","data",5.3882525,0.000082,".",
"Async TX","data",5.3883395,0.000082,"v",
"Async TX","data",5.388426,0.000082,"a",
"Async TX","data",5.388513,0.000082,"l",
"Async TX","data",5.3885995,0.000082,"=",
"Async TX","data",5.3886865,0.000082,"0",
"Async TX","data",5.3887735,0.000082,"ÿ",
"Async TX","data",5.38886,0.000082,"ÿ",
"Async TX","data",5.388947,0.000082,"ÿ",
"Async TX","data",5.3937465,0.000082,"j",
"Async TX","data",5.3938335,0.000082,"1",
"Async TX","data",5.39392,0.000082,".",
"Async TX","data",5.394007,0.000082,"v",
"Async TX","data",5.3940935,0.000082,"a",
"Async TX","data",5.3941805,0.000082,"l",
"Async TX","data",5.3942675,0.000082,"=",
"Async TX","data",5.394354,0.000082,"0",
"Async TX","data",5.394441,0.000082,"ÿ",
"Async TX","data",5.3945275,0.000082,"ÿ",
"Async TX","data",5.3946145,0.000082,"ÿ",
"Async TX","data",5.399364,0.000082,"t",
"Async TX","data",5.399451,0.000082,"7",
"Async TX","data",5.3995375,0.000082,".",
"Async TX","data",5.3996245,0.000082,"t",
"Async TX","data",5.399711,0.000082,"x",
"Async TX","data",5.399798,0.000082,"t",
"Async TX","data",5.399885,0.000082,"=",
"Async TX","data",5.3999715,0.000082,"""",
"Async TX","data",5.4000585,0.000082,"0",
"Async TX","data",5.400145,0.000082,"%",
"Async TX","data",5.400232,0.000082,"""",
"Async TX","data",5.4003185,0.000082,"ÿ",
"Async TX","data",5.4004055,0.000082,"ÿ",
"Async TX","data",5.4004925,0.000082,"ÿ",
"Async TX","data",5.405129,0.000082,"j",
"Async TX","data",5.4052155,0.000082,"0",
"Async TX","data",5.4053025,0.000082,".",
"Async TX","data",5.405389,0.000082,"p",
"Async TX","data",5.405476,0.000082,"c",
"Async TX","data",5.405563,0.000082,"o",
"Async TX","data",5.4056495,0.000082,"=",
"Async TX","data",5.4057365,0.000082,"2",
"Async TX","data",5.4058235,0.000082,"0",
"Async TX","data",5.40591,0.000082,"1",
"Async TX","data",5.405997,0.000082,"6",
"Async TX","data",5.406084,0.000082,"ÿ",
"Async TX","data",5.4061705,0.000082,"ÿ",
"Async TX","data",5.4062575,0.000082,"ÿ",
"Async TX","data",5.4063445,0.000082,"t",
"Async TX","data",5.406431,0.000082,"2",
"Async TX","data",5.406518,0.000082,".",
"Async TX","data",5.406605,0.000082,"p",
"Async TX","data",5.4066915,0.000082,"c",
"Async TX","data",5.4067785,0.000082,"o",
"Async TX","data",5.406865,0.000082,"=",
"Async TX","data",5.406952,0.000082,"2",
"Async TX","data",5.407039,0.000082,"0",
"Async TX","data",5.4071255,0.000082,"1",
"Async TX","data",5.4072125,0.000082,"6",
"Async TX","data",5.407299,0.000082,"ÿ",
"Async TX","data",5.407386,0.000082,"ÿ",
"Async TX","data",5.407473,0.000082,"ÿ",
"Async TX","data",5.4118825,0.000082,"j",
"Async TX","data",5.4119695,0.000082,"0",
"Async TX","data",5.4120565,0.000082,".",
"Async TX","data",5.412143,0.000082,"v",
"Async TX","data",5.41223,0.000082,"a",
"Async TX","data",5.412317,0.000082,"l",
"Async TX","data",5.4124035,0.000082,"=",
"Async TX","data",5.4124905,0.000082,"0",
"Async TX","data",5.412577,0.000082,"ÿ",
"Async TX","data",5.412664,0.000082,"ÿ",
"Async TX","data",5.412751,0.000082,"ÿ",
"Async TX","data",5.417203,0.000082,"t",
"Async TX","data",5.41729,0.000082,"2",
"Async TX","data",5.4173765,0.000082,".",
"Async TX","data",5.4174635,0.000082,"t",
"Async TX","data",5.41755,0.000082,"x",
"Async TX","data",5.417637,0.000082,"t",
"Async TX","data",5.417724,0.000082,"=",
"Async TX","data",5.4178105,0.000082,"""",
"Async TX","data",5.4178975,0.000082,"0",
"Async TX","data",5.417984,0.000082,".",
"Async TX","data",5.418071,0.000082,"0",
"Async TX","data",5.4181575,0.000082,"0",
"Async TX","data",5.4182445,0.000082,"""",
"Async TX","data",5.418331,0.000082,"ÿ",
"Async TX","data",5.418418,0.000082,"ÿ",
"Async TX","data",5.4185045,0.000082,"ÿ",
"Async TX","data",5.422792,0.000082,"t",
"Async TX","data",5.4228785,0.000082,"1",
"Async TX","data",5.4229655,0.000082,"3",
"Async TX","data",5.423052,0.000082,".",
"Async TX","data",5.423139,0.000082,"t",
"Async TX","data",5.4232255,0.000082,"x",
"Async TX","data",5.4233125,0.000082,"t",
"Async TX","data",5.4233995,0.000082,"=",
"Async TX","data",5.423486,0.000082,"""",
"Async TX","data",5.423573,0.000082,"1",
"Async TX","data",5.4236595,0.000082,"0",
"Async TX","data",5.4237465,0.000082,"""",
"Async TX","data",5.423833,0.000082,"ÿ",
"Async TX","data",5.42392,0.000082,"ÿ",
"Async TX","data",5.4240065,0.000082,"ÿ",
"Async TX","data",5.428119,0.000082,"t",
"Async TX","data",5.428206,0.000082,"1",
"Async TX","data",5.4282925,0.000082,".",
"Async TX","data",5.4283795,0.000082,"p",
"Async TX","data",5.4284665,0.000082,"c",
"Async TX","data",5.428553,0.000082,"o",
"Async TX","data",5.42864,0.000082,"=",
"Async TX","data",5.4287265,0.000082,"2",
"Async TX","data",5.4288135,0.000082,"0",
"Async TX","data",5.4289,0.000082,"2",
"Async TX","data",5.428987,0.000082,"4",
"Async TX","data",5.429074,0.000082,"ÿ",
"Async TX","data",5.4291605,0.000082,"ÿ",
"Async TX","data",5.4292475,0.000082,"ÿ",
"Async TX","data",5.438275,0.000082,"t",
"Async TX","data",5.438362,0.000082,"0",
"Async TX","data",5.4384485,0.000082,".",
"Async TX","data",5.4385355,0.000082,"t",
"Async TX","data",5.438622,0.000082,"x",
"Async TX","data",5.438709,0.000082,"t",
"Async TX","data",5.438796,0.000082,"=",
"Async TX","data",5.4388825,0.000082,"""",
"Async TX","data",5.4389695,0.000082,"0",
"Async TX","data",5.439056,0.000082,".",
"Async TX","data",5.439143,0.000082,"0",
"Async TX","data",5.43923,0.000082,"""",
"Async TX","data",5.4393165,0.000082,"ÿ",
"Async TX","data",5.4394035,0.000082,"ÿ",
"Async TX","data",5.43949,0.000082,"ÿ",
"Async TX","data",5.4443335,0.000082,"t",
"Async TX","data",5.4444205,0.000082,"5",
"Async TX","data",5.444507,0.000082,".",
"Async TX","data",5.444594,0.000082,"t",
"Async TX","data",5.4446805,0.000082,"x",
"Async TX","data",5.4447675,0.000082,"t",
"Async TX","data",5.444854,0.000082,"=",
"Async TX","data",5.444941,0.000082,"""",
"Async TX","data",5.445028,0.000082,"0",
"Async TX","data",5.4451145,0.000082,".",
"Async TX","data",5.4452015,0.000082,"0",
"Async TX","data",5.445288,0.000082,"""",
"Async TX","data",5.445375,0.000082,"ÿ",
"Async TX","data",5.445462,0.000082,"ÿ",
"Async TX","data",5.4455485,0.000082,"ÿ",
"Async TX","data",5.449159,0.000082,"t",
"Async TX","data",5.449246,0.000082,"4",
"Async TX","data",5.449333,0.000082,".",
"Async TX","data",5.4494195,0.000082,"t",
"Async TX","data",5.4495065,0.000082,"x",
"Async TX","data",5.4495935,0.000082,"t",
"Async TX","data",5.44968,0.000082,"=",
"Async TX","data",5.449767,0.000082,"""",
"Async TX","data",5.4498535,0.000082,"0",
"Async TX","data",5.4499405,0.000082,".",
"Async TX","data",5.450027,0.000082,"0",
"Async TX","data",5.450114,0.000082,"""",
"Async TX","data",5.450201,0.000082,"ÿ",
"Async TX","data",5.4502875,0.000082,"ÿ",
"Async TX","data",5.4503745,0.000082,"ÿ",
"Async TX","data",5.455105,0.000082,"t",
"Async TX","data",5.455192,0.000082,"6",
"Async TX","data",5.4552785,0.000082,".",
"Async TX","data",5.4553655,0.000082,"t",
"Async TX","data",5.4554525,0.000082,"x",
"Async TX","data",5.455539,0.000082,"t",
"Async TX","data",5.455626,0.000082,"=",
"Async TX","data",5.4557125,0.000082,"""",
"Async TX","data",5.4557995,0.000082,"0",
"Async TX","data",5.4558865,0.000082,".",
"Async TX","data",5.455973,0.000082,"0",
"Async TX","data",5.45606,0.000082,"""",
"Async TX","data",5.456147,0.000082,"ÿ",
"Async TX","data",5.4562335,0.000082,"ÿ",
"Async TX","data",5.4563205,0.000082,"ÿ",
"Async TX","data",5.460669,0.000082,"j",
"Async TX","data",5.460756,0.000082,"2",
"Async TX","data",5.460843,0.000082,".",
"Async TX","data",5.4609295,0.000082,"v",
"Async TX","data",5.4610165,0.000082,"a",
"Async TX","data",5.4611035,0.000082,"l",
"Async TX","data",5.46119,0.000082,"=",
"Async TX","data",5.461277,0.000082,"0",
"Async TX","data",5.4613635,0.000082,"ÿ",
"Async TX","data",5.4614505,0.000082,"ÿ",
"Async TX","data",5.461537,0.000082,"ÿ",
"Async TX","data",5.465886,0.000082,"j",
"Async TX","data",5.465973,0.000082,"1",
"Async TX","data",5.46606,0.000082,".",
"Async TX","data",5.4661465,0.000082,"v",
"Async TX","data",5.4662335,0.000082,"a",
"Async TX","data",5.46632,0.000082,"l",
"Async TX","data",5.466407,0.000082,"=",
"Async TX","data",5.466494,0.000082,"0",
"Async TX","data",5.4665805,0.000082,"ÿ",
"Async TX","data",5.4666675,0.000082,"ÿ",
"Async TX","data",5.466754,0.000082,"ÿ",
"Async TX","data",5.471485,0.000082,"t",
"Async TX","data",5.471572,0.000082,"7",
"Async TX","data",5.471659,0.000082,".",
"Async TX","data",5.4717455,0.000082,"t",
"Async TX","data",5.4718325,0.000082,"x",
"Async TX","data",5.4719195,0.000082,"t",
"Async TX","data",5.472006,0.000082,"=",
"Async TX","data",5.472093,0.000082,"""",
"Async TX","data",5.4721795,0.000082,"0",
"Async TX","data",5.4722665,0.000082,"%",
"Async TX","data",5.4723535,0.000082,"""",
"Async TX","data",5.47244,0.000082,"ÿ",
"Async TX","data",5.472527,0.000082,"ÿ",
"Async TX","data",5.4726135,0.000082,"ÿ",
"Async TX","data",5.477378,0.000082,"j",
"Async TX","data",5.477465,0.000082,"0",
"Async TX","data",5.4775515,0.000082,".",
"Async TX","data",5.4776385,0.000082,"p",
"Async TX","data",5.477725,0.000082,"c",
"Async TX","data",5.477812,0.000082,"o",
"Async TX","data",5.477899,0.000082,"=",
"Async TX","data",5.4779855,0.000082,"2",
"Async TX","data",5.4780725,0.000082,"0",
"Async TX","data",5.478159,0.000082,"1",
"Async TX","data",5.478246,0.000082,"6",
"Async TX","data",5.478333,0.000082,"ÿ",
"Async TX","data",5.4784195,0.000082,"ÿ",
"Async TX","data",5.4785065,0.000082,"ÿ",
"Async TX","data",5.4785935,0.000082,"t",
"Async TX","data",5.47868,0.000082,"2",
"Async TX","data",5.478767,0.000082,".",
"Async TX","data",5.4788535,0.000082,"p",
"Async TX","data",5.4789405,0.000082,"c",
"Async TX","data",5.4790275,0.000082,"o",
"Async TX","data",5.479114,0.000082,"=",
"Async TX","data",5.479201,0.000082,"2",
"Async TX","data",5.4792875,0.000082,"0",
"Async TX","data",5.4793745,0.000082,"1",
"Async TX","data",5.4794615,0.000082,"6",
"Async TX","data",5.479548,0.000082,"ÿ",
"Async TX","data",5.479635,0.000082,"ÿ",
"Async TX","data",5.479722,0.000082,"ÿ",
"Async TX","data",5.4845645,0.000082,"j",
"Async TX","data",5.4846515,0.000082,"0",
"Async TX","data",5.4847385,0.000082,".",
"Async TX","data",5.484825,0.000082,"v",
"Async TX","data",5.484912,0.000082,"a",
"Async TX","data",5.4849985,0.000082,"l",
"Async TX","data",5.4850855,0.000082,"=",
"Async TX","data",5.4851725,0.000082,"0",
"Async TX","data",5.485259,0.000082,"ÿ",
"Async TX","data",5.485346,0.000082,"ÿ",
"Async TX","data",5.4854325,0.000082,"ÿ",
"Async TX","data",5.4896425,0.000082,"t",
"Async TX","data",5.4897295,0.000082,"2",
"Async TX","data",5.489816,0.000082,".",
"Async TX","data",5.489903,0.000082,"t",
"Async TX","data",5.4899895,0.000082,"x",
"Async TX","data",5.4900765,0.000082,"t",
"Async TX","data",5.490163,0.000082,"=",
"Async TX","data",5.49025,0.000082,"""",
"Async TX","data",5.490337,0.000082,"0",
"Async TX","data",5.4904235,0.000082,".",
"Async TX","data",5.4905105,0.000082,"0",
"Async TX","data",5.490597,0.000082,"0",
"Async TX","data",5.490684,0.000082,"""",
"Async TX","data",5.490771,0.000082,"ÿ",
"Async TX","data",5.4908575,0.000082,"ÿ",
"Async TX","data",5.4909445,0.000082,"ÿ",
"Async TX","data",5.495302,0.000082,"t",
"Async TX","data",5.4953885,0.000082,"1",
"Async TX","data",5.4954755,0.000082,"3",
"Async TX","data",5.4955625,0.000082,".",
"Async TX","data",5.495649,0.000082,"t",
"Async TX","data",5.495736,0.000082,"x",
"Async TX","data",5.4958225,0.000082,"t",
"Async TX","data",5.4959095,0.000082,"=",
"Async TX","data",5.4959965,0.000082,"""",
"Async TX","data",5.496083,0.000082,"1",
"Async TX","data",5.49617,0.000082,"0",
"Async TX","data",5.496257,0.000082,"""",
"Async TX","data",5.4963435,0.000082,"ÿ",
"Async TX","data",5.4964305,0.000082,"ÿ",
"Async TX","data",5.496517,0.000082,"ÿ",
"Async TX","data",5.500988,0.000082,"t",
"Async TX","data",5.5010745,0.000082,"1",
"Async TX","data",5.5011615,0.000082,".",
"Async TX","data",5.501248,0.000082,"p",
"Async TX","data",5.501335,0.000082,"c",
"Async TX","data",5.501422,0.000082,"o",
"Async TX","data",5.5015085,0.000082,"=",
"Async TX","data",5.5015955,0.000082,"2",
"Async TX","data",5.501682,0.000082,"0",
"Async TX","data",5.501769,0.000082,"2",
"Async TX","data",5.5018555,0.000082,"4",
"Async TX","data",5.5019425,0.000082,"ÿ",
"Async TX","data",5.5020295,0.000082,"ÿ",
"Async TX","data",5.502116,0.000082,"ÿ",
"Async TX","data",5.5112465,0.000082,"t",
"Async TX","data",5.511333,0.000082,"0",
"Async TX","data",5.51142,0.000082,".",
"Async TX","data",5.511507,0.000082,"t",
"Async TX","data",5.5115935,0.000082,"x",
"Async TX","data",5.5116805,0.000082,"t",
"Async TX","data",5.511767,0.000082,"=",
"Async TX","data",5.511854,0.000082,"""",
"Async TX","data",5.5119405,0.000082,"0",
"Async TX","data",5.5120275,0.000082,".",
"Async TX","data",5.512114,0.000082,"0",
"Async TX","data",5.512201,0.000082,"""",
"Async TX","data",5.5122875,0.000082,"ÿ",
"Async TX","data",5.5123745,0.000082,"ÿ",
"Async TX","data",5.512461,0.000082,"ÿ",
"Async TX","data",5.5170515,0.000082,"t",
"Async TX","data",5.517138,0.000082,"5",
"Async TX","data",5.517225,0.000082,".",
"Async TX","data",5.5173115,0.000082,"t",
"Async TX","data",5.5173985,0.000082,"x",
"Async TX","data",5.517485,0.000082,"t",
"Async TX","data",5.517572,0.000082,"=",
"Async TX","data",5.5176585,0.000082,"""",
"Async TX","data",5.5177455,0.000082,"0",
"Async TX","data",5.5178325,0.000082,".",
"Async TX","data",5.517919,0.000082,"0",
"Async TX","data",5.518006,0.000082,"""",
"Async TX","data",5.5180925,0.000082,"ÿ",
"Async TX","data",5.5181795,0.000082,"ÿ",
"Async TX","data",5.5182665,0.000082,"ÿ",
"Async TX","data",5.522685,0.000082,"t",
"Async TX","data",5.5227715,0.000082,"4",
"Async TX","data",5.5228585,0.000082,".",
"Async TX","data",5.5229455,0.000082,"t",
"Async TX","data",5.523032,0.000082,"x",
"Async TX","data",5.523119,0.000082,"t",
"Async TX","data",5.523206,0.000082,"=",
"Async TX","data",5.5232925,0.000082,"""",
"Async TX","data",5.5233795,0.000082,"0",
"Async TX","data",5.523466,0.000082,".",
"Async TX","data",5.523553,0.000082,"0",
"Async TX","data",5.52364,0.000082,"""",
"Async TX","data",5.5237265,0.000082,"ÿ",
"Async TX","data",5.5238135,0.000082,"ÿ",
"Async TX","data",5.5239,0.000082,"ÿ",
"Async TX","data",5.527685,0.000082,"t",
"Async TX","data",5.527772,0.000082,"6",
"Async TX","data",5.527859,0.000082,".",
"Async TX","data",5.5279455,0.000082,"t",
"Async TX","data",5.5280325,0.000082,"x",
"Async TX","data",5.528119,0.000082,"t",
"Async TX","data",5.528206,0.000082,"=",
"Async TX","data",5.528293,0.000082,"""",
"Async TX","data",5.5283795,0.000082,"0",
"Async TX","data",5.5284665,0.000082,".",
"Async TX","data",5.5285535,0.000082,"0",
"Async TX","data",5.52864,0.000082,"""",
"Async TX","data",5.528727,0.000082,"ÿ",
"Async TX","data",5.528814,0.000082,"ÿ",
"Async TX","data",5.5289005,0.000082,"ÿ",
"Async TX","data",5.5333015,0.000082,"j",
"Async TX","data",5.5333885,0.000082,"2",
"Async TX","data",5.5334755,0.000082,".",
"Async TX","data",5.533562,0.000082,"v",
"Async TX","data",5.533649,0.000082,"a",
"Async TX","data",5.5337355,0.000082,"l",
"Async TX","data",5.5338225,0.000082,"=",
"Async TX","data",5.533909,0.000082,"0",
"Async TX","data",5.533996,0.000082,"ÿ",
"Async TX","data",5.5340825,0.000082,"ÿ",
"Async TX","data",5.5341695,0.000082,"ÿ",
"Async TX","data",5.53824,0.000082,"j",
"Async TX","data",5.5383265,0.000082,"1",
"Async TX","data",5.5384135,0.000082,".",
"Async TX","data",5.5385,0.000082,"v",
"Async TX","data",5.538587,0.000082,"a",
"Async TX","data",5.538674,0.000082,"l",
"Async TX","data",5.5387605,0.000082,"=",
"Async TX","data",5.5388475,0.000082,"0",
"Async TX","data",5.538934,0.000082,"ÿ",
"Async TX","data",5.539021,0.000082,"ÿ",
"Async TX","data",5.539108,0.000082,"ÿ",
"Async TX","data",5.543699,0.000082,"t",
"Async TX","data",5.5437855,0.000082,"7",
"Async TX","data",5.5438725,0.000082,".",
"Async TX","data",5.543959,0.000082,"t",
"Async TX","data",5.544046,0.000082,"x",
"Async TX","data",5.544133,0.000082,"t",
"Async TX","data",5.5442195,0.000082,"=",
"Async TX","data",5.5443065,0.000082,"""",
"Async TX","data",5.5443935,0.000082,"0",
"Async TX","data",5.54448,0.000082,"%",
"Async TX","data",5.544567,0.000082,"""",
"Async TX","data",5.5446535,0.000082,"ÿ",
"Async TX","data",5.5447405,0.000082,"ÿ",
"Async TX","data",5.544827,0.000082,"ÿ",
"Async TX","data",5.5484295,0.000082,"j",
"Async TX","data",5.548516,0.000082,"0",
"Async TX","data",5.548603,0.000082,".",
"Async TX","data",5.5486895,0.000082,"p",
"Async TX","data",5.5487765,0.000082,"c",
"Async TX","data",5.5488635,0.000082,"o",
"Async TX","data",5.54895,0.000082,"=",
"Async TX","data",5.549037,0.000082,"2",
"Async TX","data",5.549124,0.000082,"0",
"Async TX","data",5.5492105,0.000082,"1",
"Async TX","data",5.5492975,0.000082,"6",
"Async TX","data",5.549384,0.000082,"ÿ",
"Async TX","data",5.549471,0.000082,"ÿ",
"Async TX","data",5.549558,0.000082,"ÿ",
"Async TX","data",5.5496445,0.000082,"t",
"Async TX","data",5.5497315,0.000082,"2",
"Async TX","data",5.549818,0.000082,".",
"Async TX","data",5.549905,0.000082,"p",
"Async TX","data",5.549992,0.000082,"c",
"Async TX","data",5.5500785,0.000082,"o",
"Async TX","data",5.5501655,0.000082,"=",
"Async TX","data",5.550252,0.000082,"2",
"Async TX","data",5.550339,0.000082,"0",
"Async TX","data",5.5504255,0.000082,"1",
"Async TX","data",5.5505125,0.000082,"6",
"Async TX","data",5.5505995,0.000082,"ÿ",
"Async TX","data",5.550686,0.000082,"ÿ",
"Async TX","data",5.550773,0.000082,"ÿ",
"Async TX","data",5.5553385,0.000082,"j",
"Async TX","data",5.5554255,0.000082,"0",
"Async TX","data",5.5555125,0.000082,".",
"Async TX","data",5.555599,0.000082,"v",
"Async TX","data",5.555686,0.000082,"a",
"Async TX","data",5.5557725,0.000082,"l",
"Async TX","data",5.5558595,0.000082,"=",
"Async TX","data",5.5559465,0.000082,"0",
"Async TX","data",5.556033,0.000082,"ÿ",
"Async TX","data",5.55612,0.000082,"ÿ",
"Async TX","data",5.556207,0.000082,"ÿ",
"Async TX","data",5.5606345,0.000082,"t",
"Async TX","data",5.560721,0.000082,"2",
"Async TX","data",5.560808,0.000082,".",
"Async TX","data",5.5608945,0.000082,"t",
"Async TX","data",5.5609815,0.000082,"x",
"Async TX","data",5.561068,0.000082,"t",
"Async TX","data",5.561155,0.000082,"=",
"Async TX","data",5.561242,0.000082,"""",
"Async TX","data",5.5613285,0.000082,"0",
"Async TX","data",5.5614155,0.000082,".",
"Async TX","data",5.561502,0.000082,"0",
"Async TX","data",5.561589,0.000082,"0",
"Async TX","data",5.5616755,0.000082,"""",
"Async TX","data",5.5617625,0.000082,"ÿ",
"Async TX","data",5.561849,0.000082,"ÿ",
"Async TX","data",5.561936,0.000082,"ÿ",
"Async TX","data",5.566631,0.000082,"t",
"Async TX","data",5.566718,0.000082,"1",
"Async TX","data",5.5668045,0.000082,"3",
"Async TX","data",5.5668915,0.000082,".",
"Async TX","data",5.5669785,0.000082,"t",
"Async TX","data",5.567065,0.000082,"x",
"Async TX","data",5.567152,0.000082,"t",
"Async TX","data",5.567239,0.000082,"=",
"Async TX","data",5.5673255,0.000082,"""",
"Async TX","data",5.5674125,0.000082,"1",
"Async TX","data",5.5674995,0.000082,"0",
"Async TX","data",5.567586,0.000082,"""",
"Async TX","data",5.567673,0.000082,"ÿ",
"Async TX","data",5.5677595,0.000082,"ÿ",
"Async TX","data",5.5678465,0.000082,"ÿ",
"Async TX","data",5.572231,0.000082,"t",
"Async TX","data",5.5723175,0.000082,"1",
"Async TX","data",5.5724045,0.000082,".",
"Async TX","data",5.572491,0.000082,"p",
"Async TX","data",5.572578,0.000082,"c",
"Async TX","data",5.572665,0.000082,"o",
"Async TX","data",5.5727515,0.000082,"=",
"Async TX","data",5.5728385,0.000082,"2",
"Async TX","data",5.572925,0.000082,"0",
"Async TX","data",5.573012,0.000082,"2",
"Async TX","data",5.573099,0.000082,"4",
"Async TX","data",5.5731855,0.000082,"ÿ",
"Async TX","data",5.5732725,0.000082,"ÿ",
"Async TX","data",5.573359,0.000082,"ÿ",
"Async TX","data",5.5820645,0.000082,"t",
"Async TX","data",5.5821515,0.000082,"0",
"Async TX","data",5.582238,0.000082,".",
"Async TX","data",5.582325,0.000082,"t",
"Async TX","data",5.582412,0.000082,"x",
"Async TX","data",5.5824985,0.000082,"t",
"Async TX","data",5.5825855,0.000082,"=",
"Async TX","data",5.582672,0.000082,"""",
"Async TX","data",5.582759,0.000082,"0",
"Async TX","data",5.582846,0.000082,".",
"Async TX","data",5.5829325,0.000082,"0",
"Async TX","data",5.5830195,0.000082,"""",
"Async TX","data",5.583106,0.000082,"ÿ",
"Async TX","data",5.583193,0.000082,"ÿ",
"Async TX","data",5.58328,0.000082,"ÿ",
"Async TX","data",5.587959,0.000082,"t",
"Async TX","data",5.5880455,0.000082,"5",
"Async TX","data",5.5881325,0.000082,".",
"Async TX","data",5.5882195,0.000082,"t",
"Async TX","data",5.588306,0.000082,"x",
"Async TX","data",5.588393,0.000082,"t",
"Async TX","data",5.5884795,0.000082,"=",
"Async TX","data",5.5885665,0.000082,"""",
"Async TX","data",5.588653,0.000082,"0",
"Async TX","data",5.58874,0.000082,".",
"Async TX","data",5.588827,0.000082,"0",
"Async TX","data",5.5889135,0.000082,"""",
"Async TX","data",5.5890005,0.000082,"ÿ",
"Async TX","data",5.589087,0.000082,"ÿ",
"Async TX","data",5.589174,0.000082,"ÿ",
"Async TX","data",5.593947,0.000082,"t",
"Async TX","data",5.594034,0.000082,"4",
"Async TX","data",5.5941205,0.000082,".",
"Async TX","data",5.5942075,0.000082,"t",
"Async TX","data",5.5942945,0.000082,"x",
"Async TX","data",5.594381,0.000082,"t",
"Async TX","data",5.594468,0.000082,"=",
"Async TX","data",5.5945545,0.000082,"""",
"Async TX","data",5.5946415,0.000082,"0",
"Async TX","data",5.5947285,0.000082,".",
"Async TX","data",5.594815,0.000082,"0",
"Async TX","data",5.594902,0.000082,"""",
"Async TX","data",5.5949885,0.000082,"ÿ",
"Async TX","data",5.5950755,0.000082,"ÿ",
"Async TX","data",5.595162,0.000082,"ÿ",
"Async TX","data",5.5995535,0.000082,"t",
"Async TX","data",5.5996405,0.000082,"6",
"Async TX","data",5.5997275,0.000082,".",
"Async TX","data",5.599814,0.000082,"t",
"Async TX","data",5.599901,0.000082,"x",
"Async TX","data",5.5999875,0.000082,"t",
"Async TX","data",5.6000745,0.000082,"=",
"Async TX","data",5.6001615,0.000082,"""",
"Async TX","data",5.600248,0.000082,"0",
"Async TX","data",5.600335,0.000082,".",
"Async TX","data",5.6004215,0.000082,"0",
"Async TX","data",5.6005085,0.000082,"""",
"Async TX","data",5.6005955,0.000082,"ÿ",
"Async TX","data",5.600682,0.000082,"ÿ",
"Async TX","data",5.600769,0.000082,"ÿ",
"Async TX","data",5.605343,0.000082,"j",
"Async TX","data",5.60543,0.000082,"2",
"Async TX","data",5.6055165,0.000082,".",
"Async TX","data",5.6056035,0.000082,"v",
"Async TX","data",5.6056905,0.000082,"a",
"Async TX","data",5.605777,0.000082,"l",
"Async TX","data",5.605864,0.000082,"=",
"Async TX","data",5.6059505,0.000082,"0",
"Async TX","data",5.6060375,0.000082,"ÿ",
"Async TX","data",5.6061245,0.000082,"ÿ",
"Async TX","data",5.606211,0.000082,"ÿ",
"Async TX","data",5.6107945,0.000082,"j",
"Async TX","data",5.610881,0.000082,"1",
"Async TX","data",5.610968,0.000082,".",
"Async TX","data",5.6110545,0.000082,"v",
"Async TX","data",5.6111415,0.000082,"a",
"Async TX","data",5.6112285,0.000082,"l",
"Async TX","data",5.611315,0.000082,"=",
"Async TX","data",5.611402,0.000082,"0",
"Async TX","data",5.6114885,0.000082,"ÿ",
"Async TX","data",5.6115755,0.000082,"ÿ",
"Async TX","data",5.6116625,0.000082,"ÿ",
"Async TX","data",5.6163235,0.000082,"t",
"Async TX","data",5.61641,0.000082,"7",
"Async TX","data",5.616497,0.000082,".",
"Async TX","data",5.6165835,0.000082,"t",
"Async TX","data",5.6166705,0.000082,"x",
"Async TX","data",5.616757,0.000082,"t",
"Async TX","data",5.616844,0.000082,"=",
"Async TX","data",5.616931,0.000082,"""",
"Async TX","data",5.6170175,0.000082,"0",
"Async TX","data",5.6171045,0.000082,"%",
"Async TX","data",5.617191,0.000082,"""",
"Async TX","data",5.617278,0.000082,"ÿ",
"Async TX","data",5.617365,0.000082,"ÿ",
"Async TX","data",5.6174515,0.000082,"ÿ",
"Async TX","data",5.6220955,0.000082,"j",
"Async TX","data",5.6221825,0.000082,"0",
"Async TX","data",5.6222695,0.000082,".",
"Async TX","data",5.622356,0.000082,"p",
"Async TX","data",5.622443,0.000082,"c",
"Async TX","data",5.6225295,0.000082,"o",
"Async TX","data",5.6226165,0.000082,"=",
"Async TX","data",5.622703,0.000082,"2",
"Async TX","data",5.62279,0.000082,"0",
"Async TX","data",5.6228765,0.000082,"1",
"Async TX","data",5.6229635,0.000082,"6",
"Async TX","data",5.6230505,0.000082,"ÿ",
"Async TX","data",5.623137,0.000082,"ÿ",
"Async TX","data",5.623224,0.000082,"ÿ",
"Async TX","data",5.6233105,0.000082,"t",
"Async TX","data",5.6233975,0.000082,"2",
"Async TX","data",5.623484,0.000082,".",
"Async TX","data",5.623571,0.000082,"p",
"Async TX","data",5.6236575,0.000082,"c",
"Async TX","data",5.6237445,0.000082,"o",
"Async TX","data",5.6238315,0.000082,"=",
"Async TX","data",5.623918,0.000082,"2",
"Async TX","data",5.624005,0.000082,"0",
"Async TX","data",5.6240915,0.000082,"1",
"Async TX","data",5.6241785,0.000082,"6",
"Async TX","data",5.624265,0.000082,"ÿ",
"Async TX","data",5.624352,0.000082,"ÿ",
"Async TX","data",5.624439,0.000082,"ÿ",
"Async TX","data",5.628745,0.000082,"j",
"Async TX","data",5.628832,0.000082,"0",
"Async TX","data",5.628919,0.000082,".",
"Async TX","data",5.6290055,0.000082,"v",
"Async TX","data",5.6290925,0.000082,"a",
"Async TX","data",5.6291795,0.000082,"l",
"Async TX","data",5.629266,0.000082,"=",
"Async TX","data",5.629353,0.000082,"0",
"Async TX","data",5.6294395,0.000082,"ÿ",
"Async TX","data",5.6295265,0.000082,"ÿ",
"Async TX","data",5.6296135,0.000082,"ÿ",
"Async TX","data",5.634161,0.000082,"t",
"Async TX","data",5.6342475,0.000082,"2",
"Async TX","data",5.6343345,0.000082,".",
"Async TX","data",5.634421,0.000082,"t",
"Async TX","data",5.634508,0.000082,"x",
"Async TX","data",5.634595,0.000082,"t",
"Async TX","data",5.6346815,0.000082,"=",
"Async TX","data",5.6347685,0.000082,"""",
"Async TX","data",5.6348555,0.000082,"0",
"Async TX","data",5.634942,0.000082,".",
"Async TX","data",5.635029,0.000082,"0",
"Async TX","data",5.635116,0.000082,"0",
"Async TX","data",5.6352025,0.000082,"""",
"Async TX","data",5.6352895,0.000082,"ÿ",
"Async TX","data",5.6353765,0.000082,"ÿ",
"Async TX","data",5.635463,0.000082,"ÿ",
"Async TX","data",5.6399245,0.000082,"t",
"Async TX","data",5.6400115,0.000082,"1",
"Async TX","data",5.6400985,0.000082,"3",
"Async TX","data",5.640185,0.000082,".",
"Async TX","data",5.640272,0.000082,"t",
"Async TX","data",5.6403585,0.000082,"x",
"Async TX","data",5.6404455,0.000082,"t",
"Async TX","data",5.6405325,0.000082,"=",
"Async TX","data",5.640619,0.000082,"""",
"Async TX","data",5.640706,0.000082,"1",
"Async TX","data",5.6407925,0.000082,"0",
"Async TX","data",5.6408795,0.000082,"""",
"Async TX","data",5.6409665,0.000082,"ÿ",
"Async TX","data",5.641053,0.000082,"ÿ",
"Async TX","data",5.64114,0.000082,"ÿ",
"Async TX","data",5.6457845,0.000082,"t",
"Async TX","data",5.645871,0.000082,"1",
"Async TX","data",5.645958,0.000082,".",
"Async TX","data",5.646045,0.000082,"p",
"Async TX","data",5.6461315,0.000082,"c",
"Async TX","data",5.6462185,0.000082,"o",
"Async TX","data",5.6463055,0.000082,"=",
"Async TX","data",5.646392,0.000082,"2",
"Async TX","data",5.646479,0.000082,"0",
"Async TX","data",5.646566,0.000082,"2",
"Async TX","data",5.6466525,0.000082,"4",
"Async TX","data",5.6467395,0.000082,"ÿ",
"Async TX","data",5.646826,0.000082,"ÿ",
"Async TX","data",5.646913,0.000082,"ÿ",
"Async TX","data",5.655977,0.000082,"t",
"Async TX","data",5.656064,0.000082,"0",
"Async TX","data",5.656151,0.000082,".",
"Async TX","data",5.6562375,0.000082,"t",
"Async TX","data",5.6563245,0.000082,"x",
"Async TX","data",5.6564115,0.000082,"t",
"Async TX","data",5.656498,0.000082,"=",
"Async TX","data",5.656585,0.000082,"""",
"Async TX","data",5.6566715,0.000082,"0",
"Async TX","data",5.6567585,0.000082,".",
"Async TX","data",5.6568455,0.000082,"0",
"Async TX","data",5.656932,0.000082,"""",
"Async TX","data",5.657019,0.000082,"ÿ",
"Async TX","data",5.657106,0.000082,"ÿ",
"Async TX","data",5.6571925,0.000082,"ÿ",
"Async TX","data",5.661368,0.000082,"t",
"Async TX","data",5.6614545,0.000082,"5",
"Async TX","data",5.6615415,0.000082,".",
"Async TX","data",5.6616285,0.000082,"t",
"Async TX","data",5.661715,0.000082,"x",
"Async TX","data",5.661802,0.000082,"t",
"Async TX","data",5.6618885,0.000082,"=",
"Async TX","data",5.6619755,0.000082,"""",
"Async TX","data",5.6620625,0.000082,"0",
"Async TX","data",5.662149,0.000082,".",
"Async TX","data",5.662236,0.000082,"0",
"Async TX","data",5.6623225,0.000082,"""",
"Async TX","data",5.6624095,0.000082,"ÿ",
"Async TX","data",5.6624965,0.000082,"ÿ",
"Async TX","data",5.662583,0.000082,"ÿ",
"Async TX","data",5.6669165,0.000082,"t",
"Async TX","data",5.6670035,0.000082,"4",
"Async TX","data",5.66709,0.000082,".",
"Async TX","data",5.667177,0.000082,"t",
"Async TX","data",5.667264,0.000082,"x",
"Async TX","data",5.6673505,0.000082,"t",
"Async TX","data",5.6674375,0.000082,"=",
"Async TX","data",5.6675245,0.000082,"""",
"Async TX","data",5.667611,0.000082,"0",
"Async TX","data",5.667698,0.000082,".",
"Async TX","data",5.6677845,0.000082,"0",
"Async TX","data",5.6678715,0.000082,"""",
"Async TX","data",5.6679585,0.000082,"ÿ",
"Async TX","data",5.668045,0.000082,"ÿ",
"Async TX","data",5.668132,0.000082,"ÿ",
"Async TX","data",5.6723335,0.000082,"t",
"Async TX","data",5.67242,0.000082,"6",
"Async TX","data",5.672507,0.000082,".",
"Async TX","data",5.672594,0.000082,"t",
"Async TX","data",5.6726805,0.000082,"x",
"Async TX","data",5.6727675,0.000082,"t",
"Async TX","data",5.6728545,0.000082,"=",
"Async TX","data",5.672941,0.000082,"""",
"Async TX","data",5.673028,0.000082,"0",
"Async TX","data",5.673115,0.000082,".",
"Async TX","data",5.6732015,0.000082,"0",
"Async TX","data",5.6732885,0.000082,"""",
"Async TX","data",5.6733755,0.000082,"ÿ",
"Async TX","data",5.673462,0.000082,"ÿ",
"Async TX","data",5.673549,0.000082,"ÿ",
"Async TX","data",5.678125,0.000082,"j",
"Async TX","data",5.678212,0.000082,"2",
"Async TX","data",5.678299,0.000082,".",
"Async TX","data",5.6783855,0.000082,"v",
"Async TX","data",5.6784725,0.000082,"a",
"Async TX","data",5.678559,0.000082,"l",
"Async TX","data",5.678646,0.000082,"=",
"Async TX","data",5.678733,0.000082,"0",
"Async TX","data",5.6788195,0.000082,"ÿ",
"Async TX","data",5.6789065,0.000082,"ÿ",
"Async TX","data",5.6789935,0.000082,"ÿ",
"Async TX","data",5.683578,0.000082,"j",
"Async TX","data",5.683665,0.000082,"1",
"Async TX","data",5.6837515,0.000082,".",
"Async TX","data",5.6838385,0.000082,"v",
"Async TX","data",5.683925,0.000082,"a",
"Async TX","data",5.684012,0.000082,"l",
"Async TX","data",5.684099,0.000082,"=",
"Async TX","data",5.6841855,0.000082,"0",
"Async TX","data",5.6842725,0.000082,"ÿ",
"Async TX","data",5.684359,0.000082,"ÿ",
"Async TX","data",5.684446,0.000082,"ÿ",
"Async TX","data",5.6889585,0.000082,"t",
"Async TX","data",5.6890455,0.000082,"7",
"Async TX","data",5.689132,0.000082,".",
"Async TX","data",5.689219,0.000082,"t",
"Async TX","data",5.6893055,0.000082,"x",
"Async TX","data",5.6893925,0.000082,"t",
"Async TX","data",5.689479,0.000082,"=",
"Async TX","data",5.689566,0.000082,"""",
"Async TX","data",5.6896525,0.000082,"0",
"Async TX","data",5.6897395,0.000082,"%",
"Async TX","data",5.689826,0.000082,"""",
"Async TX","data",5.689913,0.000082,"ÿ",
"Async TX","data",5.6899995,0.000082,"ÿ",
"Async TX","data",5.6900865,0.000082,"ÿ",
"Async TX","data",5.6945405,0.000082,"j",
"Async TX","data",5.6946275,0.000082,"0",
"Async TX","data",5.694714,0.000082,".",
"Async TX","data",5.694801,0.000082,"p",
"Async TX","data",5.6948875,0.000082,"c",
"Async TX","data",5.6949745,0.000082,"o",
"Async TX","data",5.6950615,0.000082,"=",
"Async TX","data",5.695148,0.000082,"2",
"Async TX","data",5.695235,0.000082,"0",
"Async TX","data",5.695322,0.000082,"1",
"Async TX","data",5.6954085,0.000082,"6",
"Async TX","data",5.6954955,0.000082,"ÿ",
"Async TX","data",5.6955825,0.000082,"ÿ",
"Async TX","data",5.695669,0.000082,"ÿ",
"Async TX","data",5.695756,0.000082,"t",
"Async TX","data",5.6958425,0.000082,"2",
"Async TX","data",5.6959295,0.000082,".",
"Async TX","data",5.6960165,0.000082,"p",
"Async TX","data",5.696103,0.000082,"c",
"Async TX","data",5.69619,0.000082,"o",
"Async TX","data",5.696277,0.000082,"=",
"Async TX","data",5.6963635,0.000082,"2",
"Async TX","data",5.6964505,0.000082,"0",
"Async TX","data",5.696537,0.000082,"1",
"Async TX","data",5.696624,0.000082,"6",
"Async TX","data",5.696711,0.000082,"ÿ",
"Async TX","data",5.6967975,0.000082,"ÿ",
"Async TX","data",5.6968845,0.000082,"ÿ",
"Async TX","data",5.7014765,0.000082,"j",
"Async TX","data",5.7015635,0.000082,"0",
"Async TX","data",5.70165,0.000082,".",
"Async TX","data",5.701737,0.000082,"v",
"Async TX","data",5.7018235,0.000082,"a",
"Async TX","data",5.7019105,0.000082,"l",
"Async TX","data",5.7019975,0.000082,"=",
"Async TX","data",5.702084,0.000082,"0",
"Async TX","data",5.702171,0.000082,"ÿ",
"Async TX","data",5.7022575,0.000082,"ÿ",
"Async TX","data",5.7023445,0.000082,"ÿ",
"Async TX","data",5.706476,0.000082,"t",
"Async TX","data",5.7065625,0.000082,"2",
"Async TX","data",5.7066495,0.000082,".",
"Async TX","data",5.7067365,0.000082,"t",
"Async TX","data",5.706823,0.000082,"x",
"Async TX","data",5.70691,0.000082,"t",
"Async TX","data",5.7069965,0.000082,"=",
"Async TX","data",5.7070835,0.000082,"""",
"Async TX","data",5.7071705,0.000082,"0",
"Async TX","data",5.707257,0.000082,".",
"Async TX","data",5.707344,0.000082,"0",
"Async TX","data",5.7074305,0.000082,"0",
"Async TX","data",5.7075175,0.000082,"""",
"Async TX","data",5.7076045,0.000082,"ÿ",
"Async TX","data",5.707691,0.000082,"ÿ",
"Async TX","data",5.707778,0.000082,"ÿ",
"Async TX","data",5.7119865,0.000082,"t",
"Async TX","data",5.712073,0.000082,"1",
"Async TX","data",5.71216,0.000082,"3",
"Async TX","data",5.7122465,0.000082,".",
"Async TX","data",5.7123335,0.000082,"t",
"Async TX","data",5.71242,0.000082,"x",
"Async TX","data",5.712507,0.000082,"t",
"Async TX","data",5.7125935,0.000082,"=",
"Async TX","data",5.7126805,0.000082,"""",
"Async TX","data",5.712767,0.000082,"1",
"Async TX","data",5.712854,0.000082,"0",
"Async TX","data",5.7129405,0.000082,"""",
"Async TX","data",5.7130275,0.000082,"ÿ",
"Async TX","data",5.713114,0.000082,"ÿ",
"Async TX","data",5.713201,0.000082,"ÿ",
"Async TX","data",5.7174015,0.000082,"t",
"Async TX","data",5.717488,0.000082,"1",
"Async TX","data",5.717575,0.000082,".",
"Async TX","data",5.7176615,0.000082,"p",
"Async TX","data",5.7177485,0.000082,"c",
"Async TX","data",5.717835,0.000082,"o",
"Async TX","data",5.717922,0.000082,"=",
"Async TX","data",5.7180085,0.000082,"2",
"Async TX","data",5.7180955,0.000082,"0",
"Async TX","data",5.718182,0.000082,"2",
"Async TX","data",5.718269,0.000082,"4",
"Async TX","data",5.7183555,0.000082,"ÿ",
"Async TX","data",5.7184425,0.000082,"ÿ",
"Async TX","data",5.7185295,0.000082,"ÿ",
"Async TX","data",5.7277715,0.000082,"t",
"Async TX","data",5.7278585,0.000082,"0",
"Async TX","data",5.727945,0.000082,".",
"Async TX","data",5.728032,0.000082,"t",
"Async TX","data",5.728119,0.000082,"x",
"Async TX","data",5.7282055,0.000082,"t",
"Async TX","data",5.7282925,0.000082,"=",
"Async TX","data",5.728379,0.000082,"""",
"Async TX","data",5.728466,0.000082,"0",
"Async TX","data",5.7285525,0.000082,".",
"Async TX","data",5.7286395,0.000082,"0",
"Async TX","data",5.7287265,0.000082,"""",
"Async TX","data",5.728813,0.000082,"ÿ",
"Async TX","data",5.7289,0.000082,"ÿ",
"Async TX","data",5.7289865,0.000082,"ÿ",
"Async TX","data",5.7335095,0.000082,"t",
"Async TX","data",5.7335965,0.000082,"5",
"Async TX","data",5.7336835,0.000082,".",
"Async TX","data",5.73377,0.000082,"t",
"Async TX","data",5.733857,0.000082,"x",
"Async TX","data",5.733944,0.000082,"t",
"Async TX","data",5.7340305,0.000082,"=",
"Async TX","data",5.7341175,0.000082,"""",
"Async TX","data",5.7342045,0.000082,"0",
"Async TX","data",5.734291,0.000082,".",
"Async TX","data",5.734378,0.000082,"0",
"Async TX","data",5.734465,0.000082,"""",
"Async TX","data",5.7345515,0.000082,"ÿ",
"Async TX","data",5.7346385,0.000082,"ÿ",
"Async TX","data",5.7347255,0.000082,"ÿ",
"Async TX","data",5.738962,0.000082,"t",
"Async TX","data",5.739049,0.000082,"4",
"Async TX","data",5.739136,0.000082,".",
"Async TX","data",5.7392225,0.000082,"t",
"Async TX","data",5.7393095,0.000082,"x",
"Async TX","data",5.7393965,0.000082,"t",
"Async TX","data",5.739483,0.000082,"=",
"Async TX","data",5.73957,0.000082,"""",
"Async TX","data",5.7396565,0.000082,"0",
"Async TX","data",5.7397435,0.000082,".",
"Async TX","data",5.7398305,0.000082,"0",
"Async TX","data",5.739917,0.000082,"""",
"Async TX","data",5.740004,0.000082,"ÿ",
"Async TX","data",5.740091,0.000082,"ÿ",
"Async TX","data",5.7401775,0.000082,"ÿ",
"Async TX","data",5.7447955,0.000082,"t",
"Async TX","data",5.7448825,0.000082,"6",
"Async TX","data",5.744969,0.000082,".",
"Async TX","data",5.745056,0.000082,"t",
"Async TX","data",5.745143,0.000082,"x",
"Async TX","data",5.7452295,0.000082,"t",
"Async TX","data",5.7453165,0.000082,"=",
"Async TX","data",5.7454035,0.000082,"""",
"Async TX","data",5.74549,0.000082,"0",
"Async TX","data",5.745577,0.000082,".",
"Async TX","data",5.745664,0.000082,"0",
"Async TX","data",5.7457505,0.000082,"""",
"Async TX","data",5.7458375,0.000082,"ÿ",
"Async TX","data",5.7459245,0.000082,"ÿ",
"Async TX","data",5.746011,0.000082,"ÿ",
"Async TX","data",5.7505515,0.000082,"j",
"Async TX","data",5.7506385,0.000082,"2",
"Async TX","data",5.750725,0.000082,".",
"Async TX","data",5.750812,0.000082,"v",
"Async TX","data",5.7508985,0.000082,"a",
"Async TX","data",5.7509855,0.000082,"l",
"Async TX","data",5.7510725,0.000082,"=",
"Async TX","data",5.751159,0.000082,"0",
"Async TX","data",5.751246,0.000082,"ÿ",
"Async TX","data",5.751333,0.000082,"ÿ",
"Async TX","data",5.7514195,0.000082,"ÿ",
"Async TX","data",5.755908,0.000082,"j",
"Async TX","data",5.755995,0.000082,"1",
"Async TX","data",5.756082,0.000082,".",
"Async TX","data",5.7561685,0.000082,"v",
"Async TX","data",5.7562555,0.000082,"a",
"Async TX","data",5.756342,0.000082,"l",
"Async TX","data",5.756429,0.000082,"=",
"Async TX","data",5.756516,0.000082,"0",
"Async TX","data",5.7566025,0.000082,"ÿ",
"Async TX","data",5.7566895,0.000082,"ÿ",
"Async TX","data",5.756776,0.000082,"ÿ",
"Async TX","data",5.7610465,0.000082,"t",
"Async TX","data",5.761133,0.000082,"7",
"Async TX","data",5.76122,0.000082,".",
"Async TX","data",5.7613065,0.000082,"t",
"Async TX","data",5.7613935,0.000082,"x",
"Async TX","data",5.7614805,0.000082,"t",
"Async TX","data",5.761567,0.000082,"=",
"Async TX","data",5.761654,0.000082,"""",
"Async TX","data",5.7617405,0.000082,"0",
"Async TX","data",5.7618275,0.000082,"%",
"Async TX","data",5.761914,0.000082,"""",
"Async TX","data",5.762001,0.000082,"ÿ",
"Async TX","data",5.7620875,0.000082,"ÿ",
"Async TX","data",5.7621745,0.000082,"ÿ",
"Async TX","data",5.7665755,0.000082,"j",
"Async TX","data",5.766662,0.000082,"0",
"Async TX","data",5.766749,0.000082,".",
"Async TX","data",5.766836,0.000082,"p",
"Async TX","data",5.7669225,0.000082,"c",
"Async TX","data",5.7670095,0.000082,"o",
"Async TX","data",5.767096,0.000082,"=",
"Async TX","data",5.767183,0.000082,"2",
"Async TX","data",5.76727,0.000082,"0",
"Async TX","data",5.7673565,0.000082,"1",
"Async TX","data",5.7674435,0.000082,"6",
"Async TX","data",5.7675305,0.000082,"ÿ",
"Async TX","data",5.767617,0.000082,"ÿ",
"Async TX","data",5.767704,0.000082,"ÿ",
"Async TX","data",5.7677905,0.000082,"t",
"Async TX","data",5.7678775,0.000082,"2",
"Async TX","data",5.7679645,0.000082,".",
"Async TX","data",5.768051,0.000082,"p",
"Async TX","data",5.768138,0.000082,"c",
"Async TX","data",5.768225,0.000082,"o",
"Async TX","data",5.7683115,0.000082,"=",
"Async TX","data",5.7683985,0.000082,"2",
"Async TX","data",5.7684855,0.000082,"0",
"Async TX","data",5.768572,0.000082,"1",
"Async TX","data",5.768659,0.000082,"6",
"Async TX","data",5.7687455,0.000082,"ÿ",
"Async TX","data",5.7688325,0.000082,"ÿ",
"Async TX","data",5.7689195,0.000082,"ÿ",
"Async TX","data",5.773399,0.000082,"j",
"Async TX","data",5.7734855,0.000082,"0",
"Async TX","data",5.7735725,0.000082,".",
"Async TX","data",5.773659,0.000082,"v",
"Async TX","data",5.773746,0.000082,"a",
"Async TX","data",5.7738325,0.000082,"l",
"Async TX","data",5.7739195,0.000082,"=",
"Async TX","data",5.7740065,0.000082,"0",
"Async TX","data",5.774093,0.000082,"ÿ",
"Async TX","data",5.77418,0.000082,"ÿ",
"Async TX","data",5.774267,0.000082,"ÿ",
"Async TX","data",5.778927,0.000082,"t",
"Async TX","data",5.779014,0.000082,"2",
"Async TX","data",5.7791005,0.000082,".",
"Async TX","data",5.7791875,0.000082,"t",
"Async TX","data",5.779274,0.000082,"x",
"Async TX","data",5.779361,0.000082,"t",
"Async TX","data",5.7794475,0.000082,"=",
"Async TX","data",5.7795345,0.000082,"""",
"Async TX","data",5.7796215,0.000082,"0",
"Async TX","data",5.779708,0.000082,".",
"Async TX","data",5.779795,0.000082,"0",
"Async TX","data",5.7798815,0.000082,"0",
"Async TX","data",5.7799685,0.000082,"""",
"Async TX","data",5.780055,0.000082,"ÿ",
"Async TX","data",5.780142,0.000082,"ÿ",
"Async TX","data",5.7802285,0.000082,"ÿ",
"Async TX","data",5.784307,0.000082,"t",
"Async TX","data",5.7843935,0.000082,"1",
"Async TX","data",5.7844805,0.000082,"3",
"Async TX","data",5.784567,0.000082,".",
"Async TX","data",5.784654,0.000082,"t",
"Async TX","data",5.7847405,0.000082,"x",
"Async TX","data",5.7848275,0.000082,"t",
"Async TX","data",5.784914,0.000082,"=",
"Async TX","data",5.785001,0.000082,"""",
"Async TX","data",5.7850875,0.000082,"1",
"Async TX","data",5.785174,0.000082,"0",
"Async TX","data",5.785261,0.000082,"""",
"Async TX","data",5.7853475,0.000082,"ÿ",
"Async TX","data",5.7854345,0.000082,"ÿ",
"Async TX","data",5.785521,0.000082,"ÿ",
"Async TX","data",5.7896765,0.000082,"t",
"Async TX","data",5.7897635,0.000082,"1",
"Async TX","data",5.7898505,0.000082,".",
"Async TX","data",5.789937,0.000082,"p",
"Async TX","data",5.790024,0.000082,"c",
"Async TX","data",5.7901105,0.000082,"o",
"Async TX","data",5.7901975,0.000082,"=",
"Async TX","data",5.790284,0.000082,"2",
"Async TX","data",5.790371,0.000082,"0",
"Async TX","data",5.7904575,0.000082,"2",
"Async TX","data",5.7905445,0.000082,"4",
"Async TX","data",5.790631,0.000082,"ÿ",
"Async TX","data",5.790718,0.000082,"ÿ",
"Async TX","data",5.7908045,0.000082,"ÿ",
"Async TX","data",5.799472,0.000082,"t",
"Async TX","data",5.7995585,0.000082,"0",
"Async TX","data",5.7996455,0.000082,".",
"Async TX","data",5.799732,0.000082,"t",
"Async TX","data",5.799819,0.000082,"x",
"Async TX","data",5.7999055,0.000082,"t",
"Async TX","data",5.7999925,0.000082,"=",
"Async TX","data",5.8000795,0.000082,"""",
"Async TX","data",5.800166,0.000082,"0",
"Async TX","data",5.800253,0.000082,".",
"Async TX","data",5.8003395,0.000082,"0",
"Async TX","data",5.8004265,0.000082,"""",
"Async TX","data",5.800513,0.000082,"ÿ",
"Async TX","data",5.8006,0.000082,"ÿ",
"Async TX","data",5.8006865,0.000082,"ÿ",
"Async TX","data",5.8050845,0.000082,"t",
"Async TX","data",5.8051715,0.000082,"5",
"Async TX","data",5.805258,0.000082,".",
"Async TX","data",5.805345,0.000082,"t",
"Async TX","data",5.8054315,0.000082,"x",
"Async TX","data",5.8055185,0.000082,"t",
"Async TX","data",5.805605,0.000082,"=",
"Async TX","data",5.805692,0.000082,"""",
"Async TX","data",5.8057785,0.000082,"0",
"Async TX","data",5.8058655,0.000082,".",
"Async TX","data",5.805952,0.000082,"0",
"Async TX","data",5.806039,0.000082,"""",
"Async TX","data",5.8061255,0.000082,"ÿ",
"Async TX","data",5.8062125,0.000082,"ÿ",
"Async TX","data",5.806299,0.000082,"ÿ",
"Async TX","data",5.8110095,0.000082,"t",
"Async TX","data",5.811096,0.000082,"4",
"Async TX","data",5.811183,0.000082,".",
"Async TX","data",5.81127,0.000082,"t",
"Async TX","data",5.8113565,0.000082,"x",
"Async TX","data",5.8114435,0.000082,"t",
"Async TX","data",5.81153,0.000082,"=",
"Async TX","data",5.811617,0.000082,"""",
"Async TX","data",5.811704,0.000082,"0",
"Async TX","data",5.8117905,0.000082,".",
"Async TX","data",5.8118775,0.000082,"0",
"Async TX","data",5.811964,0.000082,"""",
"Async TX","data",5.812051,0.000082,"ÿ",
"Async TX","data",5.8121375,0.000082,"ÿ",
"Async TX","data",5.8122245,0.000082,"ÿ",
"Async TX","data",5.816857,0.000082,"t",
"Async TX","data",5.816944,0.000082,"6",
"Async TX","data",5.8170305,0.000082,".",
"Async TX","data",5.8171175,0.000082,"t",
"Async TX","data",5.8172045,0.000082,"x",
"Async TX","data",5.817291,0.000082,"t",
"Async TX","data",5.817378,0.000082,"=",
"Async TX","data",5.8174645,0.000082,"""",
"Async TX","data",5.8175515,0.000082,"0",
"Async TX","data",5.817638,0.000082,".",
"Async TX","data",5.817725,0.000082,"0",
"Async TX","data",5.8178115,0.000082,"""",
"Async TX","data",5.817898,0.000082,"ÿ",
"Async TX","data",5.817985,0.000082,"ÿ",
"Async TX","data",5.8180715,0.000082,"ÿ",
"Async TX","data",5.822297,0.000082,"j",
"Async TX","data",5.8223835,0.000082,"2",
"Async TX","data",5.8224705,0.000082,".",
"Async TX","data",5.822557,0.000082,"v",
"Async TX","data",5.822644,0.000082,"a",
"Async TX","data",5.822731,0.000082,"l",
"Async TX","data",5.8228175,0.000082,"=",
"Async TX","data",5.8229045,0.000082,"0",
"Async TX","data",5.822991,0.000082,"ÿ",
"Async TX","data",5.823078,0.000082,"ÿ",
"Async TX","data",5.8231645,0.000082,"ÿ",
"Async TX","data",5.827563,0.000082,"j",
"Async TX","data",5.82765,0.000082,"1",
"Async TX","data",5.8277365,0.000082,".",
"Async TX","data",5.8278235,0.000082,"v",
"Async TX","data",5.82791,0.000082,"a",
"Async TX","data",5.827997,0.000082,"l",
"Async TX","data",5.8280835,0.000082,"=",
"Async TX","data",5.8281705,0.000082,"0",
"Async TX","data",5.8282575,0.000082,"ÿ",
"Async TX","data",5.8283525,0.000082,"ÿ",
"Async TX","data",5.8284395,0.000082,"ÿ",
"Async TX","data",5.8326655,0.000082,"t",
"Async TX","data",5.832752,0.000082,"7",
"Async TX","data",5.832839,0.000082,".",
"Async TX","data",5.832926,0.000082,"t",
"Async TX","data",5.8330125,0.000082,"x",
"Async TX","data",5.8330995,0.000082,"t",
"Async TX","data",5.833186,0.000082,"=",
"Async TX","data",5.833273,0.000082,"""",
"Async TX","data",5.8333595,0.000082,"0",
"Async TX","data",5.8334465,0.000082,"%",
"Async TX","data",5.8335335,0.000082,"""",
"Async TX","data",5.83362,0.000082,"ÿ",
"Async TX","data",5.833707,0.000082,"ÿ",
"Async TX","data",5.8337935,0.000082,"ÿ",
"Async TX","data",5.8385665,0.000082,"j",
"Async TX","data",5.838653,0.000082,"0",
"Async TX","data",5.83874,0.000082,".",
"Async TX","data",5.8388265,0.000082,"p",
"Async TX","data",5.8389135,0.000082,"c",
"Async TX","data",5.839,0.000082,"o",
"Async TX","data",5.839087,0.000082,"=",
"Async TX","data",5.839174,0.000082,"2",
"Async TX","data",5.8392605,0.000082,"0",
"Async TX","data",5.8393475,0.000082,"1",
"Async TX","data",5.839434,0.000082,"6",
"Async TX","data",5.839521,0.000082,"ÿ",
"Async TX","data",5.8396075,0.000082,"ÿ",
"Async TX","data",5.8396945,0.000082,"ÿ",
"Async TX","data",5.8397815,0.000082,"t",
"Async TX","data",5.839868,0.000082,"2",
"Async TX","data",5.839955,0.000082,".",
"Async TX","data",5.8400415,0.000082,"p",
"Async TX","data",5.8401285,0.000082,"c",
"Async TX","data",5.840215,0.000082,"o",
"Async TX","data",5.840302,0.000082,"=",
"Async TX","data",5.840389,0.000082,"2",
"Async TX","data",5.8404755,0.000082,"0",
"Async TX","data",5.8405625,0.000082,"1",
"Async TX","data",5.840649,0.000082,"6",
"Async TX","data",5.840736,0.000082,"ÿ",
"Async TX","data",5.8408225,0.000082,"ÿ",
"Async TX","data",5.8409095,0.000082,"ÿ",
"Async TX","data",5.845388,0.000082,"j",
"Async TX","data",5.8454745,0.000082,"0",
"Async TX","data",5.8455615,0.000082,".",
"Async TX","data",5.845648,0.000082,"v",
"Async TX","data",5.845735,0.000082,"a",
"Async TX","data",5.845822,0.000082,"l",
"Async TX","data",5.8459085,0.000082,"=",
"Async TX","data",5.8459955,0.000082,"0",
"Async TX","data",5.846082,0.000082,"ÿ",
"Async TX","data",5.846169,0.000082,"ÿ",
"Async TX","data",5.8462555,0.000082,"ÿ",
"Async TX","data",5.851064,0.000082,"t",
"Async TX","data",5.8511505,0.000082,"2",
"Async TX","data",5.8512375,0.000082,".",
"Async TX","data",5.851324,0.000082,"t",
"Async TX","data",5.851411,0.000082,"x",
"Async TX","data",5.8514975,0.000082,"t",
"Async TX","data",5.8515845,0.000082,"=",
"Async TX","data",5.8516715,0.000082,"""",
"Async TX","data",5.851758,0.000082,"0",
"Async TX","data",5.851845,0.000082,".",
"Async TX","data",5.8519315,0.000082,"0",
"Async TX","data",5.8520185,0.000082,"0",
"Async TX","data",5.852105,0.000082,"""",
"Async TX","data",5.852192,0.000082,"ÿ",
"Async TX","data",5.8522785,0.000082,"ÿ",
"Async TX","data",5.8523655,0.000082,"ÿ",
"Async TX","data",5.8568945,0.000082,"t",
"Async TX","data",5.856981,0.000082,"1",
"Async TX","data",5.857068,0.000082,"3",
"Async TX","data",5.8571545,0.000082,".",
"Async TX","data",5.8572415,0.000082,"t",
"Async TX","data",5.857328,0.000082,"x",
"Async TX","data",5.857415,0.000082,"t",
"Async TX","data",5.8575015,0.000082,"=",
"Async TX","data",5.8575885,0.000082,"""",
"Async TX","data",5.857675,0.000082,"1",
"Async TX","data",5.857762,0.000082,"0",
"Async TX","data",5.8578485,0.000082,"""",
"Async TX","data",5.8579355,0.000082,"ÿ",
"Async TX","data",5.8580225,0.000082,"ÿ",
"Async TX","data",5.858109,0.000082,"ÿ",
"Async TX","data",5.8626035,0.000082,"t",
"Async TX","data",5.86269,0.000082,"1",
"Async TX","data",5.862777,0.000082,".",
"Async TX","data",5.8628635,0.000082,"p",
"Async TX","data",5.8629505,0.000082,"c",
"Async TX","data",5.863037,0.000082,"o",
"Async TX","data",5.863124,0.000082,"=",
"Async TX","data",5.8632105,0.000082,"2",
"Async TX","data",5.8632975,0.000082,"0",
"Async TX","data",5.863384,0.000082,"2",
"Async TX","data",5.8634705,0.000082,"4",
"Async TX","data",5.8635575,0.000082,"ÿ",
"Async TX","data",5.863644,0.000082,"ÿ",
"Async TX","data",5.863731,0.000082,"ÿ",
"Async TX","data",5.87245,0.000082,"t",
"Async TX","data",5.872537,0.000082,"0",
"Async TX","data",5.872624,0.000082,".",
"Async TX","data",5.8727105,0.000082,"t",
"Async TX","data",5.8727975,0.000082,"x",
"Async TX","data",5.8728845,0.000082,"t",
"Async TX","data",5.872971,0.000082,"=",
"Async TX","data",5.873058,0.000082,"""",
"Async TX","data",5.8731445,0.000082,"0",
"Async TX","data",5.8732315,0.000082,".",
"Async TX","data",5.8733185,0.000082,"0",
"Async TX","data",5.873405,0.000082,"""",
"Async TX","data",5.873492,0.000082,"ÿ",
"Async TX","data",5.8735785,0.000082,"ÿ",
"Async TX","data",5.8736655,0.000082,"ÿ",
"Async TX","data",5.8779435,0.000082,"t",
"Async TX","data",5.8780305,0.000082,"5",
"Async TX","data",5.878117,0.000082,".",
"Async TX","data",5.878204,0.000082,"t",
"Async TX","data",5.8782905,0.000082,"x",
"Async TX","data",5.8783775,0.000082,"t",
"Async TX","data",5.878464,0.000082,"=",
"Async TX","data",5.878551,0.000082,"""",
"Async TX","data",5.8786375,0.000082,"0",
"Async TX","data",5.8787245,0.000082,".",
"Async TX","data",5.8788115,0.000082,"0",
"Async TX","data",5.878898,0.000082,"""",
"Async TX","data",5.878985,0.000082,"ÿ",
"Async TX","data",5.8790715,0.000082,"ÿ",
"Async TX","data",5.8791585,0.000082,"ÿ",
"Async TX","data",5.8834275,0.000082,"t",
"Async TX","data",5.8835145,0.000082,"4",
"Async TX","data",5.883601,0.000082,".",
"Async TX","data",5.883688,0.000082,"t",
"Async TX","data",5.8837745,0.000082,"x",
"Async TX","data",5.8838615,0.000082,"t",
"Async TX","data",5.883948,0.000082,"=",
"Async TX","data",5.884035,0.000082,"""",
"Async TX","data",5.8841215,0.000082,"0",
"Async TX","data",5.8842085,0.000082,".",
"Async TX","data",5.884295,0.000082,"0",
"Async TX","data",5.884382,0.000082,"""",
"Async TX","data",5.8844685,0.000082,"ÿ",
"Async TX","data",5.8845555,0.000082,"ÿ",
"Async TX","data",5.884642,0.000082,"ÿ",
"Async TX","data",5.8891465,0.000082,"t",
"Async TX","data",5.8892335,0.000082,"6",
"Async TX","data",5.88932,0.000082,".",
"Async TX","data",5.889407,0.000082,"t",
"Async TX","data",5.8894935,0.000082,"x",
"Async TX","data",5.8895805,0.000082,"t",
"Async TX","data",5.889667,0.000082,"=",
"Async TX","data",5.889754,0.000082,"""",
"Async TX","data",5.889841,0.000082,"0",
"Async TX","data",5.8899275,0.000082,".",
"Async TX","data",5.8900145,0.000082,"0",
"Async TX","data",5.890101,0.000082,"""",
"Async TX","data",5.890188,0.000082,"ÿ",
"Async TX","data",5.8902745,0.000082,"ÿ",
"Async TX","data",5.8903615,0.000082,"ÿ",
"Async TX","data",5.894866,0.000082,"j",
"Async TX","data",5.8949525,0.000082,"2",
"Async TX","data",5.8950395,0.000082,".",
"Async TX","data",5.8951265,0.000082,"v",
"Async TX","data",5.895213,0.000082,"a",
"Async TX","data",5.8953,0.000082,"l",
"Async TX","data",5.8953865,0.000082,"=",
"Async TX","data",5.8954735,0.000082,"0",
"Async TX","data",5.89556,0.000082,"ÿ",
"Async TX","data",5.895647,0.000082,"ÿ",
"Async TX","data",5.895734,0.000082,"ÿ",
"Async TX","data",5.8997605,0.000082,"j",
"Async TX","data",5.8998475,0.000082,"1",
"Async TX","data",5.8999345,0.000082,".",
"Async TX","data",5.900021,0.000082,"v",
"Async TX","data",5.900108,0.000082,"a",
"Async TX","data",5.900195,0.000082,"l",
"Async TX","data",5.9002815,0.000082,"=",
"Async TX","data",5.9003685,0.000082,"0",
"Async TX","data",5.9004555,0.000082,"ÿ",
"Async TX","data",5.900542,0.000082,"ÿ",
"Async TX","data",5.900629,0.000082,"ÿ",
"Async TX","data",5.9049265,0.000082,"t",
"Async TX","data",5.905013,0.000082,"7",
"Async TX","data",5.9051,0.000082,".",
"Async TX","data",5.905187,0.000082,"t",
"Async TX","data",5.9052735,0.000082,"x",
"Async TX","data",5.9053605,0.000082,"t",
"Async TX","data",5.905447,0.000082,"=",
"Async TX","data",5.905534,0.000082,"""",
"Async TX","data",5.905621,0.000082,"0",
"Async TX","data",5.9057075,0.000082,"%",
"Async TX","data",5.9057945,0.000082,"""",
"Async TX","data",5.9058815,0.000082,"ÿ",
"Async TX","data",5.905968,0.000082,"ÿ",
"Async TX","data",5.906055,0.000082,"ÿ",
"Async TX","data",5.911029,0.000082,"j",
"Async TX","data",5.911116,0.000082,"0",
"Async TX","data",5.9112025,0.000082,".",
"Async TX","data",5.9112895,0.000082,"p",
"Async TX","data",5.9113765,0.000082,"c",
"Async TX","data",5.911463,0.000082,"o",
"Async TX","data",5.91155,0.000082,"=",
"Async TX","data",5.911637,0.000082,"2",
"Async TX","data",5.9117235,0.000082,"0",
"Async TX","data",5.9118105,0.000082,"1",
"Async TX","data",5.911897,0.000082,"6",
"Async TX","data",5.911984,0.000082,"ÿ",
"Async TX","data",5.912071,0.000082,"ÿ",
"Async TX","data",5.9121575,0.000082,"ÿ",
"Async TX","data",5.9122445,0.000082,"t",
"Async TX","data",5.9123315,0.000082,"2",
"Async TX","data",5.912418,0.000082,".",
"Async TX","data",5.912505,0.000082,"p",
"Async TX","data",5.912592,0.000082,"c",
"Async TX","data",5.9126785,0.000082,"o",
"Async TX","data",5.9127655,0.000082,"=",
"Async TX","data",5.9128525,0.000082,"2",
"Async TX","data",5.912939,0.000082,"0",
"Async TX","data",5.913026,0.000082,"1",
"Async TX","data",5.9131125,0.000082,"6",
"Async TX","data",5.9131995,0.000082,"ÿ",
"Async TX","data",5.9132865,0.000082,"ÿ",
"Async TX","data",5.913373,0.000082,"ÿ",
"Async TX","data",5.917825,0.000082,"j",
"Async TX","data",5.9179115,0.000082,"0",
"Async TX","data",5.9179985,0.000082,".",
"Async TX","data",5.918085,0.000082,"v",
"Async TX","data",5.918172,0.000082,"a",
"Async TX","data",5.918259,0.000082,"l",
"Async TX","data",5.9183455,0.000082,"=",
"Async TX","data",5.9184325,0.000082,"0",
"Async TX","data",5.9185195,0.000082,"ÿ",
"Async TX","data",5.918606,0.000082,"ÿ",
"Async TX","data",5.918693,0.000082,"ÿ",
"Async TX","data",5.9232425,0.000082,"t",
"Async TX","data",5.9233295,0.000082,"2",
"Async TX","data",5.9234165,0.000082,".",
"Async TX","data",5.923503,0.000082,"t",
"Async TX","data",5.92359,0.000082,"x",
"Async TX","data",5.923677,0.000082,"t",
"Async TX","data",5.9237635,0.000082,"=",
"Async TX","data",5.9238505,0.000082,"""",
"Async TX","data",5.923937,0.000082,"0",
"Async TX","data",5.924024,0.000082,".",
"Async TX","data",5.924111,0.000082,"0",
"Async TX","data",5.9241975,0.000082,"0",
"Async TX","data",5.9242845,0.000082,"""",
"Async TX","data",5.9243715,0.000082,"ÿ",
"Async TX","data",5.924458,0.000082,"ÿ",
"Async TX","data",5.924545,0.000082,"ÿ",
"Async TX","data",5.929258,0.000082,"t",
"Async TX","data",5.929345,0.000082,"1",
"Async TX","data",5.9294315,0.000082,"3",
"Async TX","data",5.9295185,0.000082,".",
"Async TX","data",5.929605,0.000082,"t",
"Async TX","data",5.929692,0.000082,"x",
"Async TX","data",5.9297785,0.000082,"t",
"Async TX","data",5.9298655,0.000082,"=",
"Async TX","data",5.929952,0.000082,"""",
"Async TX","data",5.930039,0.000082,"1",
"Async TX","data",5.9301255,0.000082,"0",
"Async TX","data",5.9302125,0.000082,"""",
"Async TX","data",5.930299,0.000082,"ÿ",
"Async TX","data",5.930386,0.000082,"ÿ",
"Async TX","data",5.930473,0.000082,"ÿ",
"Async TX","data",5.935125,0.000082,"t",
"Async TX","data",5.9352115,0.000082,"1",
"Async TX","data",5.9352985,0.000082,".",
"Async TX","data",5.9353855,0.000082,"p",
"Async TX","data",5.935472,0.000082,"c",
"Async TX","data",5.935559,0.000082,"o",
"Async TX","data",5.9356455,0.000082,"=",
"Async TX","data",5.9357325,0.000082,"2",
"Async TX","data",5.9358195,0.000082,"0",
"Async TX","data",5.935906,0.000082,"2",
"Async TX","data",5.935993,0.000082,"4",
"Async TX","data",5.9360795,0.000082,"ÿ",
"Async TX","data",5.9361665,0.000082,"ÿ",
"Async TX","data",5.936253,0.000082,"ÿ",
"Async TX","data",5.944957,0.000082,"t",
"Async TX","data",5.945044,0.000082,"0",
"Async TX","data",5.9451305,0.000082,".",
"Async TX","data",5.9452175,0.000082,"t",
"Async TX","data",5.945304,0.000082,"x",
"Async TX","data",5.945391,0.000082,"t",
"Async TX","data",5.9454775,0.000082,"=",
"Async TX","data",5.9455645,0.000082,"""",
"Async TX","data",5.945651,0.000082,"0",
"Async TX","data",5.945738,0.000082,".",
"Async TX","data",5.945825,0.000082,"0",
"Async TX","data",5.9459115,0.000082,"""",
"Async TX","data",5.9459985,0.000082,"ÿ",
"Async TX","data",5.946085,0.000082,"ÿ",
"Async TX","data",5.946172,0.000082,"ÿ",
"Async TX","data",5.950763,0.000082,"t",
"Async TX","data",5.9508495,0.000082,"5",
"Async TX","data",5.9509365,0.000082,".",
"Async TX","data",5.951023,0.000082,"t",
"Async TX","data",5.95111,0.000082,"x",
"Async TX","data",5.9511965,0.000082,"t",
"Async TX","data",5.9512835,0.000082,"=",
"Async TX","data",5.95137,0.000082,"""",
"Async TX","data",5.951457,0.000082,"0",
"Async TX","data",5.9515435,0.000082,".",
"Async TX","data",5.9516305,0.000082,"0",
"Async TX","data",5.951717,0.000082,"""",
"Async TX","data",5.951804,0.000082,"ÿ",
"Async TX","data",5.9518905,0.000082,"ÿ",
"Async TX","data",5.9519775,0.000082,"ÿ",
"Async TX","data",5.956316,0.000082,"t",
"Async TX","data",5.9564025,0.000082,"4",
"Async TX","data",5.9564895,0.000082,".",
"Async TX","data",5.956576,0.000082,"t",
"Async TX","data",5.956663,0.000082,"x",
"Async TX","data",5.9567495,0.000082,"t",
"Async TX","data",5.9568365,0.000082,"=",
"Async TX","data",5.956923,0.000082,"""",
"Async TX","data",5.95701,0.000082,"0",
"Async TX","data",5.9570965,0.000082,".",
"Async TX","data",5.9571835,0.000082,"0",
"Async TX","data",5.95727,0.000082,"""",
"Async TX","data",5.957357,0.000082,"ÿ",
"Async TX","data",5.9574435,0.000082,"ÿ",
"Async TX","data",5.9575305,0.000082,"ÿ",
"Async TX","data",5.9623985,0.000082,"t",
"Async TX","data",5.9624855,0.000082,"6",
"Async TX","data",5.962572,0.000082,".",
"Async TX","data",5.962659,0.000082,"t",
"Async TX","data",5.9627455,0.000082,"x",
"Async TX","data",5.9628325,0.000082,"t",
"Async TX","data",5.9629195,0.000082,"=",
"Async TX","data",5.963006,0.000082,"""",
"Async TX","data",5.963093,0.000082,"0",
"Async TX","data",5.9631795,0.000082,".",
"Async TX","data",5.9632665,0.000082,"0",
"Async TX","data",5.9633535,0.000082,"""",
"Async TX","data",5.96344,0.000082,"ÿ",
"Async TX","data",5.963527,0.000082,"ÿ",
"Async TX","data",5.9636135,0.000082,"ÿ",
"Async TX","data",5.968257,0.000082,"j",
"Async TX","data",5.968344,0.000082,"2",
"Async TX","data",5.968431,0.000082,".",
"Async TX","data",5.9685175,0.000082,"v",
"Async TX","data",5.9686045,0.000082,"a",
"Async TX","data",5.968691,0.000082,"l",
"Async TX","data",5.968778,0.000082,"=",
"Async TX","data",5.968865,0.000082,"0",
"Async TX","data",5.9689515,0.000082,"ÿ",
"Async TX","data",5.9690385,0.000082,"ÿ",
"Async TX","data",5.969125,0.000082,"ÿ",
"Async TX","data",5.973552,0.000082,"j",
"Async TX","data",5.9736385,0.000082,"1",
"Async TX","data",5.9737255,0.000082,".",
"Async TX","data",5.9738125,0.000082,"v",
"Async TX","data",5.973899,0.000082,"a",
"Async TX","data",5.973986,0.000082,"l",
"Async TX","data",5.974073,0.000082,"=",
"Async TX","data",5.9741595,0.000082,"0",
"Async TX","data",5.9742465,0.000082,"ÿ",
"Async TX","data",5.9743335,0.000082,"ÿ",
"Async TX","data",5.97442,0.000082,"ÿ",
"Async TX","data",5.9789865,0.000082,"t",
"Async TX","data",5.9790735,0.000082,"7",
"Async TX","data",5.97916,0.000082,".",
"Async TX","data",5.979247,0.000082,"t",
"Async TX","data",5.979334,0.000082,"x",
"Async TX","data",5.9794205,0.000082,"t",
"Async TX","data",5.9795075,0.000082,"=",
"Async TX","data",5.979594,0.000082,"""",
"Async TX","data",5.979681,0.000082,"0",
"Async TX","data",5.9797675,0.000082,"%",
"Async TX","data",5.9798545,0.000082,"""",
"Async TX","data",5.979941,0.000082,"ÿ",
"Async TX","data",5.980028,0.000082,"ÿ",
"Async TX","data",5.9801145,0.000082,"ÿ",
"Async TX","data",5.984819,0.000082,"j",
"Async TX","data",5.984906,0.000082,"0",
"Async TX","data",5.984993,0.000082,".",
"Async TX","data",5.9850795,0.000082,"p",
"Async TX","data",5.9851665,0.000082,"c",
"Async TX","data",5.985253,0.000082,"o",
"Async TX","data",5.98534,0.000082,"=",
"Async TX","data",5.985427,0.000082,"2",
"Async TX","data",5.9855135,0.000082,"0",
"Async TX","data",5.9856005,0.000082,"1",
"Async TX","data",5.985687,0.000082,"6",
"Async TX","data",5.985774,0.000082,"ÿ",
"Async TX","data",5.985861,0.000082,"ÿ",
"Async TX","data",5.9859475,0.000082,"ÿ",
"Async TX","data",5.9860345,0.000082,"t",
"Async TX","data",5.986121,0.000082,"2",
"Async TX","data",5.986208,0.000082,".",
"Async TX","data",5.986295,0.000082,"p",
"Async TX","data",5.9863815,0.000082,"c",
"Async TX","data",5.9864685,0.000082,"o",
"Async TX","data",5.9865555,0.000082,"=",
"Async TX","data",5.986642,0.000082,"2",
"Async TX","data",5.986729,0.000082,"0",
"Async TX","data",5.9868155,0.000082,"1",
"Async TX","data",5.9869025,0.000082,"6",
"Async TX","data",5.9869895,0.000082,"ÿ",
"Async TX","data",5.987076,0.000082,"ÿ",
"Async TX","data",5.987163,0.000082,"ÿ",
"Async TX","data",5.992006,0.000082,"j",
"Async TX","data",5.992093,0.000082,"0",
"Async TX","data",5.9921795,0.000082,".",
"Async TX","data",5.9922665,0.000082,"v",
"Async TX","data",5.992353,0.000082,"a",
"Async TX","data",5.99244,0.000082,"l",
"Async TX","data",5.9925265,0.000082,"=",
"Async TX","data",5.9926135,0.000082,"0",
"Async TX","data",5.9927,0.000082,"ÿ",
"Async TX","data",5.992787,0.000082,"ÿ",
"Async TX","data",5.992874,0.000082,"ÿ",
"Async TX","data",5.997205,0.000082,"t",
"Async TX","data",5.997292,0.000082,"2",
"Async TX","data",5.9973785,0.000082,".",
"Async TX","data",5.9974655,0.000082,"t",
"Async TX","data",5.9975525,0.000082,"x",
"Async TX","data",5.997639,0.000082,"t",
"Async TX","data",5.997726,0.000082,"=",
"Async TX","data",5.9978125,0.000082,"""",
"Async TX","data",5.9978995,0.000082,"0",
"Async TX","data",5.9979865,0.000082,".",
"Async TX","data",5.998073,0.000082,"0",
"Async TX","data",5.99816,0.000082,"0",
"Async TX","data",5.998247,0.000082,"""",
"Async TX","data",5.9983335,0.000082,"ÿ",
"Async TX","data",5.9984205,0.000082,"ÿ",
"Async TX","data",5.9985075,0.000082,"ÿ",
"Async TX","data",6.0030225,0.000082,"t",
"Async TX","data",6.003109,0.000082,"1",
"Async TX","data",6.003196,0.000082,"3",
"Async TX","data",6.0032825,0.000082,".",
"Async TX","data",6.0033695,0.000082,"t",
"Async TX","data",6.0034565,0.000082,"x",
"Async TX","data",6.003543,0.000082,"t",
"Async TX","data",6.00363,0.000082,"=",
"Async TX","data",6.003717,0.000082,"""",
"Async TX","data",6.0038035,0.000082,"1",
"Async TX","data",6.0038905,0.000082,"0",
"Async TX","data",6.003977,0.000082,"""",
"Async TX","data",6.004064,0.000082,"ÿ",
"Async TX","data",6.004151,0.000082,"ÿ",
"Async TX","data",6.0042375,0.000082,"ÿ",
"Async TX","data",6.0088205,0.000082,"t",
"Async TX","data",6.0089075,0.000082,"1",
"Async TX","data",6.008994,0.000082,".",
"Async TX","data",6.009081,0.000082,"p",
"Async TX","data",6.0091675,0.000082,"c",
"Async TX","data",6.0092545,0.000082,"o",
"Async TX","data",6.009341,0.000082,"=",
"Async TX","data",6.009428,0.000082,"2",
"Async TX","data",6.009515,0.000082,"0",
"Async TX","data",6.0096015,0.000082,"2",
"Async TX","data",6.0096885,0.000082,"4",
"Async TX","data",6.0097755,0.000082,"ÿ",
"Async TX","data",6.009862,0.000082,"ÿ",
"Async TX","data",6.009949,0.000082,"ÿ",
"Async TX","data",6.0185775,0.000082,"t",
"Async TX","data",6.018664,0.000082,"0",
"Async TX","data",6.018751,0.000082,".",
"Async TX","data",6.0188375,0.000082,"t",
"Async TX","data",6.0189245,0.000082,"x",
"Async TX","data",6.0190115,0.000082,"t",
"Async TX","data",6.019098,0.000082,"=",
"Async TX","data",6.019185,0.000082,"""",
"Async TX","data",6.0192715,0.000082,"0",
"Async TX","data",6.0193585,0.000082,".",
"Async TX","data",6.0194455,0.000082,"0",
"Async TX","data",6.019532,0.000082,"""",
"Async TX","data",6.019619,0.000082,"ÿ",
"Async TX","data",6.0197055,0.000082,"ÿ",
"Async TX","data",6.0197925,0.000082,"ÿ",
"Async TX","data",6.02428,0.000082,"t",
"Async TX","data",6.024367,0.000082,"5",
"Async TX","data",6.0244535,0.000082,".",
"Async TX","data",6.0245405,0.000082,"t",
"Async TX","data",6.0246275,0.000082,"x",
"Async TX","data",6.024714,0.000082,"t",
"Async TX","data",6.024801,0.000082,"=",
"Async TX","data",6.0248875,0.000082,"""",
"Async TX","data",6.0249745,0.000082,"0",
"Async TX","data",6.025061,0.000082,".",
"Async TX","data",6.025148,0.000082,"0",
"Async TX","data",6.025235,0.000082,"""",
"Async TX","data",6.0253215,0.000082,"ÿ",
"Async TX","data",6.0254085,0.000082,"ÿ",
"Async TX","data",6.025495,0.000082,"ÿ",
"Async TX","data",6.0301385,0.000082,"t",
"Async TX","data",6.030225,0.000082,"4",
"Async TX","data",6.030312,0.000082,".",
"Async TX","data",6.0303985,0.000082,"t",
"Async TX","data",6.0304855,0.000082,"x",
"Async TX","data",6.030572,0.000082,"t",
"Async TX","data",6.030659,0.000082,"=",
"Async TX","data",6.0307455,0.000082,"""",
"Async TX","data",6.0308325,0.000082,"0",
"Async TX","data",6.030919,0.000082,".",
"Async TX","data",6.031006,0.000082,"0",
"Async TX","data",6.0310925,0.000082,"""",
"Async TX","data",6.0311795,0.000082,"ÿ",
"Async TX","data",6.031266,0.000082,"ÿ",
"Async TX","data",6.031353,0.000082,"ÿ",
"Async TX","data",6.0358815,0.000082,"t",
"Async TX","data",6.0359685,0.000082,"6",
"Async TX","data",6.036055,0.000082,".",
"Async TX","data",6.036142,0.000082,"t",
"Async TX","data",6.0362285,0.000082,"x",
"Async TX","data",6.0363155,0.000082,"t",
"Async TX","data",6.036402,0.000082,"=",
"Async TX","data",6.036489,0.000082,"""",
"Async TX","data",6.0365755,0.000082,"0",
"Async TX","data",6.0366625,0.000082,".",
"Async TX","data",6.036749,0.000082,"0",
"Async TX","data",6.036836,0.000082,"""",
"Async TX","data",6.0369225,0.000082,"ÿ",
"Async TX","data",6.0370095,0.000082,"ÿ",
"Async TX","data",6.037096,0.000082,"ÿ",
"Async TX","data",6.041392,0.000082,"j",
"Async TX","data",6.0414785,0.000082,"2",
"Async TX","data",6.0415655,0.000082,".",
"Async TX","data",6.041652,0.000082,"v",
"Async TX","data",6.041739,0.000082,"a",
"Async TX","data",6.0418255,0.000082,"l",
"Async TX","data",6.0419125,0.000082,"=",
"Async TX","data",6.041999,0.000082,"0",
"Async TX","data",6.042086,0.000082,"ÿ",
"Async TX","data",6.0421725,0.000082,"ÿ",
"Async TX","data",6.0422595,0.000082,"ÿ",
"Async TX","data",6.0468495,0.000082,"j",
"Async TX","data",6.0469365,0.000082,"1",
"Async TX","data",6.047023,0.000082,".",
"Async TX","data",6.04711,0.000082,"v",
"Async TX","data",6.047197,0.000082,"a",
"Async TX","data",6.0472835,0.000082,"l",
"Async TX","data",6.0473705,0.000082,"=",
"Async TX","data",6.047457,0.000082,"0",
"Async TX","data",6.047544,0.000082,"ÿ",
"Async TX","data",6.0476305,0.000082,"ÿ",
"Async TX","data",6.0477175,0.000082,"ÿ",
"Async TX","data",6.0524125,0.000082,"t",
"Async TX","data",6.052499,0.000082,"7",
"Async TX","data",6.052586,0.000082,".",
"Async TX","data",6.052673,0.000082,"t",
"Async TX","data",6.0527595,0.000082,"x",
"Async TX","data",6.0528465,0.000082,"t",
"Async TX","data",6.052933,0.000082,"=",
"Async TX","data",6.05302,0.000082,"""",
"Async TX","data",6.053107,0.000082,"0",
"Async TX","data",6.0531935,0.000082,"%",
"Async TX","data",6.0532805,0.000082,"""",
"Async TX","data",6.053367,0.000082,"ÿ",
"Async TX","data",6.053454,0.000082,"ÿ",
"Async TX","data",6.053541,0.000082,"ÿ",
"Async TX","data",6.0579055,0.000082,"j",
"Async TX","data",6.057992,0.000082,"0",
"Async TX","data",6.058079,0.000082,".",
"Async TX","data",6.0581655,0.000082,"p",
"Async TX","data",6.0582525,0.000082,"c",
"Async TX","data",6.058339,0.000082,"o",
"Async TX","data",6.058426,0.000082,"=",
"Async TX","data",6.058513,0.000082,"2",
"Async TX","data",6.0585995,0.000082,"0",
"Async TX","data",6.0586865,0.000082,"1",
"Async TX","data",6.058773,0.000082,"6",
"Async TX","data",6.05886,0.000082,"ÿ",
"Async TX","data",6.0589465,0.000082,"ÿ",
"Async TX","data",6.0590335,0.000082,"ÿ",
"Async TX","data",6.05912,0.000082,"t",
"Async TX","data",6.059207,0.000082,"2",
"Async TX","data",6.059294,0.000082,".",
"Async TX","data",6.0593805,0.000082,"p",
"Async TX","data",6.0594675,0.000082,"c",
"Async TX","data",6.059554,0.000082,"o",
"Async TX","data",6.059641,0.000082,"=",
"Async TX","data",6.0597275,0.000082,"2",
"Async TX","data",6.0598145,0.000082,"0",
"Async TX","data",6.059901,0.000082,"1",
"Async TX","data",6.059988,0.000082,"6",
"Async TX","data",6.060075,0.000082,"ÿ",
"Async TX","data",6.0601615,0.000082,"ÿ",
"Async TX","data",6.0602485,0.000082,"ÿ",
"Async TX","data",6.0647355,0.000082,"j",
"Async TX","data",6.064822,0.000082,"0",
"Async TX","data",6.064909,0.000082,".",
"Async TX","data",6.0649955,0.000082,"v",
"Async TX","data",6.0650825,0.000082,"a",
"Async TX","data",6.0651695,0.000082,"l",
"Async TX","data",6.065256,0.000082,"=",
"Async TX","data",6.065343,0.000082,"0",
"Async TX","data",6.0654295,0.000082,"ÿ",
"Async TX","data",6.0655165,0.000082,"ÿ",
"Async TX","data",6.065603,0.000082,"ÿ",
"Async TX","data",6.0700735,0.000082,"t",
"Async TX","data",6.07016,0.000082,"2",
"Async TX","data",6.070247,0.000082,".",
"Async TX","data",6.0703335,0.000082,"t",
"Async TX","data",6.0704205,0.000082,"x",
"Async TX","data",6.070507,0.000082,"t",
"Async TX","data",6.070594,0.000082,"=",
"Async TX","data",6.0706805,0.000082,"""",
"Async TX","data",6.0707675,0.000082,"0",
"Async TX","data",6.070854,0.000082,".",
"Async TX","data",6.070941,0.000082,"0",
"Async TX","data",6.071028,0.000082,"0",
"Async TX","data",6.0711145,0.000082,"""",
"Async TX","data",6.0712015,0.000082,"ÿ",
"Async TX","data",6.071288,0.000082,"ÿ",
"Async TX","data",6.071375,0.000082,"ÿ",
"Async TX","data",6.076174,0.000082,"t",
"Async TX","data",6.076261,0.000082,"1",
"Async TX","data",6.076348,0.000082,"3",
"Async TX","data",6.0764345,0.000082,".",
"Async TX","data",6.0765215,0.000082,"t",
"Async TX","data",6.076608,0.000082,"x",
"Async TX","data",6.076695,0.000082,"t",
"Async TX","data",6.076782,0.000082,"=",
"Async TX","data",6.0768685,0.000082,"""",
"Async TX","data",6.0769555,0.000082,"1",
"Async TX","data",6.077042,0.000082,"0",
"Async TX","data",6.077129,0.000082,"""",
"Async TX","data",6.077216,0.000082,"ÿ",
"Async TX","data",6.0773025,0.000082,"ÿ",
"Async TX","data",6.0773895,0.000082,"ÿ",
"Async TX","data",6.0817295,0.000082,"t",
"Async TX","data",6.0818165,0.000082,"1",
"Async TX","data",6.0819035,0.000082,".",
"Async TX","data",6.08199,0.000082,"p",
"Async TX","data",6.082077,0.000082,"c",
"Async TX","data",6.082164,0.000082,"o",
"Async TX","data",6.0822505,0.000082,"=",
"Async TX","data",6.0823375,0.000082,"2",
"Async TX","data",6.082424,0.000082,"0",
"Async TX","data",6.082511,0.000082,"2",
"Async TX","data",6.082598,0.000082,"4",
"Async TX","data",6.0826845,0.000082,"ÿ",
"Async TX","data",6.0827715,0.000082,"ÿ",
"Async TX","data",6.082858,0.000082,"ÿ",
"Async TX","data",6.091668,0.000082,"t",
"Async TX","data",6.091755,0.000082,"0",
"Async TX","data",6.0918415,0.000082,".",
"Async TX","data",6.0919285,0.000082,"t",
"Async TX","data",6.092015,0.000082,"x",
"Async TX","data",6.092102,0.000082,"t",
"Async TX","data",6.092189,0.000082,"=",
"Async TX","data",6.0922755,0.000082,"""",
"Async TX","data",6.0923625,0.000082,"0",
"Async TX","data",6.092449,0.000082,".",
"Async TX","data",6.092536,0.000082,"0",
"Async TX","data",6.0926225,0.000082,"""",
"Async TX","data",6.0927095,0.000082,"ÿ",
"Async TX","data",6.092796,0.000082,"ÿ",
"Async TX","data",6.092883,0.000082,"ÿ",
"Async TX","data",6.0975085,0.000082,"t",
"Async TX","data",6.097595,0.000082,"5",
"Async TX","data",6.097682,0.000082,".",
"Async TX","data",6.097769,0.000082,"t",
"Async TX","data",6.0978555,0.000082,"x",
"Async TX","data",6.0979425,0.000082,"t",
"Async TX","data",6.098029,0.000082,"=",
"Async TX","data",6.098116,0.000082,"""",
"Async TX","data",6.0982025,0.000082,"0",
"Async TX","data",6.0982895,0.000082,".",
"Async TX","data",6.098376,0.000082,"0",
"Async TX","data",6.098463,0.000082,"""",
"Async TX","data",6.09855,0.000082,"ÿ",
"Async TX","data",6.0986365,0.000082,"ÿ",
"Async TX","data",6.0987235,0.000082,"ÿ",
"Async TX","data",6.10322,0.000082,"t",
"Async TX","data",6.103307,0.000082,"4",
"Async TX","data",6.1033935,0.000082,".",
"Async TX","data",6.1034805,0.000082,"t",
"Async TX","data",6.103567,0.000082,"x",
"Async TX","data",6.103654,0.000082,"t",
"Async TX","data",6.103741,0.000082,"=",
"Async TX","data",6.1038275,0.000082,"""",
"Async TX","data",6.1039145,0.000082,"0",
"Async TX","data",6.104001,0.000082,".",
"Async TX","data",6.104088,0.000082,"0",
"Async TX","data",6.104175,0.000082,"""",
"Async TX","data",6.1042615,0.000082,"ÿ",
"Async TX","data",6.1043485,0.000082,"ÿ",
"Async TX","data",6.104435,0.000082,"ÿ",
"Async TX","data",6.1088275,0.000082,"t",
"Async TX","data",6.1089145,0.000082,"6",
"Async TX","data",6.109001,0.000082,".",
"Async TX","data",6.109088,0.000082,"t",
"Async TX","data",6.109175,0.000082,"x",
"Async TX","data",6.1092615,0.000082,"t",
"Async TX","data",6.1093485,0.000082,"=",
"Async TX","data",6.109435,0.000082,"""",
"Async TX","data",6.109522,0.000082,"0",
"Async TX","data",6.109609,0.000082,".",
"Async TX","data",6.1096955,0.000082,"0",
"Async TX","data",6.1097825,0.000082,"""",
"Async TX","data",6.109869,0.000082,"ÿ",
"Async TX","data",6.109956,0.000082,"ÿ",
"Async TX","data",6.1100425,0.000082,"ÿ",
"Async TX","data",6.114434,0.000082,"j",
"Async TX","data",6.1145205,0.000082,"2",
"Async TX","data",6.1146075,0.000082,".",
"Async TX","data",6.114694,0.000082,"v",
"Async TX","data",6.114781,0.000082,"a",
"Async TX","data",6.1148675,0.000082,"l",
"Async TX","data",6.1149545,0.000082,"=",
"Async TX","data",6.115041,0.000082,"0",
"Async TX","data",6.115128,0.000082,"ÿ",
"Async TX","data",6.115215,0.000082,"ÿ",
"Async TX","data",6.1153015,0.000082,"ÿ",
"Async TX","data",6.1197625,0.000082,"j",
"Async TX","data",6.1198495,0.000082,"1",
"Async TX","data",6.119936,0.000082,".",
"Async TX","data",6.120023,0.000082,"v",
"Async TX","data",6.1201095,0.000082,"a",
"Async TX","data",6.1201965,0.000082,"l",
"Async TX","data",6.120283,0.000082,"=",
"Async TX","data",6.12037,0.000082,"0",
"Async TX","data",6.120457,0.000082,"ÿ",
"Async TX","data",6.1205435,0.000082,"ÿ",
"Async TX","data",6.1206305,0.000082,"ÿ",
"Async TX","data",6.125159,0.000082,"t",
"Async TX","data",6.125246,0.000082,"7",
"Async TX","data",6.125333,0.000082,".",
"Async TX","data",6.1254195,0.000082,"t",
"Async TX","data",6.1255065,0.000082,"x",
"Async TX","data",6.125593,0.000082,"t",
"Async TX","data",6.12568,0.000082,"=",
"Async TX","data",6.125767,0.000082,"""",
"Async TX","data",6.1258535,0.000082,"0",
"Async TX","data",6.1259405,0.000082,"%",
"Async TX","data",6.126027,0.000082,"""",
"Async TX","data",6.126114,0.000082,"ÿ",
"Async TX","data",6.126201,0.000082,"ÿ",
"Async TX","data",6.1262875,0.000082,"ÿ",
"Async TX","data",6.131002,0.000082,"j",
"Async TX","data",6.131089,0.000082,"0",
"Async TX","data",6.1311755,0.000082,".",
"Async TX","data",6.1312625,0.000082,"p",
"Async TX","data",6.1313495,0.000082,"c",
"Async TX","data",6.131436,0.000082,"o",
"Async TX","data",6.131523,0.000082,"=",
"Async TX","data",6.13161,0.000082,"2",
"Async TX","data",6.1316965,0.000082,"0",
"Async TX","data",6.1317835,0.000082,"1",
"Async TX","data",6.1318705,0.000082,"6",
"Async TX","data",6.131957,0.000082,"ÿ",
"Async TX","data",6.132044,0.000082,"ÿ",
"Async TX","data",6.132131,0.000082,"ÿ",
"Async TX","data",6.1322175,0.000082,"t",
"Async TX","data",6.1323045,0.000082,"2",
"Async TX","data",6.132391,0.000082,".",
"Async TX","data",6.132478,0.000082,"p",
"Async TX","data",6.132565,0.000082,"c",
"Async TX","data",6.1326515,0.000082,"o",
"Async TX","data",6.1327385,0.000082,"=",
"Async TX","data",6.132825,0.000082,"2",
"Async TX","data",6.132912,0.000082,"0",
"Async TX","data",6.1329985,0.000082,"1",
"Async TX","data",6.1330855,0.000082,"6",
"Async TX","data",6.133172,0.000082,"ÿ",
"Async TX","data",6.133259,0.000082,"ÿ",
"Async TX","data",6.1333455,0.000082,"ÿ",
"Async TX","data",6.137798,0.000082,"j",
"Async TX","data",6.137885,0.000082,"0",
"Async TX","data",6.1379715,0.000082,".",
"Async TX","data",6.1380585,0.000082,"v",
"Async TX","data",6.138145,0.000082,"a",
"Async TX","data",6.138232,0.000082,"l",
"Async TX","data",6.138319,0.000082,"=",
"Async TX","data",6.1384055,0.000082,"0",
"Async TX","data",6.1384925,0.000082,"ÿ",
"Async TX","data",6.138579,0.000082,"ÿ",
"Async TX","data",6.138666,0.000082,"ÿ",
"Async TX","data",6.143291,0.000082,"t",
"Async TX","data",6.143378,0.000082,"2",
"Async TX","data",6.143465,0.000082,".",
"Async TX","data",6.1435515,0.000082,"t",
"Async TX","data",6.1436385,0.000082,"x",
"Async TX","data",6.143725,0.000082,"t",
"Async TX","data",6.143812,0.000082,"=",
"Async TX","data",6.143899,0.000082,"""",
"Async TX","data",6.1439855,0.000082,"0",
"Async TX","data",6.1440725,0.000082,".",
"Async TX","data",6.144159,0.000082,"0",
"Async TX","data",6.144246,0.000082,"0",
"Async TX","data",6.1443325,0.000082,"""",
"Async TX","data",6.1444195,0.000082,"ÿ",
"Async TX","data",6.144506,0.000082,"ÿ",
"Async TX","data",6.144593,0.000082,"ÿ",
"Async TX","data",6.1491315,0.000082,"t",
"Async TX","data",6.149218,0.000082,"1",
"Async TX","data",6.149305,0.000082,"3",
"Async TX","data",6.1493915,0.000082,".",
"Async TX","data",6.1494785,0.000082,"t",
"Async TX","data",6.1495655,0.000082,"x",
"Async TX","data",6.149652,0.000082,"t",
"Async TX","data",6.149739,0.000082,"=",
"Async TX","data",6.1498255,0.000082,"""",
"Async TX","data",6.1499125,0.000082,"1",
"Async TX","data",6.149999,0.000082,"0",
"Async TX","data",6.150086,0.000082,"""",
"Async TX","data",6.1501725,0.000082,"ÿ",
"Async TX","data",6.1502595,0.000082,"ÿ",
"Async TX","data",6.1503465,0.000082,"ÿ",
"Async TX","data",6.1548155,0.000082,"t",
"Async TX","data",6.1549025,0.000082,"1",
"Async TX","data",6.1549895,0.000082,".",
"Async TX","data",6.155076,0.000082,"p",
"Async TX","data",6.155163,0.000082,"c",
"Async TX","data",6.1552495,0.000082,"o",
"Async TX","data",6.1553365,0.000082,"=",
"Async TX","data",6.1554235,0.000082,"2",
"Async TX","data",6.15551,0.000082,"0",
"Async TX","data",6.155597,0.000082,"2",
"Async TX","data",6.1556835,0.000082,"4",
"Async TX","data",6.1557705,0.000082,"ÿ",
"Async TX","data",6.1558575,0.000082,"ÿ",
"Async TX","data",6.155944,0.000082,"ÿ",
"Async TX","data",6.165238,0.000082,"t",
"Async TX","data",6.165325,0.000082,"0",
"Async TX","data",6.1654115,0.000082,".",
"Async TX","data",6.1654985,0.000082,"t",
"Async TX","data",6.165585,0.000082,"x",
"Async TX","data",6.165672,0.000082,"t",
"Async TX","data",6.1657585,0.000082,"=",
"Async TX","data",6.1658455,0.000082,"""",
"Async TX","data",6.165932,0.000082,"0",
"Async TX","data",6.166019,0.000082,".",
"Async TX","data",6.1661055,0.000082,"0",
"Async TX","data",6.1661925,0.000082,"""",
"Async TX","data",6.166279,0.000082,"ÿ",
"Async TX","data",6.166366,0.000082,"ÿ",
"Async TX","data",6.1664525,0.000082,"ÿ",
"Async TX","data",6.170783,0.000082,"t",
"Async TX","data",6.1708695,0.000082,"5",
"Async TX","data",6.1709565,0.000082,".",
"Async TX","data",6.171043,0.000082,"t",
"Async TX","data",6.17113,0.000082,"x",
"Async TX","data",6.171217,0.000082,"t",
"Async TX","data",6.1713035,0.000082,"=",
"Async TX","data",6.1713905,0.000082,"""",
"Async TX","data",6.171477,0.000082,"0",
"Async TX","data",6.171564,0.000082,".",
"Async TX","data",6.1716505,0.000082,"0",
"Async TX","data",6.1717375,0.000082,"""",
"Async TX","data",6.171824,0.000082,"ÿ",
"Async TX","data",6.171911,0.000082,"ÿ",
"Async TX","data",6.1719975,0.000082,"ÿ",
"Async TX","data",6.1764135,0.000082,"t",
"Async TX","data",6.1765005,0.000082,"4",
"Async TX","data",6.176587,0.000082,".",
"Async TX","data",6.176674,0.000082,"t",
"Async TX","data",6.1767605,0.000082,"x",
"Async TX","data",6.1768475,0.000082,"t",
"Async TX","data",6.176934,0.000082,"=",
"Async TX","data",6.177021,0.000082,"""",
"Async TX","data",6.1771075,0.000082,"0",
"Async TX","data",6.1771945,0.000082,".",
"Async TX","data",6.177281,0.000082,"0",
"Async TX","data",6.177368,0.000082,"""",
"Async TX","data",6.177455,0.000082,"ÿ",
"Async TX","data",6.1775415,0.000082,"ÿ",
"Async TX","data",6.1776285,0.000082,"ÿ",
"Async TX","data",6.182402,0.000082,"t",
"Async TX","data",6.1824885,0.000082,"6",
"Async TX","data",6.1825755,0.000082,".",
"Async TX","data",6.182662,0.000082,"t",
"Async TX","data",6.182749,0.000082,"x",
"Async TX","data",6.182836,0.000082,"t",
"Async TX","data",6.1829225,0.000082,"=",
"Async TX","data",6.1830095,0.000082,"""",
"Async TX","data",6.183096,0.000082,"0",
"Async TX","data",6.183183,0.000082,".",
"Async TX","data",6.18327,0.000082,"0",
"Async TX","data",6.1833565,0.000082,"""",
"Async TX","data",6.1834435,0.000082,"ÿ",
"Async TX","data",6.18353,0.000082,"ÿ",
"Async TX","data",6.183617,0.000082,"ÿ",
"Async TX","data",6.188105,0.000082,"j",
"Async TX","data",6.1881915,0.000082,"2",
"Async TX","data",6.1882785,0.000082,".",
"Async TX","data",6.1883655,0.000082,"v",
"Async TX","data",6.188452,0.000082,"a",
"Async TX","data",6.188539,0.000082,"l",
"Async TX","data",6.1886255,0.000082,"=",
"Async TX","data",6.1887125,0.000082,"0",
"Async TX","data",6.1887995,0.000082,"ÿ",
"Async TX","data",6.188886,0.000082,"ÿ",
"Async TX","data",6.188973,0.000082,"ÿ",
"Async TX","data",6.1933825,0.000082,"j",
"Async TX","data",6.193469,0.000082,"1",
"Async TX","data",6.193556,0.000082,".",
"Async TX","data",6.193643,0.000082,"v",
"Async TX","data",6.1937295,0.000082,"a",
"Async TX","data",6.1938165,0.000082,"l",
"Async TX","data",6.193903,0.000082,"=",
"Async TX","data",6.19399,0.000082,"0",
"Async TX","data",6.194077,0.000082,"ÿ",
"Async TX","data",6.1941635,0.000082,"ÿ",
"Async TX","data",6.1942505,0.000082,"ÿ",
"Async TX","data",6.1991195,0.000082,"t",
"Async TX","data",6.199206,0.000082,"7",
"Async TX","data",6.199293,0.000082,".",
"Async TX","data",6.1993795,0.000082,"t",
"Async TX","data",6.1994665,0.000082,"x",
"Async TX","data",6.199553,0.000082,"t",
"Async TX","data",6.19964,0.000082,"=",
"Async TX","data",6.1997265,0.000082,"""",
"Async TX","data",6.1998135,0.000082,"0",
"Async TX","data",6.1999,0.000082,"%",
"Async TX","data",6.199987,0.000082,"""",
"Async TX","data",6.2000735,0.000082,"ÿ",
"Async TX","data",6.2001605,0.000082,"ÿ",
"Async TX","data",6.200247,0.000082,"ÿ",
"Async TX","data",6.204942,0.000082,"j",
"Async TX","data",6.2050285,0.000082,"0",
"Async TX","data",6.2051155,0.000082,".",
"Async TX","data",6.205202,0.000082,"p",
"Async TX","data",6.205289,0.000082,"c",
"Async TX","data",6.2053755,0.000082,"o",
"Async TX","data",6.2054625,0.000082,"=",
"Async TX","data",6.205549,0.000082,"2",
"Async TX","data",6.205636,0.000082,"0",
"Async TX","data",6.205723,0.000082,"1",
"Async TX","data",6.2058095,0.000082,"6",
"Async TX","data",6.2058965,0.000082,"ÿ",
"Async TX","data",6.205983,0.000082,"ÿ",
"Async TX","data",6.20607,0.000082,"ÿ",
"Async TX","data",6.2061565,0.000082,"t",
"Async TX","data",6.2062435,0.000082,"2",
"Async TX","data",6.20633,0.000082,".",
"Async TX","data",6.206417,0.000082,"p",
"Async TX","data",6.2065035,0.000082,"c",
"Async TX","data",6.2065905,0.000082,"o",
"Async TX","data",6.2066775,0.000082,"=",
"Async TX","data",6.206764,0.000082,"2",
"Async TX","data",6.206851,0.000082,"0",
"Async TX","data",6.2069375,0.000082,"1",
"Async TX","data",6.2070245,0.000082,"6",
"Async TX","data",6.207111,0.000082,"ÿ",
"Async TX","data",6.207198,0.000082,"ÿ",
"Async TX","data",6.207285,0.000082,"ÿ",
"Async TX","data",6.2116165,0.000082,"j",
"Async TX","data",6.2117035,0.000082,"0",
"Async TX","data",6.21179,0.000082,".",
"Async TX","data",6.211877,0.000082,"v",
"Async TX","data",6.2119635,0.000082,"a",
"Async TX","data",6.2120505,0.000082,"l",
"Async TX","data",6.2121375,0.000082,"=",
"Async TX","data",6.212224,0.000082,"0",
"Async TX","data",6.212311,0.000082,"ÿ",
"Async TX","data",6.2123975,0.000082,"ÿ",
"Async TX","data",6.2124845,0.000082,"ÿ",
"Async TX","data",6.2169805,0.000082,"t",
"Async TX","data",6.2170675,0.000082,"2",
"Async TX","data",6.217154,0.000082,".",
"Async TX","data",6.217241,0.000082,"t",
"Async TX","data",6.2173275,0.000082,"x",
"Async TX","data",6.2174145,0.000082,"t",
"Async TX","data",6.217501,0.000082,"=",
"Async TX","data",6.217588,0.000082,"""",
"Async TX","data",6.2176745,0.000082,"0",
"Async TX","data",6.2177615,0.000082,".",
"Async TX","data",6.217848,0.000082,"0",
"Async TX","data",6.217935,0.000082,"0",
"Async TX","data",6.2180215,0.000082,"""",
"Async TX","data",6.2181085,0.000082,"ÿ",
"Async TX","data",6.218195,0.000082,"ÿ",
"Async TX","data",6.218282,0.000082,"ÿ",
"Async TX","data",6.222753,0.000082,"t",
"Async TX","data",6.2228395,0.000082,"1",
"Async TX","data",6.2229265,0.000082,"3",
"Async TX","data",6.223013,0.000082,".",
"Async TX","data",6.2231,0.000082,"t",
"Async TX","data",6.223187,0.000082,"x",
"Async TX","data",6.2232735,0.000082,"t",
"Async TX","data",6.2233605,0.000082,"=",
"Async TX","data",6.2234475,0.000082,"""",
"Async TX","data",6.223534,0.000082,"1",
"Async TX","data",6.223621,0.000082,"0",
"Async TX","data",6.2237075,0.000082,"""",
"Async TX","data",6.2237945,0.000082,"ÿ",
"Async TX","data",6.2238815,0.000082,"ÿ",
"Async TX","data",6.223968,0.000082,"ÿ",
"Async TX","data",6.228118,0.000082,"t",
"Async TX","data",6.228205,0.000082,"1",
"Async TX","data",6.2282915,0.000082,".",
"Async TX","data",6.2283785,0.000082,"p",
"Async TX","data",6.2284655,0.000082,"c",
"Async TX","data",6.228552,0.000082,"o",
"Async TX","data",6.228639,0.000082,"=",
"Async TX","data",6.228726,0.000082,"2",
"Async TX","data",6.2288125,0.000082,"0",
"Async TX","data",6.2288995,0.000082,"2",
"Async TX","data",6.228986,0.000082,"4",
"Async TX","data",6.229073,0.000082,"ÿ",
"Async TX","data",6.22916,0.000082,"ÿ",
"Async TX","data",6.2292465,0.000082,"ÿ",
"Async TX","data",6.23376,0.000082,"t",
"Async TX","data",6.2338465,0.000082,"1",
"Async TX","data",6.2339335,0.000082,".",
"Async TX","data",6.23402,0.000082,"t",
"Async TX","data",6.234107,0.000082,"x",
"Async TX","data",6.234194,0.000082,"t",
"Async TX","data",6.2342805,0.000082,"=",
"Async TX","data",6.2343675,0.000082,"""",
"Async TX","data",6.234454,0.000082,"4",
"Async TX","data",6.234541,0.000082,".",
"Async TX","data",6.2346275,0.000082,"0",
"Async TX","data",6.2347145,0.000082,"2",
"Async TX","data",6.2348015,0.000082,"""",
"Async TX","data",6.234888,0.000082,"ÿ",
"Async TX","data",6.234975,0.000082,"ÿ",
"Async TX","data",6.2350615,0.000082,"ÿ",
"Async TX","data",6.2394525,0.000082,"t",
"Async TX","data",6.239539,0.000082,"0",
"Async TX","data",6.239626,0.000082,".",
"Async TX","data",6.2397125,0.000082,"t",
"Async TX","data",6.2397995,0.000082,"x",
"Async TX","data",6.2398865,0.000082,"t",
"Async TX","data",6.239973,0.000082,"=",
"Async TX","data",6.24006,0.000082,"""",
"Async TX","data",6.2401465,0.000082,"0",
"Async TX","data",6.2402335,0.000082,".",
"Async TX","data",6.24032,0.000082,"0",
"Async TX","data",6.240407,0.000082,"""",
"Async TX","data",6.2404935,0.000082,"ÿ",
"Async TX","data",6.2405805,0.000082,"ÿ",
"Async TX","data",6.2406675,0.000082,"ÿ",
"Async TX","data",6.245422,0.000082,"t",
"Async TX","data",6.245509,0.000082,"5",
"Async TX","data",6.2455955,0.000082,".",
"Async TX","data",6.2456825,0.000082,"t",
"Async TX","data",6.245769,0.000082,"x",
"Async TX","data",6.245856,0.000082,"t",
"Async TX","data",6.245943,0.000082,"=",
"Async TX","data",6.2460295,0.000082,"""",
"Async TX","data",6.2461165,0.000082,"0",
"Async TX","data",6.246203,0.000082,".",
"Async TX","data",6.24629,0.000082,"0",
"Async TX","data",6.2463765,0.000082,"""",
"Async TX","data",6.2464635,0.000082,"ÿ",
"Async TX","data",6.2465505,0.000082,"ÿ",
"Async TX","data",6.246637,0.000082,"ÿ",
"Async TX","data",6.2510195,0.000082,"t",
"Async TX","data",6.2511065,0.000082,"4",
"Async TX","data",6.2511935,0.000082,".",
"Async TX","data",6.25128,0.000082,"t",
"Async TX","data",6.251367,0.000082,"x",
"Async TX","data",6.2514535,0.000082,"t",
"Async TX","data",6.2515405,0.000082,"=",
"Async TX","data",6.251627,0.000082,"""",
"Async TX","data",6.251714,0.000082,"0",
"Async TX","data",6.2518005,0.000082,".",
"Async TX","data",6.251887,0.000082,"0",
"Async TX","data",6.251974,0.000082,"""",
"Async TX","data",6.2520605,0.000082,"ÿ",
"Async TX","data",6.2521475,0.000082,"ÿ",
"Async TX","data",6.252234,0.000082,"ÿ",
"Async TX","data",6.2568165,0.000082,"t",
"Async TX","data",6.256903,0.000082,"6",
"Async TX","data",6.25699,0.000082,".",
"Async TX","data",6.2570765,0.000082,"t",
"Async TX","data",6.2571635,0.000082,"x",
"Async TX","data",6.25725,0.000082,"t",
"Async TX","data",6.257337,0.000082,"=",
"Async TX","data",6.2574235,0.000082,"""",
"Async TX","data",6.2575105,0.000082,"0",
"Async TX","data",6.257597,0.000082,".",
"Async TX","data",6.257684,0.000082,"0",
"Async TX","data",6.2577705,0.000082,"""",
"Async TX","data",6.2578575,0.000082,"ÿ",
"Async TX","data",6.257944,0.000082,"ÿ",
"Async TX","data",6.258031,0.000082,"ÿ",
"Async TX","data",6.2625255,0.000082,"j",
"Async TX","data",6.2626125,0.000082,"2",
"Async TX","data",6.262699,0.000082,".",
"Async TX","data",6.262786,0.000082,"v",
"Async TX","data",6.2628725,0.000082,"a",
"Async TX","data",6.2629595,0.000082,"l",
"Async TX","data",6.2630465,0.000082,"=",
"Async TX","data",6.263133,0.000082,"0",
"Async TX","data",6.26322,0.000082,"ÿ",
"Async TX","data",6.2633065,0.000082,"ÿ",
"Async TX","data",6.2633935,0.000082,"ÿ",
"Async TX","data",6.2679765,0.000082,"j",
"Async TX","data",6.2680635,0.000082,"1",
"Async TX","data",6.2681505,0.000082,".",
"Async TX","data",6.268237,0.000082,"v",
"Async TX","data",6.268324,0.000082,"a",
"Async TX","data",6.268411,0.000082,"l",
"Async TX","data",6.2684975,0.000082,"=",
"Async TX","data",6.2685845,0.000082,"0",
"Async TX","data",6.2686715,0.000082,"ÿ",
"Async TX","data",6.268758,0.000082,"ÿ",
"Async TX","data",6.268845,0.000082,"ÿ",
"Async TX","data",6.2727335,0.000082,"t",
"Async TX","data",6.2728205,0.000082,"7",
"Async TX","data",6.272907,0.000082,".",
"Async TX","data",6.272994,0.000082,"t",
"Async TX","data",6.273081,0.000082,"x",
"Async TX","data",6.2731675,0.000082,"t",
"Async TX","data",6.2732545,0.000082,"=",
"Async TX","data",6.273341,0.000082,"""",
"Async TX","data",6.273428,0.000082,"0",
"Async TX","data",6.2735145,0.000082,"%",
"Async TX","data",6.2736015,0.000082,"""",
"Async TX","data",6.273688,0.000082,"ÿ",
"Async TX","data",6.273775,0.000082,"ÿ",
"Async TX","data",6.2738615,0.000082,"ÿ",
"Async TX","data",6.27801,0.000082,"j",
"Async TX","data",6.278097,0.000082,"0",
"Async TX","data",6.2781835,0.000082,".",
"Async TX","data",6.2782705,0.000082,"p",
"Async TX","data",6.278357,0.000082,"c",
"Async TX","data",6.278444,0.000082,"o",
"Async TX","data",6.2785305,0.000082,"=",
"Async TX","data",6.2786175,0.000082,"2",
"Async TX","data",6.278704,0.000082,"0",
"Async TX","data",6.278791,0.000082,"1",
"Async TX","data",6.2788775,0.000082,"6",
"Async TX","data",6.2789645,0.000082,"ÿ",
"Async TX","data",6.2790515,0.000082,"ÿ",
"Async TX","data",6.279138,0.000082,"ÿ",
"Async TX","data",6.279225,0.000082,"t",
"Async TX","data",6.2793115,0.000082,"2",
"Async TX","data",6.2793985,0.000082,".",
"Async TX","data",6.279485,0.000082,"p",
"Async TX","data",6.279572,0.000082,"c",
"Async TX","data",6.2796585,0.000082,"o",
"Async TX","data",6.2797455,0.000082,"=",
"Async TX","data",6.2798325,0.000082,"2",
"Async TX","data",6.279919,0.000082,"0",
"Async TX","data",6.280006,0.000082,"1",
"Async TX","data",6.2800925,0.000082,"6",
"Async TX","data",6.2801795,0.000082,"ÿ",
"Async TX","data",6.280266,0.000082,"ÿ",
"Async TX","data",6.280353,0.000082,"ÿ",
"Async TX","data",6.284831,0.000082,"j",
"Async TX","data",6.2849175,0.000082,"0",
"Async TX","data",6.2850045,0.000082,".",
"Async TX","data",6.2850915,0.000082,"v",
"Async TX","data",6.285178,0.000082,"a",
"Async TX","data",6.285265,0.000082,"l",
"Async TX","data",6.2853515,0.000082,"=",
"Async TX","data",6.2854385,0.000082,"0",
"Async TX","data",6.2855255,0.000082,"ÿ",
"Async TX","data",6.285612,0.000082,"ÿ",
"Async TX","data",6.285699,0.000082,"ÿ",
"Async TX","data",6.2904545,0.000082,"t",
"Async TX","data",6.290541,0.000082,"2",
"Async TX","data",6.290628,0.000082,".",
"Async TX","data",6.2907145,0.000082,"t",
"Async TX","data",6.2908015,0.000082,"x",
"Async TX","data",6.290888,0.000082,"t",
"Async TX","data",6.290975,0.000082,"=",
"Async TX","data",6.291062,0.000082,"""",
"Async TX","data",6.2911485,0.000082,"0",
"Async TX","data",6.2912355,0.000082,".",
"Async TX","data",6.291322,0.000082,"0",
"Async TX","data",6.291409,0.000082,"0",
"Async TX","data",6.2914955,0.000082,"""",
"Async TX","data",6.2915825,0.000082,"ÿ",
"Async TX","data",6.291669,0.000082,"ÿ",
"Async TX","data",6.291756,0.000082,"ÿ",
"Async TX","data",6.2963215,0.000082,"t",
"Async TX","data",6.296408,0.000082,"1",
"Async TX","data",6.296495,0.000082,"3",
"Async TX","data",6.296582,0.000082,".",
"Async TX","data",6.2966685,0.000082,"t",
"Async TX","data",6.2967555,0.000082,"x",
"Async TX","data",6.296842,0.000082,"t",
"Async TX","data",6.296929,0.000082,"=",
"Async TX","data",6.297016,0.000082,"""",
"Async TX","data",6.2971025,0.000082,"1",
"Async TX","data",6.2971895,0.000082,"0",
"Async TX","data",6.297276,0.000082,"""",
"Async TX","data",6.297363,0.000082,"ÿ",
"Async TX","data",6.29745,0.000082,"ÿ",
"Async TX","data",6.2975365,0.000082,"ÿ",
"Async TX","data",6.3022405,0.000082,"t",
"Async TX","data",6.3023275,0.000082,"1",
"Async TX","data",6.302414,0.000082,".",
"Async TX","data",6.302501,0.000082,"p",
"Async TX","data",6.302588,0.000082,"c",
"Async TX","data",6.3026745,0.000082,"o",
"Async TX","data",6.3027615,0.000082,"=",
"Async TX","data",6.302848,0.000082,"2",
"Async TX","data",6.302935,0.000082,"0",
"Async TX","data",6.3030215,0.000082,"2",
"Async TX","data",6.3031085,0.000082,"4",
"Async TX","data",6.303195,0.000082,"ÿ",
"Async TX","data",6.303282,0.000082,"ÿ",
"Async TX","data",6.3033685,0.000082,"ÿ",
"Async TX","data",6.312213,0.000082,"t",
"Async TX","data",6.3123,0.000082,"0",
"Async TX","data",6.3123865,0.000082,".",
"Async TX","data",6.3124735,0.000082,"t",
"Async TX","data",6.31256,0.000082,"x",
"Async TX","data",6.312647,0.000082,"t",
"Async TX","data",6.3127335,0.000082,"=",
"Async TX","data",6.3128205,0.000082,"""",
"Async TX","data",6.312907,0.000082,"0",
"Async TX","data",6.312994,0.000082,".",
"Async TX","data",6.3130805,0.000082,"0",
"Async TX","data",6.3131675,0.000082,"""",
"Async TX","data",6.3132545,0.000082,"ÿ",
"Async TX","data",6.313341,0.000082,"ÿ",
"Async TX","data",6.313428,0.000082,"ÿ",
"Async TX","data",6.317628,0.000082,"t",
"Async TX","data",6.317715,0.000082,"5",
"Async TX","data",6.3178015,0.000082,".",
"Async TX","data",6.3178885,0.000082,"t",
"Async TX","data",6.317975,0.000082,"x",
"Async TX","data",6.318062,0.000082,"t",
"Async TX","data",6.3181485,0.000082,"=",
"Async TX","data",6.3182355,0.000082,"""",
"Async TX","data",6.318322,0.000082,"0",
"Async TX","data",6.318409,0.000082,".",
"Async TX","data",6.318496,0.000082,"0",
"Async TX","data",6.3185825,0.000082,"""",
"Async TX","data",6.3186695,0.000082,"ÿ",
"Async TX","data",6.318756,0.000082,"ÿ",
"Async TX","data",6.318843,0.000082,"ÿ",
"Async TX","data",6.3234605,0.000082,"t",
"Async TX","data",6.3235475,0.000082,"4",
"Async TX","data",6.323634,0.000082,".",
"Async TX","data",6.323721,0.000082,"t",
"Async TX","data",6.3238075,0.000082,"x",
"Async TX","data",6.3238945,0.000082,"t",
"Async TX","data",6.3239815,0.000082,"=",
"Async TX","data",6.324068,0.000082,"""",
"Async TX","data",6.324155,0.000082,"0",
"Async TX","data",6.324242,0.000082,".",
"Async TX","data",6.3243285,0.000082,"0",
"Async TX","data",6.3244155,0.000082,"""",
"Async TX","data",6.324502,0.000082,"ÿ",
"Async TX","data",6.324589,0.000082,"ÿ",
"Async TX","data",6.324676,0.000082,"ÿ",
"Async TX","data",6.3292055,0.000082,"t",
"Async TX","data",6.3292925,0.000082,"6",
"Async TX","data",6.329379,0.000082,".",
"Async TX","data",6.329466,0.000082,"t",
"Async TX","data",6.3295525,0.000082,"x",
"Async TX","data",6.3296395,0.000082,"t",
"Async TX","data",6.329726,0.000082,"=",
"Async TX","data",6.329813,0.000082,"""",
"Async TX","data",6.3298995,0.000082,"0",
"Async TX","data",6.3299865,0.000082,".",
"Async TX","data",6.330073,0.000082,"0",
"Async TX","data",6.33016,0.000082,"""",
"Async TX","data",6.330247,0.000082,"ÿ",
"Async TX","data",6.3303335,0.000082,"ÿ",
"Async TX","data",6.3304205,0.000082,"ÿ",
"Async TX","data",6.334933,0.000082,"j",
"Async TX","data",6.33502,0.000082,"2",
"Async TX","data",6.3351065,0.000082,".",
"Async TX","data",6.3351935,0.000082,"v",
"Async TX","data",6.3352805,0.000082,"a",
"Async TX","data",6.335367,0.000082,"l",
"Async TX","data",6.335454,0.000082,"=",
"Async TX","data",6.3355405,0.000082,"0",
"Async TX","data",6.3356275,0.000082,"ÿ",
"Async TX","data",6.335714,0.000082,"ÿ",
"Async TX","data",6.335801,0.000082,"ÿ",
"Async TX","data",6.339906,0.000082,"j",
"Async TX","data",6.339993,0.000082,"1",
"Async TX","data",6.3400795,0.000082,".",
"Async TX","data",6.3401665,0.000082,"v",
"Async TX","data",6.3402535,0.000082,"a",
"Async TX","data",6.34034,0.000082,"l",
"Async TX","data",6.340427,0.000082,"=",
"Async TX","data",6.3405135,0.000082,"0",
"Async TX","data",6.3406005,0.000082,"ÿ",
"Async TX","data",6.340687,0.000082,"ÿ",
"Async TX","data",6.340774,0.000082,"ÿ",
"Async TX","data",6.345053,0.000082,"t",
"Async TX","data",6.3451395,0.000082,"7",
"Async TX","data",6.3452265,0.000082,".",
"Async TX","data",6.3453135,0.000082,"t",
"Async TX","data",6.3454,0.000082,"x",
"Async TX","data",6.345487,0.000082,"t",
"Async TX","data",6.345574,0.000082,"=",
"Async TX","data",6.3456605,0.000082,"""",
"Async TX","data",6.3457475,0.000082,"0",
"Async TX","data",6.345834,0.000082,"%",
"Async TX","data",6.345921,0.000082,"""",
"Async TX","data",6.346008,0.000082,"ÿ",
"Async TX","data",6.3460945,0.000082,"ÿ",
"Async TX","data",6.3461815,0.000082,"ÿ",
"Async TX","data",6.350468,0.000082,"j",
"Async TX","data",6.3505545,0.000082,"0",
"Async TX","data",6.3506415,0.000082,".",
"Async TX","data",6.3507285,0.000082,"p",
"Async TX","data",6.350815,0.000082,"c",
"Async TX","data",6.350902,0.000082,"o",
"Async TX","data",6.3509885,0.000082,"=",
"Async TX","data",6.3510755,0.000082,"2",
"Async TX","data",6.351162,0.000082,"0",
"Async TX","data",6.351249,0.000082,"1",
"Async TX","data",6.3513355,0.000082,"6",
"Async TX","data",6.3514225,0.000082,"ÿ",
"Async TX","data",6.351509,0.000082,"ÿ",
"Async TX","data",6.351596,0.000082,"ÿ",
"Async TX","data",6.3516825,0.000082,"t",
"Async TX","data",6.3517695,0.000082,"2",
"Async TX","data",6.351856,0.000082,".",
"Async TX","data",6.351943,0.000082,"p",
"Async TX","data",6.3520295,0.000082,"c",
"Async TX","data",6.3521165,0.000082,"o",
"Async TX","data",6.352203,0.000082,"=",
"Async TX","data",6.35229,0.000082,"2",
"Async TX","data",6.3523765,0.000082,"0",
"Async TX","data",6.3524635,0.000082,"1",
"Async TX","data",6.35255,0.000082,"6",
"Async TX","data",6.352637,0.000082,"ÿ",
"Async TX","data",6.3527235,0.000082,"ÿ",
"Async TX","data",6.3528105,0.000082,"ÿ",
"Async TX","data",6.357574,0.000082,"j",
"Async TX","data",6.357661,0.000082,"0",
"Async TX","data",6.3577475,0.000082,".",
"Async TX","data",6.3578345,0.000082,"v",
"Async TX","data",6.357921,0.000082,"a",
"Async TX","data",6.358008,0.000082,"l",
"Async TX","data",6.3580945,0.000082,"=",
"Async TX","data",6.3581815,0.000082,"0",
"Async TX","data",6.358268,0.000082,"ÿ",
"Async TX","data",6.358355,0.000082,"ÿ",
"Async TX","data",6.3584415,0.000082,"ÿ",
"Async TX","data",6.3631815,0.000082,"t",
"Async TX","data",6.3632685,0.000082,"2",
"Async TX","data",6.363355,0.000082,".",
"Async TX","data",6.363442,0.000082,"t",
"Async TX","data",6.363529,0.000082,"x",
"Async TX","data",6.3636155,0.000082,"t",
"Async TX","data",6.3637025,0.000082,"=",
"Async TX","data",6.363789,0.000082,"""",
"Async TX","data",6.363876,0.000082,"0",
"Async TX","data",6.363963,0.000082,".",
"Async TX","data",6.3640495,0.000082,"0",
"Async TX","data",6.3641365,0.000082,"0",
"Async TX","data",6.364223,0.000082,"""",
"Async TX","data",6.36431,0.000082,"ÿ",
"Async TX","data",6.364397,0.000082,"ÿ",
"Async TX","data",6.3644835,0.000082,"ÿ",
"Async TX","data",6.3689715,0.000082,"t",
"Async TX","data",6.369058,0.000082,"1",
"Async TX","data",6.369145,0.000082,"3",
"Async TX","data",6.369232,0.000082,".",
"Async TX","data",6.3693185,0.000082,"t",
"Async TX","data",6.3694055,0.000082,"x",
"Async TX","data",6.3694925,0.000082,"t",
"Async TX","data",6.369579,0.000082,"=",
"Async TX","data",6.369666,0.000082,"""",
"Async TX","data",6.369753,0.000082,"1",
"Async TX","data",6.36984,0.000082,"0",
"Async TX","data",6.3699265,0.000082,"""",
"Async TX","data",6.3700135,0.000082,"ÿ",
"Async TX","data",6.3701005,0.000082,"ÿ",
"Async TX","data",6.370187,0.000082,"ÿ",
"Async TX","data",6.374815,0.000082,"t",
"Async TX","data",6.3749015,0.000082,"1",
"Async TX","data",6.3749885,0.000082,".",
"Async TX","data",6.3750755,0.000082,"p",
"Async TX","data",6.375162,0.000082,"c",
"Async TX","data",6.375249,0.000082,"o",
"Async TX","data",6.375336,0.000082,"=",
"Async TX","data",6.3754225,0.000082,"2",
"Async TX","data",6.3755095,0.000082,"0",
"Async TX","data",6.3755965,0.000082,"2",
"Async TX","data",6.3756835,0.000082,"4",
"Async TX","data",6.37577,0.000082,"ÿ",
"Async TX","data",6.375857,0.000082,"ÿ",
"Async TX","data",6.375944,0.000082,"ÿ",
"Async TX","data",6.384799,0.000082,"t",
"Async TX","data",6.384886,0.000082,"0",
"Async TX","data",6.384973,0.000082,".",
"Async TX","data",6.3850595,0.000082,"t",
"Async TX","data",6.3851465,0.000082,"x",
"Async TX","data",6.385233,0.000082,"t",
"Async TX","data",6.38532,0.000082,"=",
"Async TX","data",6.385407,0.000082,"""",
"Async TX","data",6.3854935,0.000082,"0",
"Async TX","data",6.3855805,0.000082,".",
"Async TX","data",6.3856675,0.000082,"0",
"Async TX","data",6.385754,0.000082,"""",
"Async TX","data",6.385841,0.000082,"ÿ",
"Async TX","data",6.3859275,0.000082,"ÿ",
"Async TX","data",6.3860145,0.000082,"ÿ",
"Async TX","data",6.390285,0.000082,"t",
"Async TX","data",6.390372,0.000082,"5",
"Async TX","data",6.390459,0.000082,".",
"Async TX","data",6.3905455,0.000082,"t",
"Async TX","data",6.3906325,0.000082,"x",
"Async TX","data",6.3907195,0.000082,"t",
"Async TX","data",6.390806,0.000082,"=",
"Async TX","data",6.390893,0.000082,"""",
"Async TX","data",6.39098,0.000082,"0",
"Async TX","data",6.3910665,0.000082,".",
"Async TX","data",6.3911535,0.000082,"0",
"Async TX","data",6.39124,0.000082,"""",
"Async TX","data",6.391327,0.000082,"ÿ",
"Async TX","data",6.3914135,0.000082,"ÿ",
"Async TX","data",6.3915005,0.000082,"ÿ",
"Async TX","data",6.3959955,0.000082,"t",
"Async TX","data",6.396082,0.000082,"4",
"Async TX","data",6.396169,0.000082,".",
"Async TX","data",6.3962555,0.000082,"t",
"Async TX","data",6.3963425,0.000082,"x",
"Async TX","data",6.3964295,0.000082,"t",
"Async TX","data",6.396516,0.000082,"=",
"Async TX","data",6.396603,0.000082,"""",
"Async TX","data",6.3966895,0.000082,"0",
"Async TX","data",6.3967765,0.000082,".",
"Async TX","data",6.396863,0.000082,"0",
"Async TX","data",6.39695,0.000082,"""",
"Async TX","data",6.3970365,0.000082,"ÿ",
"Async TX","data",6.3971235,0.000082,"ÿ",
"Async TX","data",6.39721,0.000082,"ÿ",
"Async TX","data",6.4010285,0.000082,"t",
"Async TX","data",6.401115,0.000082,"6",
"Async TX","data",6.401202,0.000082,".",
"Async TX","data",6.401289,0.000082,"t",
"Async TX","data",6.4013755,0.000082,"x",
"Async TX","data",6.4014625,0.000082,"t",
"Async TX","data",6.401549,0.000082,"=",
"Async TX","data",6.401636,0.000082,"""",
"Async TX","data",6.4017225,0.000082,"0",
"Async TX","data",6.4018095,0.000082,".",
"Async TX","data",6.4018965,0.000082,"0",
"Async TX","data",6.401983,0.000082,"""",
"Async TX","data",6.40207,0.000082,"ÿ",
"Async TX","data",6.402157,0.000082,"ÿ",
"Async TX","data",6.4022435,0.000082,"ÿ",
"Async TX","data",6.406835,0.000082,"j",
"Async TX","data",6.406922,0.000082,"2",
"Async TX","data",6.4070085,0.000082,".",
"Async TX","data",6.4070955,0.000082,"v",
"Async TX","data",6.4071825,0.000082,"a",
"Async TX","data",6.407269,0.000082,"l",
"Async TX","data",6.407356,0.000082,"=",
"Async TX","data",6.4074425,0.000082,"0",
"Async TX","data",6.4075295,0.000082,"ÿ",
"Async TX","data",6.4076165,0.000082,"ÿ",
"Async TX","data",6.407703,0.000082,"ÿ",
"Async TX","data",6.412207,0.000082,"j",
"Async TX","data",6.412294,0.000082,"1",
"Async TX","data",6.412381,0.000082,".",
"Async TX","data",6.4124675,0.000082,"v",
"Async TX","data",6.4125545,0.000082,"a",
"Async TX","data",6.412641,0.000082,"l",
"Async TX","data",6.412728,0.000082,"=",
"Async TX","data",6.412815,0.000082,"0",
"Async TX","data",6.4129015,0.000082,"ÿ",
"Async TX","data",6.4129885,0.000082,"ÿ",
"Async TX","data",6.413075,0.000082,"ÿ",
"Async TX","data",6.4177015,0.000082,"t",
"Async TX","data",6.417788,0.000082,"7",
"Async TX","data",6.417875,0.000082,".",
"Async TX","data",6.4179615,0.000082,"t",
"Async TX","data",6.4180485,0.000082,"x",
"Async TX","data",6.4181355,0.000082,"t",
"Async TX","data",6.418222,0.000082,"=",
"Async TX","data",6.418309,0.000082,"""",
"Async TX","data",6.4183955,0.000082,"0",
"Async TX","data",6.4184825,0.000082,"%",
"Async TX","data",6.418569,0.000082,"""",
"Async TX","data",6.418656,0.000082,"ÿ",
"Async TX","data",6.418743,0.000082,"ÿ",
"Async TX","data",6.4188295,0.000082,"ÿ",
"Async TX","data",6.423212,0.000082,"j",
"Async TX","data",6.4232985,0.000082,"0",
"Async TX","data",6.4233855,0.000082,".",
"Async TX","data",6.423472,0.000082,"p",
"Async TX","data",6.423559,0.000082,"c",
"Async TX","data",6.4236455,0.000082,"o",
"Async TX","data",6.423732,0.000082,"=",
"Async TX","data",6.423819,0.000082,"2",
"Async TX","data",6.4239055,0.000082,"0",
"Async TX","data",6.4239925,0.000082,"1",
"Async TX","data",6.424079,0.000082,"6",
"Async TX","data",6.424166,0.000082,"ÿ",
"Async TX","data",6.4242525,0.000082,"ÿ",
"Async TX","data",6.4243395,0.000082,"ÿ",
"Async TX","data",6.424426,0.000082,"t",
"Async TX","data",6.424513,0.000082,"2",
"Async TX","data",6.4246,0.000082,".",
"Async TX","data",6.4246865,0.000082,"p",
"Async TX","data",6.4247735,0.000082,"c",
"Async TX","data",6.42486,0.000082,"o",
"Async TX","data",6.424947,0.000082,"=",
"Async TX","data",6.4250335,0.000082,"2",
"Async TX","data",6.4251205,0.000082,"0",
"Async TX","data",6.425207,0.000082,"1",
"Async TX","data",6.425294,0.000082,"6",
"Async TX","data",6.425381,0.000082,"ÿ",
"Async TX","data",6.4254675,0.000082,"ÿ",
"Async TX","data",6.4255545,0.000082,"ÿ",
"Async TX","data",6.4301185,0.000082,"j",
"Async TX","data",6.4302055,0.000082,"0",
"Async TX","data",6.430292,0.000082,".",
"Async TX","data",6.430379,0.000082,"v",
"Async TX","data",6.4304655,0.000082,"a",
"Async TX","data",6.4305525,0.000082,"l",
"Async TX","data",6.4306395,0.000082,"=",
"Async TX","data",6.430726,0.000082,"0",
"Async TX","data",6.430813,0.000082,"ÿ",
"Async TX","data",6.4308995,0.000082,"ÿ",
"Async TX","data",6.4309865,0.000082,"ÿ",
"Async TX","data",6.4351795,0.000082,"t",
"Async TX","data",6.435266,0.000082,"2",
"Async TX","data",6.435353,0.000082,".",
"Async TX","data",6.43544,0.000082,"t",
"Async TX","data",6.4355265,0.000082,"x",
"Async TX","data",6.4356135,0.000082,"t",
"Async TX","data",6.4357,0.000082,"=",
"Async TX","data",6.435787,0.000082,"""",
"Async TX","data",6.435874,0.000082,"0",
"Async TX","data",6.4359605,0.000082,".",
"Async TX","data",6.4360475,0.000082,"0",
"Async TX","data",6.436134,0.000082,"0",
"Async TX","data",6.436221,0.000082,"""",
"Async TX","data",6.436308,0.000082,"ÿ",
"Async TX","data",6.4363945,0.000082,"ÿ",
"Async TX","data",6.4364815,0.000082,"ÿ",
"Async TX","data",6.440942,0.000082,"t",
"Async TX","data",6.441029,0.000082,"1",
"Async TX","data",6.4411155,0.000082,"3",
"Async TX","data",6.4412025,0.000082,".",
"Async TX","data",6.441289,0.000082,"t",
"Async TX","data",6.441376,0.000082,"x",
"Async TX","data",6.4414625,0.000082,"t",
"Async TX","data",6.4415495,0.000082,"=",
"Async TX","data",6.4416365,0.000082,"""",
"Async TX","data",6.441723,0.000082,"1",
"Async TX","data",6.44181,0.000082,"0",
"Async TX","data",6.4418965,0.000082,"""",
"Async TX","data",6.4419835,0.000082,"ÿ",
"Async TX","data",6.44207,0.000082,"ÿ",
"Async TX","data",6.442157,0.000082,"ÿ",
"Async TX","data",6.4470255,0.000082,"t",
"Async TX","data",6.447112,0.000082,"1",
"Async TX","data",6.447199,0.000082,".",
"Async TX","data",6.447286,0.000082,"p",
"Async TX","data",6.4473725,0.000082,"c",
"Async TX","data",6.4474595,0.000082,"o",
"Async TX","data",6.447546,0.000082,"=",
"Async TX","data",6.447633,0.000082,"2",
"Async TX","data",6.44772,0.000082,"0",
"Async TX","data",6.4478065,0.000082,"2",
"Async TX","data",6.4478935,0.000082,"4",
"Async TX","data",6.44798,0.000082,"ÿ",
"Async TX","data",6.448067,0.000082,"ÿ",
"Async TX","data",6.448154,0.000082,"ÿ",
"Async TX","data",6.4572245,0.000082,"t",
"Async TX","data",6.457311,0.000082,"0",
"Async TX","data",6.457398,0.000082,".",
"Async TX","data",6.457485,0.000082,"t",
"Async TX","data",6.4575715,0.000082,"x",
"Async TX","data",6.4576585,0.000082,"t",
"Async TX","data",6.457745,0.000082,"=",
"Async TX","data",6.457832,0.000082,"""",
"Async TX","data",6.457919,0.000082,"0",
"Async TX","data",6.4580055,0.000082,".",
"Async TX","data",6.4580925,0.000082,"0",
"Async TX","data",6.4581795,0.000082,"""",
"Async TX","data",6.458266,0.000082,"ÿ",
"Async TX","data",6.458353,0.000082,"ÿ",
"Async TX","data",6.4584395,0.000082,"ÿ",
"Async TX","data",6.4629175,0.000082,"t",
"Async TX","data",6.4630045,0.000082,"5",
"Async TX","data",6.463091,0.000082,".",
"Async TX","data",6.463178,0.000082,"t",
"Async TX","data",6.4632645,0.000082,"x",
"Async TX","data",6.4633515,0.000082,"t",
"Async TX","data",6.463438,0.000082,"=",
"Async TX","data",6.463525,0.000082,"""",
"Async TX","data",6.4636115,0.000082,"0",
"Async TX","data",6.4636985,0.000082,".",
"Async TX","data",6.4637855,0.000082,"0",
"Async TX","data",6.463872,0.000082,"""",
"Async TX","data",6.463959,0.000082,"ÿ",
"Async TX","data",6.4640455,0.000082,"ÿ",
"Async TX","data",6.4641325,0.000082,"ÿ",
"Async TX","data",6.468784,0.000082,"t",
"Async TX","data",6.468871,0.000082,"4",
"Async TX","data",6.4689575,0.000082,".",
"Async TX","data",6.4690445,0.000082,"t",
"Async TX","data",6.469131,0.000082,"x",
"Async TX","data",6.469218,0.000082,"t",
"Async TX","data",6.4693045,0.000082,"=",
"Async TX","data",6.4693915,0.000082,"""",
"Async TX","data",6.469478,0.000082,"0",
"Async TX","data",6.469565,0.000082,".",
"Async TX","data",6.4696515,0.000082,"0",
"Async TX","data",6.4697385,0.000082,"""",
"Async TX","data",6.469825,0.000082,"ÿ",
"Async TX","data",6.469912,0.000082,"ÿ",
"Async TX","data",6.4699985,0.000082,"ÿ",
"Async TX","data",6.4745095,0.000082,"t",
"Async TX","data",6.4745965,0.000082,"6",
"Async TX","data",6.474683,0.000082,".",
"Async TX","data",6.47477,0.000082,"t",
"Async TX","data",6.4748565,0.000082,"x",
"Async TX","data",6.4749435,0.000082,"t",
"Async TX","data",6.47503,0.000082,"=",
"Async TX","data",6.475117,0.000082,"""",
"Async TX","data",6.4752035,0.000082,"0",
"Async TX","data",6.4752905,0.000082,".",
"Async TX","data",6.475377,0.000082,"0",
"Async TX","data",6.475464,0.000082,"""",
"Async TX","data",6.4755505,0.000082,"ÿ",
"Async TX","data",6.4756375,0.000082,"ÿ",
"Async TX","data",6.475724,0.000082,"ÿ",
"Async TX","data",6.4799675,0.000082,"j",
"Async TX","data",6.4800545,0.000082,"2",
"Async TX","data",6.480141,0.000082,".",
"Async TX","data",6.480228,0.000082,"v",
"Async TX","data",6.4803145,0.000082,"a",
"Async TX","data",6.4804015,0.000082,"l",
"Async TX","data",6.480488,0.000082,"=",
"Async TX","data",6.480575,0.000082,"0",
"Async TX","data",6.4806615,0.000082,"ÿ",
"Async TX","data",6.4807485,0.000082,"ÿ",
"Async TX","data",6.480835,0.000082,"ÿ",
"Async TX","data",6.485417,0.000082,"j",
"Async TX","data",6.4855035,0.000082,"1",
"Async TX","data",6.4855905,0.000082,".",
"Async TX","data",6.485677,0.000082,"v",
"Async TX","data",6.485764,0.000082,"a",
"Async TX","data",6.4858505,0.000082,"l",
"Async TX","data",6.4859375,0.000082,"=",
"Async TX","data",6.486024,0.000082,"0",
"Async TX","data",6.486111,0.000082,"ÿ",
"Async TX","data",6.486198,0.000082,"ÿ",
"Async TX","data",6.4862845,0.000082,"ÿ",
"Async TX","data",6.491022,0.000082,"t",
"Async TX","data",6.4911085,0.000082,"7",
"Async TX","data",6.4911955,0.000082,".",
"Async TX","data",6.491282,0.000082,"t",
"Async TX","data",6.4913685,0.000082,"x",
"Async TX","data",6.4914555,0.000082,"t",
"Async TX","data",6.491542,0.000082,"=",
"Async TX","data",6.491629,0.000082,"""",
"Async TX","data",6.4917155,0.000082,"0",
"Async TX","data",6.4918025,0.000082,"%",
"Async TX","data",6.491889,0.000082,"""",
"Async TX","data",6.491976,0.000082,"ÿ",
"Async TX","data",6.4920625,0.000082,"ÿ",
"Async TX","data",6.4921495,0.000082,"ÿ",
"Async TX","data",6.49608,0.000082,"j",
"Async TX","data",6.496167,0.000082,"0",
"Async TX","data",6.4962535,0.000082,".",
"Async TX","data",6.4963405,0.000082,"p",
"Async TX","data",6.496427,0.000082,"c",
"Async TX","data",6.496514,0.000082,"o",
"Async TX","data",6.4966005,0.000082,"=",
"Async TX","data",6.4966875,0.000082,"2",
"Async TX","data",6.496774,0.000082,"0",
"Async TX","data",6.496861,0.000082,"1",
"Async TX","data",6.4969475,0.000082,"6",
"Async TX","data",6.4970345,0.000082,"ÿ",
"Async TX","data",6.497121,0.000082,"ÿ",
"Async TX","data",6.497208,0.000082,"ÿ",
"Async TX","data",6.4972945,0.000082,"t",
"Async TX","data",6.4973815,0.000082,"2",
"Async TX","data",6.497468,0.000082,".",
"Async TX","data",6.497555,0.000082,"p",
"Async TX","data",6.4976415,0.000082,"c",
"Async TX","data",6.4977285,0.000082,"o",
"Async TX","data",6.4978155,0.000082,"=",
"Async TX","data",6.497902,0.000082,"2",
"Async TX","data",6.497989,0.000082,"0",
"Async TX","data",6.4980755,0.000082,"1",
"Async TX","data",6.4981625,0.000082,"6",
"Async TX","data",6.498249,0.000082,"ÿ",
"Async TX","data",6.498336,0.000082,"ÿ",
"Async TX","data",6.4984225,0.000082,"ÿ",
"Async TX","data",6.5028645,0.000082,"j",
"Async TX","data",6.5029515,0.000082,"0",
"Async TX","data",6.503038,0.000082,".",
"Async TX","data",6.503125,0.000082,"v",
"Async TX","data",6.5032115,0.000082,"a",
"Async TX","data",6.5032985,0.000082,"l",
"Async TX","data",6.503385,0.000082,"=",
"Async TX","data",6.503472,0.000082,"0",
"Async TX","data",6.5035585,0.000082,"ÿ",
"Async TX","data",6.5036455,0.000082,"ÿ",
"Async TX","data",6.503732,0.000082,"ÿ",
"Async TX","data",6.508495,0.000082,"t",
"Async TX","data",6.5085815,0.000082,"2",
"Async TX","data",6.5086685,0.000082,".",
"Async TX","data",6.508755,0.000082,"t",
"Async TX","data",6.508842,0.000082,"x",
"Async TX","data",6.5089285,0.000082,"t",
"Async TX","data",6.5090155,0.000082,"=",
"Async TX","data",6.509102,0.000082,"""",
"Async TX","data",6.509189,0.000082,"0",
"Async TX","data",6.5092755,0.000082,".",
"Async TX","data",6.5093625,0.000082,"0",
"Async TX","data",6.5094495,0.000082,"0",
"Async TX","data",6.509536,0.000082,"""",
"Async TX","data",6.509623,0.000082,"ÿ",
"Async TX","data",6.5097095,0.000082,"ÿ",
"Async TX","data",6.5097965,0.000082,"ÿ",
"Async TX","data",6.514135,0.000082,"t",
"Async TX","data",6.514222,0.000082,"1",
"Async TX","data",6.514309,0.000082,"3",
"Async TX","data",6.5143955,0.000082,".",
"Async TX","data",6.5144825,0.000082,"t",
"Async TX","data",6.514569,0.000082,"x",
"Async TX","data",6.514656,0.000082,"t",
"Async TX","data",6.5147425,0.000082,"=",
"Async TX","data",6.5148295,0.000082,"""",
"Async TX","data",6.5149165,0.000082,"1",
"Async TX","data",6.515003,0.000082,"0",
"Async TX","data",6.51509,0.000082,"""",
"Async TX","data",6.5151765,0.000082,"ÿ",
"Async TX","data",6.5152635,0.000082,"ÿ",
"Async TX","data",6.5153505,0.000082,"ÿ",
"Async TX","data",6.5197775,0.000082,"t",
"Async TX","data",6.519864,0.000082,"1",
"Async TX","data",6.519951,0.000082,".",
"Async TX","data",6.5200375,0.000082,"p",
"Async TX","data",6.5201245,0.000082,"c",
"Async TX","data",6.5202115,0.000082,"o",
"Async TX","data",6.520298,0.000082,"=",
"Async TX","data",6.520385,0.000082,"2",
"Async TX","data",6.5204715,0.000082,"0",
"Async TX","data",6.5205585,0.000082,"2",
"Async TX","data",6.5206455,0.000082,"4",
"Async TX","data",6.520732,0.000082,"ÿ",
"Async TX","data",6.520819,0.000082,"ÿ",
"Async TX","data",6.5209055,0.000082,"ÿ",
"Async TX","data",6.5297755,0.000082,"t",
"Async TX","data",6.5298625,0.000082,"0",
"Async TX","data",6.529949,0.000082,".",
"Async TX","data",6.530036,0.000082,"t",
"Async TX","data",6.5301225,0.000082,"x",
"Async TX","data",6.5302095,0.000082,"t",
"Async TX","data",6.5302965,0.000082,"=",
"Async TX","data",6.530383,0.000082,"""",
"Async TX","data",6.53047,0.000082,"0",
"Async TX","data",6.530557,0.000082,".",
"Async TX","data",6.5306435,0.000082,"0",
"Async TX","data",6.5307305,0.000082,"""",
"Async TX","data",6.530817,0.000082,"ÿ",
"Async TX","data",6.530904,0.000082,"ÿ",
"Async TX","data",6.530991,0.000082,"ÿ",
"Async TX","data",6.5353745,0.000082,"t",
"Async TX","data",6.535461,0.000082,"5",
"Async TX","data",6.535548,0.000082,".",
"Async TX","data",6.5356345,0.000082,"t",
"Async TX","data",6.5357215,0.000082,"x",
"Async TX","data",6.5358085,0.000082,"t",
"Async TX","data",6.535895,0.000082,"=",
"Async TX","data",6.535982,0.000082,"""",
"Async TX","data",6.5360685,0.000082,"0",
"Async TX","data",6.5361555,0.000082,".",
"Async TX","data",6.5362425,0.000082,"0",
"Async TX","data",6.536329,0.000082,"""",
"Async TX","data",6.536416,0.000082,"ÿ",
"Async TX","data",6.5365025,0.000082,"ÿ",
"Async TX","data",6.5365895,0.000082,"ÿ",
"Async TX","data",6.541224,0.000082,"t",
"Async TX","data",6.541311,0.000082,"4",
"Async TX","data",6.5413975,0.000082,".",
"Async TX","data",6.5414845,0.000082,"t",
"Async TX","data",6.5415715,0.000082,"x",
"Async TX","data",6.541658,0.000082,"t",
"Async TX","data",6.541745,0.000082,"=",
"Async TX","data",6.5418315,0.000082,"""",
"Async TX","data",6.5419185,0.000082,"0",
"Async TX","data",6.5420055,0.000082,".",
"Async TX","data",6.542092,0.000082,"0",
"Async TX","data",6.542179,0.000082,"""",
"Async TX","data",6.542266,0.000082,"ÿ",
"Async TX","data",6.5423525,0.000082,"ÿ",
"Async TX","data",6.5424395,0.000082,"ÿ",
"Async TX","data",6.546902,0.000082,"t",
"Async TX","data",6.5469885,0.000082,"6",
"Async TX","data",6.5470755,0.000082,".",
"Async TX","data",6.5471625,0.000082,"t",
"Async TX","data",6.547249,0.000082,"x",
"Async TX","data",6.547336,0.000082,"t",
"Async TX","data",6.547423,0.000082,"=",
"Async TX","data",6.5475095,0.000082,"""",
"Async TX","data",6.5475965,0.000082,"0",
"Async TX","data",6.5476835,0.000082,".",
"Async TX","data",6.54777,0.000082,"0",
"Async TX","data",6.547857,0.000082,"""",
"Async TX","data",6.547944,0.000082,"ÿ",
"Async TX","data",6.5480395,0.000082,"ÿ",
"Async TX","data",6.548126,0.000082,"ÿ",
"Async TX","data",6.5525715,0.000082,"j",
"Async TX","data",6.5526585,0.000082,"2",
"Async TX","data",6.552745,0.000082,".",
"Async TX","data",6.552832,0.000082,"v",
"Async TX","data",6.552919,0.000082,"a",
"Async TX","data",6.5530055,0.000082,"l",
"Async TX","data",6.5530925,0.000082,"=",
"Async TX","data",6.5531795,0.000082,"0",
"Async TX","data",6.553266,0.000082,"ÿ",
"Async TX","data",6.553353,0.000082,"ÿ",
"Async TX","data",6.55344,0.000082,"ÿ",
"Async TX","data",6.557799,0.000082,"j",
"Async TX","data",6.5578855,0.000082,"1",
"Async TX","data",6.5579725,0.000082,".",
"Async TX","data",6.5580595,0.000082,"v",
"Async TX","data",6.558146,0.000082,"a",
"Async TX","data",6.558233,0.000082,"l",
"Async TX","data",6.55832,0.000082,"=",
"Async TX","data",6.5584065,0.000082,"0",
"Async TX","data",6.5584935,0.000082,"ÿ",
"Async TX","data",6.5585805,0.000082,"ÿ",
"Async TX","data",6.558667,0.000082,"ÿ",
"Async TX","data",6.562444,0.000082,"t",
"Async TX","data",6.562531,0.000082,"7",
"Async TX","data",6.5626175,0.000082,".",
"Async TX","data",6.5627045,0.000082,"t",
"Async TX","data",6.5627915,0.000082,"x",
"Async TX","data",6.562878,0.000082,"t",
"Async TX","data",6.562965,0.000082,"=",
"Async TX","data",6.563052,0.000082,"""",
"Async TX","data",6.5631385,0.000082,"0",
"Async TX","data",6.5632255,0.000082,"%",
"Async TX","data",6.563312,0.000082,"""",
"Async TX","data",6.563399,0.000082,"ÿ",
"Async TX","data",6.563486,0.000082,"ÿ",
"Async TX","data",6.5635725,0.000082,"ÿ",
"Async TX","data",6.5682175,0.000082,"j",
"Async TX","data",6.5683045,0.000082,"0",
"Async TX","data",6.5683915,0.000082,".",
"Async TX","data",6.568478,0.000082,"p",
"Async TX","data",6.568565,0.000082,"c",
"Async TX","data",6.5686515,0.000082,"o",
"Async TX","data",6.5687385,0.000082,"=",
"Async TX","data",6.5688255,0.000082,"2",
"Async TX","data",6.568912,0.000082,"0",
"Async TX","data",6.568999,0.000082,"1",
"Async TX","data",6.569086,0.000082,"6",
"Async TX","data",6.5691725,0.000082,"ÿ",
"Async TX","data",6.5692595,0.000082,"ÿ",
"Async TX","data",6.569346,0.000082,"ÿ",
"Async TX","data",6.569433,0.000082,"t",
"Async TX","data",6.56952,0.000082,"2",
"Async TX","data",6.5696065,0.000082,".",
"Async TX","data",6.5696935,0.000082,"p",
"Async TX","data",6.5697805,0.000082,"c",
"Async TX","data",6.569867,0.000082,"o",
"Async TX","data",6.569954,0.000082,"=",
"Async TX","data",6.5700405,0.000082,"2",
"Async TX","data",6.5701275,0.000082,"0",
"Async TX","data",6.5702145,0.000082,"1",
"Async TX","data",6.570301,0.000082,"6",
"Async TX","data",6.570388,0.000082,"ÿ",
"Async TX","data",6.570475,0.000082,"ÿ",
"Async TX","data",6.5705615,0.000082,"ÿ",
"Async TX","data",6.575213,0.000082,"j",
"Async TX","data",6.5753,0.000082,"0",
"Async TX","data",6.5753865,0.000082,".",
"Async TX","data",6.5754735,0.000082,"v",
"Async TX","data",6.57556,0.000082,"a",
"Async TX","data",6.575647,0.000082,"l",
"Async TX","data",6.5757335,0.000082,"=",
"Async TX","data",6.5758205,0.000082,"0",
"Async TX","data",6.575907,0.000082,"ÿ",
"Async TX","data",6.575994,0.000082,"ÿ",
"Async TX","data",6.5760805,0.000082,"ÿ",
"Async TX","data",6.5806625,0.000082,"t",
"Async TX","data",6.580749,0.000082,"2",
"Async TX","data",6.580836,0.000082,".",
"Async TX","data",6.5809225,0.000082,"t",
"Async TX","data",6.5810095,0.000082,"x",
"Async TX","data",6.5810965,0.000082,"t",
"Async TX","data",6.581183,0.000082,"=",
"Async TX","data",6.58127,0.000082,"""",
"Async TX","data",6.5813565,0.000082,"0",
"Async TX","data",6.5814435,0.000082,".",
"Async TX","data",6.58153,0.000082,"0",
"Async TX","data",6.581617,0.000082,"0",
"Async TX","data",6.5817035,0.000082,"""",
"Async TX","data",6.5817905,0.000082,"ÿ",
"Async TX","data",6.581877,0.000082,"ÿ",
"Async TX","data",6.581964,0.000082,"ÿ",
"Async TX","data",6.586886,0.000082,"t",
"Async TX","data",6.586973,0.000082,"1",
"Async TX","data",6.5870595,0.000082,"3",
"Async TX","data",6.5871465,0.000082,".",
"Async TX","data",6.587233,0.000082,"t",
"Async TX","data",6.58732,0.000082,"x",
"Async TX","data",6.5874065,0.000082,"t",
"Async TX","data",6.5874935,0.000082,"=",
"Async TX","data",6.58758,0.000082,"""",
"Async TX","data",6.587667,0.000082,"1",
"Async TX","data",6.5877535,0.000082,"0",
"Async TX","data",6.5878405,0.000082,"""",
"Async TX","data",6.587927,0.000082,"ÿ",
"Async TX","data",6.588014,0.000082,"ÿ",
"Async TX","data",6.5881005,0.000082,"ÿ",
"Async TX","data",6.5922485,0.000082,"t",
"Async TX","data",6.5923355,0.000082,"1",
"Async TX","data",6.592422,0.000082,".",
"Async TX","data",6.592509,0.000082,"p",
"Async TX","data",6.5925955,0.000082,"c",
"Async TX","data",6.5926825,0.000082,"o",
"Async TX","data",6.592769,0.000082,"=",
"Async TX","data",6.592856,0.000082,"2",
"Async TX","data",6.5929425,0.000082,"0",
"Async TX","data",6.5930295,0.000082,"2",
"Async TX","data",6.593116,0.000082,"4",
"Async TX","data",6.5932025,0.000082,"ÿ",
"Async TX","data",6.5932895,0.000082,"ÿ",
"Async TX","data",6.5933765,0.000082,"ÿ",
"Async TX","data",6.6025635,0.000082,"t",
"Async TX","data",6.6026505,0.000082,"0",
"Async TX","data",6.6027375,0.000082,".",
"Async TX","data",6.602824,0.000082,"t",
"Async TX","data",6.602911,0.000082,"x",
"Async TX","data",6.6029975,0.000082,"t",
"Async TX","data",6.6030845,0.000082,"=",
"Async TX","data",6.603171,0.000082,"""",
"Async TX","data",6.603258,0.000082,"0",
"Async TX","data",6.6033445,0.000082,".",
"Async TX","data",6.6034315,0.000082,"0",
"Async TX","data",6.603518,0.000082,"""",
"Async TX","data",6.603605,0.000082,"ÿ",
"Async TX","data",6.6036915,0.000082,"ÿ",
"Async TX","data",6.6037785,0.000082,"ÿ",
"Async TX","data",6.608733,0.000082,"t",
"Async TX","data",6.6088195,0.000082,"5",
"Async TX","data",6.6089065,0.000082,".",
"Async TX","data",6.608993,0.000082,"t",
"Async TX","data",6.60908,0.000082,"x",
"Async TX","data",6.6091665,0.000082,"t",
"Async TX","data",6.6092535,0.000082,"=",
"Async TX","data",6.60934,0.000082,"""",
"Async TX","data",6.609427,0.000082,"0",
"Async TX","data",6.6095135,0.000082,".",
"Async TX","data",6.6096,0.000082,"0",
"Async TX","data",6.609687,0.000082,"""",
"Async TX","data",6.6097735,0.000082,"ÿ",
"Async TX","data",6.6098605,0.000082,"ÿ",
"Async TX","data",6.609947,0.000082,"ÿ",
"Async TX","data",6.6145815,0.000082,"t",
"Async TX","data",6.6146685,0.000082,"4",
"Async TX","data",6.614755,0.000082,".",
"Async TX","data",6.614842,0.000082,"t",
"Async TX","data",6.6149285,0.000082,"x",
"Async TX","data",6.6150155,0.000082,"t",
"Async TX","data",6.6151025,0.000082,"=",
"Async TX","data",6.615189,0.000082,"""",
"Async TX","data",6.615276,0.000082,"0",
"Async TX","data",6.6153625,0.000082,".",
"Async TX","data",6.6154495,0.000082,"0",
"Async TX","data",6.6155365,0.000082,"""",
"Async TX","data",6.615623,0.000082,"ÿ",
"Async TX","data",6.61571,0.000082,"ÿ",
"Async TX","data",6.6157965,0.000082,"ÿ",
"Async TX","data",6.6203795,0.000082,"t",
"Async TX","data",6.6204665,0.000082,"6",
"Async TX","data",6.6205535,0.000082,".",
"Async TX","data",6.62064,0.000082,"t",
"Async TX","data",6.620727,0.000082,"x",
"Async TX","data",6.620814,0.000082,"t",
"Async TX","data",6.6209005,0.000082,"=",
"Async TX","data",6.6209875,0.000082,"""",
"Async TX","data",6.6210745,0.000082,"0",
"Async TX","data",6.621161,0.000082,".",
"Async TX","data",6.621248,0.000082,"0",
"Async TX","data",6.6213345,0.000082,"""",
"Async TX","data",6.6214215,0.000082,"ÿ",
"Async TX","data",6.6215085,0.000082,"ÿ",
"Async TX","data",6.621595,0.000082,"ÿ",
"Async TX","data",6.626291,0.000082,"j",
"Async TX","data",6.626378,0.000082,"2",
"Async TX","data",6.6264645,0.000082,".",
"Async TX","data",6.6265515,0.000082,"v",
"Async TX","data",6.626638,0.000082,"a",
"Async TX","data",6.626725,0.000082,"l",
"Async TX","data",6.626812,0.000082,"=",
"Async TX","data",6.6268985,0.000082,"0",
"Async TX","data",6.6269855,0.000082,"ÿ",
"Async TX","data",6.627072,0.000082,"ÿ",
"Async TX","data",6.627159,0.000082,"ÿ",
"Async TX","data",6.6314815,0.000082,"j",
"Async TX","data",6.631568,0.000082,"1",
"Async TX","data",6.631655,0.000082,".",
"Async TX","data",6.6317415,0.000082,"v",
"Async TX","data",6.6318285,0.000082,"a",
"Async TX","data",6.631915,0.000082,"l",
"Async TX","data",6.632002,0.000082,"=",
"Async TX","data",6.6320885,0.000082,"0",
"Async TX","data",6.6321755,0.000082,"ÿ",
"Async TX","data",6.632262,0.000082,"ÿ",
"Async TX","data",6.632349,0.000082,"ÿ",
"Async TX","data",6.6368795,0.000082,"t",
"Async TX","data",6.636966,0.000082,"7",
"Async TX","data",6.637053,0.000082,".",
"Async TX","data",6.63714,0.000082,"t",
"Async TX","data",6.6372265,0.000082,"x",
"Async TX","data",6.6373135,0.000082,"t",
"Async TX","data",6.6374,0.000082,"=",
"Async TX","data",6.637487,0.000082,"""",
"Async TX","data",6.637574,0.000082,"0",
"Async TX","data",6.6376605,0.000082,"%",
"Async TX","data",6.6377475,0.000082,"""",
"Async TX","data",6.637834,0.000082,"ÿ",
"Async TX","data",6.637921,0.000082,"ÿ",
"Async TX","data",6.6380075,0.000082,"ÿ",
"Async TX","data",6.6426945,0.000082,"j",
"Async TX","data",6.6427815,0.000082,"0",
"Async TX","data",6.6428685,0.000082,".",
"Async TX","data",6.642955,0.000082,"p",
"Async TX","data",6.643042,0.000082,"c",
"Async TX","data",6.6431285,0.000082,"o",
"Async TX","data",6.6432155,0.000082,"=",
"Async TX","data",6.643302,0.000082,"2",
"Async TX","data",6.643389,0.000082,"0",
"Async TX","data",6.643476,0.000082,"1",
"Async TX","data",6.6435625,0.000082,"6",
"Async TX","data",6.6436495,0.000082,"ÿ",
"Async TX","data",6.643736,0.000082,"ÿ",
"Async TX","data",6.643823,0.000082,"ÿ",
"Async TX","data",6.6439095,0.000082,"t",
"Async TX","data",6.6439965,0.000082,"2",
"Async TX","data",6.644083,0.000082,".",
"Async TX","data",6.64417,0.000082,"p",
"Async TX","data",6.644257,0.000082,"c",
"Async TX","data",6.6443435,0.000082,"o",
"Async TX","data",6.6444305,0.000082,"=",
"Async TX","data",6.644517,0.000082,"2",
"Async TX","data",6.644604,0.000082,"0",
"Async TX","data",6.6446905,0.000082,"1",
"Async TX","data",6.6447775,0.000082,"6",
"Async TX","data",6.644864,0.000082,"ÿ",
"Async TX","data",6.644951,0.000082,"ÿ",
"Async TX","data",6.645038,0.000082,"ÿ",
"Async TX","data",6.649559,0.000082,"j",
"Async TX","data",6.6496455,0.000082,"0",
"Async TX","data",6.6497325,0.000082,".",
"Async TX","data",6.649819,0.000082,"v",
"Async TX","data",6.649906,0.000082,"a",
"Async TX","data",6.649993,0.000082,"l",
"Async TX","data",6.6500795,0.000082,"=",
"Async TX","data",6.6501665,0.000082,"0",
"Async TX","data",6.650253,0.000082,"ÿ",
"Async TX","data",6.65034,0.000082,"ÿ",
"Async TX","data",6.6504265,0.000082,"ÿ",
"Async TX","data",6.6553025,0.000082,"t",
"Async TX","data",6.6553895,0.000082,"2",
"Async TX","data",6.6554765,0.000082,".",
"Async TX","data",6.655563,0.000082,"t",
"Async TX","data",6.65565,0.000082,"x",
"Async TX","data",6.6557365,0.000082,"t",
"Async TX","data",6.6558235,0.000082,"=",
"Async TX","data",6.65591,0.000082,"""",
"Async TX","data",6.655997,0.000082,"0",
"Async TX","data",6.6560835,0.000082,".",
"Async TX","data",6.6561705,0.000082,"0",
"Async TX","data",6.656257,0.000082,"0",
"Async TX","data",6.656344,0.000082,"""",
"Async TX","data",6.6564305,0.000082,"ÿ",
"Async TX","data",6.6565175,0.000082,"ÿ",
"Async TX","data",6.656604,0.000082,"ÿ",
"Async TX","data",6.6612135,0.000082,"t",
"Async TX","data",6.6613,0.000082,"1",
"Async TX","data",6.661387,0.000082,"3",
"Async TX","data",6.661474,0.000082,".",
"Async TX","data",6.6615605,0.000082,"t",
"Async TX","data",6.6616475,0.000082,"x",
"Async TX","data",6.661734,0.000082,"t",
"Async TX","data",6.661821,0.000082,"=",
"Async TX","data",6.661908,0.000082,"""",
"Async TX","data",6.6619945,0.000082,"1",
"Async TX","data",6.6620815,0.000082,"0",
"Async TX","data",6.662168,0.000082,"""",
"Async TX","data",6.662255,0.000082,"ÿ",
"Async TX","data",6.662342,0.000082,"ÿ",
"Async TX","data",6.6624285,0.000082,"ÿ",
"Async TX","data",6.667254,0.000082,"t",
"Async TX","data",6.6673405,0.000082,"1",
"Async TX","data",6.6674275,0.000082,".",
"Async TX","data",6.6675145,0.000082,"p",
"Async TX","data",6.667601,0.000082,"c",
"Async TX","data",6.667688,0.000082,"o",
"Async TX","data",6.6677745,0.000082,"=",
"Async TX","data",6.6678615,0.000082,"2",
"Async TX","data",6.667948,0.000082,"0",
"Async TX","data",6.668035,0.000082,"2",
"Async TX","data",6.668122,0.000082,"4",
"Async TX","data",6.6682085,0.000082,"ÿ",
"Async TX","data",6.6682955,0.000082,"ÿ",
"Async TX","data",6.668382,0.000082,"ÿ",
"Async TX","data",6.676818,0.000082,"t",
"Async TX","data",6.676905,0.000082,"0",
"Async TX","data",6.6769915,0.000082,".",
"Async TX","data",6.6770785,0.000082,"t",
"Async TX","data",6.677165,0.000082,"x",
"Async TX","data",6.677252,0.000082,"t",
"Async TX","data",6.6773385,0.000082,"=",
"Async TX","data",6.6774255,0.000082,"""",
"Async TX","data",6.677512,0.000082,"0",
"Async TX","data",6.677599,0.000082,".",
"Async TX","data",6.677686,0.000082,"0",
"Async TX","data",6.6777725,0.000082,"""",
"Async TX","data",6.6778595,0.000082,"ÿ",
"Async TX","data",6.677946,0.000082,"ÿ",
"Async TX","data",6.678033,0.000082,"ÿ",
"Async TX","data",6.6824755,0.000082,"t",
"Async TX","data",6.6825625,0.000082,"5",
"Async TX","data",6.682649,0.000082,".",
"Async TX","data",6.682736,0.000082,"t",
"Async TX","data",6.6828225,0.000082,"x",
"Async TX","data",6.6829095,0.000082,"t",
"Async TX","data",6.682996,0.000082,"=",
"Async TX","data",6.683083,0.000082,"""",
"Async TX","data",6.6831695,0.000082,"0",
"Async TX","data",6.6832565,0.000082,".",
"Async TX","data",6.683343,0.000082,"0",
"Async TX","data",6.68343,0.000082,"""",
"Async TX","data",6.6835165,0.000082,"ÿ",
"Async TX","data",6.6836035,0.000082,"ÿ",
"Async TX","data",6.68369,0.000082,"ÿ",
"Async TX","data",6.687863,0.000082,"t",
"Async TX","data",6.68795,0.000082,"4",
"Async TX","data",6.6880365,0.000082,".",
"Async TX","data",6.6881235,0.000082,"t",
"Async TX","data",6.6882105,0.000082,"x",
"Async TX","data",6.688297,0.000082,"t",
"Async TX","data",6.688384,0.000082,"=",
"Async TX","data",6.6884705,0.000082,"""",
"Async TX","data",6.6885575,0.000082,"0",
"Async TX","data",6.688644,0.000082,".",
"Async TX","data",6.688731,0.000082,"0",
"Async TX","data",6.688818,0.000082,"""",
"Async TX","data",6.6889045,0.000082,"ÿ",
"Async TX","data",6.6889915,0.000082,"ÿ",
"Async TX","data",6.689078,0.000082,"ÿ",
"Async TX","data",6.693573,0.000082,"t",
"Async TX","data",6.69366,0.000082,"6",
"Async TX","data",6.6937465,0.000082,".",
"Async TX","data",6.6938335,0.000082,"t",
"Async TX","data",6.6939205,0.000082,"x",
"Async TX","data",6.694007,0.000082,"t",
"Async TX","data",6.694094,0.000082,"=",
"Async TX","data",6.6941805,0.000082,"""",
"Async TX","data",6.6942675,0.000082,"0",
"Async TX","data",6.694354,0.000082,".",
"Async TX","data",6.694441,0.000082,"0",
"Async TX","data",6.6945275,0.000082,"""",
"Async TX","data",6.6946145,0.000082,"ÿ",
"Async TX","data",6.694701,0.000082,"ÿ",
"Async TX","data",6.694788,0.000082,"ÿ",
"Async TX","data",6.699265,0.000082,"j",
"Async TX","data",6.699352,0.000082,"2",
"Async TX","data",6.6994385,0.000082,".",
"Async TX","data",6.6995255,0.000082,"v",
"Async TX","data",6.699612,0.000082,"a",
"Async TX","data",6.699699,0.000082,"l",
"Async TX","data",6.6997855,0.000082,"=",
"Async TX","data",6.6998725,0.000082,"0",
"Async TX","data",6.699959,0.000082,"ÿ",
"Async TX","data",6.700046,0.000082,"ÿ",
"Async TX","data",6.7001325,0.000082,"ÿ",
"Async TX","data",6.7045415,0.000082,"j",
"Async TX","data",6.7046285,0.000082,"1",
"Async TX","data",6.704715,0.000082,".",
"Async TX","data",6.704802,0.000082,"v",
"Async TX","data",6.7048885,0.000082,"a",
"Async TX","data",6.7049755,0.000082,"l",
"Async TX","data",6.7050625,0.000082,"=",
"Async TX","data",6.705149,0.000082,"0",
"Async TX","data",6.705236,0.000082,"ÿ",
"Async TX","data",6.7053225,0.000082,"ÿ",
"Async TX","data",6.7054095,0.000082,"ÿ",
"Async TX","data",6.7099225,0.000082,"t",
"Async TX","data",6.7100095,0.000082,"7",
"Async TX","data",6.710096,0.000082,".",
"Async TX","data",6.710183,0.000082,"t",
"Async TX","data",6.7102695,0.000082,"x",
"Async TX","data",6.7103565,0.000082,"t",
"Async TX","data",6.7104435,0.000082,"=",
"Async TX","data",6.71053,0.000082,"""",
"Async TX","data",6.710617,0.000082,"0",
"Async TX","data",6.7107035,0.000082,"%",
"Async TX","data",6.7107905,0.000082,"""",
"Async TX","data",6.710877,0.000082,"ÿ",
"Async TX","data",6.710964,0.000082,"ÿ",
"Async TX","data",6.7110505,0.000082,"ÿ",
"Async TX","data",6.7158845,0.000082,"j",
"Async TX","data",6.715971,0.000082,"0",
"Async TX","data",6.716058,0.000082,".",
"Async TX","data",6.716145,0.000082,"p",
"Async TX","data",6.7162315,0.000082,"c",
"Async TX","data",6.7163185,0.000082,"o",
"Async TX","data",6.716405,0.000082,"=",
"Async TX","data",6.716492,0.000082,"2",
"Async TX","data",6.7165785,0.000082,"0",
"Async TX","data",6.7166655,0.000082,"1",
"Async TX","data",6.716752,0.000082,"6",
"Async TX","data",6.716839,0.000082,"ÿ",
"Async TX","data",6.716926,0.000082,"ÿ",
"Async TX","data",6.7170125,0.000082,"ÿ",
"Async TX","data",6.7170995,0.000082,"t",
"Async TX","data",6.7171865,0.000082,"2",
"Async TX","data",6.717273,0.000082,".",
"Async TX","data",6.71736,0.000082,"p",
"Async TX","data",6.717447,0.000082,"c",
"Async TX","data",6.7175335,0.000082,"o",
"Async TX","data",6.7176205,0.000082,"=",
"Async TX","data",6.717707,0.000082,"2",
"Async TX","data",6.717794,0.000082,"0",
"Async TX","data",6.717881,0.000082,"1",
"Async TX","data",6.7179675,0.000082,"6",
"Async TX","data",6.7180545,0.000082,"ÿ",
"Async TX","data",6.7181415,0.000082,"ÿ",
"Async TX","data",6.718228,0.000082,"ÿ",
"Async TX","data",6.722924,0.000082,"j",
"Async TX","data",6.723011,0.000082,"0",
"Async TX","data",6.7230975,0.000082,".",
"Async TX","data",6.7231845,0.000082,"v",
"Async TX","data",6.7232715,0.000082,"a",
"Async TX","data",6.723358,0.000082,"l",
"Async TX","data",6.723445,0.000082,"=",
"Async TX","data",6.7235315,0.000082,"0",
"Async TX","data",6.7236185,0.000082,"ÿ",
"Async TX","data",6.723705,0.000082,"ÿ",
"Async TX","data",6.723792,0.000082,"ÿ",
"Async TX","data",6.728254,0.000082,"t",
"Async TX","data",6.728341,0.000082,"2",
"Async TX","data",6.728428,0.000082,".",
"Async TX","data",6.7285145,0.000082,"t",
"Async TX","data",6.7286015,0.000082,"x",
"Async TX","data",6.728688,0.000082,"t",
"Async TX","data",6.728775,0.000082,"=",
"Async TX","data",6.7288615,0.000082,"""",
"Async TX","data",6.7289485,0.000082,"0",
"Async TX","data",6.729035,0.000082,".",
"Async TX","data",6.729122,0.000082,"0",
"Async TX","data",6.729209,0.000082,"0",
"Async TX","data",6.7292955,0.000082,"""",
"Async TX","data",6.7293825,0.000082,"ÿ",
"Async TX","data",6.729469,0.000082,"ÿ",
"Async TX","data",6.729556,0.000082,"ÿ",
"Async TX","data",6.733696,0.000082,"t",
"Async TX","data",6.7337825,0.000082,"1",
"Async TX","data",6.7338695,0.000082,"3",
"Async TX","data",6.7339565,0.000082,".",
"Async TX","data",6.734043,0.000082,"t",
"Async TX","data",6.73413,0.000082,"x",
"Async TX","data",6.7342165,0.000082,"t",
"Async TX","data",6.7343035,0.000082,"=",
"Async TX","data",6.7343905,0.000082,"""",
"Async TX","data",6.734477,0.000082,"1",
"Async TX","data",6.734564,0.000082,"0",
"Async TX","data",6.7346505,0.000082,"""",
"Async TX","data",6.7347375,0.000082,"ÿ",
"Async TX","data",6.7348245,0.000082,"ÿ",
"Async TX","data",6.734911,0.000082,"ÿ",
"Async TX","data",6.7395455,0.000082,"t",
"Async TX","data",6.739632,0.000082,"1",
"Async TX","data",6.739719,0.000082,".",
"Async TX","data",6.739806,0.000082,"p",
"Async TX","data",6.7398925,0.000082,"c",
"Async TX","data",6.7399795,0.000082,"o",
"Async TX","data",6.740066,0.000082,"=",
"Async TX","data",6.740153,0.000082,"2",
"Async TX","data",6.74024,0.000082,"0",
"Async TX","data",6.7403265,0.000082,"2",
"Async TX","data",6.7404135,0.000082,"4",
"Async TX","data",6.7405,0.000082,"ÿ",
"Async TX","data",6.740587,0.000082,"ÿ",
"Async TX","data",6.740674,0.000082,"ÿ",
"Async TX","data",6.7495095,0.000082,"t",
"Async TX","data",6.7495965,0.000082,"0",
"Async TX","data",6.7496835,0.000082,".",
"Async TX","data",6.74977,0.000082,"t",
"Async TX","data",6.749857,0.000082,"x",
"Async TX","data",6.749944,0.000082,"t",
"Async TX","data",6.7500305,0.000082,"=",
"Async TX","data",6.7501175,0.000082,"""",
"Async TX","data",6.7502045,0.000082,"0",
"Async TX","data",6.750291,0.000082,".",
"Async TX","data",6.750378,0.000082,"0",
"Async TX","data",6.7504645,0.000082,"""",
"Async TX","data",6.7505515,0.000082,"ÿ",
"Async TX","data",6.7506385,0.000082,"ÿ",
"Async TX","data",6.750725,0.000082,"ÿ",
"Async TX","data",6.7552995,0.000082,"t",
"Async TX","data",6.755386,0.000082,"5",
"Async TX","data",6.755473,0.000082,".",
"Async TX","data",6.75556,0.000082,"t",
"Async TX","data",6.7556465,0.000082,"x",
"Async TX","data",6.7557335,0.000082,"t",
"Async TX","data",6.75582,0.000082,"=",
"Async TX","data",6.755907,0.000082,"""",
"Async TX","data",6.755994,0.000082,"0",
"Async TX","data",6.7560805,0.000082,".",
"Async TX","data",6.7561675,0.000082,"0",
"Async TX","data",6.7562545,0.000082,"""",
"Async TX","data",6.756341,0.000082,"ÿ",
"Async TX","data",6.756428,0.000082,"ÿ",
"Async TX","data",6.756515,0.000082,"ÿ",
"Async TX","data",6.761324,0.000082,"t",
"Async TX","data",6.7614105,0.000082,"4",
"Async TX","data",6.7614975,0.000082,".",
"Async TX","data",6.7615845,0.000082,"t",
"Async TX","data",6.761671,0.000082,"x",
"Async TX","data",6.761758,0.000082,"t",
"Async TX","data",6.7618445,0.000082,"=",
"Async TX","data",6.7619315,0.000082,"""",
"Async TX","data",6.762018,0.000082,"0",
"Async TX","data",6.762105,0.000082,".",
"Async TX","data",6.7621915,0.000082,"0",
"Async TX","data",6.7622785,0.000082,"""",
"Async TX","data",6.762365,0.000082,"ÿ",
"Async TX","data",6.762452,0.000082,"ÿ",
"Async TX","data",6.7625385,0.000082,"ÿ",
"Async TX","data",6.7671735,0.000082,"t",
"Async TX","data",6.7672605,0.000082,"6",
"Async TX","data",6.7673475,0.000082,".",
"Async TX","data",6.767434,0.000082,"t",
"Async TX","data",6.767521,0.000082,"x",
"Async TX","data",6.767608,0.000082,"t",
"Async TX","data",6.7676945,0.000082,"=",
"Async TX","data",6.7677815,0.000082,"""",
"Async TX","data",6.7678685,0.000082,"0",
"Async TX","data",6.767955,0.000082,".",
"Async TX","data",6.768042,0.000082,"0",
"Async TX","data",6.7681285,0.000082,"""",
"Async TX","data",6.7682155,0.000082,"ÿ",
"Async TX","data",6.7683025,0.000082,"ÿ",
"Async TX","data",6.768389,0.000082,"ÿ",
"Async TX","data",6.7728595,0.000082,"j",
"Async TX","data",6.7729465,0.000082,"2",
"Async TX","data",6.773033,0.000082,".",
"Async TX","data",6.77312,0.000082,"v",
"Async TX","data",6.7732065,0.000082,"a",
"Async TX","data",6.7732935,0.000082,"l",
"Async TX","data",6.7733805,0.000082,"=",
"Async TX","data",6.773467,0.000082,"0",
"Async TX","data",6.773554,0.000082,"ÿ",
"Async TX","data",6.7736405,0.000082,"ÿ",
"Async TX","data",6.7737275,0.000082,"ÿ",
"Async TX","data",6.7781455,0.000082,"j",
"Async TX","data",6.778232,0.000082,"1",
"Async TX","data",6.778319,0.000082,".",
"Async TX","data",6.778406,0.000082,"v",
"Async TX","data",6.7784925,0.000082,"a",
"Async TX","data",6.7785795,0.000082,"l",
"Async TX","data",6.778666,0.000082,"=",
"Async TX","data",6.778753,0.000082,"0",
"Async TX","data",6.77884,0.000082,"ÿ",
"Async TX","data",6.7789265,0.000082,"ÿ",
"Async TX","data",6.7790135,0.000082,"ÿ",
"Async TX","data",6.783649,0.000082,"t",
"Async TX","data",6.783736,0.000082,"7",
"Async TX","data",6.783823,0.000082,".",
"Async TX","data",6.7839095,0.000082,"t",
"Async TX","data",6.7839965,0.000082,"x",
"Async TX","data",6.784083,0.000082,"t",
"Async TX","data",6.78417,0.000082,"=",
"Async TX","data",6.7842565,0.000082,"""",
"Async TX","data",6.7843435,0.000082,"0",
"Async TX","data",6.78443,0.000082,"%",
"Async TX","data",6.784517,0.000082,"""",
"Async TX","data",6.7846035,0.000082,"ÿ",
"Async TX","data",6.7846905,0.000082,"ÿ",
"Async TX","data",6.7847775,0.000082,"ÿ",
"Async TX","data",6.7892895,0.000082,"j",
"Async TX","data",6.7893765,0.000082,"0",
"Async TX","data",6.789463,0.000082,".",
"Async TX","data",6.78955,0.000082,"p",
"Async TX","data",6.7896365,0.000082,"c",
"Async TX","data",6.7897235,0.000082,"o",
"Async TX","data",6.7898105,0.000082,"=",
"Async TX","data",6.789897,0.000082,"2",
"Async TX","data",6.789984,0.000082,"0",
"Async TX","data",6.7900705,0.000082,"1",
"Async TX","data",6.7901575,0.000082,"6",
"Async TX","data",6.790244,0.000082,"ÿ",
"Async TX","data",6.790331,0.000082,"ÿ",
"Async TX","data",6.790418,0.000082,"ÿ",
"Async TX","data",6.7905045,0.000082,"t",
"Async TX","data",6.7905915,0.000082,"2",
"Async TX","data",6.790678,0.000082,".",
"Async TX","data",6.790765,0.000082,"p",
"Async TX","data",6.7908515,0.000082,"c",
"Async TX","data",6.7909385,0.000082,"o",
"Async TX","data",6.791025,0.000082,"=",
"Async TX","data",6.791112,0.000082,"2",
"Async TX","data",6.7911985,0.000082,"0",
"Async TX","data",6.7912855,0.000082,"1",
"Async TX","data",6.791372,0.000082,"6",
"Async TX","data",6.791459,0.000082,"ÿ",
"Async TX","data",6.7915455,0.000082,"ÿ",
"Async TX","data",6.7916325,0.000082,"ÿ",
"Async TX","data",6.796231,0.000082,"j",
"Async TX","data",6.7963175,0.000082,"0",
"Async TX","data",6.7964045,0.000082,".",
"Async TX","data",6.7964915,0.000082,"v",
"Async TX","data",6.796578,0.000082,"a",
"Async TX","data",6.796665,0.000082,"l",
"Async TX","data",6.7967515,0.000082,"=",
"Async TX","data",6.7968385,0.000082,"0",
"Async TX","data",6.796925,0.000082,"ÿ",
"Async TX","data",6.797012,0.000082,"ÿ",
"Async TX","data",6.797099,0.000082,"ÿ",
"Async TX","data",6.801881,0.000082,"t",
"Async TX","data",6.801968,0.000082,"2",
"Async TX","data",6.8020545,0.000082,".",
"Async TX","data",6.8021415,0.000082,"t",
"Async TX","data",6.802228,0.000082,"x",
"Async TX","data",6.802315,0.000082,"t",
"Async TX","data",6.802402,0.000082,"=",
"Async TX","data",6.8024885,0.000082,"""",
"Async TX","data",6.8025755,0.000082,"0",
"Async TX","data",6.8026625,0.000082,".",
"Async TX","data",6.802749,0.000082,"0",
"Async TX","data",6.802836,0.000082,"0",
"Async TX","data",6.802923,0.000082,"""",
"Async TX","data",6.8030095,0.000082,"ÿ",
"Async TX","data",6.8030965,0.000082,"ÿ",
"Async TX","data",6.8031835,0.000082,"ÿ",
"Async TX","data",6.807575,0.000082,"t",
"Async TX","data",6.807662,0.000082,"1",
"Async TX","data",6.807749,0.000082,"3",
"Async TX","data",6.8078355,0.000082,".",
"Async TX","data",6.807931,0.000082,"t",
"Async TX","data",6.808018,0.000082,"x",
"Async TX","data",6.8081045,0.000082,"t",
"Async TX","data",6.8081915,0.000082,"=",
"Async TX","data",6.8082785,0.000082,"""",
"Async TX","data",6.808365,0.000082,"1",
"Async TX","data",6.808452,0.000082,"0",
"Async TX","data",6.8085385,0.000082,"""",
"Async TX","data",6.8086255,0.000082,"ÿ",
"Async TX","data",6.808712,0.000082,"ÿ",
"Async TX","data",6.808799,0.000082,"ÿ",
"Async TX","data",6.8135365,0.000082,"t",
"Async TX","data",6.813623,0.000082,"1",
"Async TX","data",6.81371,0.000082,".",
"Async TX","data",6.813797,0.000082,"p",
"Async TX","data",6.8138835,0.000082,"c",
"Async TX","data",6.8139705,0.000082,"o",
"Async TX","data",6.814057,0.000082,"=",
"Async TX","data",6.814144,0.000082,"2",
"Async TX","data",6.8142305,0.000082,"0",
"Async TX","data",6.8143175,0.000082,"2",
"Async TX","data",6.8144045,0.000082,"4",
"Async TX","data",6.814491,0.000082,"ÿ",
"Async TX","data",6.8145775,0.000082,"ÿ",
"Async TX","data",6.8146645,0.000082,"ÿ",
"Async TX","data",6.823245,0.000082,"t",
"Async TX","data",6.8233315,0.000082,"0",
"Async TX","data",6.8234185,0.000082,".",
"Async TX","data",6.823505,0.000082,"t",
"Async TX","data",6.823592,0.000082,"x",
"Async TX","data",6.823679,0.000082,"t",
"Async TX","data",6.8237655,0.000082,"=",
"Async TX","data",6.8238525,0.000082,"""",
"Async TX","data",6.823939,0.000082,"0",
"Async TX","data",6.824026,0.000082,".",
"Async TX","data",6.8241125,0.000082,"0",
"Async TX","data",6.8241995,0.000082,"""",
"Async TX","data",6.824286,0.000082,"ÿ",
"Async TX","data",6.824373,0.000082,"ÿ",
"Async TX","data",6.82446,0.000082,"ÿ",
"Async TX","data",6.8288245,0.000082,"t",
"Async TX","data",6.828911,0.000082,"5",
"Async TX","data",6.828998,0.000082,".",
"Async TX","data",6.829085,0.000082,"t",
"Async TX","data",6.8291715,0.000082,"x",
"Async TX","data",6.8292585,0.000082,"t",
"Async TX","data",6.829345,0.000082,"=",
"Async TX","data",6.829432,0.000082,"""",
"Async TX","data",6.8295185,0.000082,"0",
"Async TX","data",6.8296055,0.000082,".",
"Async TX","data",6.829692,0.000082,"0",
"Async TX","data",6.829779,0.000082,"""",
"Async TX","data",6.829866,0.000082,"ÿ",
"Async TX","data",6.8299525,0.000082,"ÿ",
"Async TX","data",6.8300395,0.000082,"ÿ",
"Async TX","data",6.83502,0.000082,"t",
"Async TX","data",6.835107,0.000082,"4",
"Async TX","data",6.8351935,0.000082,".",
"Async TX","data",6.8352805,0.000082,"t",
"Async TX","data",6.8353675,0.000082,"x",
"Async TX","data",6.835454,0.000082,"t",
"Async TX","data",6.835541,0.000082,"=",
"Async TX","data",6.8356275,0.000082,"""",
"Async TX","data",6.8357145,0.000082,"0",
"Async TX","data",6.835801,0.000082,".",
"Async TX","data",6.835888,0.000082,"0",
"Async TX","data",6.8359745,0.000082,"""",
"Async TX","data",6.8360615,0.000082,"ÿ",
"Async TX","data",6.8361485,0.000082,"ÿ",
"Async TX","data",6.836235,0.000082,"ÿ",
"Async TX","data",6.840938,0.000082,"t",
"Async TX","data",6.841025,0.000082,"6",
"Async TX","data",6.841112,0.000082,".",
"Async TX","data",6.8411985,0.000082,"t",
"Async TX","data",6.8412855,0.000082,"x",
"Async TX","data",6.841372,0.000082,"t",
"Async TX","data",6.841459,0.000082,"=",
"Async TX","data",6.8415455,0.000082,"""",
"Async TX","data",6.8416325,0.000082,"0",
"Async TX","data",6.841719,0.000082,".",
"Async TX","data",6.841806,0.000082,"0",
"Async TX","data",6.8418925,0.000082,"""",
"Async TX","data",6.8419795,0.000082,"ÿ",
"Async TX","data",6.842066,0.000082,"ÿ",
"Async TX","data",6.842153,0.000082,"ÿ",
"Async TX","data",6.8464925,0.000082,"j",
"Async TX","data",6.8465795,0.000082,"2",
"Async TX","data",6.846666,0.000082,".",
"Async TX","data",6.846753,0.000082,"v",
"Async TX","data",6.8468395,0.000082,"a",
"Async TX","data",6.8469265,0.000082,"l",
"Async TX","data",6.8470135,0.000082,"=",
"Async TX","data",6.8471,0.000082,"0",
"Async TX","data",6.847187,0.000082,"ÿ",
"Async TX","data",6.8472735,0.000082,"ÿ",
"Async TX","data",6.8473605,0.000082,"ÿ",
"Async TX","data",6.8519155,0.000082,"j",
"Async TX","data",6.8520025,0.000082,"1",
"Async TX","data",6.852089,0.000082,".",
"Async TX","data",6.852176,0.000082,"v",
"Async TX","data",6.8522625,0.000082,"a",
"Async TX","data",6.8523495,0.000082,"l",
"Async TX","data",6.8524365,0.000082,"=",
"Async TX","data",6.852523,0.000082,"0",
"Async TX","data",6.85261,0.000082,"ÿ",
"Async TX","data",6.8526965,0.000082,"ÿ",
"Async TX","data",6.8527835,0.000082,"ÿ",
"Async TX","data",6.8572445,0.000082,"t",
"Async TX","data",6.8573315,0.000082,"7",
"Async TX","data",6.8574185,0.000082,".",
"Async TX","data",6.857505,0.000082,"t",
"Async TX","data",6.857592,0.000082,"x",
"Async TX","data",6.8576785,0.000082,"t",
"Async TX","data",6.8577655,0.000082,"=",
"Async TX","data",6.8578525,0.000082,"""",
"Async TX","data",6.857939,0.000082,"0",
"Async TX","data",6.858026,0.000082,"%",
"Async TX","data",6.8581125,0.000082,"""",
"Async TX","data",6.8581995,0.000082,"ÿ",
"Async TX","data",6.8582865,0.000082,"ÿ",
"Async TX","data",6.858373,0.000082,"ÿ",
"Async TX","data",6.8628435,0.000082,"j",
"Async TX","data",6.8629305,0.000082,"0",
"Async TX","data",6.863017,0.000082,".",
"Async TX","data",6.863104,0.000082,"p",
"Async TX","data",6.863191,0.000082,"c",
"Async TX","data",6.8632775,0.000082,"o",
"Async TX","data",6.8633645,0.000082,"=",
"Async TX","data",6.8634515,0.000082,"2",
"Async TX","data",6.863538,0.000082,"0",
"Async TX","data",6.863625,0.000082,"1",
"Async TX","data",6.8637115,0.000082,"6",
"Async TX","data",6.8637985,0.000082,"ÿ",
"Async TX","data",6.8638855,0.000082,"ÿ",
"Async TX","data",6.863972,0.000082,"ÿ",
"Async TX","data",6.864059,0.000082,"t",
"Async TX","data",6.8641455,0.000082,"2",
"Async TX","data",6.8642325,0.000082,".",
"Async TX","data",6.8643195,0.000082,"p",
"Async TX","data",6.864406,0.000082,"c",
"Async TX","data",6.864493,0.000082,"o",
"Async TX","data",6.8645795,0.000082,"=",
"Async TX","data",6.8646665,0.000082,"2",
"Async TX","data",6.864753,0.000082,"0",
"Async TX","data",6.86484,0.000082,"1",
"Async TX","data",6.8649265,0.000082,"6",
"Async TX","data",6.8650135,0.000082,"ÿ",
"Async TX","data",6.8651,0.000082,"ÿ",
"Async TX","data",6.865187,0.000082,"ÿ",
"Async TX","data",6.8700985,0.000082,"j",
"Async TX","data",6.870185,0.000082,"0",
"Async TX","data",6.870272,0.000082,".",
"Async TX","data",6.8703585,0.000082,"v",
"Async TX","data",6.8704455,0.000082,"a",
"Async TX","data",6.8705325,0.000082,"l",
"Async TX","data",6.870619,0.000082,"=",
"Async TX","data",6.870706,0.000082,"0",
"Async TX","data",6.8707925,0.000082,"ÿ",
"Async TX","data",6.8708795,0.000082,"ÿ",
"Async TX","data",6.870966,0.000082,"ÿ",
"Async TX","data",6.8755835,0.000082,"t",
"Async TX","data",6.8756705,0.000082,"2",
"Async TX","data",6.875757,0.000082,".",
"Async TX","data",6.875844,0.000082,"t",
"Async TX","data",6.8759305,0.000082,"x",
"Async TX","data",6.8760175,0.000082,"t",
"Async TX","data",6.8761045,0.000082,"=",
"Async TX","data",6.876191,0.000082,"""",
"Async TX","data",6.876278,0.000082,"0",
"Async TX","data",6.8763645,0.000082,".",
"Async TX","data",6.8764515,0.000082,"0",
"Async TX","data",6.876538,0.000082,"0",
"Async TX","data",6.876625,0.000082,"""",
"Async TX","data",6.876712,0.000082,"ÿ",
"Async TX","data",6.8767985,0.000082,"ÿ",
"Async TX","data",6.8768855,0.000082,"ÿ",
"Async TX","data",6.8816665,0.000082,"t",
"Async TX","data",6.881753,0.000082,"1",
"Async TX","data",6.88184,0.000082,"3",
"Async TX","data",6.8819265,0.000082,".",
"Async TX","data",6.8820135,0.000082,"t",
"Async TX","data",6.8821,0.000082,"x",
"Async TX","data",6.882187,0.000082,"t",
"Async TX","data",6.882274,0.000082,"=",
"Async TX","data",6.8823605,0.000082,"""",
"Async TX","data",6.8824475,0.000082,"1",
"Async TX","data",6.882534,0.000082,"0",
"Async TX","data",6.882621,0.000082,"""",
"Async TX","data",6.8827075,0.000082,"ÿ",
"Async TX","data",6.8827945,0.000082,"ÿ",
"Async TX","data",6.882881,0.000082,"ÿ",
"Async TX","data",6.887472,0.000082,"t",
"Async TX","data",6.887559,0.000082,"1",
"Async TX","data",6.8876455,0.000082,".",
"Async TX","data",6.8877325,0.000082,"p",
"Async TX","data",6.887819,0.000082,"c",
"Async TX","data",6.887906,0.000082,"o",
"Async TX","data",6.8879925,0.000082,"=",
"Async TX","data",6.8880795,0.000082,"2",
"Async TX","data",6.8881665,0.000082,"0",
"Async TX","data",6.888253,0.000082,"2",
"Async TX","data",6.88834,0.000082,"4",
"Async TX","data",6.8884265,0.000082,"ÿ",
"Async TX","data",6.8885135,0.000082,"ÿ",
"Async TX","data",6.8886,0.000082,"ÿ",
"Async TX","data",6.8974935,0.000082,"t",
"Async TX","data",6.8975805,0.000082,"0",
"Async TX","data",6.897667,0.000082,".",
"Async TX","data",6.897754,0.000082,"t",
"Async TX","data",6.8978405,0.000082,"x",
"Async TX","data",6.8979275,0.000082,"t",
"Async TX","data",6.898014,0.000082,"=",
"Async TX","data",6.898101,0.000082,"""",
"Async TX","data",6.8981875,0.000082,"0",
"Async TX","data",6.898274,0.000082,".",
"Async TX","data",6.898361,0.000082,"0",
"Async TX","data",6.8984475,0.000082,"""",
"Async TX","data",6.8985345,0.000082,"ÿ",
"Async TX","data",6.898621,0.000082,"ÿ",
"Async TX","data",6.898708,0.000082,"ÿ",
"Async TX","data",6.9033235,0.000082,"t",
"Async TX","data",6.90341,0.000082,"5",
"Async TX","data",6.903497,0.000082,".",
"Async TX","data",6.9035835,0.000082,"t",
"Async TX","data",6.9036705,0.000082,"x",
"Async TX","data",6.9037575,0.000082,"t",
"Async TX","data",6.903844,0.000082,"=",
"Async TX","data",6.903931,0.000082,"""",
"Async TX","data",6.9040175,0.000082,"0",
"Async TX","data",6.9041045,0.000082,".",
"Async TX","data",6.9041915,0.000082,"0",
"Async TX","data",6.904278,0.000082,"""",
"Async TX","data",6.904365,0.000082,"ÿ",
"Async TX","data",6.9044515,0.000082,"ÿ",
"Async TX","data",6.9045385,0.000082,"ÿ",
"Async TX","data",6.908417,0.000082,"t",
"Async TX","data",6.9085035,0.000082,"4",
"Async TX","data",6.9085905,0.000082,".",
"Async TX","data",6.908677,0.000082,"t",
"Async TX","data",6.908764,0.000082,"x",
"Async TX","data",6.908851,0.000082,"t",
"Async TX","data",6.9089375,0.000082,"=",
"Async TX","data",6.9090245,0.000082,"""",
"Async TX","data",6.909111,0.000082,"0",
"Async TX","data",6.909198,0.000082,".",
"Async TX","data",6.9092845,0.000082,"0",
"Async TX","data",6.9093715,0.000082,"""",
"Async TX","data",6.909458,0.000082,"ÿ",
"Async TX","data",6.909545,0.000082,"ÿ",
"Async TX","data",6.909632,0.000082,"ÿ",
"Async TX","data",6.913988,0.000082,"t",
"Async TX","data",6.914075,0.000082,"6",
"Async TX","data",6.9141615,0.000082,".",
"Async TX","data",6.9142485,0.000082,"t",
"Async TX","data",6.9143355,0.000082,"x",
"Async TX","data",6.914422,0.000082,"t",
"Async TX","data",6.914509,0.000082,"=",
"Async TX","data",6.914596,0.000082,"""",
"Async TX","data",6.9146825,0.000082,"0",
"Async TX","data",6.9147695,0.000082,".",
"Async TX","data",6.914856,0.000082,"0",
"Async TX","data",6.914943,0.000082,"""",
"Async TX","data",6.91503,0.000082,"ÿ",
"Async TX","data",6.9151165,0.000082,"ÿ",
"Async TX","data",6.9152035,0.000082,"ÿ",
"Async TX","data",6.919865,0.000082,"j",
"Async TX","data",6.919952,0.000082,"2",
"Async TX","data",6.9200385,0.000082,".",
"Async TX","data",6.9201255,0.000082,"v",
"Async TX","data",6.9202125,0.000082,"a",
"Async TX","data",6.920299,0.000082,"l",
"Async TX","data",6.920386,0.000082,"=",
"Async TX","data",6.920473,0.000082,"0",
"Async TX","data",6.9205595,0.000082,"ÿ",
"Async TX","data",6.9206465,0.000082,"ÿ",
"Async TX","data",6.9207335,0.000082,"ÿ",
"Async TX","data",6.925639,0.000082,"j",
"Async TX","data",6.925726,0.000082,"1",
"Async TX","data",6.9258125,0.000082,".",
"Async TX","data",6.9258995,0.000082,"v",
"Async TX","data",6.9259865,0.000082,"a",
"Async TX","data",6.926073,0.000082,"l",
"Async TX","data",6.92616,0.000082,"=",
"Async TX","data",6.9262465,0.000082,"0",
"Async TX","data",6.9263335,0.000082,"ÿ",
"Async TX","data",6.9264205,0.000082,"ÿ",
"Async TX","data",6.926507,0.000082,"ÿ",
"Async TX","data",6.9313865,0.000082,"t",
"Async TX","data",6.931473,0.000082,"7",
"Async TX","data",6.93156,0.000082,".",
"Async TX","data",6.931647,0.000082,"t",
"Async TX","data",6.9317335,0.000082,"x",
"Async TX","data",6.9318205,0.000082,"t",
"Async TX","data",6.9319075,0.000082,"=",
"Async TX","data",6.931994,0.000082,"""",
"Async TX","data",6.932081,0.000082,"0",
"Async TX","data",6.932168,0.000082,"%",
"Async TX","data",6.9322545,0.000082,"""",
"Async TX","data",6.9323415,0.000082,"ÿ",
"Async TX","data",6.932428,0.000082,"ÿ",
"Async TX","data",6.932515,0.000082,"ÿ",
"Async TX","data",6.937151,0.000082,"j",
"Async TX","data",6.937238,0.000082,"0",
"Async TX","data",6.937325,0.000082,".",
"Async TX","data",6.9374115,0.000082,"p",
"Async TX","data",6.9374985,0.000082,"c",
"Async TX","data",6.9375855,0.000082,"o",
"Async TX","data",6.937672,0.000082,"=",
"Async TX","data",6.937759,0.000082,"2",
"Async TX","data",6.9378455,0.000082,"0",
"Async TX","data",6.9379325,0.000082,"1",
"Async TX","data",6.9380195,0.000082,"6",
"Async TX","data",6.938106,0.000082,"ÿ",
"Async TX","data",6.938193,0.000082,"ÿ",
"Async TX","data",6.93828,0.000082,"ÿ",
"Async TX","data",6.9383665,0.000082,"t",
"Async TX","data",6.9384535,0.000082,"2",
"Async TX","data",6.9385405,0.000082,".",
"Async TX","data",6.938627,0.000082,"p",
"Async TX","data",6.938714,0.000082,"c",
"Async TX","data",6.9388005,0.000082,"o",
"Async TX","data",6.9388875,0.000082,"=",
"Async TX","data",6.9389745,0.000082,"2",
"Async TX","data",6.939061,0.000082,"0",
"Async TX","data",6.939148,0.000082,"1",
"Async TX","data",6.939235,0.000082,"6",
"Async TX","data",6.9393215,0.000082,"ÿ",
"Async TX","data",6.9394085,0.000082,"ÿ",
"Async TX","data",6.9394955,0.000082,"ÿ",
"Async TX","data",6.943906,0.000082,"j",
"Async TX","data",6.9439925,0.000082,"0",
"Async TX","data",6.9440795,0.000082,".",
"Async TX","data",6.944166,0.000082,"v",
"Async TX","data",6.944253,0.000082,"a",
"Async TX","data",6.94434,0.000082,"l",
"Async TX","data",6.9444265,0.000082,"=",
"Async TX","data",6.9445135,0.000082,"0",
"Async TX","data",6.9446,0.000082,"ÿ",
"Async TX","data",6.944687,0.000082,"ÿ",
"Async TX","data",6.944774,0.000082,"ÿ",
"Async TX","data",6.949454,0.000082,"t",
"Async TX","data",6.949541,0.000082,"2",
"Async TX","data",6.949628,0.000082,".",
"Async TX","data",6.9497145,0.000082,"t",
"Async TX","data",6.9498015,0.000082,"x",
"Async TX","data",6.9498885,0.000082,"t",
"Async TX","data",6.949975,0.000082,"=",
"Async TX","data",6.950062,0.000082,"""",
"Async TX","data",6.9501485,0.000082,"0",
"Async TX","data",6.9502355,0.000082,".",
"Async TX","data",6.9503225,0.000082,"0",
"Async TX","data",6.950409,0.000082,"0",
"Async TX","data",6.950496,0.000082,"""",
"Async TX","data",6.9505825,0.000082,"ÿ",
"Async TX","data",6.9506695,0.000082,"ÿ",
"Async TX","data",6.9507565,0.000082,"ÿ",
"Async TX","data",6.955374,0.000082,"t",
"Async TX","data",6.955461,0.000082,"1",
"Async TX","data",6.9555475,0.000082,"3",
"Async TX","data",6.9556345,0.000082,".",
"Async TX","data",6.955721,0.000082,"t",
"Async TX","data",6.955808,0.000082,"x",
"Async TX","data",6.9558945,0.000082,"t",
"Async TX","data",6.9559815,0.000082,"=",
"Async TX","data",6.956068,0.000082,"""",
"Async TX","data",6.956155,0.000082,"1",
"Async TX","data",6.956242,0.000082,"0",
"Async TX","data",6.9563285,0.000082,"""",
"Async TX","data",6.9564155,0.000082,"ÿ",
"Async TX","data",6.956502,0.000082,"ÿ",
"Async TX","data",6.956589,0.000082,"ÿ",
"Async TX","data",6.961146,0.000082,"t",
"Async TX","data",6.961233,0.000082,"1",
"Async TX","data",6.9613195,0.000082,".",
"Async TX","data",6.9614065,0.000082,"p",
"Async TX","data",6.961493,0.000082,"c",
"Async TX","data",6.96158,0.000082,"o",
"Async TX","data",6.961667,0.000082,"=",
"Async TX","data",6.9617535,0.000082,"2",
"Async TX","data",6.9618405,0.000082,"0",
"Async TX","data",6.9619275,0.000082,"2",
"Async TX","data",6.962014,0.000082,"4",
"Async TX","data",6.962101,0.000082,"ÿ",
"Async TX","data",6.962188,0.000082,"ÿ",
"Async TX","data",6.9622745,0.000082,"ÿ",
"Async TX","data",6.9711815,0.000082,"t",
"Async TX","data",6.9712685,0.000082,"0",
"Async TX","data",6.971355,0.000082,".",
"Async TX","data",6.971442,0.000082,"t",
"Async TX","data",6.971529,0.000082,"x",
"Async TX","data",6.9716155,0.000082,"t",
"Async TX","data",6.9717025,0.000082,"=",
"Async TX","data",6.9717895,0.000082,"""",
"Async TX","data",6.971876,0.000082,"0",
"Async TX","data",6.971963,0.000082,".",
"Async TX","data",6.97205,0.000082,"0",
"Async TX","data",6.9721365,0.000082,"""",
"Async TX","data",6.9722235,0.000082,"ÿ",
"Async TX","data",6.9723105,0.000082,"ÿ",
"Async TX","data",6.972397,0.000082,"ÿ",
"Async TX","data",6.9770505,0.000082,"t",
"Async TX","data",6.9771375,0.000082,"5",
"Async TX","data",6.977224,0.000082,".",
"Async TX","data",6.977311,0.000082,"t",
"Async TX","data",6.977398,0.000082,"x",
"Async TX","data",6.9774845,0.000082,"t",
"Async TX","data",6.9775715,0.000082,"=",
"Async TX","data",6.977658,0.000082,"""",
"Async TX","data",6.977745,0.000082,"0",
"Async TX","data",6.9778315,0.000082,".",
"Async TX","data",6.9779185,0.000082,"0",
"Async TX","data",6.978005,0.000082,"""",
"Async TX","data",6.978092,0.000082,"ÿ",
"Async TX","data",6.978179,0.000082,"ÿ",
"Async TX","data",6.9782655,0.000082,"ÿ",
"Async TX","data",6.982606,0.000082,"t",
"Async TX","data",6.982693,0.000082,"4",
"Async TX","data",6.9827795,0.000082,".",
"Async TX","data",6.9828665,0.000082,"t",
"Async TX","data",6.9829535,0.000082,"x",
"Async TX","data",6.98304,0.000082,"t",
"Async TX","data",6.983127,0.000082,"=",
"Async TX","data",6.983214,0.000082,"""",
"Async TX","data",6.9833005,0.000082,"0",
"Async TX","data",6.9833875,0.000082,".",
"Async TX","data",6.983474,0.000082,"0",
"Async TX","data",6.983561,0.000082,"""",
"Async TX","data",6.983648,0.000082,"ÿ",
"Async TX","data",6.9837345,0.000082,"ÿ",
"Async TX","data",6.9838215,0.000082,"ÿ",
"Async TX","data",6.9883175,0.000082,"t",
"Async TX","data",6.9884045,0.000082,"6",
"Async TX","data",6.988491,0.000082,".",
"Async TX","data",6.988578,0.000082,"t",
"Async TX","data",6.9886645,0.000082,"x",
"Async TX","data",6.9887515,0.000082,"t",
"Async TX","data",6.9888385,0.000082,"=",
"Async TX","data",6.988925,0.000082,"""",
"Async TX","data",6.989012,0.000082,"0",
"Async TX","data",6.9890985,0.000082,".",
"Async TX","data",6.9891855,0.000082,"0",
"Async TX","data",6.989272,0.000082,"""",
"Async TX","data",6.989359,0.000082,"ÿ",
"Async TX","data",6.989446,0.000082,"ÿ",
"Async TX","data",6.9895325,0.000082,"ÿ",
"Async TX","data",6.9938205,0.000082,"j",
"Async TX","data",6.993907,0.000082,"2",
"Async TX","data",6.993994,0.000082,".",
"Async TX","data",6.9940805,0.000082,"v",
"Async TX","data",6.9941675,0.000082,"a",
"Async TX","data",6.9942545,0.000082,"l",
"Async TX","data",6.994341,0.000082,"=",
"Async TX","data",6.994428,0.000082,"0",
"Async TX","data",6.994515,0.000082,"ÿ",
"Async TX","data",6.9946015,0.000082,"ÿ",
"Async TX","data",6.9946885,0.000082,"ÿ",
"Async TX","data",6.999236,0.000082,"j",
"Async TX","data",6.9993225,0.000082,"1",
"Async TX","data",6.9994095,0.000082,".",
"Async TX","data",6.999496,0.000082,"v",
"Async TX","data",6.999583,0.000082,"a",
"Async TX","data",6.99967,0.000082,"l",
"Async TX","data",6.9997565,0.000082,"=",
"Async TX","data",6.9998435,0.000082,"0",
"Async TX","data",6.99993,0.000082,"ÿ",
"Async TX","data",7.000017,0.000082,"ÿ",
"Async TX","data",7.0001035,0.000082,"ÿ",
"Async TX","data",7.00406,0.000082,"t",
"Async TX","data",7.004147,0.000082,"7",
"Async TX","data",7.0042335,0.000082,".",
"Async TX","data",7.0043205,0.000082,"t",
"Async TX","data",7.004407,0.000082,"x",
"Async TX","data",7.004494,0.000082,"t",
"Async TX","data",7.0045805,0.000082,"=",
"Async TX","data",7.0046675,0.000082,"""",
"Async TX","data",7.0047545,0.000082,"0",
"Async TX","data",7.004841,0.000082,"%",
"Async TX","data",7.0049275,0.000082,"""",
"Async TX","data",7.0050145,0.000082,"ÿ",
"Async TX","data",7.0051015,0.000082,"ÿ",
"Async TX","data",7.005188,0.000082,"ÿ",
"Async TX","data",7.0097085,0.000082,"j",
"Async TX","data",7.009795,0.000082,"0",
"Async TX","data",7.009882,0.000082,".",
"Async TX","data",7.0099685,0.000082,"p",
"Async TX","data",7.0100555,0.000082,"c",
"Async TX","data",7.010142,0.000082,"o",
"Async TX","data",7.010229,0.000082,"=",
"Async TX","data",7.0103155,0.000082,"2",
"Async TX","data",7.0104025,0.000082,"0",
"Async TX","data",7.010489,0.000082,"1",
"Async TX","data",7.010576,0.000082,"6",
"Async TX","data",7.010663,0.000082,"ÿ",
"Async TX","data",7.0107495,0.000082,"ÿ",
"Async TX","data",7.0108365,0.000082,"ÿ",
"Async TX","data",7.010923,0.000082,"t",
"Async TX","data",7.01101,0.000082,"2",
"Async TX","data",7.011097,0.000082,".",
"Async TX","data",7.0111835,0.000082,"p",
"Async TX","data",7.0112705,0.000082,"c",
"Async TX","data",7.011357,0.000082,"o",
"Async TX","data",7.011444,0.000082,"=",
"Async TX","data",7.011531,0.000082,"2",
"Async TX","data",7.0116175,0.000082,"0",
"Async TX","data",7.0117045,0.000082,"1",
"Async TX","data",7.011791,0.000082,"6",
"Async TX","data",7.011878,0.000082,"ÿ",
"Async TX","data",7.011965,0.000082,"ÿ",
"Async TX","data",7.0120515,0.000082,"ÿ",
"Async TX","data",7.0167555,0.000082,"j",
"Async TX","data",7.0168425,0.000082,"0",
"Async TX","data",7.0169295,0.000082,".",
"Async TX","data",7.017016,0.000082,"v",
"Async TX","data",7.017103,0.000082,"a",
"Async TX","data",7.01719,0.000082,"l",
"Async TX","data",7.0172765,0.000082,"=",
"Async TX","data",7.0173635,0.000082,"0",
"Async TX","data",7.01745,0.000082,"ÿ",
"Async TX","data",7.017537,0.000082,"ÿ",
"Async TX","data",7.017624,0.000082,"ÿ",
"Async TX","data",7.022127,0.000082,"t",
"Async TX","data",7.022214,0.000082,"2",
"Async TX","data",7.0223005,0.000082,".",
"Async TX","data",7.0223875,0.000082,"t",
"Async TX","data",7.022474,0.000082,"x",
"Async TX","data",7.022561,0.000082,"t",
"Async TX","data",7.0226475,0.000082,"=",
"Async TX","data",7.0227345,0.000082,"""",
"Async TX","data",7.0228215,0.000082,"0",
"Async TX","data",7.022908,0.000082,".",
"Async TX","data",7.022995,0.000082,"0",
"Async TX","data",7.0230815,0.000082,"0",
"Async TX","data",7.0231685,0.000082,"""",
"Async TX","data",7.023255,0.000082,"ÿ",
"Async TX","data",7.023342,0.000082,"ÿ",
"Async TX","data",7.023429,0.000082,"ÿ",
"Async TX","data",7.027698,0.000082,"t",
"Async TX","data",7.027785,0.000082,"1",
"Async TX","data",7.0278715,0.000082,"3",
"Async TX","data",7.0279585,0.000082,".",
"Async TX","data",7.028045,0.000082,"t",
"Async TX","data",7.028132,0.000082,"x",
"Async TX","data",7.028219,0.000082,"t",
"Async TX","data",7.0283055,0.000082,"=",
"Async TX","data",7.0283925,0.000082,"""",
"Async TX","data",7.028479,0.000082,"1",
"Async TX","data",7.028566,0.000082,"0",
"Async TX","data",7.0286525,0.000082,"""",
"Async TX","data",7.0287395,0.000082,"ÿ",
"Async TX","data",7.028826,0.000082,"ÿ",
"Async TX","data",7.028913,0.000082,"ÿ",
"Async TX","data",7.0333815,0.000082,"t",
"Async TX","data",7.0334685,0.000082,"1",
"Async TX","data",7.033555,0.000082,".",
"Async TX","data",7.033642,0.000082,"p",
"Async TX","data",7.0337285,0.000082,"c",
"Async TX","data",7.0338155,0.000082,"o",
"Async TX","data",7.033902,0.000082,"=",
"Async TX","data",7.033989,0.000082,"2",
"Async TX","data",7.0340755,0.000082,"0",
"Async TX","data",7.0341625,0.000082,"2",
"Async TX","data",7.034249,0.000082,"4",
"Async TX","data",7.034336,0.000082,"ÿ",
"Async TX","data",7.0344225,0.000082,"ÿ",
"Async TX","data",7.0345095,0.000082,"ÿ",
"Async TX","data",7.0428075,0.000082,"t",
"Async TX","data",7.042894,0.000082,"0",
"Async TX","data",7.042981,0.000082,".",
"Async TX","data",7.043068,0.000082,"t",
"Async TX","data",7.0431545,0.000082,"x",
"Async TX","data",7.0432415,0.000082,"t",
"Async TX","data",7.043328,0.000082,"=",
"Async TX","data",7.043415,0.000082,"""",
"Async TX","data",7.043502,0.000082,"0",
"Async TX","data",7.0435885,0.000082,".",
"Async TX","data",7.0436755,0.000082,"0",
"Async TX","data",7.043762,0.000082,"""",
"Async TX","data",7.043849,0.000082,"ÿ",
"Async TX","data",7.0439355,0.000082,"ÿ",
"Async TX","data",7.0440225,0.000082,"ÿ",
"Async TX","data",7.0485875,0.000082,"t",
"Async TX","data",7.048674,0.000082,"5",
"Async TX","data",7.048761,0.000082,".",
"Async TX","data",7.0488475,0.000082,"t",
"Async TX","data",7.0489345,0.000082,"x",
"Async TX","data",7.0490215,0.000082,"t",
"Async TX","data",7.049108,0.000082,"=",
"Async TX","data",7.049195,0.000082,"""",
"Async TX","data",7.0492815,0.000082,"0",
"Async TX","data",7.0493685,0.000082,".",
"Async TX","data",7.0494555,0.000082,"0",
"Async TX","data",7.049542,0.000082,"""",
"Async TX","data",7.049629,0.000082,"ÿ",
"Async TX","data",7.0497155,0.000082,"ÿ",
"Async TX","data",7.0498025,0.000082,"ÿ",
"Async TX","data",7.054385,0.000082,"t",
"Async TX","data",7.054472,0.000082,"4",
"Async TX","data",7.0545585,0.000082,".",
"Async TX","data",7.0546455,0.000082,"t",
"Async TX","data",7.054732,0.000082,"x",
"Async TX","data",7.054819,0.000082,"t",
"Async TX","data",7.054906,0.000082,"=",
"Async TX","data",7.0549925,0.000082,"""",
"Async TX","data",7.0550795,0.000082,"0",
"Async TX","data",7.0551665,0.000082,".",
"Async TX","data",7.055253,0.000082,"0",
"Async TX","data",7.05534,0.000082,"""",
"Async TX","data",7.0554265,0.000082,"ÿ",
"Async TX","data",7.0555135,0.000082,"ÿ",
"Async TX","data",7.0556005,0.000082,"ÿ",
"Async TX","data",7.06026,0.000082,"t",
"Async TX","data",7.0603465,0.000082,"6",
"Async TX","data",7.0604335,0.000082,".",
"Async TX","data",7.06052,0.000082,"t",
"Async TX","data",7.060607,0.000082,"x",
"Async TX","data",7.0606935,0.000082,"t",
"Async TX","data",7.0607805,0.000082,"=",
"Async TX","data",7.0608675,0.000082,"""",
"Async TX","data",7.060954,0.000082,"0",
"Async TX","data",7.061041,0.000082,".",
"Async TX","data",7.0611275,0.000082,"0",
"Async TX","data",7.0612145,0.000082,"""",
"Async TX","data",7.0613015,0.000082,"ÿ",
"Async TX","data",7.061388,0.000082,"ÿ",
"Async TX","data",7.061475,0.000082,"ÿ",
"Async TX","data",7.0653965,0.000082,"j",
"Async TX","data",7.0654835,0.000082,"2",
"Async TX","data",7.06557,0.000082,".",
"Async TX","data",7.065657,0.000082,"v",
"Async TX","data",7.0657435,0.000082,"a",
"Async TX","data",7.0658305,0.000082,"l",
"Async TX","data",7.065917,0.000082,"=",
"Async TX","data",7.0660035,0.000082,"0",
"Async TX","data",7.0660905,0.000082,"ÿ",
"Async TX","data",7.066177,0.000082,"ÿ",
"Async TX","data",7.066264,0.000082,"ÿ",
"Async TX","data",7.0706445,0.000082,"j",
"Async TX","data",7.0707315,0.000082,"1",
"Async TX","data",7.070818,0.000082,".",
"Async TX","data",7.070905,0.000082,"v",
"Async TX","data",7.0709915,0.000082,"a",
"Async TX","data",7.0710785,0.000082,"l",
"Async TX","data",7.071165,0.000082,"=",
"Async TX","data",7.071252,0.000082,"0",
"Async TX","data",7.0713385,0.000082,"ÿ",
"Async TX","data",7.0714255,0.000082,"ÿ",
"Async TX","data",7.071512,0.000082,"ÿ",
"Async TX","data",7.076015,0.000082,"t",
"Async TX","data",7.076102,0.000082,"7",
"Async TX","data",7.0761885,0.000082,".",
"Async TX","data",7.0762755,0.000082,"t",
"Async TX","data",7.076362,0.000082,"x",
"Async TX","data",7.076449,0.000082,"t",
"Async TX","data",7.0765355,0.000082,"=",
"Async TX","data",7.0766225,0.000082,"""",
"Async TX","data",7.076709,0.000082,"0",
"Async TX","data",7.076796,0.000082,"%",
"Async TX","data",7.0768825,0.000082,"""",
"Async TX","data",7.0769695,0.000082,"ÿ",
"Async TX","data",7.077056,0.000082,"ÿ",
"Async TX","data",7.077143,0.000082,"ÿ",
"Async TX","data",7.082012,0.000082,"j",
"Async TX","data",7.0820985,0.000082,"0",
"Async TX","data",7.0821855,0.000082,".",
"Async TX","data",7.082272,0.000082,"p",
"Async TX","data",7.082359,0.000082,"c",
"Async TX","data",7.0824455,0.000082,"o",
"Async TX","data",7.0825325,0.000082,"=",
"Async TX","data",7.082619,0.000082,"2",
"Async TX","data",7.082706,0.000082,"0",
"Async TX","data",7.082793,0.000082,"1",
"Async TX","data",7.0828795,0.000082,"6",
"Async TX","data",7.0829665,0.000082,"ÿ",
"Async TX","data",7.083053,0.000082,"ÿ",
"Async TX","data",7.08314,0.000082,"ÿ",
"Async TX","data",7.0832265,0.000082,"t",
"Async TX","data",7.0833135,0.000082,"2",
"Async TX","data",7.0834,0.000082,".",
"Async TX","data",7.083487,0.000082,"p",
"Async TX","data",7.0835735,0.000082,"c",
"Async TX","data",7.0836605,0.000082,"o",
"Async TX","data",7.0837475,0.000082,"=",
"Async TX","data",7.083834,0.000082,"2",
"Async TX","data",7.083921,0.000082,"0",
"Async TX","data",7.0840075,0.000082,"1",
"Async TX","data",7.0840945,0.000082,"6",
"Async TX","data",7.084181,0.000082,"ÿ",
"Async TX","data",7.084268,0.000082,"ÿ",
"Async TX","data",7.084355,0.000082,"ÿ",
"Async TX","data",7.089006,0.000082,"j",
"Async TX","data",7.089093,0.000082,"0",
"Async TX","data",7.0891795,0.000082,".",
"Async TX","data",7.0892665,0.000082,"v",
"Async TX","data",7.089353,0.000082,"a",
"Async TX","data",7.08944,0.000082,"l",
"Async TX","data",7.0895265,0.000082,"=",
"Async TX","data",7.0896135,0.000082,"0",
"Async TX","data",7.0897005,0.000082,"ÿ",
"Async TX","data",7.089787,0.000082,"ÿ",
"Async TX","data",7.089874,0.000082,"ÿ",
"Async TX","data",7.094396,0.000082,"t",
"Async TX","data",7.094483,0.000082,"2",
"Async TX","data",7.0945695,0.000082,".",
"Async TX","data",7.0946565,0.000082,"t",
"Async TX","data",7.094743,0.000082,"x",
"Async TX","data",7.09483,0.000082,"t",
"Async TX","data",7.094917,0.000082,"=",
"Async TX","data",7.0950035,0.000082,"""",
"Async TX","data",7.0950905,0.000082,"0",
"Async TX","data",7.095177,0.000082,".",
"Async TX","data",7.095264,0.000082,"0",
"Async TX","data",7.0953505,0.000082,"0",
"Async TX","data",7.0954375,0.000082,"""",
"Async TX","data",7.095524,0.000082,"ÿ",
"Async TX","data",7.095611,0.000082,"ÿ",
"Async TX","data",7.0956975,0.000082,"ÿ",
"Async TX","data",7.100071,0.000082,"t",
"Async TX","data",7.100158,0.000082,"1",
"Async TX","data",7.100245,0.000082,"3",
"Async TX","data",7.1003315,0.000082,".",
"Async TX","data",7.1004185,0.000082,"t",
"Async TX","data",7.100505,0.000082,"x",
"Async TX","data",7.100592,0.000082,"t",
"Async TX","data",7.100679,0.000082,"=",
"Async TX","data",7.1007655,0.000082,"""",
"Async TX","data",7.1008525,0.000082,"1",
"Async TX","data",7.100939,0.000082,"0",
"Async TX","data",7.101026,0.000082,"""",
"Async TX","data",7.101113,0.000082,"ÿ",
"Async TX","data",7.1011995,0.000082,"ÿ",
"Async TX","data",7.1012865,0.000082,"ÿ",
"Async TX","data",7.1060335,0.000082,"t",
"Async TX","data",7.10612,0.000082,"1",
"Async TX","data",7.106207,0.000082,".",
"Async TX","data",7.1062935,0.000082,"p",
"Async TX","data",7.1063805,0.000082,"c",
"Async TX","data",7.106467,0.000082,"o",
"Async TX","data",7.106554,0.000082,"=",
"Async TX","data",7.1066405,0.000082,"2",
"Async TX","data",7.1067275,0.000082,"0",
"Async TX","data",7.106814,0.000082,"2",
"Async TX","data",7.106901,0.000082,"4",
"Async TX","data",7.1069875,0.000082,"ÿ",
"Async TX","data",7.1070745,0.000082,"ÿ",
"Async TX","data",7.107161,0.000082,"ÿ",
"Async TX","data",7.1161945,0.000082,"t",
"Async TX","data",7.1162815,0.000082,"0",
"Async TX","data",7.116368,0.000082,".",
"Async TX","data",7.116455,0.000082,"t",
"Async TX","data",7.116542,0.000082,"x",
"Async TX","data",7.1166285,0.000082,"t",
"Async TX","data",7.1167155,0.000082,"=",
"Async TX","data",7.116802,0.000082,"""",
"Async TX","data",7.116889,0.000082,"0",
"Async TX","data",7.116976,0.000082,".",
"Async TX","data",7.1170625,0.000082,"0",
"Async TX","data",7.1171495,0.000082,"""",
"Async TX","data",7.1172365,0.000082,"ÿ",
"Async TX","data",7.117323,0.000082,"ÿ",
"Async TX","data",7.11741,0.000082,"ÿ",
"Async TX","data",7.1219485,0.000082,"t",
"Async TX","data",7.122035,0.000082,"5",
"Async TX","data",7.122122,0.000082,".",
"Async TX","data",7.1222085,0.000082,"t",
"Async TX","data",7.1222955,0.000082,"x",
"Async TX","data",7.122382,0.000082,"t",
"Async TX","data",7.122469,0.000082,"=",
"Async TX","data",7.1225555,0.000082,"""",
"Async TX","data",7.1226425,0.000082,"0",
"Async TX","data",7.1227295,0.000082,".",
"Async TX","data",7.122816,0.000082,"0",
"Async TX","data",7.122903,0.000082,"""",
"Async TX","data",7.1229895,0.000082,"ÿ",
"Async TX","data",7.1230765,0.000082,"ÿ",
"Async TX","data",7.1231635,0.000082,"ÿ",
"Async TX","data",7.127719,0.000082,"t",
"Async TX","data",7.127806,0.000082,"4",
"Async TX","data",7.1278925,0.000082,".",
"Async TX","data",7.1279795,0.000082,"t",
"Async TX","data",7.128066,0.000082,"x",
"Async TX","data",7.128153,0.000082,"t",
"Async TX","data",7.1282395,0.000082,"=",
"Async TX","data",7.1283265,0.000082,"""",
"Async TX","data",7.1284135,0.000082,"0",
"Async TX","data",7.1285,0.000082,".",
"Async TX","data",7.128587,0.000082,"0",
"Async TX","data",7.1286735,0.000082,"""",
"Async TX","data",7.1287605,0.000082,"ÿ",
"Async TX","data",7.128847,0.000082,"ÿ",
"Async TX","data",7.128934,0.000082,"ÿ",
"Async TX","data",7.133395,0.000082,"t",
"Async TX","data",7.1334815,0.000082,"6",
"Async TX","data",7.1335685,0.000082,".",
"Async TX","data",7.133655,0.000082,"t",
"Async TX","data",7.133742,0.000082,"x",
"Async TX","data",7.1338285,0.000082,"t",
"Async TX","data",7.1339155,0.000082,"=",
"Async TX","data",7.134002,0.000082,"""",
"Async TX","data",7.134089,0.000082,"0",
"Async TX","data",7.1341755,0.000082,".",
"Async TX","data",7.1342625,0.000082,"0",
"Async TX","data",7.134349,0.000082,"""",
"Async TX","data",7.134436,0.000082,"ÿ",
"Async TX","data",7.1345225,0.000082,"ÿ",
"Async TX","data",7.1346095,0.000082,"ÿ",
"Async TX","data",7.1389045,0.000082,"j",
"Async TX","data",7.138991,0.000082,"2",
"Async TX","data",7.139078,0.000082,".",
"Async TX","data",7.1391645,0.000082,"v",
"Async TX","data",7.1392515,0.000082,"a",
"Async TX","data",7.1393385,0.000082,"l",
"Async TX","data",7.139425,0.000082,"=",
"Async TX","data",7.139512,0.000082,"0",
"Async TX","data",7.1395985,0.000082,"ÿ",
"Async TX","data",7.1396855,0.000082,"ÿ",
"Async TX","data",7.139772,0.000082,"ÿ",
"Async TX","data",7.1442235,0.000082,"j",
"Async TX","data",7.1443105,0.000082,"1",
"Async TX","data",7.1443975,0.000082,".",
"Async TX","data",7.144484,0.000082,"v",
"Async TX","data",7.144571,0.000082,"a",
"Async TX","data",7.144658,0.000082,"l",
"Async TX","data",7.1447445,0.000082,"=",
"Async TX","data",7.1448315,0.000082,"0",
"Async TX","data",7.144918,0.000082,"ÿ",
"Async TX","data",7.145005,0.000082,"ÿ",
"Async TX","data",7.145092,0.000082,"ÿ",
"Async TX","data",7.1497095,0.000082,"t",
"Async TX","data",7.149796,0.000082,"7",
"Async TX","data",7.149883,0.000082,".",
"Async TX","data",7.1499695,0.000082,"t",
"Async TX","data",7.150056,0.000082,"x",
"Async TX","data",7.150143,0.000082,"t",
"Async TX","data",7.1502295,0.000082,"=",
"Async TX","data",7.1503165,0.000082,"""",
"Async TX","data",7.150403,0.000082,"0",
"Async TX","data",7.15049,0.000082,"%",
"Async TX","data",7.1505765,0.000082,"""",
"Async TX","data",7.1506635,0.000082,"ÿ",
"Async TX","data",7.15075,0.000082,"ÿ",
"Async TX","data",7.150837,0.000082,"ÿ",
"Async TX","data",7.1549505,0.000082,"j",
"Async TX","data",7.1550375,0.000082,"0",
"Async TX","data",7.155124,0.000082,".",
"Async TX","data",7.155211,0.000082,"p",
"Async TX","data",7.1552975,0.000082,"c",
"Async TX","data",7.1553845,0.000082,"o",
"Async TX","data",7.155471,0.000082,"=",
"Async TX","data",7.155558,0.000082,"2",
"Async TX","data",7.1556445,0.000082,"0",
"Async TX","data",7.1557315,0.000082,"1",
"Async TX","data",7.1558185,0.000082,"6",
"Async TX","data",7.155905,0.000082,"ÿ",
"Async TX","data",7.155992,0.000082,"ÿ",
"Async TX","data",7.1560785,0.000082,"ÿ",
"Async TX","data",7.1561655,0.000082,"t",
"Async TX","data",7.1562525,0.000082,"2",
"Async TX","data",7.156339,0.000082,".",
"Async TX","data",7.156426,0.000082,"p",
"Async TX","data",7.1565125,0.000082,"c",
"Async TX","data",7.1565995,0.000082,"o",
"Async TX","data",7.1566865,0.000082,"=",
"Async TX","data",7.156773,0.000082,"2",
"Async TX","data",7.15686,0.000082,"0",
"Async TX","data",7.1569465,0.000082,"1",
"Async TX","data",7.1570335,0.000082,"6",
"Async TX","data",7.1571205,0.000082,"ÿ",
"Async TX","data",7.157207,0.000082,"ÿ",
"Async TX","data",7.157294,0.000082,"ÿ",
"Async TX","data",7.161893,0.000082,"j",
"Async TX","data",7.1619795,0.000082,"0",
"Async TX","data",7.1620665,0.000082,".",
"Async TX","data",7.162153,0.000082,"v",
"Async TX","data",7.16224,0.000082,"a",
"Async TX","data",7.1623265,0.000082,"l",
"Async TX","data",7.1624135,0.000082,"=",
"Async TX","data",7.1625,0.000082,"0",
"Async TX","data",7.162587,0.000082,"ÿ",
"Async TX","data",7.1626735,0.000082,"ÿ",
"Async TX","data",7.1627605,0.000082,"ÿ",
"Async TX","data",7.167359,0.000082,"t",
"Async TX","data",7.167446,0.000082,"2",
"Async TX","data",7.1675325,0.000082,".",
"Async TX","data",7.1676195,0.000082,"t",
"Async TX","data",7.167706,0.000082,"x",
"Async TX","data",7.167793,0.000082,"t",
"Async TX","data",7.16788,0.000082,"=",
"Async TX","data",7.1679665,0.000082,"""",
"Async TX","data",7.1680535,0.000082,"0",
"Async TX","data",7.16814,0.000082,".",
"Async TX","data",7.168227,0.000082,"0",
"Async TX","data",7.1683135,0.000082,"0",
"Async TX","data",7.1684005,0.000082,"""",
"Async TX","data",7.168487,0.000082,"ÿ",
"Async TX","data",7.168574,0.000082,"ÿ",
"Async TX","data",7.1686605,0.000082,"ÿ",
"Async TX","data",7.173406,0.000082,"t",
"Async TX","data",7.1734925,0.000082,"1",
"Async TX","data",7.1735795,0.000082,"3",
"Async TX","data",7.1736665,0.000082,".",
"Async TX","data",7.173753,0.000082,"t",
"Async TX","data",7.1738395,0.000082,"x",
"Async TX","data",7.1739265,0.000082,"t",
"Async TX","data",7.174013,0.000082,"=",
"Async TX","data",7.1741,0.000082,"""",
"Async TX","data",7.1741865,0.000082,"1",
"Async TX","data",7.1742735,0.000082,"0",
"Async TX","data",7.17436,0.000082,"""",
"Async TX","data",7.174447,0.000082,"ÿ",
"Async TX","data",7.1745335,0.000082,"ÿ",
"Async TX","data",7.17462,0.000082,"ÿ",
"Async TX","data",7.1794,0.000082,"t",
"Async TX","data",7.1794865,0.000082,"1",
"Async TX","data",7.1795735,0.000082,".",
"Async TX","data",7.1796605,0.000082,"p",
"Async TX","data",7.179747,0.000082,"c",
"Async TX","data",7.179834,0.000082,"o",
"Async TX","data",7.1799205,0.000082,"=",
"Async TX","data",7.1800075,0.000082,"2",
"Async TX","data",7.180094,0.000082,"0",
"Async TX","data",7.180181,0.000082,"2",
"Async TX","data",7.1802675,0.000082,"4",
"Async TX","data",7.1803545,0.000082,"ÿ",
"Async TX","data",7.180441,0.000082,"ÿ",
"Async TX","data",7.180528,0.000082,"ÿ",
"Async TX","data",7.1847015,0.000082,"t",
"Async TX","data",7.1847885,0.000082,"1",
"Async TX","data",7.184875,0.000082,".",
"Async TX","data",7.184962,0.000082,"t",
"Async TX","data",7.1850485,0.000082,"x",
"Async TX","data",7.1851355,0.000082,"t",
"Async TX","data",7.1852225,0.000082,"=",
"Async TX","data",7.185309,0.000082,"""",
"Async TX","data",7.185396,0.000082,"4",
"Async TX","data",7.1854825,0.000082,".",
"Async TX","data",7.1855695,0.000082,"0",
"Async TX","data",7.185656,0.000082,"2",
"Async TX","data",7.185743,0.000082,"""",
"Async TX","data",7.18583,0.000082,"ÿ",
"Async TX","data",7.1859165,0.000082,"ÿ",
"Async TX","data",7.1860035,0.000082,"ÿ",
"Async TX","data",7.1905595,0.000082,"t",
"Async TX","data",7.1906465,0.000082,"0",
"Async TX","data",7.1907335,0.000082,".",
"Async TX","data",7.19082,0.000082,"t",
"Async TX","data",7.190907,0.000082,"x",
"Async TX","data",7.1909935,0.000082,"t",
"Async TX","data",7.1910805,0.000082,"=",
"Async TX","data",7.191167,0.000082,"""",
"Async TX","data",7.191254,0.000082,"0",
"Async TX","data",7.191341,0.000082,".",
"Async TX","data",7.1914275,0.000082,"0",
"Async TX","data",7.1915145,0.000082,"""",
"Async TX","data",7.191601,0.000082,"ÿ",
"Async TX","data",7.191688,0.000082,"ÿ",
"Async TX","data",7.1917745,0.000082,"ÿ",
"Async TX","data",7.1966255,0.000082,"t",
"Async TX","data",7.1967125,0.000082,"5",
"Async TX","data",7.196799,0.000082,".",
"Async TX","data",7.196886,0.000082,"t",
"Async TX","data",7.1969725,0.000082,"x",
"Async TX","data",7.1970595,0.000082,"t",
"Async TX","data",7.1971465,0.000082,"=",
"Async TX","data",7.197233,0.000082,"""",
"Async TX","data",7.19732,0.000082,"0",
"Async TX","data",7.1974065,0.000082,".",
"Async TX","data",7.1974935,0.000082,"0",
"Async TX","data",7.1975805,0.000082,"""",
"Async TX","data",7.197667,0.000082,"ÿ",
"Async TX","data",7.197754,0.000082,"ÿ",
"Async TX","data",7.1978405,0.000082,"ÿ",
"Async TX","data",7.202675,0.000082,"t",
"Async TX","data",7.202762,0.000082,"4",
"Async TX","data",7.2028485,0.000082,".",
"Async TX","data",7.2029355,0.000082,"t",
"Async TX","data",7.203022,0.000082,"x",
"Async TX","data",7.203109,0.000082,"t",
"Async TX","data",7.2031955,0.000082,"=",
"Async TX","data",7.2032825,0.000082,"""",
"Async TX","data",7.203369,0.000082,"0",
"Async TX","data",7.203456,0.000082,".",
"Async TX","data",7.2035425,0.000082,"0",
"Async TX","data",7.2036295,0.000082,"""",
"Async TX","data",7.2037165,0.000082,"ÿ",
"Async TX","data",7.203803,0.000082,"ÿ",
"Async TX","data",7.20389,0.000082,"ÿ",
"Async TX","data",7.20829,0.000082,"t",
"Async TX","data",7.2083765,0.000082,"6",
"Async TX","data",7.2084635,0.000082,".",
"Async TX","data",7.20855,0.000082,"t",
"Async TX","data",7.208637,0.000082,"x",
"Async TX","data",7.2087235,0.000082,"t",
"Async TX","data",7.2088105,0.000082,"=",
"Async TX","data",7.2088975,0.000082,"""",
"Async TX","data",7.208984,0.000082,"0",
"Async TX","data",7.209071,0.000082,".",
"Async TX","data",7.2091575,0.000082,"0",
"Async TX","data",7.2092445,0.000082,"""",
"Async TX","data",7.209331,0.000082,"ÿ",
"Async TX","data",7.209418,0.000082,"ÿ",
"Async TX","data",7.209505,0.000082,"ÿ",
"Async TX","data",7.213828,0.000082,"j",
"Async TX","data",7.2139145,0.000082,"2",
"Async TX","data",7.2140015,0.000082,".",
"Async TX","data",7.214088,0.000082,"v",
"Async TX","data",7.214175,0.000082,"a",
"Async TX","data",7.214262,0.000082,"l",
"Async TX","data",7.2143485,0.000082,"=",
"Async TX","data",7.2144355,0.000082,"0",
"Async TX","data",7.214522,0.000082,"ÿ",
"Async TX","data",7.214609,0.000082,"ÿ",
"Async TX","data",7.2146955,0.000082,"ÿ",
"Async TX","data",7.2195385,0.000082,"j",
"Async TX","data",7.219625,0.000082,"1",
"Async TX","data",7.219712,0.000082,".",
"Async TX","data",7.2197985,0.000082,"v",
"Async TX","data",7.2198855,0.000082,"a",
"Async TX","data",7.219972,0.000082,"l",
"Async TX","data",7.220059,0.000082,"=",
"Async TX","data",7.2201455,0.000082,"0",
"Async TX","data",7.2202325,0.000082,"ÿ",
"Async TX","data",7.220319,0.000082,"ÿ",
"Async TX","data",7.220406,0.000082,"ÿ",
"Async TX","data",7.225048,0.000082,"t",
"Async TX","data",7.2251345,0.000082,"7",
"Async TX","data",7.2252215,0.000082,".",
"Async TX","data",7.2253085,0.000082,"t",
"Async TX","data",7.225395,0.000082,"x",
"Async TX","data",7.225482,0.000082,"t",
"Async TX","data",7.2255685,0.000082,"=",
"Async TX","data",7.2256555,0.000082,"""",
"Async TX","data",7.2257425,0.000082,"0",
"Async TX","data",7.225829,0.000082,"%",
"Async TX","data",7.225916,0.000082,"""",
"Async TX","data",7.2260025,0.000082,"ÿ",
"Async TX","data",7.2260895,0.000082,"ÿ",
"Async TX","data",7.2261765,0.000082,"ÿ",
"Async TX","data",7.229934,0.000082,"j",
"Async TX","data",7.230021,0.000082,"0",
"Async TX","data",7.2301075,0.000082,".",
"Async TX","data",7.2301945,0.000082,"p",
"Async TX","data",7.230281,0.000082,"c",
"Async TX","data",7.230368,0.000082,"o",
"Async TX","data",7.230455,0.000082,"=",
"Async TX","data",7.2305415,0.000082,"2",
"Async TX","data",7.2306285,0.000082,"0",
"Async TX","data",7.230715,0.000082,"1",
"Async TX","data",7.230802,0.000082,"6",
"Async TX","data",7.2308885,0.000082,"ÿ",
"Async TX","data",7.2309755,0.000082,"ÿ",
"Async TX","data",7.2310625,0.000082,"ÿ",
"Async TX","data",7.231149,0.000082,"t",
"Async TX","data",7.231236,0.000082,"2",
"Async TX","data",7.2313225,0.000082,".",
"Async TX","data",7.2314095,0.000082,"p",
"Async TX","data",7.2314965,0.000082,"c",
"Async TX","data",7.231583,0.000082,"o",
"Async TX","data",7.23167,0.000082,"=",
"Async TX","data",7.2317565,0.000082,"2",
"Async TX","data",7.2318435,0.000082,"0",
"Async TX","data",7.23193,0.000082,"1",
"Async TX","data",7.232017,0.000082,"6",
"Async TX","data",7.232104,0.000082,"ÿ",
"Async TX","data",7.2321905,0.000082,"ÿ",
"Async TX","data",7.2322775,0.000082,"ÿ",
"Async TX","data",7.236843,0.000082,"j",
"Async TX","data",7.23693,0.000082,"0",
"Async TX","data",7.2370165,0.000082,".",
"Async TX","data",7.2371035,0.000082,"v",
"Async TX","data",7.23719,0.000082,"a",
"Async TX","data",7.237277,0.000082,"l",
"Async TX","data",7.237364,0.000082,"=",
"Async TX","data",7.2374505,0.000082,"0",
"Async TX","data",7.2375375,0.000082,"ÿ",
"Async TX","data",7.2376245,0.000082,"ÿ",
"Async TX","data",7.237711,0.000082,"ÿ",
"Async TX","data",7.242199,0.000082,"t",
"Async TX","data",7.2422855,0.000082,"2",
"Async TX","data",7.2423725,0.000082,".",
"Async TX","data",7.2424595,0.000082,"t",
"Async TX","data",7.242546,0.000082,"x",
"Async TX","data",7.242633,0.000082,"t",
"Async TX","data",7.2427195,0.000082,"=",
"Async TX","data",7.2428065,0.000082,"""",
"Async TX","data",7.2428935,0.000082,"0",
"Async TX","data",7.24298,0.000082,".",
"Async TX","data",7.243067,0.000082,"0",
"Async TX","data",7.243154,0.000082,"0",
"Async TX","data",7.2432405,0.000082,"""",
"Async TX","data",7.2433275,0.000082,"ÿ",
"Async TX","data",7.243414,0.000082,"ÿ",
"Async TX","data",7.243501,0.000082,"ÿ",
"Async TX","data",7.248109,0.000082,"t",
"Async TX","data",7.2481955,0.000082,"1",
"Async TX","data",7.2482825,0.000082,"3",
"Async TX","data",7.248369,0.000082,".",
"Async TX","data",7.248456,0.000082,"t",
"Async TX","data",7.2485425,0.000082,"x",
"Async TX","data",7.2486295,0.000082,"t",
"Async TX","data",7.248716,0.000082,"=",
"Async TX","data",7.248803,0.000082,"""",
"Async TX","data",7.2488895,0.000082,"1",
"Async TX","data",7.2489765,0.000082,"0",
"Async TX","data",7.2490635,0.000082,"""",
"Async TX","data",7.24915,0.000082,"ÿ",
"Async TX","data",7.249237,0.000082,"ÿ",
"Async TX","data",7.2493235,0.000082,"ÿ",
"Async TX","data",7.253629,0.000082,"t",
"Async TX","data",7.2537155,0.000082,"1",
"Async TX","data",7.2538025,0.000082,".",
"Async TX","data",7.253889,0.000082,"p",
"Async TX","data",7.253976,0.000082,"c",
"Async TX","data",7.2540625,0.000082,"o",
"Async TX","data",7.2541495,0.000082,"=",
"Async TX","data",7.2542365,0.000082,"2",
"Async TX","data",7.254323,0.000082,"0",
"Async TX","data",7.25441,0.000082,"2",
"Async TX","data",7.2544965,0.000082,"4",
"Async TX","data",7.2545835,0.000082,"ÿ",
"Async TX","data",7.2546705,0.000082,"ÿ",
"Async TX","data",7.254757,0.000082,"ÿ",
"Async TX","data",7.264002,0.000082,"t",
"Async TX","data",7.2640885,0.000082,"0",
"Async TX","data",7.2641755,0.000082,".",
"Async TX","data",7.264262,0.000082,"t",
"Async TX","data",7.264349,0.000082,"x",
"Async TX","data",7.264436,0.000082,"t",
"Async TX","data",7.2645225,0.000082,"=",
"Async TX","data",7.2646095,0.000082,"""",
"Async TX","data",7.264696,0.000082,"0",
"Async TX","data",7.264783,0.000082,".",
"Async TX","data",7.26487,0.000082,"0",
"Async TX","data",7.2649565,0.000082,"""",
"Async TX","data",7.2650435,0.000082,"ÿ",
"Async TX","data",7.26513,0.000082,"ÿ",
"Async TX","data",7.265217,0.000082,"ÿ",
"Async TX","data",7.268966,0.000082,"t",
"Async TX","data",7.269053,0.000082,"5",
"Async TX","data",7.26914,0.000082,".",
"Async TX","data",7.2692265,0.000082,"t",
"Async TX","data",7.2693135,0.000082,"x",
"Async TX","data",7.2694,0.000082,"t",
"Async TX","data",7.269487,0.000082,"=",
"Async TX","data",7.269574,0.000082,"""",
"Async TX","data",7.2696605,0.000082,"0",
"Async TX","data",7.2697475,0.000082,".",
"Async TX","data",7.2698345,0.000082,"0",
"Async TX","data",7.269921,0.000082,"""",
"Async TX","data",7.270008,0.000082,"ÿ",
"Async TX","data",7.270095,0.000082,"ÿ",
"Async TX","data",7.2701815,0.000082,"ÿ",
"Async TX","data",7.274747,0.000082,"t",
"Async TX","data",7.274834,0.000082,"4",
"Async TX","data",7.274921,0.000082,".",
"Async TX","data",7.2750075,0.000082,"t",
"Async TX","data",7.2750945,0.000082,"x",
"Async TX","data",7.275181,0.000082,"t",
"Async TX","data",7.275268,0.000082,"=",
"Async TX","data",7.275355,0.000082,"""",
"Async TX","data",7.2754415,0.000082,"0",
"Async TX","data",7.2755285,0.000082,".",
"Async TX","data",7.275615,0.000082,"0",
"Async TX","data",7.275702,0.000082,"""",
"Async TX","data",7.275789,0.000082,"ÿ",
"Async TX","data",7.2758755,0.000082,"ÿ",
"Async TX","data",7.2759625,0.000082,"ÿ",
"Async TX","data",7.2806505,0.000082,"t",
"Async TX","data",7.280737,0.000082,"6",
"Async TX","data",7.280824,0.000082,".",
"Async TX","data",7.2809105,0.000082,"t",
"Async TX","data",7.2809975,0.000082,"x",
"Async TX","data",7.2810845,0.000082,"t",
"Async TX","data",7.281171,0.000082,"=",
"Async TX","data",7.281258,0.000082,"""",
"Async TX","data",7.2813445,0.000082,"0",
"Async TX","data",7.2814315,0.000082,".",
"Async TX","data",7.281518,0.000082,"0",
"Async TX","data",7.281605,0.000082,"""",
"Async TX","data",7.281692,0.000082,"ÿ",
"Async TX","data",7.2817785,0.000082,"ÿ",
"Async TX","data",7.2818655,0.000082,"ÿ",
"Async TX","data",7.286266,0.000082,"j",
"Async TX","data",7.286353,0.000082,"2",
"Async TX","data",7.2864395,0.000082,".",
"Async TX","data",7.2865265,0.000082,"v",
"Async TX","data",7.2866135,0.000082,"a",
"Async TX","data",7.2867,0.000082,"l",
"Async TX","data",7.286787,0.000082,"=",
"Async TX","data",7.2868735,0.000082,"0",
"Async TX","data",7.2869605,0.000082,"ÿ",
"Async TX","data",7.287047,0.000082,"ÿ",
"Async TX","data",7.287134,0.000082,"ÿ",
"Async TX","data",7.2919005,0.000082,"j",
"Async TX","data",7.2919875,0.000082,"1",
"Async TX","data",7.292074,0.000082,".",
"Async TX","data",7.292161,0.000082,"v",
"Async TX","data",7.2922475,0.000082,"a",
"Async TX","data",7.2923345,0.000082,"l",
"Async TX","data",7.2924215,0.000082,"=",
"Async TX","data",7.2925085,0.000082,"0",
"Async TX","data",7.292595,0.000082,"ÿ",
"Async TX","data",7.292682,0.000082,"ÿ",
"Async TX","data",7.292769,0.000082,"ÿ",
"Async TX","data",7.2972925,0.000082,"t",
"Async TX","data",7.297379,0.000082,"7",
"Async TX","data",7.297466,0.000082,".",
"Async TX","data",7.297553,0.000082,"t",
"Async TX","data",7.2976395,0.000082,"x",
"Async TX","data",7.2977265,0.000082,"t",
"Async TX","data",7.2978135,0.000082,"=",
"Async TX","data",7.2979005,0.000082,"""",
"Async TX","data",7.297987,0.000082,"0",
"Async TX","data",7.298074,0.000082,"%",
"Async TX","data",7.298161,0.000082,"""",
"Async TX","data",7.2982475,0.000082,"ÿ",
"Async TX","data",7.2983345,0.000082,"ÿ",
"Async TX","data",7.298421,0.000082,"ÿ",
"Async TX","data",7.3030565,0.000082,"j",
"Async TX","data",7.3031435,0.000082,"0",
"Async TX","data",7.3032305,0.000082,".",
"Async TX","data",7.303317,0.000082,"p",
"Async TX","data",7.303404,0.000082,"c",
"Async TX","data",7.3034905,0.000082,"o",
"Async TX","data",7.3035775,0.000082,"=",
"Async TX","data",7.303664,0.000082,"2",
"Async TX","data",7.303751,0.000082,"0",
"Async TX","data",7.3038375,0.000082,"1",
"Async TX","data",7.3039245,0.000082,"6",
"Async TX","data",7.304011,0.000082,"ÿ",
"Async TX","data",7.304098,0.000082,"ÿ",
"Async TX","data",7.3041845,0.000082,"ÿ",
"Async TX","data",7.3042715,0.000082,"t",
"Async TX","data",7.304358,0.000082,"2",
"Async TX","data",7.304445,0.000082,".",
"Async TX","data",7.304532,0.000082,"p",
"Async TX","data",7.3046185,0.000082,"c",
"Async TX","data",7.3047055,0.000082,"o",
"Async TX","data",7.304792,0.000082,"=",
"Async TX","data",7.304879,0.000082,"2",
"Async TX","data",7.3049655,0.000082,"0",
"Async TX","data",7.3050525,0.000082,"1",
"Async TX","data",7.305139,0.000082,"6",
"Async TX","data",7.305226,0.000082,"ÿ",
"Async TX","data",7.305313,0.000082,"ÿ",
"Async TX","data",7.3053995,0.000082,"ÿ",
"Async TX","data",7.309903,0.000082,"j",
"Async TX","data",7.30999,0.000082,"0",
"Async TX","data",7.3100765,0.000082,".",
"Async TX","data",7.3101635,0.000082,"v",
"Async TX","data",7.31025,0.000082,"a",
"Async TX","data",7.310337,0.000082,"l",
"Async TX","data",7.3104235,0.000082,"=",
"Async TX","data",7.3105105,0.000082,"0",
"Async TX","data",7.310597,0.000082,"ÿ",
"Async TX","data",7.310684,0.000082,"ÿ",
"Async TX","data",7.310771,0.000082,"ÿ",
"Async TX","data",7.314677,0.000082,"t",
"Async TX","data",7.314764,0.000082,"2",
"Async TX","data",7.3148505,0.000082,".",
"Async TX","data",7.3149375,0.000082,"t",
"Async TX","data",7.315024,0.000082,"x",
"Async TX","data",7.315111,0.000082,"t",
"Async TX","data",7.315198,0.000082,"=",
"Async TX","data",7.3152845,0.000082,"""",
"Async TX","data",7.3153715,0.000082,"0",
"Async TX","data",7.315458,0.000082,".",
"Async TX","data",7.315545,0.000082,"0",
"Async TX","data",7.315632,0.000082,"0",
"Async TX","data",7.3157185,0.000082,"""",
"Async TX","data",7.3158055,0.000082,"ÿ",
"Async TX","data",7.315892,0.000082,"ÿ",
"Async TX","data",7.315979,0.000082,"ÿ",
"Async TX","data",7.3207705,0.000082,"t",
"Async TX","data",7.320857,0.000082,"1",
"Async TX","data",7.320944,0.000082,"3",
"Async TX","data",7.3210305,0.000082,".",
"Async TX","data",7.3211175,0.000082,"t",
"Async TX","data",7.321204,0.000082,"x",
"Async TX","data",7.321291,0.000082,"t",
"Async TX","data",7.3213775,0.000082,"=",
"Async TX","data",7.3214645,0.000082,"""",
"Async TX","data",7.321551,0.000082,"1",
"Async TX","data",7.321638,0.000082,"0",
"Async TX","data",7.321725,0.000082,"""",
"Async TX","data",7.3218115,0.000082,"ÿ",
"Async TX","data",7.3218985,0.000082,"ÿ",
"Async TX","data",7.321985,0.000082,"ÿ",
"Async TX","data",7.3262815,0.000082,"t",
"Async TX","data",7.3263685,0.000082,"1",
"Async TX","data",7.326455,0.000082,".",
"Async TX","data",7.326542,0.000082,"p",
"Async TX","data",7.326629,0.000082,"c",
"Async TX","data",7.3267155,0.000082,"o",
"Async TX","data",7.3268025,0.000082,"=",
"Async TX","data",7.326889,0.000082,"2",
"Async TX","data",7.326976,0.000082,"0",
"Async TX","data",7.327063,0.000082,"2",
"Async TX","data",7.3271495,0.000082,"4",
"Async TX","data",7.3272365,0.000082,"ÿ",
"Async TX","data",7.327323,0.000082,"ÿ",
"Async TX","data",7.32741,0.000082,"ÿ",
"Async TX","data",7.336116,0.000082,"t",
"Async TX","data",7.3362025,0.000082,"0",
"Async TX","data",7.3362895,0.000082,".",
"Async TX","data",7.336376,0.000082,"t",
"Async TX","data",7.336463,0.000082,"x",
"Async TX","data",7.3365495,0.000082,"t",
"Async TX","data",7.3366365,0.000082,"=",
"Async TX","data",7.3367235,0.000082,"""",
"Async TX","data",7.33681,0.000082,"0",
"Async TX","data",7.336897,0.000082,".",
"Async TX","data",7.3369835,0.000082,"0",
"Async TX","data",7.3370705,0.000082,"""",
"Async TX","data",7.3371575,0.000082,"ÿ",
"Async TX","data",7.337244,0.000082,"ÿ",
"Async TX","data",7.337331,0.000082,"ÿ",
"Async TX","data",7.341817,0.000082,"t",
"Async TX","data",7.341904,0.000082,"5",
"Async TX","data",7.3419905,0.000082,".",
"Async TX","data",7.3420775,0.000082,"t",
"Async TX","data",7.342164,0.000082,"x",
"Async TX","data",7.342251,0.000082,"t",
"Async TX","data",7.3423375,0.000082,"=",
"Async TX","data",7.3424245,0.000082,"""",
"Async TX","data",7.3425115,0.000082,"0",
"Async TX","data",7.342598,0.000082,".",
"Async TX","data",7.342685,0.000082,"0",
"Async TX","data",7.3427715,0.000082,"""",
"Async TX","data",7.3428585,0.000082,"ÿ",
"Async TX","data",7.3429455,0.000082,"ÿ",
"Async TX","data",7.343032,0.000082,"ÿ",
"Async TX","data",7.3474415,0.000082,"t",
"Async TX","data",7.347528,0.000082,"4",
"Async TX","data",7.347615,0.000082,".",
"Async TX","data",7.3477015,0.000082,"t",
"Async TX","data",7.3477885,0.000082,"x",
"Async TX","data",7.347875,0.000082,"t",
"Async TX","data",7.347962,0.000082,"=",
"Async TX","data",7.348049,0.000082,"""",
"Async TX","data",7.3481355,0.000082,"0",
"Async TX","data",7.3482225,0.000082,".",
"Async TX","data",7.348309,0.000082,"0",
"Async TX","data",7.348396,0.000082,"""",
"Async TX","data",7.3484825,0.000082,"ÿ",
"Async TX","data",7.3485695,0.000082,"ÿ",
"Async TX","data",7.348656,0.000082,"ÿ",
"Async TX","data",7.3529,0.000082,"t",
"Async TX","data",7.3529865,0.000082,"6",
"Async TX","data",7.3530735,0.000082,".",
"Async TX","data",7.35316,0.000082,"t",
"Async TX","data",7.353247,0.000082,"x",
"Async TX","data",7.3533335,0.000082,"t",
"Async TX","data",7.3534205,0.000082,"=",
"Async TX","data",7.353507,0.000082,"""",
"Async TX","data",7.353594,0.000082,"0",
"Async TX","data",7.3536805,0.000082,".",
"Async TX","data",7.3537675,0.000082,"0",
"Async TX","data",7.353854,0.000082,"""",
"Async TX","data",7.353941,0.000082,"ÿ",
"Async TX","data",7.354028,0.000082,"ÿ",
"Async TX","data",7.3541145,0.000082,"ÿ",
"Async TX","data",7.3588605,0.000082,"j",
"Async TX","data",7.358947,0.000082,"2",
"Async TX","data",7.359034,0.000082,".",
"Async TX","data",7.3591205,0.000082,"v",
"Async TX","data",7.3592075,0.000082,"a",
"Async TX","data",7.359294,0.000082,"l",
"Async TX","data",7.359381,0.000082,"=",
"Async TX","data",7.3594675,0.000082,"0",
"Async TX","data",7.3595545,0.000082,"ÿ",
"Async TX","data",7.359641,0.000082,"ÿ",
"Async TX","data",7.359728,0.000082,"ÿ",
"Async TX","data",7.3640315,0.000082,"j",
"Async TX","data",7.364118,0.000082,"1",
"Async TX","data",7.364205,0.000082,".",
"Async TX","data",7.364292,0.000082,"v",
"Async TX","data",7.3643785,0.000082,"a",
"Async TX","data",7.3644655,0.000082,"l",
"Async TX","data",7.364552,0.000082,"=",
"Async TX","data",7.364639,0.000082,"0",
"Async TX","data",7.3647255,0.000082,"ÿ",
"Async TX","data",7.3648125,0.000082,"ÿ",
"Async TX","data",7.3648995,0.000082,"ÿ",
"Async TX","data",7.3694125,0.000082,"t",
"Async TX","data",7.369499,0.000082,"7",
"Async TX","data",7.369586,0.000082,".",
"Async TX","data",7.369673,0.000082,"t",
"Async TX","data",7.3697595,0.000082,"x",
"Async TX","data",7.3698465,0.000082,"t",
"Async TX","data",7.369933,0.000082,"=",
"Async TX","data",7.37002,0.000082,"""",
"Async TX","data",7.3701065,0.000082,"0",
"Async TX","data",7.3701935,0.000082,"%",
"Async TX","data",7.37028,0.000082,"""",
"Async TX","data",7.370367,0.000082,"ÿ",
"Async TX","data",7.370454,0.000082,"ÿ",
"Async TX","data",7.3705405,0.000082,"ÿ",
"Async TX","data",7.374863,0.000082,"j",
"Async TX","data",7.3749495,0.000082,"0",
"Async TX","data",7.3750365,0.000082,".",
"Async TX","data",7.375123,0.000082,"p",
"Async TX","data",7.37521,0.000082,"c",
"Async TX","data",7.3752965,0.000082,"o",
"Async TX","data",7.3753835,0.000082,"=",
"Async TX","data",7.3754705,0.000082,"2",
"Async TX","data",7.375557,0.000082,"0",
"Async TX","data",7.375644,0.000082,"1",
"Async TX","data",7.375731,0.000082,"6",
"Async TX","data",7.3758175,0.000082,"ÿ",
"Async TX","data",7.3759045,0.000082,"ÿ",
"Async TX","data",7.375991,0.000082,"ÿ",
"Async TX","data",7.376078,0.000082,"t",
"Async TX","data",7.3761645,0.000082,"2",
"Async TX","data",7.3762515,0.000082,".",
"Async TX","data",7.3763385,0.000082,"p",
"Async TX","data",7.376425,0.000082,"c",
"Async TX","data",7.376512,0.000082,"o",
"Async TX","data",7.3765985,0.000082,"=",
"Async TX","data",7.3766855,0.000082,"2",
"Async TX","data",7.376772,0.000082,"0",
"Async TX","data",7.376859,0.000082,"1",
"Async TX","data",7.376946,0.000082,"6",
"Async TX","data",7.3770325,0.000082,"ÿ",
"Async TX","data",7.3771195,0.000082,"ÿ",
"Async TX","data",7.377206,0.000082,"ÿ",
"Async TX","data",7.3814145,0.000082,"j",
"Async TX","data",7.3815015,0.000082,"0",
"Async TX","data",7.381588,0.000082,".",
"Async TX","data",7.381675,0.000082,"v",
"Async TX","data",7.3817615,0.000082,"a",
"Async TX","data",7.3818485,0.000082,"l",
"Async TX","data",7.3819355,0.000082,"=",
"Async TX","data",7.382022,0.000082,"0",
"Async TX","data",7.382109,0.000082,"ÿ",
"Async TX","data",7.3821955,0.000082,"ÿ",
"Async TX","data",7.3822825,0.000082,"ÿ",
"Async TX","data",7.3864655,0.000082,"t",
"Async TX","data",7.3865525,0.000082,"2",
"Async TX","data",7.386639,0.000082,".",
"Async TX","data",7.386726,0.000082,"t",
"Async TX","data",7.386813,0.000082,"x",
"Async TX","data",7.3868995,0.000082,"t",
"Async TX","data",7.3869865,0.000082,"=",
"Async TX","data",7.387073,0.000082,"""",
"Async TX","data",7.38716,0.000082,"0",
"Async TX","data",7.3872465,0.000082,".",
"Async TX","data",7.3873335,0.000082,"0",
"Async TX","data",7.38742,0.000082,"0",
"Async TX","data",7.387507,0.000082,"""",
"Async TX","data",7.3875935,0.000082,"ÿ",
"Async TX","data",7.3876805,0.000082,"ÿ",
"Async TX","data",7.387767,0.000082,"ÿ",
"Async TX","data",7.3925835,0.000082,"t",
"Async TX","data",7.39267,0.000082,"1",
"Async TX","data",7.392757,0.000082,"3",
"Async TX","data",7.3928435,0.000082,".",
"Async TX","data",7.3929305,0.000082,"t",
"Async TX","data",7.3930175,0.000082,"x",
"Async TX","data",7.393104,0.000082,"t",
"Async TX","data",7.393191,0.000082,"=",
"Async TX","data",7.3932775,0.000082,"""",
"Async TX","data",7.3933645,0.000082,"1",
"Async TX","data",7.393451,0.000082,"0",
"Async TX","data",7.393538,0.000082,"""",
"Async TX","data",7.3936245,0.000082,"ÿ",
"Async TX","data",7.3937115,0.000082,"ÿ",
"Async TX","data",7.393798,0.000082,"ÿ",
"Async TX","data",7.398251,0.000082,"t",
"Async TX","data",7.3983375,0.000082,"1",
"Async TX","data",7.3984245,0.000082,".",
"Async TX","data",7.398511,0.000082,"p",
"Async TX","data",7.398598,0.000082,"c",
"Async TX","data",7.3986845,0.000082,"o",
"Async TX","data",7.3987715,0.000082,"=",
"Async TX","data",7.398858,0.000082,"2",
"Async TX","data",7.398945,0.000082,"0",
"Async TX","data",7.399032,0.000082,"2",
"Async TX","data",7.3991185,0.000082,"4",
"Async TX","data",7.3992055,0.000082,"ÿ",
"Async TX","data",7.399292,0.000082,"ÿ",
"Async TX","data",7.399379,0.000082,"ÿ",
"Async TX","data",7.407267,0.000082,"t",
"Async TX","data",7.4073535,0.000082,"0",
"Async TX","data",7.4074405,0.000082,".",
"Async TX","data",7.407527,0.000082,"t",
"Async TX","data",7.407614,0.000082,"x",
"Async TX","data",7.4077005,0.000082,"t",
"Async TX","data",7.4077875,0.000082,"=",
"Async TX","data",7.407874,0.000082,"""",
"Async TX","data",7.407961,0.000082,"0",
"Async TX","data",7.4080475,0.000082,".",
"Async TX","data",7.4081345,0.000082,"0",
"Async TX","data",7.4082215,0.000082,"""",
"Async TX","data",7.408308,0.000082,"ÿ",
"Async TX","data",7.408395,0.000082,"ÿ",
"Async TX","data",7.4084815,0.000082,"ÿ",
"Async TX","data",7.412396,0.000082,"t",
"Async TX","data",7.412483,0.000082,"5",
"Async TX","data",7.4125695,0.000082,".",
"Async TX","data",7.4126565,0.000082,"t",
"Async TX","data",7.4127435,0.000082,"x",
"Async TX","data",7.41283,0.000082,"t",
"Async TX","data",7.412917,0.000082,"=",
"Async TX","data",7.4130035,0.000082,"""",
"Async TX","data",7.4130905,0.000082,"0",
"Async TX","data",7.4131775,0.000082,".",
"Async TX","data",7.413264,0.000082,"0",
"Async TX","data",7.413351,0.000082,"""",
"Async TX","data",7.413438,0.000082,"ÿ",
"Async TX","data",7.4135245,0.000082,"ÿ",
"Async TX","data",7.4136115,0.000082,"ÿ",
"Async TX","data",7.4176825,0.000082,"t",
"Async TX","data",7.417769,0.000082,"4",
"Async TX","data",7.417856,0.000082,".",
"Async TX","data",7.417943,0.000082,"t",
"Async TX","data",7.4180295,0.000082,"x",
"Async TX","data",7.4181165,0.000082,"t",
"Async TX","data",7.418203,0.000082,"=",
"Async TX","data",7.41829,0.000082,"""",
"Async TX","data",7.418377,0.000082,"0",
"Async TX","data",7.4184635,0.000082,".",
"Async TX","data",7.4185505,0.000082,"0",
"Async TX","data",7.418637,0.000082,"""",
"Async TX","data",7.418724,0.000082,"ÿ",
"Async TX","data",7.418811,0.000082,"ÿ",
"Async TX","data",7.4188975,0.000082,"ÿ",
"Async TX","data",7.423325,0.000082,"t",
"Async TX","data",7.423412,0.000082,"6",
"Async TX","data",7.423499,0.000082,".",
"Async TX","data",7.4235855,0.000082,"t",
"Async TX","data",7.4236725,0.000082,"x",
"Async TX","data",7.4237595,0.000082,"t",
"Async TX","data",7.423846,0.000082,"=",
"Async TX","data",7.423933,0.000082,"""",
"Async TX","data",7.42402,0.000082,"0",
"Async TX","data",7.4241065,0.000082,".",
"Async TX","data",7.4241935,0.000082,"0",
"Async TX","data",7.4242805,0.000082,"""",
"Async TX","data",7.424367,0.000082,"ÿ",
"Async TX","data",7.424454,0.000082,"ÿ",
"Async TX","data",7.4245405,0.000082,"ÿ",
"Async TX","data",7.4292195,0.000082,"j",
"Async TX","data",7.429306,0.000082,"2",
"Async TX","data",7.429393,0.000082,".",
"Async TX","data",7.42948,0.000082,"v",
"Async TX","data",7.4295665,0.000082,"a",
"Async TX","data",7.4296535,0.000082,"l",
"Async TX","data",7.42974,0.000082,"=",
"Async TX","data",7.429827,0.000082,"0",
"Async TX","data",7.4299135,0.000082,"ÿ",
"Async TX","data",7.4300005,0.000082,"ÿ",
"Async TX","data",7.430087,0.000082,"ÿ",
"Async TX","data",7.434902,0.000082,"j",
"Async TX","data",7.434989,0.000082,"1",
"Async TX","data",7.4350755,0.000082,".",
"Async TX","data",7.4351625,0.000082,"v",
"Async TX","data",7.435249,0.000082,"a",
"Async TX","data",7.435336,0.000082,"l",
"Async TX","data",7.4354225,0.000082,"=",
"Async TX","data",7.4355095,0.000082,"0",
"Async TX","data",7.435596,0.000082,"ÿ",
"Async TX","data",7.435683,0.000082,"ÿ",
"Async TX","data",7.4357695,0.000082,"ÿ",
"Async TX","data",7.4405165,0.000082,"t",
"Async TX","data",7.4406035,0.000082,"7",
"Async TX","data",7.44069,0.000082,".",
"Async TX","data",7.440777,0.000082,"t",
"Async TX","data",7.440864,0.000082,"x",
"Async TX","data",7.4409505,0.000082,"t",
"Async TX","data",7.4410375,0.000082,"=",
"Async TX","data",7.4411245,0.000082,"""",
"Async TX","data",7.441211,0.000082,"0",
"Async TX","data",7.441298,0.000082,"%",
"Async TX","data",7.441385,0.000082,"""",
"Async TX","data",7.4414715,0.000082,"ÿ",
"Async TX","data",7.4415585,0.000082,"ÿ",
"Async TX","data",7.441645,0.000082,"ÿ",
"Async TX","data",7.446168,0.000082,"j",
"Async TX","data",7.446255,0.000082,"0",
"Async TX","data",7.4463415,0.000082,".",
"Async TX","data",7.4464285,0.000082,"p",
"Async TX","data",7.446515,0.000082,"c",
"Async TX","data",7.446602,0.000082,"o",
"Async TX","data",7.446689,0.000082,"=",
"Async TX","data",7.4467755,0.000082,"2",
"Async TX","data",7.4468625,0.000082,"0",
"Async TX","data",7.4469495,0.000082,"1",
"Async TX","data",7.447036,0.000082,"6",
"Async TX","data",7.447123,0.000082,"ÿ",
"Async TX","data",7.44721,0.000082,"ÿ",
"Async TX","data",7.4472965,0.000082,"ÿ",
"Async TX","data",7.4473835,0.000082,"t",
"Async TX","data",7.44747,0.000082,"2",
"Async TX","data",7.447557,0.000082,".",
"Async TX","data",7.447644,0.000082,"p",
"Async TX","data",7.4477305,0.000082,"c",
"Async TX","data",7.4478175,0.000082,"o",
"Async TX","data",7.447904,0.000082,"=",
"Async TX","data",7.447991,0.000082,"2",
"Async TX","data",7.448078,0.000082,"0",
"Async TX","data",7.4481645,0.000082,"1",
"Async TX","data",7.4482515,0.000082,"6",
"Async TX","data",7.448338,0.000082,"ÿ",
"Async TX","data",7.448425,0.000082,"ÿ",
"Async TX","data",7.4485115,0.000082,"ÿ",
"Async TX","data",7.453197,0.000082,"j",
"Async TX","data",7.4532835,0.000082,"0",
"Async TX","data",7.4533705,0.000082,".",
"Async TX","data",7.453457,0.000082,"v",
"Async TX","data",7.453544,0.000082,"a",
"Async TX","data",7.453631,0.000082,"l",
"Async TX","data",7.4537175,0.000082,"=",
"Async TX","data",7.4538045,0.000082,"0",
"Async TX","data",7.453891,0.000082,"ÿ",
"Async TX","data",7.453978,0.000082,"ÿ",
"Async TX","data",7.4540645,0.000082,"ÿ",
"Async TX","data",7.4585165,0.000082,"t",
"Async TX","data",7.4586035,0.000082,"2",
"Async TX","data",7.45869,0.000082,".",
"Async TX","data",7.458777,0.000082,"t",
"Async TX","data",7.4588635,0.000082,"x",
"Async TX","data",7.4589505,0.000082,"t",
"Async TX","data",7.459037,0.000082,"=",
"Async TX","data",7.459124,0.000082,"""",
"Async TX","data",7.4592105,0.000082,"0",
"Async TX","data",7.4592975,0.000082,".",
"Async TX","data",7.459384,0.000082,"0",
"Async TX","data",7.459471,0.000082,"0",
"Async TX","data",7.459558,0.000082,"""",
"Async TX","data",7.4596445,0.000082,"ÿ",
"Async TX","data",7.4597315,0.000082,"ÿ",
"Async TX","data",7.459818,0.000082,"ÿ",
"Async TX","data",7.464226,0.000082,"t",
"Async TX","data",7.4643125,0.000082,"1",
"Async TX","data",7.4643995,0.000082,"3",
"Async TX","data",7.464486,0.000082,".",
"Async TX","data",7.464573,0.000082,"t",
"Async TX","data",7.4646595,0.000082,"x",
"Async TX","data",7.4647465,0.000082,"t",
"Async TX","data",7.464833,0.000082,"=",
"Async TX","data",7.46492,0.000082,"""",
"Async TX","data",7.465007,0.000082,"1",
"Async TX","data",7.4650935,0.000082,"0",
"Async TX","data",7.4651805,0.000082,"""",
"Async TX","data",7.465267,0.000082,"ÿ",
"Async TX","data",7.465354,0.000082,"ÿ",
"Async TX","data",7.4654405,0.000082,"ÿ",
"Async TX","data",7.470196,0.000082,"t",
"Async TX","data",7.470283,0.000082,"1",
"Async TX","data",7.4703695,0.000082,".",
"Async TX","data",7.4704565,0.000082,"p",
"Async TX","data",7.470543,0.000082,"c",
"Async TX","data",7.47063,0.000082,"o",
"Async TX","data",7.470717,0.000082,"=",
"Async TX","data",7.4708035,0.000082,"2",
"Async TX","data",7.4708905,0.000082,"0",
"Async TX","data",7.470977,0.000082,"2",
"Async TX","data",7.471064,0.000082,"4",
"Async TX","data",7.4711505,0.000082,"ÿ",
"Async TX","data",7.4712375,0.000082,"ÿ",
"Async TX","data",7.471324,0.000082,"ÿ",
"Async TX","data",7.479723,0.000082,"t",
"Async TX","data",7.47981,0.000082,"0",
"Async TX","data",7.4798965,0.000082,".",
"Async TX","data",7.4799835,0.000082,"t",
"Async TX","data",7.48007,0.000082,"x",
"Async TX","data",7.480157,0.000082,"t",
"Async TX","data",7.480244,0.000082,"=",
"Async TX","data",7.4803305,0.000082,"""",
"Async TX","data",7.4804175,0.000082,"0",
"Async TX","data",7.480504,0.000082,".",
"Async TX","data",7.480591,0.000082,"0",
"Async TX","data",7.480678,0.000082,"""",
"Async TX","data",7.4807645,0.000082,"ÿ",
"Async TX","data",7.4808515,0.000082,"ÿ",
"Async TX","data",7.480938,0.000082,"ÿ",
"Async TX","data",7.4849815,0.000082,"t",
"Async TX","data",7.485068,0.000082,"5",
"Async TX","data",7.485155,0.000082,".",
"Async TX","data",7.4852415,0.000082,"t",
"Async TX","data",7.4853285,0.000082,"x",
"Async TX","data",7.485415,0.000082,"t",
"Async TX","data",7.485502,0.000082,"=",
"Async TX","data",7.4855885,0.000082,"""",
"Async TX","data",7.4856755,0.000082,"0",
"Async TX","data",7.485762,0.000082,".",
"Async TX","data",7.485849,0.000082,"0",
"Async TX","data",7.4859355,0.000082,"""",
"Async TX","data",7.4860225,0.000082,"ÿ",
"Async TX","data",7.486109,0.000082,"ÿ",
"Async TX","data",7.486196,0.000082,"ÿ",
"Async TX","data",7.490656,0.000082,"t",
"Async TX","data",7.4907425,0.000082,"4",
"Async TX","data",7.4908295,0.000082,".",
"Async TX","data",7.4909165,0.000082,"t",
"Async TX","data",7.491003,0.000082,"x",
"Async TX","data",7.49109,0.000082,"t",
"Async TX","data",7.4911765,0.000082,"=",
"Async TX","data",7.4912635,0.000082,"""",
"Async TX","data",7.49135,0.000082,"0",
"Async TX","data",7.491437,0.000082,".",
"Async TX","data",7.4915235,0.000082,"0",
"Async TX","data",7.4916105,0.000082,"""",
"Async TX","data",7.491697,0.000082,"ÿ",
"Async TX","data",7.491784,0.000082,"ÿ",
"Async TX","data",7.4918705,0.000082,"ÿ",
"Async TX","data",7.4963565,0.000082,"t",
"Async TX","data",7.496443,0.000082,"6",
"Async TX","data",7.49653,0.000082,".",
"Async TX","data",7.4966165,0.000082,"t",
"Async TX","data",7.4967035,0.000082,"x",
"Async TX","data",7.49679,0.000082,"t",
"Async TX","data",7.496877,0.000082,"=",
"Async TX","data",7.4969635,0.000082,"""",
"Async TX","data",7.4970505,0.000082,"0",
"Async TX","data",7.497137,0.000082,".",
"Async TX","data",7.497224,0.000082,"0",
"Async TX","data",7.4973105,0.000082,"""",
"Async TX","data",7.4973975,0.000082,"ÿ",
"Async TX","data",7.4974845,0.000082,"ÿ",
"Async TX","data",7.497571,0.000082,"ÿ",
"Async TX","data",7.501893,0.000082,"j",
"Async TX","data",7.5019795,0.000082,"2",
"Async TX","data",7.5020665,0.000082,".",
"Async TX","data",7.502153,0.000082,"v",
"Async TX","data",7.50224,0.000082,"a",
"Async TX","data",7.502327,0.000082,"l",
"Async TX","data",7.5024135,0.000082,"=",
"Async TX","data",7.5025005,0.000082,"0",
"Async TX","data",7.502587,0.000082,"ÿ",
"Async TX","data",7.502674,0.000082,"ÿ",
"Async TX","data",7.502761,0.000082,"ÿ",
"Async TX","data",7.507066,0.000082,"j",
"Async TX","data",7.5071525,0.000082,"1",
"Async TX","data",7.5072395,0.000082,".",
"Async TX","data",7.507326,0.000082,"v",
"Async TX","data",7.507413,0.000082,"a",
"Async TX","data",7.5075,0.000082,"l",
"Async TX","data",7.5075865,0.000082,"=",
"Async TX","data",7.5076735,0.000082,"0",
"Async TX","data",7.50776,0.000082,"ÿ",
"Async TX","data",7.507847,0.000082,"ÿ",
"Async TX","data",7.5079335,0.000082,"ÿ",
"Async TX","data",7.5125075,0.000082,"t",
"Async TX","data",7.512594,0.000082,"7",
"Async TX","data",7.512681,0.000082,".",
"Async TX","data",7.5127675,0.000082,"t",
"Async TX","data",7.5128545,0.000082,"x",
"Async TX","data",7.512941,0.000082,"t",
"Async TX","data",7.513028,0.000082,"=",
"Async TX","data",7.513115,0.000082,"""",
"Async TX","data",7.5132015,0.000082,"0",
"Async TX","data",7.5132885,0.000082,"%",
"Async TX","data",7.513375,0.000082,"""",
"Async TX","data",7.513462,0.000082,"ÿ",
"Async TX","data",7.513549,0.000082,"ÿ",
"Async TX","data",7.5136355,0.000082,"ÿ",
"Async TX","data",7.517924,0.000082,"j",
"Async TX","data",7.518011,0.000082,"0",
"Async TX","data",7.518098,0.000082,".",
"Async TX","data",7.5181845,0.000082,"p",
"Async TX","data",7.5182715,0.000082,"c",
"Async TX","data",7.518358,0.000082,"o",
"Async TX","data",7.518445,0.000082,"=",
"Async TX","data",7.518532,0.000082,"2",
"Async TX","data",7.5186185,0.000082,"0",
"Async TX","data",7.5187055,0.000082,"1",
"Async TX","data",7.518792,0.000082,"6",
"Async TX","data",7.518879,0.000082,"ÿ",
"Async TX","data",7.518966,0.000082,"ÿ",
"Async TX","data",7.5190525,0.000082,"ÿ",
"Async TX","data",7.5191395,0.000082,"t",
"Async TX","data",7.519226,0.000082,"2",
"Async TX","data",7.519313,0.000082,".",
"Async TX","data",7.5194,0.000082,"p",
"Async TX","data",7.5194865,0.000082,"c",
"Async TX","data",7.5195735,0.000082,"o",
"Async TX","data",7.51966,0.000082,"=",
"Async TX","data",7.519747,0.000082,"2",
"Async TX","data",7.519834,0.000082,"0",
"Async TX","data",7.5199205,0.000082,"1",
"Async TX","data",7.5200075,0.000082,"6",
"Async TX","data",7.520094,0.000082,"ÿ",
"Async TX","data",7.520181,0.000082,"ÿ",
"Async TX","data",7.520268,0.000082,"ÿ",
"Async TX","data",7.524521,0.000082,"j",
"Async TX","data",7.524608,0.000082,"0",
"Async TX","data",7.524695,0.000082,".",
"Async TX","data",7.5247815,0.000082,"v",
"Async TX","data",7.5248685,0.000082,"a",
"Async TX","data",7.524955,0.000082,"l",
"Async TX","data",7.525042,0.000082,"=",
"Async TX","data",7.5251285,0.000082,"0",
"Async TX","data",7.5252155,0.000082,"ÿ",
"Async TX","data",7.5253025,0.000082,"ÿ",
"Async TX","data",7.525389,0.000082,"ÿ",
"Async TX","data",7.530162,0.000082,"t",
"Async TX","data",7.530249,0.000082,"2",
"Async TX","data",7.5303355,0.000082,".",
"Async TX","data",7.5304225,0.000082,"t",
"Async TX","data",7.530509,0.000082,"x",
"Async TX","data",7.530596,0.000082,"t",
"Async TX","data",7.5306825,0.000082,"=",
"Async TX","data",7.5307695,0.000082,"""",
"Async TX","data",7.530856,0.000082,"0",
"Async TX","data",7.530943,0.000082,".",
"Async TX","data",7.5310295,0.000082,"0",
"Async TX","data",7.5311165,0.000082,"0",
"Async TX","data",7.531203,0.000082,"""",
"Async TX","data",7.53129,0.000082,"ÿ",
"Async TX","data",7.5313765,0.000082,"ÿ",
"Async TX","data",7.5314635,0.000082,"ÿ",
"Async TX","data",7.535809,0.000082,"t",
"Async TX","data",7.535896,0.000082,"1",
"Async TX","data",7.5359825,0.000082,"3",
"Async TX","data",7.5360695,0.000082,".",
"Async TX","data",7.536156,0.000082,"t",
"Async TX","data",7.536243,0.000082,"x",
"Async TX","data",7.5363295,0.000082,"t",
"Async TX","data",7.5364165,0.000082,"=",
"Async TX","data",7.536503,0.000082,"""",
"Async TX","data",7.53659,0.000082,"1",
"Async TX","data",7.5366765,0.000082,"0",
"Async TX","data",7.5367635,0.000082,"""",
"Async TX","data",7.5368505,0.000082,"ÿ",
"Async TX","data",7.536937,0.000082,"ÿ",
"Async TX","data",7.537024,0.000082,"ÿ",
"Async TX","data",7.5413885,0.000082,"t",
"Async TX","data",7.5414755,0.000082,"1",
"Async TX","data",7.541562,0.000082,".",
"Async TX","data",7.541649,0.000082,"p",
"Async TX","data",7.5417355,0.000082,"c",
"Async TX","data",7.5418225,0.000082,"o",
"Async TX","data",7.541909,0.000082,"=",
"Async TX","data",7.541996,0.000082,"2",
"Async TX","data",7.542083,0.000082,"0",
"Async TX","data",7.5421695,0.000082,"2",
"Async TX","data",7.5422565,0.000082,"4",
"Async TX","data",7.542343,0.000082,"ÿ",
"Async TX","data",7.54243,0.000082,"ÿ",
"Async TX","data",7.5425165,0.000082,"ÿ",
"Async TX","data",7.5513495,0.000082,"t",
"Async TX","data",7.5514365,0.000082,"0",
"Async TX","data",7.551523,0.000082,".",
"Async TX","data",7.55161,0.000082,"t",
"Async TX","data",7.5516965,0.000082,"x",
"Async TX","data",7.5517835,0.000082,"t",
"Async TX","data",7.55187,0.000082,"=",
"Async TX","data",7.551957,0.000082,"""",
"Async TX","data",7.5520435,0.000082,"0",
"Async TX","data",7.5521305,0.000082,".",
"Async TX","data",7.552217,0.000082,"0",
"Async TX","data",7.552304,0.000082,"""",
"Async TX","data",7.5523905,0.000082,"ÿ",
"Async TX","data",7.5524775,0.000082,"ÿ",
"Async TX","data",7.552564,0.000082,"ÿ",
"Async TX","data",7.556997,0.000082,"t",
"Async TX","data",7.5570835,0.000082,"5",
"Async TX","data",7.5571705,0.000082,".",
"Async TX","data",7.557257,0.000082,"t",
"Async TX","data",7.557344,0.000082,"x",
"Async TX","data",7.557431,0.000082,"t",
"Async TX","data",7.5575175,0.000082,"=",
"Async TX","data",7.5576045,0.000082,"""",
"Async TX","data",7.557691,0.000082,"0",
"Async TX","data",7.557778,0.000082,".",
"Async TX","data",7.5578645,0.000082,"0",
"Async TX","data",7.5579515,0.000082,"""",
"Async TX","data",7.558038,0.000082,"ÿ",
"Async TX","data",7.558125,0.000082,"ÿ",
"Async TX","data",7.5582115,0.000082,"ÿ",
"Async TX","data",7.562525,0.000082,"t",
"Async TX","data",7.562612,0.000082,"4",
"Async TX","data",7.5626985,0.000082,".",
"Async TX","data",7.5627855,0.000082,"t",
"Async TX","data",7.562872,0.000082,"x",
"Async TX","data",7.562959,0.000082,"t",
"Async TX","data",7.563046,0.000082,"=",
"Async TX","data",7.5631325,0.000082,"""",
"Async TX","data",7.5632195,0.000082,"0",
"Async TX","data",7.563306,0.000082,".",
"Async TX","data",7.5633925,0.000082,"0",
"Async TX","data",7.5634795,0.000082,"""",
"Async TX","data",7.5635665,0.000082,"ÿ",
"Async TX","data",7.563653,0.000082,"ÿ",
"Async TX","data",7.56374,0.000082,"ÿ",
"Async TX","data",7.568296,0.000082,"t",
"Async TX","data",7.5683825,0.000082,"6",
"Async TX","data",7.5684695,0.000082,".",
"Async TX","data",7.568556,0.000082,"t",
"Async TX","data",7.568643,0.000082,"x",
"Async TX","data",7.5687295,0.000082,"t",
"Async TX","data",7.5688165,0.000082,"=",
"Async TX","data",7.568903,0.000082,"""",
"Async TX","data",7.56899,0.000082,"0",
"Async TX","data",7.569077,0.000082,".",
"Async TX","data",7.5691635,0.000082,"0",
"Async TX","data",7.5692505,0.000082,"""",
"Async TX","data",7.569337,0.000082,"ÿ",
"Async TX","data",7.569424,0.000082,"ÿ",
"Async TX","data",7.5695105,0.000082,"ÿ",
"Async TX","data",7.574024,0.000082,"j",
"Async TX","data",7.5741105,0.000082,"2",
"Async TX","data",7.5741975,0.000082,".",
"Async TX","data",7.574284,0.000082,"v",
"Async TX","data",7.574371,0.000082,"a",
"Async TX","data",7.574458,0.000082,"l",
"Async TX","data",7.5745445,0.000082,"=",
"Async TX","data",7.5746315,0.000082,"0",
"Async TX","data",7.574718,0.000082,"ÿ",
"Async TX","data",7.574805,0.000082,"ÿ",
"Async TX","data",7.574892,0.000082,"ÿ",
"Async TX","data",7.5796475,0.000082,"j",
"Async TX","data",7.579734,0.000082,"1",
"Async TX","data",7.579821,0.000082,".",
"Async TX","data",7.5799075,0.000082,"v",
"Async TX","data",7.5799945,0.000082,"a",
"Async TX","data",7.580081,0.000082,"l",
"Async TX","data",7.580168,0.000082,"=",
"Async TX","data",7.5802545,0.000082,"0",
"Async TX","data",7.5803415,0.000082,"ÿ",
"Async TX","data",7.580428,0.000082,"ÿ",
"Async TX","data",7.580515,0.000082,"ÿ",
"Async TX","data",7.585252,0.000082,"t",
"Async TX","data",7.585339,0.000082,"7",
"Async TX","data",7.585426,0.000082,".",
"Async TX","data",7.5855125,0.000082,"t",
"Async TX","data",7.5855995,0.000082,"x",
"Async TX","data",7.585686,0.000082,"t",
"Async TX","data",7.585773,0.000082,"=",
"Async TX","data",7.5858595,0.000082,"""",
"Async TX","data",7.5859465,0.000082,"0",
"Async TX","data",7.586033,0.000082,"%",
"Async TX","data",7.58612,0.000082,"""",
"Async TX","data",7.5862065,0.000082,"ÿ",
"Async TX","data",7.5862935,0.000082,"ÿ",
"Async TX","data",7.58638,0.000082,"ÿ",
"Async TX","data",7.5905185,0.000082,"j",
"Async TX","data",7.5906055,0.000082,"0",
"Async TX","data",7.590692,0.000082,".",
"Async TX","data",7.590779,0.000082,"p",
"Async TX","data",7.5908655,0.000082,"c",
"Async TX","data",7.5909525,0.000082,"o",
"Async TX","data",7.5910395,0.000082,"=",
"Async TX","data",7.591126,0.000082,"2",
"Async TX","data",7.591213,0.000082,"0",
"Async TX","data",7.5912995,0.000082,"1",
"Async TX","data",7.5913865,0.000082,"6",
"Async TX","data",7.591473,0.000082,"ÿ",
"Async TX","data",7.59156,0.000082,"ÿ",
"Async TX","data",7.591647,0.000082,"ÿ",
"Async TX","data",7.5917335,0.000082,"t",
"Async TX","data",7.5918205,0.000082,"2",
"Async TX","data",7.591907,0.000082,".",
"Async TX","data",7.591994,0.000082,"p",
"Async TX","data",7.592081,0.000082,"c",
"Async TX","data",7.5921675,0.000082,"o",
"Async TX","data",7.5922545,0.000082,"=",
"Async TX","data",7.592341,0.000082,"2",
"Async TX","data",7.592428,0.000082,"0",
"Async TX","data",7.5925145,0.000082,"1",
"Async TX","data",7.5926015,0.000082,"6",
"Async TX","data",7.5926885,0.000082,"ÿ",
"Async TX","data",7.592775,0.000082,"ÿ",
"Async TX","data",7.592862,0.000082,"ÿ",
"Async TX","data",7.597315,0.000082,"j",
"Async TX","data",7.5974015,0.000082,"0",
"Async TX","data",7.5974885,0.000082,".",
"Async TX","data",7.597575,0.000082,"v",
"Async TX","data",7.597662,0.000082,"a",
"Async TX","data",7.5977485,0.000082,"l",
"Async TX","data",7.5978355,0.000082,"=",
"Async TX","data",7.5979225,0.000082,"0",
"Async TX","data",7.598009,0.000082,"ÿ",
"Async TX","data",7.598096,0.000082,"ÿ",
"Async TX","data",7.5981825,0.000082,"ÿ",
"Async TX","data",7.60287,0.000082,"t",
"Async TX","data",7.6029565,0.000082,"2",
"Async TX","data",7.6030435,0.000082,".",
"Async TX","data",7.60313,0.000082,"t",
"Async TX","data",7.603217,0.000082,"x",
"Async TX","data",7.6033035,0.000082,"t",
"Async TX","data",7.6033905,0.000082,"=",
"Async TX","data",7.6034775,0.000082,"""",
"Async TX","data",7.603564,0.000082,"0",
"Async TX","data",7.603651,0.000082,".",
"Async TX","data",7.6037375,0.000082,"0",
"Async TX","data",7.6038245,0.000082,"0",
"Async TX","data",7.603911,0.000082,"""",
"Async TX","data",7.603998,0.000082,"ÿ",
"Async TX","data",7.6040845,0.000082,"ÿ",
"Async TX","data",7.6041715,0.000082,"ÿ",
"Async TX","data",7.608311,0.000082,"t",
"Async TX","data",7.608398,0.000082,"1",
"Async TX","data",7.6084845,0.000082,"3",
"Async TX","data",7.6085715,0.000082,".",
"Async TX","data",7.6086585,0.000082,"t",
"Async TX","data",7.608745,0.000082,"x",
"Async TX","data",7.608832,0.000082,"t",
"Async TX","data",7.6089185,0.000082,"=",
"Async TX","data",7.6090055,0.000082,"""",
"Async TX","data",7.6090925,0.000082,"1",
"Async TX","data",7.609179,0.000082,"0",
"Async TX","data",7.609266,0.000082,"""",
"Async TX","data",7.6093525,0.000082,"ÿ",
"Async TX","data",7.6094395,0.000082,"ÿ",
"Async TX","data",7.609526,0.000082,"ÿ",
"Async TX","data",7.614272,0.000082,"t",
"Async TX","data",7.614359,0.000082,"1",
"Async TX","data",7.6144455,0.000082,".",
"Async TX","data",7.6145325,0.000082,"p",
"Async TX","data",7.6146195,0.000082,"c",
"Async TX","data",7.614706,0.000082,"o",
"Async TX","data",7.614793,0.000082,"=",
"Async TX","data",7.6148795,0.000082,"2",
"Async TX","data",7.6149665,0.000082,"0",
"Async TX","data",7.615053,0.000082,"2",
"Async TX","data",7.61514,0.000082,"4",
"Async TX","data",7.6152265,0.000082,"ÿ",
"Async TX","data",7.6153135,0.000082,"ÿ",
"Async TX","data",7.6154005,0.000082,"ÿ",
"Async TX","data",7.6241825,0.000082,"t",
"Async TX","data",7.6242695,0.000082,"0",
"Async TX","data",7.624356,0.000082,".",
"Async TX","data",7.624443,0.000082,"t",
"Async TX","data",7.6245295,0.000082,"x",
"Async TX","data",7.6246165,0.000082,"t",
"Async TX","data",7.6247035,0.000082,"=",
"Async TX","data",7.62479,0.000082,"""",
"Async TX","data",7.624877,0.000082,"0",
"Async TX","data",7.6249635,0.000082,".",
"Async TX","data",7.6250505,0.000082,"0",
"Async TX","data",7.6251375,0.000082,"""",
"Async TX","data",7.625224,0.000082,"ÿ",
"Async TX","data",7.625311,0.000082,"ÿ",
"Async TX","data",7.6253975,0.000082,"ÿ",
"Async TX","data",7.6299625,0.000082,"t",
"Async TX","data",7.630049,0.000082,"5",
"Async TX","data",7.630136,0.000082,".",
"Async TX","data",7.6302225,0.000082,"t",
"Async TX","data",7.6303095,0.000082,"x",
"Async TX","data",7.630396,0.000082,"t",
"Async TX","data",7.630483,0.000082,"=",
"Async TX","data",7.6305695,0.000082,"""",
"Async TX","data",7.6306565,0.000082,"0",
"Async TX","data",7.630743,0.000082,".",
"Async TX","data",7.63083,0.000082,"0",
"Async TX","data",7.630917,0.000082,"""",
"Async TX","data",7.6310035,0.000082,"ÿ",
"Async TX","data",7.6310905,0.000082,"ÿ",
"Async TX","data",7.631177,0.000082,"ÿ",
"Async TX","data",7.635646,0.000082,"t",
"Async TX","data",7.6357325,0.000082,"4",
"Async TX","data",7.6358195,0.000082,".",
"Async TX","data",7.635906,0.000082,"t",
"Async TX","data",7.635993,0.000082,"x",
"Async TX","data",7.6360795,0.000082,"t",
"Async TX","data",7.6361665,0.000082,"=",
"Async TX","data",7.636253,0.000082,"""",
"Async TX","data",7.63634,0.000082,"0",
"Async TX","data",7.6364265,0.000082,".",
"Async TX","data",7.6365135,0.000082,"0",
"Async TX","data",7.6366,0.000082,"""",
"Async TX","data",7.636687,0.000082,"ÿ",
"Async TX","data",7.6367735,0.000082,"ÿ",
"Async TX","data",7.6368605,0.000082,"ÿ",
"Async TX","data",7.641468,0.000082,"t",
"Async TX","data",7.641555,0.000082,"6",
"Async TX","data",7.6416415,0.000082,".",
"Async TX","data",7.6417285,0.000082,"t",
"Async TX","data",7.6418155,0.000082,"x",
"Async TX","data",7.641902,0.000082,"t",
"Async TX","data",7.641989,0.000082,"=",
"Async TX","data",7.6420755,0.000082,"""",
"Async TX","data",7.6421625,0.000082,"0",
"Async TX","data",7.642249,0.000082,".",
"Async TX","data",7.642336,0.000082,"0",
"Async TX","data",7.6424225,0.000082,"""",
"Async TX","data",7.6425095,0.000082,"ÿ",
"Async TX","data",7.642596,0.000082,"ÿ",
"Async TX","data",7.642683,0.000082,"ÿ",
"Async TX","data",7.6468205,0.000082,"j",
"Async TX","data",7.6469075,0.000082,"2",
"Async TX","data",7.6469945,0.000082,".",
"Async TX","data",7.647081,0.000082,"v",
"Async TX","data",7.647168,0.000082,"a",
"Async TX","data",7.6472545,0.000082,"l",
"Async TX","data",7.6473415,0.000082,"=",
"Async TX","data",7.6474285,0.000082,"0",
"Async TX","data",7.647515,0.000082,"ÿ",
"Async TX","data",7.647602,0.000082,"ÿ",
"Async TX","data",7.6476885,0.000082,"ÿ",
"Async TX","data",7.652409,0.000082,"j",
"Async TX","data",7.652496,0.000082,"1",
"Async TX","data",7.652583,0.000082,".",
"Async TX","data",7.6526695,0.000082,"v",
"Async TX","data",7.6527565,0.000082,"a",
"Async TX","data",7.652843,0.000082,"l",
"Async TX","data",7.65293,0.000082,"=",
"Async TX","data",7.653017,0.000082,"0",
"Async TX","data",7.6531035,0.000082,"ÿ",
"Async TX","data",7.6531905,0.000082,"ÿ",
"Async TX","data",7.653277,0.000082,"ÿ",
"Async TX","data",7.6579375,0.000082,"t",
"Async TX","data",7.6580245,0.000082,"7",
"Async TX","data",7.658111,0.000082,".",
"Async TX","data",7.658198,0.000082,"t",
"Async TX","data",7.6582845,0.000082,"x",
"Async TX","data",7.6583715,0.000082,"t",
"Async TX","data",7.6584585,0.000082,"=",
"Async TX","data",7.658545,0.000082,"""",
"Async TX","data",7.658632,0.000082,"0",
"Async TX","data",7.6587185,0.000082,"%",
"Async TX","data",7.6588055,0.000082,"""",
"Async TX","data",7.6588925,0.000082,"ÿ",
"Async TX","data",7.658979,0.000082,"ÿ",
"Async TX","data",7.659066,0.000082,"ÿ",
"Async TX","data",7.6634845,0.000082,"j",
"Async TX","data",7.663571,0.000082,"0",
"Async TX","data",7.663658,0.000082,".",
"Async TX","data",7.6637445,0.000082,"p",
"Async TX","data",7.6638315,0.000082,"c",
"Async TX","data",7.663918,0.000082,"o",
"Async TX","data",7.664005,0.000082,"=",
"Async TX","data",7.6640915,0.000082,"2",
"Async TX","data",7.6641785,0.000082,"0",
"Async TX","data",7.664265,0.000082,"1",
"Async TX","data",7.664352,0.000082,"6",
"Async TX","data",7.664439,0.000082,"ÿ",
"Async TX","data",7.6645255,0.000082,"ÿ",
"Async TX","data",7.6646125,0.000082,"ÿ",
"Async TX","data",7.664699,0.000082,"t",
"Async TX","data",7.664786,0.000082,"2",
"Async TX","data",7.6648725,0.000082,".",
"Async TX","data",7.6649595,0.000082,"p",
"Async TX","data",7.6650465,0.000082,"c",
"Async TX","data",7.665133,0.000082,"o",
"Async TX","data",7.66522,0.000082,"=",
"Async TX","data",7.6653065,0.000082,"2",
"Async TX","data",7.6653935,0.000082,"0",
"Async TX","data",7.6654805,0.000082,"1",
"Async TX","data",7.665567,0.000082,"6",
"Async TX","data",7.665654,0.000082,"ÿ",
"Async TX","data",7.6657405,0.000082,"ÿ",
"Async TX","data",7.6658275,0.000082,"ÿ",
"Async TX","data",7.6702455,0.000082,"j",
"Async TX","data",7.6703325,0.000082,"0",
"Async TX","data",7.670419,0.000082,".",
"Async TX","data",7.670506,0.000082,"v",
"Async TX","data",7.6705925,0.000082,"a",
"Async TX","data",7.6706795,0.000082,"l",
"Async TX","data",7.670766,0.000082,"=",
"Async TX","data",7.670853,0.000082,"0",
"Async TX","data",7.6709395,0.000082,"ÿ",
"Async TX","data",7.6710265,0.000082,"ÿ",
"Async TX","data",7.6711135,0.000082,"ÿ",
"Async TX","data",7.675591,0.000082,"t",
"Async TX","data",7.675678,0.000082,"2",
"Async TX","data",7.6757645,0.000082,".",
"Async TX","data",7.6758515,0.000082,"t",
"Async TX","data",7.675938,0.000082,"x",
"Async TX","data",7.676025,0.000082,"t",
"Async TX","data",7.6761115,0.000082,"=",
"Async TX","data",7.6761985,0.000082,"""",
"Async TX","data",7.676285,0.000082,"0",
"Async TX","data",7.676372,0.000082,".",
"Async TX","data",7.6764585,0.000082,"0",
"Async TX","data",7.6765455,0.000082,"0",
"Async TX","data",7.6766325,0.000082,"""",
"Async TX","data",7.676719,0.000082,"ÿ",
"Async TX","data",7.676806,0.000082,"ÿ",
"Async TX","data",7.6768925,0.000082,"ÿ",
"Async TX","data",7.681414,0.000082,"t",
"Async TX","data",7.6815005,0.000082,"1",
"Async TX","data",7.6815875,0.000082,"3",
"Async TX","data",7.681674,0.000082,".",
"Async TX","data",7.681761,0.000082,"t",
"Async TX","data",7.681848,0.000082,"x",
"Async TX","data",7.6819345,0.000082,"t",
"Async TX","data",7.6820215,0.000082,"=",
"Async TX","data",7.682108,0.000082,"""",
"Async TX","data",7.682195,0.000082,"1",
"Async TX","data",7.682282,0.000082,"0",
"Async TX","data",7.6823685,0.000082,"""",
"Async TX","data",7.6824555,0.000082,"ÿ",
"Async TX","data",7.6825425,0.000082,"ÿ",
"Async TX","data",7.682629,0.000082,"ÿ",
"Async TX","data",7.6871255,0.000082,"t",
"Async TX","data",7.6872125,0.000082,"1",
"Async TX","data",7.6872995,0.000082,".",
"Async TX","data",7.687386,0.000082,"p",
"Async TX","data",7.687473,0.000082,"c",
"Async TX","data",7.68756,0.000082,"o",
"Async TX","data",7.6876465,0.000082,"=",
"Async TX","data",7.6877335,0.000082,"2",
"Async TX","data",7.68782,0.000082,"0",
"Async TX","data",7.687907,0.000082,"2",
"Async TX","data",7.6879935,0.000082,"4",
"Async TX","data",7.6880805,0.000082,"ÿ",
"Async TX","data",7.6881675,0.000082,"ÿ",
"Async TX","data",7.688254,0.000082,"ÿ",
"Async TX","data",7.696925,0.000082,"t",
"Async TX","data",7.697012,0.000082,"0",
"Async TX","data",7.697099,0.000082,".",
"Async TX","data",7.6971855,0.000082,"t",
"Async TX","data",7.6972725,0.000082,"x",
"Async TX","data",7.697359,0.000082,"t",
"Async TX","data",7.697446,0.000082,"=",
"Async TX","data",7.697533,0.000082,"""",
"Async TX","data",7.6976195,0.000082,"0",
"Async TX","data",7.6977065,0.000082,".",
"Async TX","data",7.6977935,0.000082,"0",
"Async TX","data",7.69788,0.000082,"""",
"Async TX","data",7.697967,0.000082,"ÿ",
"Async TX","data",7.6980535,0.000082,"ÿ",
"Async TX","data",7.6981405,0.000082,"ÿ",
"Async TX","data",7.7025755,0.000082,"t",
"Async TX","data",7.7026625,0.000082,"5",
"Async TX","data",7.7027495,0.000082,".",
"Async TX","data",7.702836,0.000082,"t",
"Async TX","data",7.702923,0.000082,"x",
"Async TX","data",7.7030095,0.000082,"t",
"Async TX","data",7.7030965,0.000082,"=",
"Async TX","data",7.703183,0.000082,"""",
"Async TX","data",7.70327,0.000082,"0",
"Async TX","data",7.7033565,0.000082,".",
"Async TX","data",7.7034435,0.000082,"0",
"Async TX","data",7.70353,0.000082,"""",
"Async TX","data",7.703617,0.000082,"ÿ",
"Async TX","data",7.7037035,0.000082,"ÿ",
"Async TX","data",7.7037905,0.000082,"ÿ",
"Async TX","data",7.708347,0.000082,"t",
"Async TX","data",7.7084335,0.000082,"4",
"Async TX","data",7.7085205,0.000082,".",
"Async TX","data",7.708607,0.000082,"t",
"Async TX","data",7.708694,0.000082,"x",
"Async TX","data",7.708781,0.000082,"t",
"Async TX","data",7.7088675,0.000082,"=",
"Async TX","data",7.7089545,0.000082,"""",
"Async TX","data",7.709041,0.000082,"0",
"Async TX","data",7.709128,0.000082,".",
"Async TX","data",7.7092145,0.000082,"0",
"Async TX","data",7.7093015,0.000082,"""",
"Async TX","data",7.709388,0.000082,"ÿ",
"Async TX","data",7.709475,0.000082,"ÿ",
"Async TX","data",7.709562,0.000082,"ÿ",
"Async TX","data",7.714085,0.000082,"t",
"Async TX","data",7.7141715,0.000082,"6",
"Async TX","data",7.7142585,0.000082,".",
"Async TX","data",7.714345,0.000082,"t",
"Async TX","data",7.714432,0.000082,"x",
"Async TX","data",7.714519,0.000082,"t",
"Async TX","data",7.7146055,0.000082,"=",
"Async TX","data",7.7146925,0.000082,"""",
"Async TX","data",7.714779,0.000082,"0",
"Async TX","data",7.714866,0.000082,".",
"Async TX","data",7.714953,0.000082,"0",
"Async TX","data",7.7150395,0.000082,"""",
"Async TX","data",7.7151265,0.000082,"ÿ",
"Async TX","data",7.7152135,0.000082,"ÿ",
"Async TX","data",7.7153,0.000082,"ÿ",
"Async TX","data",7.7198835,0.000082,"j",
"Async TX","data",7.7199705,0.000082,"2",
"Async TX","data",7.720057,0.000082,".",
"Async TX","data",7.720144,0.000082,"v",
"Async TX","data",7.720231,0.000082,"a",
"Async TX","data",7.7203175,0.000082,"l",
"Async TX","data",7.7204045,0.000082,"=",
"Async TX","data",7.720491,0.000082,"0",
"Async TX","data",7.720578,0.000082,"ÿ",
"Async TX","data",7.720665,0.000082,"ÿ",
"Async TX","data",7.7207515,0.000082,"ÿ",
"Async TX","data",7.7250565,0.000082,"j",
"Async TX","data",7.7251435,0.000082,"1",
"Async TX","data",7.72523,0.000082,".",
"Async TX","data",7.725317,0.000082,"v",
"Async TX","data",7.725404,0.000082,"a",
"Async TX","data",7.7254905,0.000082,"l",
"Async TX","data",7.7255775,0.000082,"=",
"Async TX","data",7.7256645,0.000082,"0",
"Async TX","data",7.725751,0.000082,"ÿ",
"Async TX","data",7.725838,0.000082,"ÿ",
"Async TX","data",7.7259245,0.000082,"ÿ",
"Async TX","data",7.7305775,0.000082,"t",
"Async TX","data",7.730664,0.000082,"7",
"Async TX","data",7.730751,0.000082,".",
"Async TX","data",7.730838,0.000082,"t",
"Async TX","data",7.7309245,0.000082,"x",
"Async TX","data",7.7310115,0.000082,"t",
"Async TX","data",7.731098,0.000082,"=",
"Async TX","data",7.731185,0.000082,"""",
"Async TX","data",7.731272,0.000082,"0",
"Async TX","data",7.7313585,0.000082,"%",
"Async TX","data",7.7314455,0.000082,"""",
"Async TX","data",7.731532,0.000082,"ÿ",
"Async TX","data",7.731619,0.000082,"ÿ",
"Async TX","data",7.7317055,0.000082,"ÿ",
"Async TX","data",7.7364705,0.000082,"j",
"Async TX","data",7.7365575,0.000082,"0",
"Async TX","data",7.7366445,0.000082,".",
"Async TX","data",7.736731,0.000082,"p",
"Async TX","data",7.736818,0.000082,"c",
"Async TX","data",7.7369045,0.000082,"o",
"Async TX","data",7.7369915,0.000082,"=",
"Async TX","data",7.7370785,0.000082,"2",
"Async TX","data",7.737165,0.000082,"0",
"Async TX","data",7.737252,0.000082,"1",
"Async TX","data",7.7373385,0.000082,"6",
"Async TX","data",7.7374255,0.000082,"ÿ",
"Async TX","data",7.737512,0.000082,"ÿ",
"Async TX","data",7.737599,0.000082,"ÿ",
"Async TX","data",7.737686,0.000082,"t",
"Async TX","data",7.7377725,0.000082,"2",
"Async TX","data",7.7378595,0.000082,".",
"Async TX","data",7.737946,0.000082,"p",
"Async TX","data",7.738033,0.000082,"c",
"Async TX","data",7.7381195,0.000082,"o",
"Async TX","data",7.7382065,0.000082,"=",
"Async TX","data",7.7382935,0.000082,"2",
"Async TX","data",7.73838,0.000082,"0",
"Async TX","data",7.738467,0.000082,"1",
"Async TX","data",7.738554,0.000082,"6",
"Async TX","data",7.7386405,0.000082,"ÿ",
"Async TX","data",7.7387275,0.000082,"ÿ",
"Async TX","data",7.738814,0.000082,"ÿ",
"Async TX","data",7.743761,0.000082,"j",
"Async TX","data",7.7438475,0.000082,"0",
"Async TX","data",7.7439345,0.000082,".",
"Async TX","data",7.744021,0.000082,"v",
"Async TX","data",7.744108,0.000082,"a",
"Async TX","data",7.7441945,0.000082,"l",
"Async TX","data",7.7442815,0.000082,"=",
"Async TX","data",7.744368,0.000082,"0",
"Async TX","data",7.744455,0.000082,"ÿ",
"Async TX","data",7.7445415,0.000082,"ÿ",
"Async TX","data",7.7446285,0.000082,"ÿ",
"Async TX","data",7.7490985,0.000082,"t",
"Async TX","data",7.749185,0.000082,"2",
"Async TX","data",7.749272,0.000082,".",
"Async TX","data",7.749359,0.000082,"t",
"Async TX","data",7.7494455,0.000082,"x",
"Async TX","data",7.7495325,0.000082,"t",
"Async TX","data",7.7496195,0.000082,"=",
"Async TX","data",7.749706,0.000082,"""",
"Async TX","data",7.749793,0.000082,"0",
"Async TX","data",7.7498795,0.000082,".",
"Async TX","data",7.7499665,0.000082,"0",
"Async TX","data",7.7500535,0.000082,"0",
"Async TX","data",7.75014,0.000082,"""",
"Async TX","data",7.750227,0.000082,"ÿ",
"Async TX","data",7.750314,0.000082,"ÿ",
"Async TX","data",7.7504005,0.000082,"ÿ",
"Async TX","data",7.755001,0.000082,"t",
"Async TX","data",7.7550875,0.000082,"1",
"Async TX","data",7.7551745,0.000082,"3",
"Async TX","data",7.755261,0.000082,".",
"Async TX","data",7.755348,0.000082,"t",
"Async TX","data",7.755435,0.000082,"x",
"Async TX","data",7.7555215,0.000082,"t",
"Async TX","data",7.7556085,0.000082,"=",
"Async TX","data",7.7556955,0.000082,"""",
"Async TX","data",7.755782,0.000082,"1",
"Async TX","data",7.755869,0.000082,"0",
"Async TX","data",7.755956,0.000082,"""",
"Async TX","data",7.7560425,0.000082,"ÿ",
"Async TX","data",7.7561295,0.000082,"ÿ",
"Async TX","data",7.7562165,0.000082,"ÿ",
"Async TX","data",7.760843,0.000082,"t",
"Async TX","data",7.76093,0.000082,"1",
"Async TX","data",7.7610165,0.000082,".",
"Async TX","data",7.7611035,0.000082,"p",
"Async TX","data",7.76119,0.000082,"c",
"Async TX","data",7.761277,0.000082,"o",
"Async TX","data",7.761364,0.000082,"=",
"Async TX","data",7.7614505,0.000082,"2",
"Async TX","data",7.7615375,0.000082,"0",
"Async TX","data",7.761624,0.000082,"2",
"Async TX","data",7.761711,0.000082,"4",
"Async TX","data",7.7617975,0.000082,"ÿ",
"Async TX","data",7.7618845,0.000082,"ÿ",
"Async TX","data",7.761971,0.000082,"ÿ",
"Async TX","data",7.770616,0.000082,"t",
"Async TX","data",7.770703,0.000082,"0",
"Async TX","data",7.7707895,0.000082,".",
"Async TX","data",7.7708765,0.000082,"t",
"Async TX","data",7.7709635,0.000082,"x",
"Async TX","data",7.77105,0.000082,"t",
"Async TX","data",7.771137,0.000082,"=",
"Async TX","data",7.7712235,0.000082,"""",
"Async TX","data",7.7713105,0.000082,"0",
"Async TX","data",7.7713975,0.000082,".",
"Async TX","data",7.771484,0.000082,"0",
"Async TX","data",7.771571,0.000082,"""",
"Async TX","data",7.7716575,0.000082,"ÿ",
"Async TX","data",7.7717445,0.000082,"ÿ",
"Async TX","data",7.7718315,0.000082,"ÿ",
"Async TX","data",7.7764755,0.000082,"t",
"Async TX","data",7.7765625,0.000082,"5",
"Async TX","data",7.7766495,0.000082,".",
"Async TX","data",7.776736,0.000082,"t",
"Async TX","data",7.776823,0.000082,"x",
"Async TX","data",7.7769095,0.000082,"t",
"Async TX","data",7.7769965,0.000082,"=",
"Async TX","data",7.7770835,0.000082,"""",
"Async TX","data",7.77717,0.000082,"0",
"Async TX","data",7.777257,0.000082,".",
"Async TX","data",7.777344,0.000082,"0",
"Async TX","data",7.7774305,0.000082,"""",
"Async TX","data",7.7775175,0.000082,"ÿ",
"Async TX","data",7.777604,0.000082,"ÿ",
"Async TX","data",7.777691,0.000082,"ÿ",
"Async TX","data",7.7824645,0.000082,"t",
"Async TX","data",7.782551,0.000082,"4",
"Async TX","data",7.782638,0.000082,".",
"Async TX","data",7.782725,0.000082,"t",
"Async TX","data",7.7828115,0.000082,"x",
"Async TX","data",7.7828985,0.000082,"t",
"Async TX","data",7.7829855,0.000082,"=",
"Async TX","data",7.783072,0.000082,"""",
"Async TX","data",7.783159,0.000082,"0",
"Async TX","data",7.7832455,0.000082,".",
"Async TX","data",7.7833325,0.000082,"0",
"Async TX","data",7.7834195,0.000082,"""",
"Async TX","data",7.783506,0.000082,"ÿ",
"Async TX","data",7.783593,0.000082,"ÿ",
"Async TX","data",7.7836795,0.000082,"ÿ",
"Async TX","data",7.7881775,0.000082,"t",
"Async TX","data",7.788264,0.000082,"6",
"Async TX","data",7.788351,0.000082,".",
"Async TX","data",7.7884375,0.000082,"t",
"Async TX","data",7.7885245,0.000082,"x",
"Async TX","data",7.7886115,0.000082,"t",
"Async TX","data",7.788698,0.000082,"=",
"Async TX","data",7.788785,0.000082,"""",
"Async TX","data",7.788872,0.000082,"0",
"Async TX","data",7.7889585,0.000082,".",
"Async TX","data",7.7890455,0.000082,"0",
"Async TX","data",7.7891325,0.000082,"""",
"Async TX","data",7.789219,0.000082,"ÿ",
"Async TX","data",7.789306,0.000082,"ÿ",
"Async TX","data",7.789393,0.000082,"ÿ",
"Async TX","data",7.7938905,0.000082,"j",
"Async TX","data",7.7939775,0.000082,"2",
"Async TX","data",7.794064,0.000082,".",
"Async TX","data",7.794151,0.000082,"v",
"Async TX","data",7.794238,0.000082,"a",
"Async TX","data",7.7943245,0.000082,"l",
"Async TX","data",7.7944115,0.000082,"=",
"Async TX","data",7.7944985,0.000082,"0",
"Async TX","data",7.794585,0.000082,"ÿ",
"Async TX","data",7.794672,0.000082,"ÿ",
"Async TX","data",7.7947585,0.000082,"ÿ",
"Async TX","data",7.7990125,0.000082,"j",
"Async TX","data",7.799099,0.000082,"1",
"Async TX","data",7.799186,0.000082,".",
"Async TX","data",7.799273,0.000082,"v",
"Async TX","data",7.7993595,0.000082,"a",
"Async TX","data",7.7994465,0.000082,"l",
"Async TX","data",7.799533,0.000082,"=",
"Async TX","data",7.79962,0.000082,"0",
"Async TX","data",7.799707,0.000082,"ÿ",
"Async TX","data",7.7997935,0.000082,"ÿ",
"Async TX","data",7.7998805,0.000082,"ÿ",
"Async TX","data",7.804584,0.000082,"t",
"Async TX","data",7.804671,0.000082,"7",
"Async TX","data",7.804758,0.000082,".",
"Async TX","data",7.8048445,0.000082,"t",
"Async TX","data",7.8049315,0.000082,"x",
"Async TX","data",7.805018,0.000082,"t",
"Async TX","data",7.805105,0.000082,"=",
"Async TX","data",7.8051915,0.000082,"""",
"Async TX","data",7.8052785,0.000082,"0",
"Async TX","data",7.8053655,0.000082,"%",
"Async TX","data",7.805452,0.000082,"""",
"Async TX","data",7.805539,0.000082,"ÿ",
"Async TX","data",7.8056255,0.000082,"ÿ",
"Async TX","data",7.8057125,0.000082,"ÿ",
"Async TX","data",7.8103385,0.000082,"j",
"Async TX","data",7.810425,0.000082,"0",
"Async TX","data",7.810512,0.000082,".",
"Async TX","data",7.8105985,0.000082,"p",
"Async TX","data",7.8106855,0.000082,"c",
"Async TX","data",7.810772,0.000082,"o",
"Async TX","data",7.810859,0.000082,"=",
"Async TX","data",7.8109455,0.000082,"2",
"Async TX","data",7.8110325,0.000082,"0",
"Async TX","data",7.811119,0.000082,"1",
"Async TX","data",7.811206,0.000082,"6",
"Async TX","data",7.811293,0.000082,"ÿ",
"Async TX","data",7.8113795,0.000082,"ÿ",
"Async TX","data",7.8114665,0.000082,"ÿ",
"Async TX","data",7.811553,0.000082,"t",
"Async TX","data",7.81164,0.000082,"2",
"Async TX","data",7.8117265,0.000082,".",
"Async TX","data",7.8118135,0.000082,"p",
"Async TX","data",7.8119,0.000082,"c",
"Async TX","data",7.811987,0.000082,"o",
"Async TX","data",7.812074,0.000082,"=",
"Async TX","data",7.8121605,0.000082,"2",
"Async TX","data",7.8122475,0.000082,"0",
"Async TX","data",7.812334,0.000082,"1",
"Async TX","data",7.812421,0.000082,"6",
"Async TX","data",7.8125075,0.000082,"ÿ",
"Async TX","data",7.8125945,0.000082,"ÿ",
"Async TX","data",7.812681,0.000082,"ÿ",
"Async TX","data",7.8172725,0.000082,"j",
"Async TX","data",7.8173595,0.000082,"0",
"Async TX","data",7.817446,0.000082,".",
"Async TX","data",7.817533,0.000082,"v",
"Async TX","data",7.8176195,0.000082,"a",
"Async TX","data",7.8177065,0.000082,"l",
"Async TX","data",7.8177935,0.000082,"=",
"Async TX","data",7.81788,0.000082,"0",
"Async TX","data",7.817967,0.000082,"ÿ",
"Async TX","data",7.8180535,0.000082,"ÿ",
"Async TX","data",7.8181405,0.000082,"ÿ",
"Async TX","data",7.822611,0.000082,"t",
"Async TX","data",7.8226975,0.000082,"2",
"Async TX","data",7.8227845,0.000082,".",
"Async TX","data",7.8228715,0.000082,"t",
"Async TX","data",7.822958,0.000082,"x",
"Async TX","data",7.823045,0.000082,"t",
"Async TX","data",7.8231315,0.000082,"=",
"Async TX","data",7.8232185,0.000082,"""",
"Async TX","data",7.8233055,0.000082,"0",
"Async TX","data",7.823392,0.000082,".",
"Async TX","data",7.823479,0.000082,"0",
"Async TX","data",7.8235655,0.000082,"0",
"Async TX","data",7.8236525,0.000082,"""",
"Async TX","data",7.8237395,0.000082,"ÿ",
"Async TX","data",7.823826,0.000082,"ÿ",
"Async TX","data",7.823913,0.000082,"ÿ",
"Async TX","data",7.8284695,0.000082,"t",
"Async TX","data",7.8285565,0.000082,"1",
"Async TX","data",7.828643,0.000082,"3",
"Async TX","data",7.82873,0.000082,".",
"Async TX","data",7.828817,0.000082,"t",
"Async TX","data",7.8289035,0.000082,"x",
"Async TX","data",7.8289905,0.000082,"t",
"Async TX","data",7.8290775,0.000082,"=",
"Async TX","data",7.829164,0.000082,"""",
"Async TX","data",7.829251,0.000082,"1",
"Async TX","data",7.8293375,0.000082,"0",
"Async TX","data",7.8294245,0.000082,"""",
"Async TX","data",7.8295115,0.000082,"ÿ",
"Async TX","data",7.829598,0.000082,"ÿ",
"Async TX","data",7.829685,0.000082,"ÿ",
"Async TX","data",7.8341545,0.000082,"t",
"Async TX","data",7.8342415,0.000082,"1",
"Async TX","data",7.834328,0.000082,".",
"Async TX","data",7.834415,0.000082,"p",
"Async TX","data",7.8345015,0.000082,"c",
"Async TX","data",7.8345885,0.000082,"o",
"Async TX","data",7.8346755,0.000082,"=",
"Async TX","data",7.834762,0.000082,"2",
"Async TX","data",7.834849,0.000082,"0",
"Async TX","data",7.834936,0.000082,"2",
"Async TX","data",7.8350225,0.000082,"4",
"Async TX","data",7.8351095,0.000082,"ÿ",
"Async TX","data",7.835196,0.000082,"ÿ",
"Async TX","data",7.835283,0.000082,"ÿ",
"Async TX","data",7.84436,0.000082,"t",
"Async TX","data",7.8444465,0.000082,"0",
"Async TX","data",7.8445335,0.000082,".",
"Async TX","data",7.84462,0.000082,"t",
"Async TX","data",7.844707,0.000082,"x",
"Async TX","data",7.8447935,0.000082,"t",
"Async TX","data",7.8448805,0.000082,"=",
"Async TX","data",7.844967,0.000082,"""",
"Async TX","data",7.845054,0.000082,"0",
"Async TX","data",7.8451405,0.000082,".",
"Async TX","data",7.8452275,0.000082,"0",
"Async TX","data",7.8453145,0.000082,"""",
"Async TX","data",7.845401,0.000082,"ÿ",
"Async TX","data",7.845488,0.000082,"ÿ",
"Async TX","data",7.8455745,0.000082,"ÿ",
"Async TX","data",7.8501825,0.000082,"t",
"Async TX","data",7.8502695,0.000082,"5",
"Async TX","data",7.850356,0.000082,".",
"Async TX","data",7.850443,0.000082,"t",
"Async TX","data",7.85053,0.000082,"x",
"Async TX","data",7.8506165,0.000082,"t",
"Async TX","data",7.8507035,0.000082,"=",
"Async TX","data",7.85079,0.000082,"""",
"Async TX","data",7.850877,0.000082,"0",
"Async TX","data",7.8509635,0.000082,".",
"Async TX","data",7.8510505,0.000082,"0",
"Async TX","data",7.851137,0.000082,"""",
"Async TX","data",7.851224,0.000082,"ÿ",
"Async TX","data",7.8513105,0.000082,"ÿ",
"Async TX","data",7.8513975,0.000082,"ÿ",
"Async TX","data",7.8560665,0.000082,"t",
"Async TX","data",7.8561535,0.000082,"4",
"Async TX","data",7.85624,0.000082,".",
"Async TX","data",7.856327,0.000082,"t",
"Async TX","data",7.856414,0.000082,"x",
"Async TX","data",7.8565005,0.000082,"t",
"Async TX","data",7.8565875,0.000082,"=",
"Async TX","data",7.8566745,0.000082,"""",
"Async TX","data",7.856761,0.000082,"0",
"Async TX","data",7.856848,0.000082,".",
"Async TX","data",7.8569345,0.000082,"0",
"Async TX","data",7.8570215,0.000082,"""",
"Async TX","data",7.857108,0.000082,"ÿ",
"Async TX","data",7.857195,0.000082,"ÿ",
"Async TX","data",7.857282,0.000082,"ÿ",
"Async TX","data",7.861552,0.000082,"t",
"Async TX","data",7.861639,0.000082,"6",
"Async TX","data",7.8617255,0.000082,".",
"Async TX","data",7.8618125,0.000082,"t",
"Async TX","data",7.8618995,0.000082,"x",
"Async TX","data",7.861986,0.000082,"t",
"Async TX","data",7.862073,0.000082,"=",
"Async TX","data",7.86216,0.000082,"""",
"Async TX","data",7.8622465,0.000082,"0",
"Async TX","data",7.8623335,0.000082,".",
"Async TX","data",7.86242,0.000082,"0",
"Async TX","data",7.862507,0.000082,"""",
"Async TX","data",7.862594,0.000082,"ÿ",
"Async TX","data",7.8626805,0.000082,"ÿ",
"Async TX","data",7.8627675,0.000082,"ÿ",
"Async TX","data",7.867211,0.000082,"j",
"Async TX","data",7.867298,0.000082,"2",
"Async TX","data",7.867385,0.000082,".",
"Async TX","data",7.8674715,0.000082,"v",
"Async TX","data",7.8675585,0.000082,"a",
"Async TX","data",7.867645,0.000082,"l",
"Async TX","data",7.867732,0.000082,"=",
"Async TX","data",7.8678185,0.000082,"0",
"Async TX","data",7.8679055,0.000082,"ÿ",
"Async TX","data",7.8679925,0.000082,"ÿ",
"Async TX","data",7.868079,0.000082,"ÿ",
"Async TX","data",7.8725665,0.000082,"j",
"Async TX","data",7.8726535,0.000082,"1",
"Async TX","data",7.87274,0.000082,".",
"Async TX","data",7.872827,0.000082,"v",
"Async TX","data",7.8729135,0.000082,"a",
"Async TX","data",7.8730005,0.000082,"l",
"Async TX","data",7.8730875,0.000082,"=",
"Async TX","data",7.873174,0.000082,"0",
"Async TX","data",7.873261,0.000082,"ÿ",
"Async TX","data",7.873348,0.000082,"ÿ",
"Async TX","data",7.8734345,0.000082,"ÿ",
"Async TX","data",7.878036,0.000082,"t",
"Async TX","data",7.8781225,0.000082,"7",
"Async TX","data",7.8782095,0.000082,".",
"Async TX","data",7.878296,0.000082,"t",
"Async TX","data",7.878383,0.000082,"x",
"Async TX","data",7.87847,0.000082,"t",
"Async TX","data",7.8785565,0.000082,"=",
"Async TX","data",7.8786435,0.000082,"""",
"Async TX","data",7.8787305,0.000082,"0",
"Async TX","data",7.878817,0.000082,"%",
"Async TX","data",7.878904,0.000082,"""",
"Async TX","data",7.8789905,0.000082,"ÿ",
"Async TX","data",7.8790775,0.000082,"ÿ",
"Async TX","data",7.879164,0.000082,"ÿ",
"Async TX","data",7.883721,0.000082,"j",
"Async TX","data",7.8838075,0.000082,"0",
"Async TX","data",7.8838945,0.000082,".",
"Async TX","data",7.883981,0.000082,"p",
"Async TX","data",7.884068,0.000082,"c",
"Async TX","data",7.8841545,0.000082,"o",
"Async TX","data",7.8842415,0.000082,"=",
"Async TX","data",7.884328,0.000082,"2",
"Async TX","data",7.884415,0.000082,"0",
"Async TX","data",7.884502,0.000082,"1",
"Async TX","data",7.8845885,0.000082,"6",
"Async TX","data",7.8846755,0.000082,"ÿ",
"Async TX","data",7.884762,0.000082,"ÿ",
"Async TX","data",7.884849,0.000082,"ÿ",
"Async TX","data",7.8849355,0.000082,"t",
"Async TX","data",7.8850225,0.000082,"2",
"Async TX","data",7.885109,0.000082,".",
"Async TX","data",7.885196,0.000082,"p",
"Async TX","data",7.8852825,0.000082,"c",
"Async TX","data",7.8853695,0.000082,"o",
"Async TX","data",7.885456,0.000082,"=",
"Async TX","data",7.885543,0.000082,"2",
"Async TX","data",7.88563,0.000082,"0",
"Async TX","data",7.8857165,0.000082,"1",
"Async TX","data",7.8858035,0.000082,"6",
"Async TX","data",7.88589,0.000082,"ÿ",
"Async TX","data",7.885977,0.000082,"ÿ",
"Async TX","data",7.8860635,0.000082,"ÿ",
"Async TX","data",7.8906115,0.000082,"j",
"Async TX","data",7.8906985,0.000082,"0",
"Async TX","data",7.8907855,0.000082,".",
"Async TX","data",7.890872,0.000082,"v",
"Async TX","data",7.890959,0.000082,"a",
"Async TX","data",7.8910455,0.000082,"l",
"Async TX","data",7.8911325,0.000082,"=",
"Async TX","data",7.891219,0.000082,"0",
"Async TX","data",7.891306,0.000082,"ÿ",
"Async TX","data",7.8913925,0.000082,"ÿ",
"Async TX","data",7.8914795,0.000082,"ÿ",
"Async TX","data",7.896598,0.000082,"t",
"Async TX","data",7.8966845,0.000082,"2",
"Async TX","data",7.8967715,0.000082,".",
"Async TX","data",7.896858,0.000082,"t",
"Async TX","data",7.896945,0.000082,"x",
"Async TX","data",7.8970315,0.000082,"t",
"Async TX","data",7.8971185,0.000082,"=",
"Async TX","data",7.897205,0.000082,"""",
"Async TX","data",7.897292,0.000082,"0",
"Async TX","data",7.897379,0.000082,".",
"Async TX","data",7.8974655,0.000082,"0",
"Async TX","data",7.8975525,0.000082,"0",
"Async TX","data",7.897639,0.000082,"""",
"Async TX","data",7.897726,0.000082,"ÿ",
"Async TX","data",7.8978125,0.000082,"ÿ",
"Async TX","data",7.8978995,0.000082,"ÿ",
"Async TX","data",7.902169,0.000082,"t",
"Async TX","data",7.902256,0.000082,"1",
"Async TX","data",7.902343,0.000082,"3",
"Async TX","data",7.9024295,0.000082,".",
"Async TX","data",7.9025165,0.000082,"t",
"Async TX","data",7.902603,0.000082,"x",
"Async TX","data",7.90269,0.000082,"t",
"Async TX","data",7.902777,0.000082,"=",
"Async TX","data",7.9028635,0.000082,"""",
"Async TX","data",7.9029505,0.000082,"1",
"Async TX","data",7.903037,0.000082,"0",
"Async TX","data",7.903124,0.000082,"""",
"Async TX","data",7.9032105,0.000082,"ÿ",
"Async TX","data",7.9032975,0.000082,"ÿ",
"Async TX","data",7.9033845,0.000082,"ÿ",
"Async TX","data",7.9078465,0.000082,"t",
"Async TX","data",7.907933,0.000082,"1",
"Async TX","data",7.90802,0.000082,".",
"Async TX","data",7.908107,0.000082,"p",
"Async TX","data",7.9081935,0.000082,"c",
"Async TX","data",7.9082805,0.000082,"o",
"Async TX","data",7.908367,0.000082,"=",
"Async TX","data",7.908454,0.000082,"2",
"Async TX","data",7.9085405,0.000082,"0",
"Async TX","data",7.9086275,0.000082,"2",
"Async TX","data",7.9087145,0.000082,"4",
"Async TX","data",7.908801,0.000082,"ÿ",
"Async TX","data",7.908888,0.000082,"ÿ",
"Async TX","data",7.9089745,0.000082,"ÿ",
"Async TX","data",7.918304,0.000082,"t",
"Async TX","data",7.918391,0.000082,"0",
"Async TX","data",7.918478,0.000082,".",
"Async TX","data",7.9185645,0.000082,"t",
"Async TX","data",7.9186515,0.000082,"x",
"Async TX","data",7.918738,0.000082,"t",
"Async TX","data",7.918825,0.000082,"=",
"Async TX","data",7.9189115,0.000082,"""",
"Async TX","data",7.9189985,0.000082,"0",
"Async TX","data",7.919085,0.000082,".",
"Async TX","data",7.919172,0.000082,"0",
"Async TX","data",7.9192585,0.000082,"""",
"Async TX","data",7.9193455,0.000082,"ÿ",
"Async TX","data",7.9194325,0.000082,"ÿ",
"Async TX","data",7.919519,0.000082,"ÿ",
"Async TX","data",7.9238935,0.000082,"t",
"Async TX","data",7.92398,0.000082,"5",
"Async TX","data",7.924067,0.000082,".",
"Async TX","data",7.9241535,0.000082,"t",
"Async TX","data",7.9242405,0.000082,"x",
"Async TX","data",7.9243275,0.000082,"t",
"Async TX","data",7.924414,0.000082,"=",
"Async TX","data",7.924501,0.000082,"""",
"Async TX","data",7.9245875,0.000082,"0",
"Async TX","data",7.9246745,0.000082,".",
"Async TX","data",7.924761,0.000082,"0",
"Async TX","data",7.924848,0.000082,"""",
"Async TX","data",7.924935,0.000082,"ÿ",
"Async TX","data",7.9250215,0.000082,"ÿ",
"Async TX","data",7.9251085,0.000082,"ÿ",
"Async TX","data",7.9295525,0.000082,"t",
"Async TX","data",7.9296395,0.000082,"4",
"Async TX","data",7.929726,0.000082,".",
"Async TX","data",7.929813,0.000082,"t",
"Async TX","data",7.9299,0.000082,"x",
"Async TX","data",7.9299865,0.000082,"t",
"Async TX","data",7.9300735,0.000082,"=",
"Async TX","data",7.9301605,0.000082,"""",
"Async TX","data",7.930247,0.000082,"0",
"Async TX","data",7.930334,0.000082,".",
"Async TX","data",7.930421,0.000082,"0",
"Async TX","data",7.9305075,0.000082,"""",
"Async TX","data",7.9305945,0.000082,"ÿ",
"Async TX","data",7.930681,0.000082,"ÿ",
"Async TX","data",7.930768,0.000082,"ÿ",
"Async TX","data",7.9354975,0.000082,"t",
"Async TX","data",7.9355845,0.000082,"6",
"Async TX","data",7.935671,0.000082,".",
"Async TX","data",7.935758,0.000082,"t",
"Async TX","data",7.9358445,0.000082,"x",
"Async TX","data",7.9359315,0.000082,"t",
"Async TX","data",7.936018,0.000082,"=",
"Async TX","data",7.936105,0.000082,"""",
"Async TX","data",7.9361915,0.000082,"0",
"Async TX","data",7.9362785,0.000082,".",
"Async TX","data",7.9363655,0.000082,"0",
"Async TX","data",7.936452,0.000082,"""",
"Async TX","data",7.936539,0.000082,"ÿ",
"Async TX","data",7.9366255,0.000082,"ÿ",
"Async TX","data",7.9367125,0.000082,"ÿ",
"Async TX","data",7.940799,0.000082,"j",
"Async TX","data",7.9408855,0.000082,"2",
"Async TX","data",7.9409725,0.000082,".",
"Async TX","data",7.9410595,0.000082,"v",
"Async TX","data",7.941146,0.000082,"a",
"Async TX","data",7.941233,0.000082,"l",
"Async TX","data",7.9413195,0.000082,"=",
"Async TX","data",7.9414065,0.000082,"0",
"Async TX","data",7.941493,0.000082,"ÿ",
"Async TX","data",7.94158,0.000082,"ÿ",
"Async TX","data",7.941667,0.000082,"ÿ",
"Async TX","data",7.9462395,0.000082,"j",
"Async TX","data",7.946326,0.000082,"1",
"Async TX","data",7.946413,0.000082,".",
"Async TX","data",7.9465,0.000082,"v",
"Async TX","data",7.9465865,0.000082,"a",
"Async TX","data",7.9466735,0.000082,"l",
"Async TX","data",7.94676,0.000082,"=",
"Async TX","data",7.946847,0.000082,"0",
"Async TX","data",7.946934,0.000082,"ÿ",
"Async TX","data",7.9470205,0.000082,"ÿ",
"Async TX","data",7.9471075,0.000082,"ÿ",
"Async TX","data",7.9516815,0.000082,"t",
"Async TX","data",7.9517685,0.000082,"7",
"Async TX","data",7.951855,0.000082,".",
"Async TX","data",7.951942,0.000082,"t",
"Async TX","data",7.952029,0.000082,"x",
"Async TX","data",7.9521155,0.000082,"t",
"Async TX","data",7.9522025,0.000082,"=",
"Async TX","data",7.952289,0.000082,"""",
"Async TX","data",7.952376,0.000082,"0",
"Async TX","data",7.952463,0.000082,"%",
"Async TX","data",7.9525495,0.000082,"""",
"Async TX","data",7.9526365,0.000082,"ÿ",
"Async TX","data",7.9527235,0.000082,"ÿ",
"Async TX","data",7.95281,0.000082,"ÿ",
"Async TX","data",7.957281,0.000082,"j",
"Async TX","data",7.957368,0.000082,"0",
"Async TX","data",7.9574545,0.000082,".",
"Async TX","data",7.9575415,0.000082,"p",
"Async TX","data",7.957628,0.000082,"c",
"Async TX","data",7.957715,0.000082,"o",
"Async TX","data",7.957802,0.000082,"=",
"Async TX","data",7.9578885,0.000082,"2",
"Async TX","data",7.9579755,0.000082,"0",
"Async TX","data",7.958062,0.000082,"1",
"Async TX","data",7.958149,0.000082,"6",
"Async TX","data",7.958236,0.000082,"ÿ",
"Async TX","data",7.9583225,0.000082,"ÿ",
"Async TX","data",7.9584095,0.000082,"ÿ",
"Async TX","data",7.9584965,0.000082,"t",
"Async TX","data",7.958583,0.000082,"2",
"Async TX","data",7.95867,0.000082,".",
"Async TX","data",7.9587565,0.000082,"p",
"Async TX","data",7.9588435,0.000082,"c",
"Async TX","data",7.9589305,0.000082,"o",
"Async TX","data",7.959017,0.000082,"=",
"Async TX","data",7.959104,0.000082,"2",
"Async TX","data",7.959191,0.000082,"0",
"Async TX","data",7.9592775,0.000082,"1",
"Async TX","data",7.9593645,0.000082,"6",
"Async TX","data",7.959451,0.000082,"ÿ",
"Async TX","data",7.959538,0.000082,"ÿ",
"Async TX","data",7.959625,0.000082,"ÿ",
"Async TX","data",7.9641635,0.000082,"j",
"Async TX","data",7.9642505,0.000082,"0",
"Async TX","data",7.964337,0.000082,".",
"Async TX","data",7.964424,0.000082,"v",
"Async TX","data",7.964511,0.000082,"a",
"Async TX","data",7.9645975,0.000082,"l",
"Async TX","data",7.9646845,0.000082,"=",
"Async TX","data",7.964771,0.000082,"0",
"Async TX","data",7.964858,0.000082,"ÿ",
"Async TX","data",7.9649445,0.000082,"ÿ",
"Async TX","data",7.9650315,0.000082,"ÿ",
"Async TX","data",7.969604,0.000082,"t",
"Async TX","data",7.9696905,0.000082,"2",
"Async TX","data",7.9697775,0.000082,".",
"Async TX","data",7.969864,0.000082,"t",
"Async TX","data",7.969951,0.000082,"x",
"Async TX","data",7.9700375,0.000082,"t",
"Async TX","data",7.9701245,0.000082,"=",
"Async TX","data",7.9702115,0.000082,"""",
"Async TX","data",7.970298,0.000082,"0",
"Async TX","data",7.970385,0.000082,".",
"Async TX","data",7.9704715,0.000082,"0",
"Async TX","data",7.9705585,0.000082,"0",
"Async TX","data",7.9706455,0.000082,"""",
"Async TX","data",7.970732,0.000082,"ÿ",
"Async TX","data",7.970819,0.000082,"ÿ",
"Async TX","data",7.9709055,0.000082,"ÿ",
"Async TX","data",7.9754705,0.000082,"t",
"Async TX","data",7.975557,0.000082,"1",
"Async TX","data",7.975644,0.000082,"3",
"Async TX","data",7.975731,0.000082,".",
"Async TX","data",7.9758175,0.000082,"t",
"Async TX","data",7.9759045,0.000082,"x",
"Async TX","data",7.975991,0.000082,"t",
"Async TX","data",7.976078,0.000082,"=",
"Async TX","data",7.9761645,0.000082,"""",
"Async TX","data",7.9762515,0.000082,"1",
"Async TX","data",7.976338,0.000082,"0",
"Async TX","data",7.976425,0.000082,"""",
"Async TX","data",7.976512,0.000082,"ÿ",
"Async TX","data",7.9765985,0.000082,"ÿ",
"Async TX","data",7.9766855,0.000082,"ÿ",
"Async TX","data",7.9811195,0.000082,"t",
"Async TX","data",7.981206,0.000082,"1",
"Async TX","data",7.981293,0.000082,".",
"Async TX","data",7.9813795,0.000082,"p",
"Async TX","data",7.9814665,0.000082,"c",
"Async TX","data",7.981553,0.000082,"o",
"Async TX","data",7.98164,0.000082,"=",
"Async TX","data",7.9817265,0.000082,"2",
"Async TX","data",7.9818135,0.000082,"0",
"Async TX","data",7.9819005,0.000082,"2",
"Async TX","data",7.981987,0.000082,"4",
"Async TX","data",7.982074,0.000082,"ÿ",
"Async TX","data",7.9821605,0.000082,"ÿ",
"Async TX","data",7.9822475,0.000082,"ÿ",
"Async TX","data",7.991386,0.000082,"t",
"Async TX","data",7.991473,0.000082,"0",
"Async TX","data",7.99156,0.000082,".",
"Async TX","data",7.9916465,0.000082,"t",
"Async TX","data",7.9917335,0.000082,"x",
"Async TX","data",7.9918205,0.000082,"t",
"Async TX","data",7.991907,0.000082,"=",
"Async TX","data",7.991994,0.000082,"""",
"Async TX","data",7.9920805,0.000082,"0",
"Async TX","data",7.9921675,0.000082,".",
"Async TX","data",7.9922545,0.000082,"0",
"Async TX","data",7.992341,0.000082,"""",
"Async TX","data",7.992428,0.000082,"ÿ",
"Async TX","data",7.9925145,0.000082,"ÿ",
"Async TX","data",7.9926015,0.000082,"ÿ",
"Async TX","data",7.9972785,0.000082,"t",
"Async TX","data",7.997365,0.000082,"5",
"Async TX","data",7.997452,0.000082,".",
"Async TX","data",7.997539,0.000082,"t",
"Async TX","data",7.9976255,0.000082,"x",
"Async TX","data",7.9977125,0.000082,"t",
"Async TX","data",7.997799,0.000082,"=",
"Async TX","data",7.997886,0.000082,"""",
"Async TX","data",7.997973,0.000082,"0",
"Async TX","data",7.9980595,0.000082,".",
"Async TX","data",7.9981465,0.000082,"0",
"Async TX","data",7.9982335,0.000082,"""",
"Async TX","data",7.99832,0.000082,"ÿ",
"Async TX","data",7.998407,0.000082,"ÿ",
"Async TX","data",7.9984935,0.000082,"ÿ",
"Async TX","data",8.002816,0.000082,"t",
"Async TX","data",8.0029025,0.000082,"4",
"Async TX","data",8.0029895,0.000082,".",
"Async TX","data",8.003076,0.000082,"t",
"Async TX","data",8.003163,0.000082,"x",
"Async TX","data",8.0032495,0.000082,"t",
"Async TX","data",8.0033365,0.000082,"=",
"Async TX","data",8.0034235,0.000082,"""",
"Async TX","data",8.00351,0.000082,"0",
"Async TX","data",8.003597,0.000082,".",
"Async TX","data",8.0036835,0.000082,"0",
"Async TX","data",8.0037705,0.000082,"""",
"Async TX","data",8.0038575,0.000082,"ÿ",
"Async TX","data",8.003944,0.000082,"ÿ",
"Async TX","data",8.004031,0.000082,"ÿ",
"Async TX","data",8.0086665,0.000082,"t",
"Async TX","data",8.0087535,0.000082,"6",
"Async TX","data",8.00884,0.000082,".",
"Async TX","data",8.008927,0.000082,"t",
"Async TX","data",8.0090135,0.000082,"x",
"Async TX","data",8.0091005,0.000082,"t",
"Async TX","data",8.0091875,0.000082,"=",
"Async TX","data",8.009274,0.000082,"""",
"Async TX","data",8.009361,0.000082,"0",
"Async TX","data",8.0094475,0.000082,".",
"Async TX","data",8.0095345,0.000082,"0",
"Async TX","data",8.009621,0.000082,"""",
"Async TX","data",8.009708,0.000082,"ÿ",
"Async TX","data",8.009795,0.000082,"ÿ",
"Async TX","data",8.0098815,0.000082,"ÿ",
"Async TX","data",8.014273,0.000082,"j",
"Async TX","data",8.0143595,0.000082,"2",
"Async TX","data",8.0144465,0.000082,".",
"Async TX","data",8.014533,0.000082,"v",
"Async TX","data",8.01462,0.000082,"a",
"Async TX","data",8.014707,0.000082,"l",
"Async TX","data",8.0147935,0.000082,"=",
"Async TX","data",8.0148805,0.000082,"0",
"Async TX","data",8.0149675,0.000082,"ÿ",
"Async TX","data",8.015054,0.000082,"ÿ",
"Async TX","data",8.015141,0.000082,"ÿ",
"Async TX","data",8.0195345,0.000082,"j",
"Async TX","data",8.019621,0.000082,"1",
"Async TX","data",8.019708,0.000082,".",
"Async TX","data",8.019795,0.000082,"v",
"Async TX","data",8.0198815,0.000082,"a",
"Async TX","data",8.0199685,0.000082,"l",
"Async TX","data",8.020055,0.000082,"=",
"Async TX","data",8.020142,0.000082,"0",
"Async TX","data",8.0202285,0.000082,"ÿ",
"Async TX","data",8.0203155,0.000082,"ÿ",
"Async TX","data",8.0204025,0.000082,"ÿ",
"Async TX","data",8.024908,0.000082,"t",
"Async TX","data",8.0249945,0.000082,"7",
"Async TX","data",8.0250815,0.000082,".",
"Async TX","data",8.0251685,0.000082,"t",
"Async TX","data",8.025255,0.000082,"x",
"Async TX","data",8.025342,0.000082,"t",
"Async TX","data",8.0254285,0.000082,"=",
"Async TX","data",8.0255155,0.000082,"""",
"Async TX","data",8.0256025,0.000082,"0",
"Async TX","data",8.025689,0.000082,"%",
"Async TX","data",8.025776,0.000082,"""",
"Async TX","data",8.0258625,0.000082,"ÿ",
"Async TX","data",8.0259495,0.000082,"ÿ",
"Async TX","data",8.0260365,0.000082,"ÿ",
"Async TX","data",8.0304975,0.000082,"j",
"Async TX","data",8.0305845,0.000082,"0",
"Async TX","data",8.030671,0.000082,".",
"Async TX","data",8.030758,0.000082,"p",
"Async TX","data",8.030845,0.000082,"c",
"Async TX","data",8.0309315,0.000082,"o",
"Async TX","data",8.0310185,0.000082,"=",
"Async TX","data",8.031105,0.000082,"2",
"Async TX","data",8.031192,0.000082,"0",
"Async TX","data",8.031279,0.000082,"1",
"Async TX","data",8.0313655,0.000082,"6",
"Async TX","data",8.0314525,0.000082,"ÿ",
"Async TX","data",8.031539,0.000082,"ÿ",
"Async TX","data",8.031626,0.000082,"ÿ",
"Async TX","data",8.0317125,0.000082,"t",
"Async TX","data",8.0317995,0.000082,"2",
"Async TX","data",8.0318865,0.000082,".",
"Async TX","data",8.031973,0.000082,"p",
"Async TX","data",8.03206,0.000082,"c",
"Async TX","data",8.0321465,0.000082,"o",
"Async TX","data",8.0322335,0.000082,"=",
"Async TX","data",8.0323205,0.000082,"2",
"Async TX","data",8.032407,0.000082,"0",
"Async TX","data",8.032494,0.000082,"1",
"Async TX","data",8.0325805,0.000082,"6",
"Async TX","data",8.0326675,0.000082,"ÿ",
"Async TX","data",8.032754,0.000082,"ÿ",
"Async TX","data",8.032841,0.000082,"ÿ",
"Async TX","data",8.0378135,0.000082,"j",
"Async TX","data",8.0379005,0.000082,"0",
"Async TX","data",8.037987,0.000082,".",
"Async TX","data",8.038074,0.000082,"v",
"Async TX","data",8.0381605,0.000082,"a",
"Async TX","data",8.0382475,0.000082,"l",
"Async TX","data",8.0383345,0.000082,"=",
"Async TX","data",8.038421,0.000082,"0",
"Async TX","data",8.038508,0.000082,"ÿ",
"Async TX","data",8.0385945,0.000082,"ÿ",
"Async TX","data",8.0386815,0.000082,"ÿ",
"Async TX","data",8.0435505,0.000082,"t",
"Async TX","data",8.0436375,0.000082,"2",
"Async TX","data",8.043724,0.000082,".",
"Async TX","data",8.043811,0.000082,"t",
"Async TX","data",8.0438975,0.000082,"x",
"Async TX","data",8.0439845,0.000082,"t",
"Async TX","data",8.044071,0.000082,"=",
"Async TX","data",8.044158,0.000082,"""",
"Async TX","data",8.0442445,0.000082,"0",
"Async TX","data",8.0443315,0.000082,".",
"Async TX","data",8.044418,0.000082,"0",
"Async TX","data",8.044505,0.000082,"0",
"Async TX","data",8.0445915,0.000082,"""",
"Async TX","data",8.0446785,0.000082,"ÿ",
"Async TX","data",8.0447655,0.000082,"ÿ",
"Async TX","data",8.044852,0.000082,"ÿ",
"Async TX","data",8.049269,0.000082,"t",
"Async TX","data",8.0493555,0.000082,"1",
"Async TX","data",8.0494425,0.000082,"3",
"Async TX","data",8.049529,0.000082,".",
"Async TX","data",8.049616,0.000082,"t",
"Async TX","data",8.0497025,0.000082,"x",
"Async TX","data",8.0497895,0.000082,"t",
"Async TX","data",8.0498765,0.000082,"=",
"Async TX","data",8.049963,0.000082,"""",
"Async TX","data",8.05005,0.000082,"1",
"Async TX","data",8.0501365,0.000082,"0",
"Async TX","data",8.0502235,0.000082,"""",
"Async TX","data",8.0503105,0.000082,"ÿ",
"Async TX","data",8.050397,0.000082,"ÿ",
"Async TX","data",8.050484,0.000082,"ÿ",
"Async TX","data",8.054954,0.000082,"t",
"Async TX","data",8.055041,0.000082,"1",
"Async TX","data",8.0551275,0.000082,".",
"Async TX","data",8.0552145,0.000082,"p",
"Async TX","data",8.0553015,0.000082,"c",
"Async TX","data",8.055388,0.000082,"o",
"Async TX","data",8.055475,0.000082,"=",
"Async TX","data",8.0555615,0.000082,"2",
"Async TX","data",8.0556485,0.000082,"0",
"Async TX","data",8.055735,0.000082,"2",
"Async TX","data",8.055822,0.000082,"4",
"Async TX","data",8.055909,0.000082,"ÿ",
"Async TX","data",8.0559955,0.000082,"ÿ",
"Async TX","data",8.0560825,0.000082,"ÿ",
"Async TX","data",8.0651355,0.000082,"t",
"Async TX","data",8.065222,0.000082,"0",
"Async TX","data",8.065309,0.000082,".",
"Async TX","data",8.065396,0.000082,"t",
"Async TX","data",8.0654825,0.000082,"x",
"Async TX","data",8.0655695,0.000082,"t",
"Async TX","data",8.065656,0.000082,"=",
"Async TX","data",8.065743,0.000082,"""",
"Async TX","data",8.0658295,0.000082,"0",
"Async TX","data",8.0659165,0.000082,".",
"Async TX","data",8.066003,0.000082,"0",
"Async TX","data",8.06609,0.000082,"""",
"Async TX","data",8.066177,0.000082,"ÿ",
"Async TX","data",8.0662635,0.000082,"ÿ",
"Async TX","data",8.0663505,0.000082,"ÿ",
"Async TX","data",8.0707415,0.000082,"t",
"Async TX","data",8.0708285,0.000082,"5",
"Async TX","data",8.0709155,0.000082,".",
"Async TX","data",8.071002,0.000082,"t",
"Async TX","data",8.071089,0.000082,"x",
"Async TX","data",8.071176,0.000082,"t",
"Async TX","data",8.0712625,0.000082,"=",
"Async TX","data",8.0713495,0.000082,"""",
"Async TX","data",8.071436,0.000082,"0",
"Async TX","data",8.071523,0.000082,".",
"Async TX","data",8.07161,0.000082,"0",
"Async TX","data",8.0716965,0.000082,"""",
"Async TX","data",8.0717835,0.000082,"ÿ",
"Async TX","data",8.0718705,0.000082,"ÿ",
"Async TX","data",8.071957,0.000082,"ÿ",
"Async TX","data",8.0766885,0.000082,"t",
"Async TX","data",8.0767755,0.000082,"4",
"Async TX","data",8.076862,0.000082,".",
"Async TX","data",8.076949,0.000082,"t",
"Async TX","data",8.0770355,0.000082,"x",
"Async TX","data",8.0771225,0.000082,"t",
"Async TX","data",8.077209,0.000082,"=",
"Async TX","data",8.077296,0.000082,"""",
"Async TX","data",8.0773825,0.000082,"0",
"Async TX","data",8.0774695,0.000082,".",
"Async TX","data",8.0775565,0.000082,"0",
"Async TX","data",8.077643,0.000082,"""",
"Async TX","data",8.07773,0.000082,"ÿ",
"Async TX","data",8.0778165,0.000082,"ÿ",
"Async TX","data",8.0779035,0.000082,"ÿ",
"Async TX","data",8.082417,0.000082,"t",
"Async TX","data",8.0825035,0.000082,"6",
"Async TX","data",8.0825905,0.000082,".",
"Async TX","data",8.0826775,0.000082,"t",
"Async TX","data",8.082764,0.000082,"x",
"Async TX","data",8.082851,0.000082,"t",
"Async TX","data",8.0829375,0.000082,"=",
"Async TX","data",8.0830245,0.000082,"""",
"Async TX","data",8.0831115,0.000082,"0",
"Async TX","data",8.083198,0.000082,".",
"Async TX","data",8.083285,0.000082,"0",
"Async TX","data",8.083372,0.000082,"""",
"Async TX","data",8.0834585,0.000082,"ÿ",
"Async TX","data",8.0835455,0.000082,"ÿ",
"Async TX","data",8.0836325,0.000082,"ÿ",
"Async TX","data",8.088364,0.000082,"j",
"Async TX","data",8.088451,0.000082,"2",
"Async TX","data",8.088538,0.000082,".",
"Async TX","data",8.0886245,0.000082,"v",
"Async TX","data",8.0887115,0.000082,"a",
"Async TX","data",8.088798,0.000082,"l",
"Async TX","data",8.088885,0.000082,"=",
"Async TX","data",8.088972,0.000082,"0",
"Async TX","data",8.0890585,0.000082,"ÿ",
"Async TX","data",8.0891455,0.000082,"ÿ",
"Async TX","data",8.089232,0.000082,"ÿ",
"Async TX","data",8.0937105,0.000082,"j",
"Async TX","data",8.093797,0.000082,"1",
"Async TX","data",8.093884,0.000082,".",
"Async TX","data",8.0939705,0.000082,"v",
"Async TX","data",8.0940575,0.000082,"a",
"Async TX","data",8.0941445,0.000082,"l",
"Async TX","data",8.094231,0.000082,"=",
"Async TX","data",8.094318,0.000082,"0",
"Async TX","data",8.094405,0.000082,"ÿ",
"Async TX","data",8.0944915,0.000082,"ÿ",
"Async TX","data",8.0945785,0.000082,"ÿ",
"Async TX","data",8.0991355,0.000082,"t",
"Async TX","data",8.0992225,0.000082,"7",
"Async TX","data",8.099309,0.000082,".",
"Async TX","data",8.099396,0.000082,"t",
"Async TX","data",8.0994825,0.000082,"x",
"Async TX","data",8.0995695,0.000082,"t",
"Async TX","data",8.0996565,0.000082,"=",
"Async TX","data",8.099743,0.000082,"""",
"Async TX","data",8.09983,0.000082,"0",
"Async TX","data",8.099917,0.000082,"%",
"Async TX","data",8.1000035,0.000082,"""",
"Async TX","data",8.1000905,0.000082,"ÿ",
"Async TX","data",8.100177,0.000082,"ÿ",
"Async TX","data",8.100264,0.000082,"ÿ",
"Async TX","data",8.1049175,0.000082,"j",
"Async TX","data",8.105004,0.000082,"0",
"Async TX","data",8.105091,0.000082,".",
"Async TX","data",8.105178,0.000082,"p",
"Async TX","data",8.1052645,0.000082,"c",
"Async TX","data",8.1053515,0.000082,"o",
"Async TX","data",8.1054385,0.000082,"=",
"Async TX","data",8.105525,0.000082,"2",
"Async TX","data",8.105612,0.000082,"0",
"Async TX","data",8.105699,0.000082,"1",
"Async TX","data",8.1057855,0.000082,"6",
"Async TX","data",8.1058725,0.000082,"ÿ",
"Async TX","data",8.105959,0.000082,"ÿ",
"Async TX","data",8.106046,0.000082,"ÿ",
"Async TX","data",8.106133,0.000082,"t",
"Async TX","data",8.1062195,0.000082,"2",
"Async TX","data",8.1063065,0.000082,".",
"Async TX","data",8.1063935,0.000082,"p",
"Async TX","data",8.10648,0.000082,"c",
"Async TX","data",8.106567,0.000082,"o",
"Async TX","data",8.1066535,0.000082,"=",
"Async TX","data",8.1067405,0.000082,"2",
"Async TX","data",8.1068275,0.000082,"0",
"Async TX","data",8.106914,0.000082,"1",
"Async TX","data",8.107001,0.000082,"6",
"Async TX","data",8.107088,0.000082,"ÿ",
"Async TX","data",8.1071745,0.000082,"ÿ",
"Async TX","data",8.1072615,0.000082,"ÿ",
"Async TX","data",8.111618,0.000082,"j",
"Async TX","data",8.111705,0.000082,"0",
"Async TX","data",8.1117915,0.000082,".",
"Async TX","data",8.1118785,0.000082,"v",
"Async TX","data",8.111965,0.000082,"a",
"Async TX","data",8.112052,0.000082,"l",
"Async TX","data",8.112139,0.000082,"=",
"Async TX","data",8.1122255,0.000082,"0",
"Async TX","data",8.1123125,0.000082,"ÿ",
"Async TX","data",8.112399,0.000082,"ÿ",
"Async TX","data",8.112486,0.000082,"ÿ",
"Async TX","data",8.11699,0.000082,"t",
"Async TX","data",8.1170765,0.000082,"2",
"Async TX","data",8.1171635,0.000082,".",
"Async TX","data",8.1172505,0.000082,"t",
"Async TX","data",8.117337,0.000082,"x",
"Async TX","data",8.117424,0.000082,"t",
"Async TX","data",8.117511,0.000082,"=",
"Async TX","data",8.1175975,0.000082,"""",
"Async TX","data",8.1176845,0.000082,"0",
"Async TX","data",8.1177715,0.000082,".",
"Async TX","data",8.117858,0.000082,"0",
"Async TX","data",8.117945,0.000082,"0",
"Async TX","data",8.118032,0.000082,"""",
"Async TX","data",8.1181185,0.000082,"ÿ",
"Async TX","data",8.1182055,0.000082,"ÿ",
"Async TX","data",8.118292,0.000082,"ÿ",
"Async TX","data",8.122901,0.000082,"t",
"Async TX","data",8.122988,0.000082,"1",
"Async TX","data",8.1230745,0.000082,"3",
"Async TX","data",8.1231615,0.000082,".",
"Async TX","data",8.1232485,0.000082,"t",
"Async TX","data",8.123335,0.000082,"x",
"Async TX","data",8.123422,0.000082,"t",
"Async TX","data",8.1235085,0.000082,"=",
"Async TX","data",8.1235955,0.000082,"""",
"Async TX","data",8.123682,0.000082,"1",
"Async TX","data",8.123769,0.000082,"0",
"Async TX","data",8.123856,0.000082,"""",
"Async TX","data",8.1239425,0.000082,"ÿ",
"Async TX","data",8.1240295,0.000082,"ÿ",
"Async TX","data",8.124116,0.000082,"ÿ",
"Async TX","data",8.12849,0.000082,"t",
"Async TX","data",8.128577,0.000082,"1",
"Async TX","data",8.1286635,0.000082,".",
"Async TX","data",8.1287505,0.000082,"p",
"Async TX","data",8.128837,0.000082,"c",
"Async TX","data",8.128924,0.000082,"o",
"Async TX","data",8.1290105,0.000082,"=",
"Async TX","data",8.1290975,0.000082,"2",
"Async TX","data",8.129184,0.000082,"0",
"Async TX","data",8.129271,0.000082,"2",
"Async TX","data",8.1293575,0.000082,"4",
"Async TX","data",8.1294445,0.000082,"ÿ",
"Async TX","data",8.129531,0.000082,"ÿ",
"Async TX","data",8.129618,0.000082,"ÿ",
"Async TX","data",8.138644,0.000082,"t",
"Async TX","data",8.1387305,0.000082,"0",
"Async TX","data",8.1388175,0.000082,".",
"Async TX","data",8.138904,0.000082,"t",
"Async TX","data",8.138991,0.000082,"x",
"Async TX","data",8.1390775,0.000082,"t",
"Async TX","data",8.1391645,0.000082,"=",
"Async TX","data",8.139251,0.000082,"""",
"Async TX","data",8.139338,0.000082,"0",
"Async TX","data",8.1394245,0.000082,".",
"Async TX","data",8.1395115,0.000082,"0",
"Async TX","data",8.139598,0.000082,"""",
"Async TX","data",8.139685,0.000082,"ÿ",
"Async TX","data",8.1397715,0.000082,"ÿ",
"Async TX","data",8.1398585,0.000082,"ÿ",
"Async TX","data",8.1445595,0.000082,"t",
"Async TX","data",8.144646,0.000082,"5",
"Async TX","data",8.144733,0.000082,".",
"Async TX","data",8.1448195,0.000082,"t",
"Async TX","data",8.1449065,0.000082,"x",
"Async TX","data",8.144993,0.000082,"t",
"Async TX","data",8.14508,0.000082,"=",
"Async TX","data",8.1451665,0.000082,"""",
"Async TX","data",8.1452535,0.000082,"0",
"Async TX","data",8.14534,0.000082,".",
"Async TX","data",8.145427,0.000082,"0",
"Async TX","data",8.1455135,0.000082,"""",
"Async TX","data",8.1456005,0.000082,"ÿ",
"Async TX","data",8.145687,0.000082,"ÿ",
"Async TX","data",8.145774,0.000082,"ÿ",
"Async TX","data",8.150242,0.000082,"t",
"Async TX","data",8.150329,0.000082,"4",
"Async TX","data",8.1504155,0.000082,".",
"Async TX","data",8.1505025,0.000082,"t",
"Async TX","data",8.150589,0.000082,"x",
"Async TX","data",8.150676,0.000082,"t",
"Async TX","data",8.1507625,0.000082,"=",
"Async TX","data",8.1508495,0.000082,"""",
"Async TX","data",8.1509365,0.000082,"0",
"Async TX","data",8.151023,0.000082,".",
"Async TX","data",8.15111,0.000082,"0",
"Async TX","data",8.1511965,0.000082,"""",
"Async TX","data",8.1512835,0.000082,"ÿ",
"Async TX","data",8.15137,0.000082,"ÿ",
"Async TX","data",8.151457,0.000082,"ÿ",
"Async TX","data",8.155823,0.000082,"t",
"Async TX","data",8.15591,0.000082,"6",
"Async TX","data",8.1559965,0.000082,".",
"Async TX","data",8.1560835,0.000082,"t",
"Async TX","data",8.15617,0.000082,"x",
"Async TX","data",8.156257,0.000082,"t",
"Async TX","data",8.1563435,0.000082,"=",
"Async TX","data",8.1564305,0.000082,"""",
"Async TX","data",8.156517,0.000082,"0",
"Async TX","data",8.156604,0.000082,".",
"Async TX","data",8.1566905,0.000082,"0",
"Async TX","data",8.1567775,0.000082,"""",
"Async TX","data",8.1568645,0.000082,"ÿ",
"Async TX","data",8.156951,0.000082,"ÿ",
"Async TX","data",8.157038,0.000082,"ÿ",
"Async TX","data",8.161758,0.000082,"j",
"Async TX","data",8.161845,0.000082,"2",
"Async TX","data",8.1619315,0.000082,".",
"Async TX","data",8.1620185,0.000082,"v",
"Async TX","data",8.162105,0.000082,"a",
"Async TX","data",8.162192,0.000082,"l",
"Async TX","data",8.1622785,0.000082,"=",
"Async TX","data",8.1623655,0.000082,"0",
"Async TX","data",8.162452,0.000082,"ÿ",
"Async TX","data",8.162539,0.000082,"ÿ",
"Async TX","data",8.1626255,0.000082,"ÿ",
"Async TX","data",8.167355,0.000082,"j",
"Async TX","data",8.1674415,0.000082,"1",
"Async TX","data",8.1675285,0.000082,".",
"Async TX","data",8.1676155,0.000082,"v",
"Async TX","data",8.167702,0.000082,"a",
"Async TX","data",8.167789,0.000082,"l",
"Async TX","data",8.1678755,0.000082,"=",
"Async TX","data",8.1679625,0.000082,"0",
"Async TX","data",8.1680495,0.000082,"ÿ",
"Async TX","data",8.168136,0.000082,"ÿ",
"Async TX","data",8.168223,0.000082,"ÿ",
"Async TX","data",8.172954,0.000082,"t",
"Async TX","data",8.173041,0.000082,"7",
"Async TX","data",8.1731275,0.000082,".",
"Async TX","data",8.1732145,0.000082,"t",
"Async TX","data",8.173301,0.000082,"x",
"Async TX","data",8.173388,0.000082,"t",
"Async TX","data",8.1734745,0.000082,"=",
"Async TX","data",8.1735615,0.000082,"""",
"Async TX","data",8.1736485,0.000082,"0",
"Async TX","data",8.173735,0.000082,"%",
"Async TX","data",8.173822,0.000082,"""",
"Async TX","data",8.1739085,0.000082,"ÿ",
"Async TX","data",8.1739955,0.000082,"ÿ",
"Async TX","data",8.174082,0.000082,"ÿ",
"Async TX","data",8.178795,0.000082,"j",
"Async TX","data",8.1788815,0.000082,"0",
"Async TX","data",8.1789685,0.000082,".",
"Async TX","data",8.1790555,0.000082,"p",
"Async TX","data",8.179142,0.000082,"c",
"Async TX","data",8.179229,0.000082,"o",
"Async TX","data",8.1793155,0.000082,"=",
"Async TX","data",8.1794025,0.000082,"2",
"Async TX","data",8.179489,0.000082,"0",
"Async TX","data",8.179576,0.000082,"1",
"Async TX","data",8.179663,0.000082,"6",
"Async TX","data",8.1797495,0.000082,"ÿ",
"Async TX","data",8.1798365,0.000082,"ÿ",
"Async TX","data",8.179923,0.000082,"ÿ",
"Async TX","data",8.18001,0.000082,"t",
"Async TX","data",8.180097,0.000082,"2",
"Async TX","data",8.1801835,0.000082,".",
"Async TX","data",8.1802705,0.000082,"p",
"Async TX","data",8.180357,0.000082,"c",
"Async TX","data",8.180444,0.000082,"o",
"Async TX","data",8.180531,0.000082,"=",
"Async TX","data",8.1806175,0.000082,"2",
"Async TX","data",8.1807045,0.000082,"0",
"Async TX","data",8.1807915,0.000082,"1",
"Async TX","data",8.180878,0.000082,"6",
"Async TX","data",8.180965,0.000082,"ÿ",
"Async TX","data",8.1810515,0.000082,"ÿ",
"Async TX","data",8.1811385,0.000082,"ÿ",
"Async TX","data",8.1853825,0.000082,"j",
"Async TX","data",8.1854695,0.000082,"0",
"Async TX","data",8.185556,0.000082,".",
"Async TX","data",8.185643,0.000082,"v",
"Async TX","data",8.1857295,0.000082,"a",
"Async TX","data",8.1858165,0.000082,"l",
"Async TX","data",8.1859035,0.000082,"=",
"Async TX","data",8.18599,0.000082,"0",
"Async TX","data",8.186077,0.000082,"ÿ",
"Async TX","data",8.1861635,0.000082,"ÿ",
"Async TX","data",8.1862505,0.000082,"ÿ",
"Async TX","data",8.1904955,0.000082,"t",
"Async TX","data",8.1905825,0.000082,"2",
"Async TX","data",8.190669,0.000082,".",
"Async TX","data",8.190756,0.000082,"t",
"Async TX","data",8.190843,0.000082,"x",
"Async TX","data",8.1909295,0.000082,"t",
"Async TX","data",8.1910165,0.000082,"=",
"Async TX","data",8.191103,0.000082,"""",
"Async TX","data",8.19119,0.000082,"0",
"Async TX","data",8.1912765,0.000082,".",
"Async TX","data",8.1913635,0.000082,"0",
"Async TX","data",8.1914505,0.000082,"0",
"Async TX","data",8.191537,0.000082,"""",
"Async TX","data",8.191624,0.000082,"ÿ",
"Async TX","data",8.191711,0.000082,"ÿ",
"Async TX","data",8.1917975,0.000082,"ÿ",
"Async TX","data",8.19651,0.000082,"t",
"Async TX","data",8.196597,0.000082,"1",
"Async TX","data",8.1966835,0.000082,"3",
"Async TX","data",8.1967705,0.000082,".",
"Async TX","data",8.196857,0.000082,"t",
"Async TX","data",8.196944,0.000082,"x",
"Async TX","data",8.197031,0.000082,"t",
"Async TX","data",8.1971175,0.000082,"=",
"Async TX","data",8.1972045,0.000082,"""",
"Async TX","data",8.197291,0.000082,"1",
"Async TX","data",8.197378,0.000082,"0",
"Async TX","data",8.197465,0.000082,"""",
"Async TX","data",8.1975515,0.000082,"ÿ",
"Async TX","data",8.1976385,0.000082,"ÿ",
"Async TX","data",8.197725,0.000082,"ÿ",
"Async TX","data",8.201995,0.000082,"t",
"Async TX","data",8.202082,0.000082,"1",
"Async TX","data",8.2021685,0.000082,".",
"Async TX","data",8.2022555,0.000082,"p",
"Async TX","data",8.2023425,0.000082,"c",
"Async TX","data",8.202429,0.000082,"o",
"Async TX","data",8.202516,0.000082,"=",
"Async TX","data",8.2026025,0.000082,"2",
"Async TX","data",8.2026895,0.000082,"0",
"Async TX","data",8.202776,0.000082,"2",
"Async TX","data",8.202863,0.000082,"4",
"Async TX","data",8.2029495,0.000082,"ÿ",
"Async TX","data",8.2030365,0.000082,"ÿ",
"Async TX","data",8.203123,0.000082,"ÿ",
"Async TX","data",8.2076625,0.000082,"t",
"Async TX","data",8.207749,0.000082,"1",
"Async TX","data",8.207836,0.000082,".",
"Async TX","data",8.2079225,0.000082,"t",
"Async TX","data",8.2080095,0.000082,"x",
"Async TX","data",8.2080965,0.000082,"t",
"Async TX","data",8.208183,0.000082,"=",
"Async TX","data",8.20827,0.000082,"""",
"Async TX","data",8.2083565,0.000082,"4",
"Async TX","data",8.2084435,0.000082,".",
"Async TX","data",8.2085305,0.000082,"0",
"Async TX","data",8.208617,0.000082,"2",
"Async TX","data",8.208704,0.000082,"""",
"Async TX","data",8.2087905,0.000082,"ÿ",
"Async TX","data",8.2088775,0.000082,"ÿ",
"Async TX","data",8.2089645,0.000082,"ÿ",
"Async TX","data",8.2136515,0.000082,"t",
"Async TX","data",8.213738,0.000082,"0",
"Async TX","data",8.213825,0.000082,".",
"Async TX","data",8.2139115,0.000082,"t",
"Async TX","data",8.2139985,0.000082,"x",
"Async TX","data",8.2140855,0.000082,"t",
"Async TX","data",8.214172,0.000082,"=",
"Async TX","data",8.214259,0.000082,"""",
"Async TX","data",8.2143455,0.000082,"0",
"Async TX","data",8.2144325,0.000082,".",
"Async TX","data",8.2145195,0.000082,"0",
"Async TX","data",8.214606,0.000082,"""",
"Async TX","data",8.214693,0.000082,"ÿ",
"Async TX","data",8.2147795,0.000082,"ÿ",
"Async TX","data",8.2148665,0.000082,"ÿ",
"Async TX","data",8.219832,0.000082,"t",
"Async TX","data",8.219919,0.000082,"5",
"Async TX","data",8.2200055,0.000082,".",
"Async TX","data",8.2200925,0.000082,"t",
"Async TX","data",8.220179,0.000082,"x",
"Async TX","data",8.220266,0.000082,"t",
"Async TX","data",8.220353,0.000082,"=",
"Async TX","data",8.2204395,0.000082,"""",
"Async TX","data",8.2205265,0.000082,"0",
"Async TX","data",8.220613,0.000082,".",
"Async TX","data",8.2207,0.000082,"0",
"Async TX","data",8.220787,0.000082,"""",
"Async TX","data",8.2208735,0.000082,"ÿ",
"Async TX","data",8.2209605,0.000082,"ÿ",
"Async TX","data",8.221047,0.000082,"ÿ",
"Async TX","data",8.2256475,0.000082,"t",
"Async TX","data",8.225734,0.000082,"4",
"Async TX","data",8.225821,0.000082,".",
"Async TX","data",8.2259075,0.000082,"t",
"Async TX","data",8.2259945,0.000082,"x",
"Async TX","data",8.226081,0.000082,"t",
"Async TX","data",8.226168,0.000082,"=",
"Async TX","data",8.226255,0.000082,"""",
"Async TX","data",8.2263415,0.000082,"0",
"Async TX","data",8.2264285,0.000082,".",
"Async TX","data",8.226515,0.000082,"0",
"Async TX","data",8.226602,0.000082,"""",
"Async TX","data",8.2266885,0.000082,"ÿ",
"Async TX","data",8.2267755,0.000082,"ÿ",
"Async TX","data",8.2268625,0.000082,"ÿ",
"Async TX","data",8.23154,0.000082,"t",
"Async TX","data",8.231627,0.000082,"6",
"Async TX","data",8.2317135,0.000082,".",
"Async TX","data",8.2318005,0.000082,"t",
"Async TX","data",8.231887,0.000082,"x",
"Async TX","data",8.231974,0.000082,"t",
"Async TX","data",8.2320605,0.000082,"=",
"Async TX","data",8.2321475,0.000082,"""",
"Async TX","data",8.232234,0.000082,"0",
"Async TX","data",8.232321,0.000082,".",
"Async TX","data",8.2324075,0.000082,"0",
"Async TX","data",8.2324945,0.000082,"""",
"Async TX","data",8.2325815,0.000082,"ÿ",
"Async TX","data",8.232668,0.000082,"ÿ",
"Async TX","data",8.232755,0.000082,"ÿ",
"Async TX","data",8.2370325,0.000082,"j",
"Async TX","data",8.2371195,0.000082,"2",
"Async TX","data",8.237206,0.000082,".",
"Async TX","data",8.237293,0.000082,"v",
"Async TX","data",8.2373795,0.000082,"a",
"Async TX","data",8.2374665,0.000082,"l",
"Async TX","data",8.2375535,0.000082,"=",
"Async TX","data",8.23764,0.000082,"0",
"Async TX","data",8.237727,0.000082,"ÿ",
"Async TX","data",8.2378135,0.000082,"ÿ",
"Async TX","data",8.2379005,0.000082,"ÿ",
"Async TX","data",8.242553,0.000082,"j",
"Async TX","data",8.2426395,0.000082,"1",
"Async TX","data",8.2427265,0.000082,".",
"Async TX","data",8.242813,0.000082,"v",
"Async TX","data",8.2429,0.000082,"a",
"Async TX","data",8.242987,0.000082,"l",
"Async TX","data",8.2430735,0.000082,"=",
"Async TX","data",8.2431605,0.000082,"0",
"Async TX","data",8.243247,0.000082,"ÿ",
"Async TX","data",8.243334,0.000082,"ÿ",
"Async TX","data",8.2434205,0.000082,"ÿ",
"Async TX","data",8.247926,0.000082,"t",
"Async TX","data",8.248013,0.000082,"7",
"Async TX","data",8.2480995,0.000082,".",
"Async TX","data",8.2481865,0.000082,"t",
"Async TX","data",8.248273,0.000082,"x",
"Async TX","data",8.24836,0.000082,"t",
"Async TX","data",8.248447,0.000082,"=",
"Async TX","data",8.2485335,0.000082,"""",
"Async TX","data",8.2486205,0.000082,"0",
"Async TX","data",8.248707,0.000082,"%",
"Async TX","data",8.248794,0.000082,"""",
"Async TX","data",8.248881,0.000082,"ÿ",
"Async TX","data",8.2489675,0.000082,"ÿ",
"Async TX","data",8.2490545,0.000082,"ÿ",
"Async TX","data",8.2534105,0.000082,"j",
"Async TX","data",8.2534975,0.000082,"0",
"Async TX","data",8.2535845,0.000082,".",
"Async TX","data",8.253671,0.000082,"p",
"Async TX","data",8.253758,0.000082,"c",
"Async TX","data",8.2538445,0.000082,"o",
"Async TX","data",8.2539315,0.000082,"=",
"Async TX","data",8.2540185,0.000082,"2",
"Async TX","data",8.254105,0.000082,"0",
"Async TX","data",8.254192,0.000082,"1",
"Async TX","data",8.254279,0.000082,"6",
"Async TX","data",8.2543655,0.000082,"ÿ",
"Async TX","data",8.2544525,0.000082,"ÿ",
"Async TX","data",8.2545395,0.000082,"ÿ",
"Async TX","data",8.254626,0.000082,"t",
"Async TX","data",8.254713,0.000082,"2",
"Async TX","data",8.2547995,0.000082,".",
"Async TX","data",8.2548865,0.000082,"p",
"Async TX","data",8.2549735,0.000082,"c",
"Async TX","data",8.25506,0.000082,"o",
"Async TX","data",8.255147,0.000082,"=",
"Async TX","data",8.255234,0.000082,"2",
"Async TX","data",8.2553205,0.000082,"0",
"Async TX","data",8.2554075,0.000082,"1",
"Async TX","data",8.255494,0.000082,"6",
"Async TX","data",8.255581,0.000082,"ÿ",
"Async TX","data",8.2556675,0.000082,"ÿ",
"Async TX","data",8.2557545,0.000082,"ÿ",
"Async TX","data",8.260356,0.000082,"j",
"Async TX","data",8.260443,0.000082,"0",
"Async TX","data",8.26053,0.000082,".",
"Async TX","data",8.2606165,0.000082,"v",
"Async TX","data",8.2607035,0.000082,"a",
"Async TX","data",8.2607905,0.000082,"l",
"Async TX","data",8.260877,0.000082,"=",
"Async TX","data",8.260964,0.000082,"0",
"Async TX","data",8.261051,0.000082,"ÿ",
"Async TX","data",8.2611375,0.000082,"ÿ",
"Async TX","data",8.2612245,0.000082,"ÿ",
"Async TX","data",8.2658865,0.000082,"t",
"Async TX","data",8.2659735,0.000082,"2",
"Async TX","data",8.26606,0.000082,".",
"Async TX","data",8.266147,0.000082,"t",
"Async TX","data",8.266234,0.000082,"x",
"Async TX","data",8.2663205,0.000082,"t",
"Async TX","data",8.2664075,0.000082,"=",
"Async TX","data",8.266494,0.000082,"""",
"Async TX","data",8.266581,0.000082,"0",
"Async TX","data",8.2666675,0.000082,".",
"Async TX","data",8.2667545,0.000082,"0",
"Async TX","data",8.2668415,0.000082,"0",
"Async TX","data",8.266928,0.000082,"""",
"Async TX","data",8.267015,0.000082,"ÿ",
"Async TX","data",8.2671015,0.000082,"ÿ",
"Async TX","data",8.2671885,0.000082,"ÿ",
"Async TX","data",8.271667,0.000082,"t",
"Async TX","data",8.271754,0.000082,"1",
"Async TX","data",8.271841,0.000082,"3",
"Async TX","data",8.2719275,0.000082,".",
"Async TX","data",8.2720145,0.000082,"t",
"Async TX","data",8.2721015,0.000082,"x",
"Async TX","data",8.272188,0.000082,"t",
"Async TX","data",8.272275,0.000082,"=",
"Async TX","data",8.272362,0.000082,"""",
"Async TX","data",8.2724485,0.000082,"1",
"Async TX","data",8.2725355,0.000082,"0",
"Async TX","data",8.272622,0.000082,"""",
"Async TX","data",8.272709,0.000082,"ÿ",
"Async TX","data",8.272796,0.000082,"ÿ",
"Async TX","data",8.2728825,0.000082,"ÿ",
"Async TX","data",8.2772665,0.000082,"t",
"Async TX","data",8.277353,0.000082,"1",
"Async TX","data",8.27744,0.000082,".",
"Async TX","data",8.2775265,0.000082,"p",
"Async TX","data",8.2776135,0.000082,"c",
"Async TX","data",8.2777005,0.000082,"o",
"Async TX","data",8.277787,0.000082,"=",
"Async TX","data",8.277874,0.000082,"2",
"Async TX","data",8.2779605,0.000082,"0",
"Async TX","data",8.2780475,0.000082,"2",
"Async TX","data",8.278134,0.000082,"4",
"Async TX","data",8.278221,0.000082,"ÿ",
"Async TX","data",8.2783075,0.000082,"ÿ",
"Async TX","data",8.2783945,0.000082,"ÿ",
"Async TX","data",8.28657,0.000082,"t",
"Async TX","data",8.2866565,0.000082,"0",
"Async TX","data",8.2867435,0.000082,".",
"Async TX","data",8.28683,0.000082,"t",
"Async TX","data",8.286917,0.000082,"x",
"Async TX","data",8.2870035,0.000082,"t",
"Async TX","data",8.2870905,0.000082,"=",
"Async TX","data",8.287177,0.000082,"""",
"Async TX","data",8.287264,0.000082,"0",
"Async TX","data",8.287351,0.000082,".",
"Async TX","data",8.2874375,0.000082,"0",
"Async TX","data",8.2875245,0.000082,"""",
"Async TX","data",8.287611,0.000082,"ÿ",
"Async TX","data",8.287698,0.000082,"ÿ",
"Async TX","data",8.2877845,0.000082,"ÿ",
"Async TX","data",8.29256,0.000082,"t",
"Async TX","data",8.2926465,0.000082,"5",
"Async TX","data",8.2927335,0.000082,".",
"Async TX","data",8.29282,0.000082,"t",
"Async TX","data",8.292907,0.000082,"x",
"Async TX","data",8.2929935,0.000082,"t",
"Async TX","data",8.2930805,0.000082,"=",
"Async TX","data",8.2931675,0.000082,"""",
"Async TX","data",8.293254,0.000082,"0",
"Async TX","data",8.293341,0.000082,".",
"Async TX","data",8.2934275,0.000082,"0",
"Async TX","data",8.2935145,0.000082,"""",
"Async TX","data",8.2936015,0.000082,"ÿ",
"Async TX","data",8.293688,0.000082,"ÿ",
"Async TX","data",8.293775,0.000082,"ÿ",
"Async TX","data",8.2983325,0.000082,"t",
"Async TX","data",8.2984195,0.000082,"4",
"Async TX","data",8.298506,0.000082,".",
"Async TX","data",8.298593,0.000082,"t",
"Async TX","data",8.29868,0.000082,"x",
"Async TX","data",8.2987665,0.000082,"t",
"Async TX","data",8.2988535,0.000082,"=",
"Async TX","data",8.29894,0.000082,"""",
"Async TX","data",8.299027,0.000082,"0",
"Async TX","data",8.299114,0.000082,".",
"Async TX","data",8.2992005,0.000082,"0",
"Async TX","data",8.2992875,0.000082,"""",
"Async TX","data",8.2993745,0.000082,"ÿ",
"Async TX","data",8.299461,0.000082,"ÿ",
"Async TX","data",8.299548,0.000082,"ÿ",
"Async TX","data",8.3040625,0.000082,"t",
"Async TX","data",8.304149,0.000082,"6",
"Async TX","data",8.304236,0.000082,".",
"Async TX","data",8.3043225,0.000082,"t",
"Async TX","data",8.3044095,0.000082,"x",
"Async TX","data",8.3044965,0.000082,"t",
"Async TX","data",8.304583,0.000082,"=",
"Async TX","data",8.30467,0.000082,"""",
"Async TX","data",8.3047565,0.000082,"0",
"Async TX","data",8.3048435,0.000082,".",
"Async TX","data",8.3049305,0.000082,"0",
"Async TX","data",8.305017,0.000082,"""",
"Async TX","data",8.305104,0.000082,"ÿ",
"Async TX","data",8.305191,0.000082,"ÿ",
"Async TX","data",8.3052775,0.000082,"ÿ",
"Async TX","data",8.31006,0.000082,"j",
"Async TX","data",8.310147,0.000082,"2",
"Async TX","data",8.310234,0.000082,".",
"Async TX","data",8.3103205,0.000082,"v",
"Async TX","data",8.3104075,0.000082,"a",
"Async TX","data",8.3104945,0.000082,"l",
"Async TX","data",8.310581,0.000082,"=",
"Async TX","data",8.310668,0.000082,"0",
"Async TX","data",8.3107545,0.000082,"ÿ",
"Async TX","data",8.3108415,0.000082,"ÿ",
"Async TX","data",8.3109285,0.000082,"ÿ",
"Async TX","data",8.3158065,0.000082,"j",
"Async TX","data",8.3158935,0.000082,"1",
"Async TX","data",8.31598,0.000082,".",
"Async TX","data",8.316067,0.000082,"v",
"Async TX","data",8.3161535,0.000082,"a",
"Async TX","data",8.3162405,0.000082,"l",
"Async TX","data",8.3163275,0.000082,"=",
"Async TX","data",8.316414,0.000082,"0",
"Async TX","data",8.316501,0.000082,"ÿ",
"Async TX","data",8.3165875,0.000082,"ÿ",
"Async TX","data",8.3166745,0.000082,"ÿ",
"Async TX","data",8.3213185,0.000082,"t",
"Async TX","data",8.321405,0.000082,"7",
"Async TX","data",8.321492,0.000082,".",
"Async TX","data",8.3215785,0.000082,"t",
"Async TX","data",8.3216655,0.000082,"x",
"Async TX","data",8.3217525,0.000082,"t",
"Async TX","data",8.321839,0.000082,"=",
"Async TX","data",8.321926,0.000082,"""",
"Async TX","data",8.3220125,0.000082,"0",
"Async TX","data",8.3220995,0.000082,"%",
"Async TX","data",8.322186,0.000082,"""",
"Async TX","data",8.322273,0.000082,"ÿ",
"Async TX","data",8.32236,0.000082,"ÿ",
"Async TX","data",8.3224465,0.000082,"ÿ",
"Async TX","data",8.3269775,0.000082,"j",
"Async TX","data",8.3270645,0.000082,"0",
"Async TX","data",8.3271515,0.000082,".",
"Async TX","data",8.327238,0.000082,"p",
"Async TX","data",8.327325,0.000082,"c",
"Async TX","data",8.327412,0.000082,"o",
"Async TX","data",8.3274985,0.000082,"=",
"Async TX","data",8.3275855,0.000082,"2",
"Async TX","data",8.327672,0.000082,"0",
"Async TX","data",8.327759,0.000082,"1",
"Async TX","data",8.327846,0.000082,"6",
"Async TX","data",8.3279325,0.000082,"ÿ",
"Async TX","data",8.3280195,0.000082,"ÿ",
"Async TX","data",8.3281065,0.000082,"ÿ",
"Async TX","data",8.328193,0.000082,"t",
"Async TX","data",8.32828,0.000082,"2",
"Async TX","data",8.328367,0.000082,".",
"Async TX","data",8.3284535,0.000082,"p",
"Async TX","data",8.3285405,0.000082,"c",
"Async TX","data",8.3286275,0.000082,"o",
"Async TX","data",8.328714,0.000082,"=",
"Async TX","data",8.328801,0.000082,"2",
"Async TX","data",8.3288875,0.000082,"0",
"Async TX","data",8.3289745,0.000082,"1",
"Async TX","data",8.3290615,0.000082,"6",
"Async TX","data",8.329148,0.000082,"ÿ",
"Async TX","data",8.329235,0.000082,"ÿ",
"Async TX","data",8.3293215,0.000082,"ÿ",
"Async TX","data",8.3336275,0.000082,"j",
"Async TX","data",8.333714,0.000082,"0",
"Async TX","data",8.333801,0.000082,".",
"Async TX","data",8.3338875,0.000082,"v",
"Async TX","data",8.3339745,0.000082,"a",
"Async TX","data",8.334061,0.000082,"l",
"Async TX","data",8.334148,0.000082,"=",
"Async TX","data",8.334235,0.000082,"0",
"Async TX","data",8.3343215,0.000082,"ÿ",
"Async TX","data",8.3344085,0.000082,"ÿ",
"Async TX","data",8.334495,0.000082,"ÿ",
"Async TX","data",8.3390275,0.000082,"t",
"Async TX","data",8.339114,0.000082,"2",
"Async TX","data",8.339201,0.000082,".",
"Async TX","data",8.339288,0.000082,"t",
"Async TX","data",8.3393745,0.000082,"x",
"Async TX","data",8.3394615,0.000082,"t",
"Async TX","data",8.339548,0.000082,"=",
"Async TX","data",8.339635,0.000082,"""",
"Async TX","data",8.339722,0.000082,"0",
"Async TX","data",8.3398085,0.000082,".",
"Async TX","data",8.3398955,0.000082,"0",
"Async TX","data",8.3399825,0.000082,"0",
"Async TX","data",8.340069,0.000082,"""",
"Async TX","data",8.340156,0.000082,"ÿ",
"Async TX","data",8.340243,0.000082,"ÿ",
"Async TX","data",8.3403295,0.000082,"ÿ",
"Async TX","data",8.344921,0.000082,"t",
"Async TX","data",8.345008,0.000082,"1",
"Async TX","data",8.3450945,0.000082,"3",
"Async TX","data",8.3451815,0.000082,".",
"Async TX","data",8.3452685,0.000082,"t",
"Async TX","data",8.345355,0.000082,"x",
"Async TX","data",8.345442,0.000082,"t",
"Async TX","data",8.3455285,0.000082,"=",
"Async TX","data",8.3456155,0.000082,"""",
"Async TX","data",8.3457025,0.000082,"1",
"Async TX","data",8.345789,0.000082,"0",
"Async TX","data",8.345876,0.000082,"""",
"Async TX","data",8.345963,0.000082,"ÿ",
"Async TX","data",8.3460495,0.000082,"ÿ",
"Async TX","data",8.3461365,0.000082,"ÿ",
"Async TX","data",8.350476,0.000082,"t",
"Async TX","data",8.3505625,0.000082,"1",
"Async TX","data",8.3506495,0.000082,".",
"Async TX","data",8.350736,0.000082,"p",
"Async TX","data",8.350823,0.000082,"c",
"Async TX","data",8.35091,0.000082,"o",
"Async TX","data",8.3509965,0.000082,"=",
"Async TX","data",8.3510835,0.000082,"2",
"Async TX","data",8.35117,0.000082,"0",
"Async TX","data",8.351257,0.000082,"2",
"Async TX","data",8.351344,0.000082,"4",
"Async TX","data",8.3514305,0.000082,"ÿ",
"Async TX","data",8.3515175,0.000082,"ÿ",
"Async TX","data",8.351604,0.000082,"ÿ",
"Async TX","data",8.360691,0.000082,"t",
"Async TX","data",8.3607775,0.000082,"0",
"Async TX","data",8.3608645,0.000082,".",
"Async TX","data",8.3609515,0.000082,"t",
"Async TX","data",8.361038,0.000082,"x",
"Async TX","data",8.361125,0.000082,"t",
"Async TX","data",8.3612115,0.000082,"=",
"Async TX","data",8.3612985,0.000082,"""",
"Async TX","data",8.3613855,0.000082,"0",
"Async TX","data",8.361472,0.000082,".",
"Async TX","data",8.361559,0.000082,"0",
"Async TX","data",8.3616455,0.000082,"""",
"Async TX","data",8.3617325,0.000082,"ÿ",
"Async TX","data",8.361819,0.000082,"ÿ",
"Async TX","data",8.361906,0.000082,"ÿ",
"Async TX","data",8.366541,0.000082,"t",
"Async TX","data",8.366628,0.000082,"5",
"Async TX","data",8.3667145,0.000082,".",
"Async TX","data",8.3668015,0.000082,"t",
"Async TX","data",8.366888,0.000082,"x",
"Async TX","data",8.366975,0.000082,"t",
"Async TX","data",8.367062,0.000082,"=",
"Async TX","data",8.3671485,0.000082,"""",
"Async TX","data",8.3672355,0.000082,"0",
"Async TX","data",8.3673225,0.000082,".",
"Async TX","data",8.367409,0.000082,"0",
"Async TX","data",8.367496,0.000082,"""",
"Async TX","data",8.367583,0.000082,"ÿ",
"Async TX","data",8.3676695,0.000082,"ÿ",
"Async TX","data",8.3677565,0.000082,"ÿ",
"Async TX","data",8.372574,0.000082,"t",
"Async TX","data",8.372661,0.000082,"4",
"Async TX","data",8.3727475,0.000082,".",
"Async TX","data",8.3728345,0.000082,"t",
"Async TX","data",8.3729215,0.000082,"x",
"Async TX","data",8.373008,0.000082,"t",
"Async TX","data",8.373095,0.000082,"=",
"Async TX","data",8.373182,0.000082,"""",
"Async TX","data",8.3732685,0.000082,"0",
"Async TX","data",8.3733555,0.000082,".",
"Async TX","data",8.3734425,0.000082,"0",
"Async TX","data",8.373529,0.000082,"""",
"Async TX","data",8.373616,0.000082,"ÿ",
"Async TX","data",8.373703,0.000082,"ÿ",
"Async TX","data",8.3737895,0.000082,"ÿ",
"Async TX","data",8.3784775,0.000082,"t",
"Async TX","data",8.3785645,0.000082,"6",
"Async TX","data",8.378651,0.000082,".",
"Async TX","data",8.378738,0.000082,"t",
"Async TX","data",8.3788245,0.000082,"x",
"Async TX","data",8.3789115,0.000082,"t",
"Async TX","data",8.3789985,0.000082,"=",
"Async TX","data",8.379085,0.000082,"""",
"Async TX","data",8.379172,0.000082,"0",
"Async TX","data",8.379259,0.000082,".",
"Async TX","data",8.3793455,0.000082,"0",
"Async TX","data",8.3794325,0.000082,"""",
"Async TX","data",8.3795195,0.000082,"ÿ",
"Async TX","data",8.3796065,0.000082,"ÿ",
"Async TX","data",8.379693,0.000082,"ÿ",
"Async TX","data",8.3842085,0.000082,"j",
"Async TX","data",8.384295,0.000082,"2",
"Async TX","data",8.384382,0.000082,".",
"Async TX","data",8.384469,0.000082,"v",
"Async TX","data",8.3845555,0.000082,"a",
"Async TX","data",8.3846425,0.000082,"l",
"Async TX","data",8.3847295,0.000082,"=",
"Async TX","data",8.384816,0.000082,"0",
"Async TX","data",8.384903,0.000082,"ÿ",
"Async TX","data",8.38499,0.000082,"ÿ",
"Async TX","data",8.3850765,0.000082,"ÿ",
"Async TX","data",8.3897635,0.000082,"j",
"Async TX","data",8.38985,0.000082,"1",
"Async TX","data",8.389937,0.000082,".",
"Async TX","data",8.3900235,0.000082,"v",
"Async TX","data",8.3901105,0.000082,"a",
"Async TX","data",8.3901975,0.000082,"l",
"Async TX","data",8.390284,0.000082,"=",
"Async TX","data",8.390371,0.000082,"0",
"Async TX","data",8.3904575,0.000082,"ÿ",
"Async TX","data",8.3905445,0.000082,"ÿ",
"Async TX","data",8.390631,0.000082,"ÿ",
"Async TX","data",8.3953875,0.000082,"t",
"Async TX","data",8.395474,0.000082,"7",
"Async TX","data",8.395561,0.000082,".",
"Async TX","data",8.3956475,0.000082,"t",
"Async TX","data",8.3957345,0.000082,"x",
"Async TX","data",8.395821,0.000082,"t",
"Async TX","data",8.395908,0.000082,"=",
"Async TX","data",8.395995,0.000082,"""",
"Async TX","data",8.3960815,0.000082,"0",
"Async TX","data",8.3961685,0.000082,"%",
"Async TX","data",8.396255,0.000082,"""",
"Async TX","data",8.396342,0.000082,"ÿ",
"Async TX","data",8.396429,0.000082,"ÿ",
"Async TX","data",8.3965155,0.000082,"ÿ",
"Async TX","data",8.4011065,0.000082,"j",
"Async TX","data",8.4011935,0.000082,"0",
"Async TX","data",8.40128,0.000082,".",
"Async TX","data",8.401367,0.000082,"p",
"Async TX","data",8.4014535,0.000082,"c",
"Async TX","data",8.4015405,0.000082,"o",
"Async TX","data",8.401627,0.000082,"=",
"Async TX","data",8.401714,0.000082,"2",
"Async TX","data",8.4018005,0.000082,"0",
"Async TX","data",8.4018875,0.000082,"1",
"Async TX","data",8.4019745,0.000082,"6",
"Async TX","data",8.402061,0.000082,"ÿ",
"Async TX","data",8.402148,0.000082,"ÿ",
"Async TX","data",8.4022345,0.000082,"ÿ",
"Async TX","data",8.4023215,0.000082,"t",
"Async TX","data",8.4024085,0.000082,"2",
"Async TX","data",8.402495,0.000082,".",
"Async TX","data",8.402582,0.000082,"p",
"Async TX","data",8.4026685,0.000082,"c",
"Async TX","data",8.4027555,0.000082,"o",
"Async TX","data",8.4028425,0.000082,"=",
"Async TX","data",8.402929,0.000082,"2",
"Async TX","data",8.403016,0.000082,"0",
"Async TX","data",8.403103,0.000082,"1",
"Async TX","data",8.4031895,0.000082,"6",
"Async TX","data",8.4032765,0.000082,"ÿ",
"Async TX","data",8.403363,0.000082,"ÿ",
"Async TX","data",8.40345,0.000082,"ÿ",
"Async TX","data",8.4080865,0.000082,"j",
"Async TX","data",8.408173,0.000082,"0",
"Async TX","data",8.40826,0.000082,".",
"Async TX","data",8.408347,0.000082,"v",
"Async TX","data",8.4084335,0.000082,"a",
"Async TX","data",8.4085205,0.000082,"l",
"Async TX","data",8.4086075,0.000082,"=",
"Async TX","data",8.408694,0.000082,"0",
"Async TX","data",8.408781,0.000082,"ÿ",
"Async TX","data",8.408868,0.000082,"ÿ",
"Async TX","data",8.4089545,0.000082,"ÿ",
"Async TX","data",8.413797,0.000082,"t",
"Async TX","data",8.413884,0.000082,"2",
"Async TX","data",8.4139705,0.000082,".",
"Async TX","data",8.4140575,0.000082,"t",
"Async TX","data",8.414144,0.000082,"x",
"Async TX","data",8.414231,0.000082,"t",
"Async TX","data",8.4143175,0.000082,"=",
"Async TX","data",8.4144045,0.000082,"""",
"Async TX","data",8.414491,0.000082,"0",
"Async TX","data",8.414578,0.000082,".",
"Async TX","data",8.4146645,0.000082,"0",
"Async TX","data",8.4147515,0.000082,"0",
"Async TX","data",8.414838,0.000082,"""",
"Async TX","data",8.414925,0.000082,"ÿ",
"Async TX","data",8.415012,0.000082,"ÿ",
"Async TX","data",8.4150985,0.000082,"ÿ",
"Async TX","data",8.4194995,0.000082,"t",
"Async TX","data",8.4195865,0.000082,"1",
"Async TX","data",8.419673,0.000082,"3",
"Async TX","data",8.41976,0.000082,".",
"Async TX","data",8.419847,0.000082,"t",
"Async TX","data",8.4199335,0.000082,"x",
"Async TX","data",8.4200205,0.000082,"t",
"Async TX","data",8.4201075,0.000082,"=",
"Async TX","data",8.420194,0.000082,"""",
"Async TX","data",8.420281,0.000082,"1",
"Async TX","data",8.420368,0.000082,"0",
"Async TX","data",8.4204545,0.000082,"""",
"Async TX","data",8.4205415,0.000082,"ÿ",
"Async TX","data",8.420628,0.000082,"ÿ",
"Async TX","data",8.420715,0.000082,"ÿ",
"Async TX","data",8.425038,0.000082,"t",
"Async TX","data",8.425125,0.000082,"1",
"Async TX","data",8.4252115,0.000082,".",
"Async TX","data",8.4252985,0.000082,"p",
"Async TX","data",8.425385,0.000082,"c",
"Async TX","data",8.425472,0.000082,"o",
"Async TX","data",8.4255585,0.000082,"=",
"Async TX","data",8.4256455,0.000082,"2",
"Async TX","data",8.4257325,0.000082,"0",
"Async TX","data",8.425819,0.000082,"2",
"Async TX","data",8.425906,0.000082,"4",
"Async TX","data",8.4259925,0.000082,"ÿ",
"Async TX","data",8.4260795,0.000082,"ÿ",
"Async TX","data",8.4261665,0.000082,"ÿ",
"Async TX","data",8.4353585,0.000082,"t",
"Async TX","data",8.4354455,0.000082,"0",
"Async TX","data",8.435532,0.000082,".",
"Async TX","data",8.435619,0.000082,"t",
"Async TX","data",8.4357055,0.000082,"x",
"Async TX","data",8.4357925,0.000082,"t",
"Async TX","data",8.4358795,0.000082,"=",
"Async TX","data",8.435966,0.000082,"""",
"Async TX","data",8.436053,0.000082,"0",
"Async TX","data",8.43614,0.000082,".",
"Async TX","data",8.4362265,0.000082,"0",
"Async TX","data",8.4363135,0.000082,"""",
"Async TX","data",8.4364,0.000082,"ÿ",
"Async TX","data",8.436487,0.000082,"ÿ",
"Async TX","data",8.436574,0.000082,"ÿ",
"Async TX","data",8.441425,0.000082,"t",
"Async TX","data",8.441512,0.000082,"5",
"Async TX","data",8.4415985,0.000082,".",
"Async TX","data",8.4416855,0.000082,"t",
"Async TX","data",8.441772,0.000082,"x",
"Async TX","data",8.441859,0.000082,"t",
"Async TX","data",8.441946,0.000082,"=",
"Async TX","data",8.4420325,0.000082,"""",
"Async TX","data",8.4421195,0.000082,"0",
"Async TX","data",8.442206,0.000082,".",
"Async TX","data",8.442293,0.000082,"0",
"Async TX","data",8.44238,0.000082,"""",
"Async TX","data",8.4424665,0.000082,"ÿ",
"Async TX","data",8.4425535,0.000082,"ÿ",
"Async TX","data",8.44264,0.000082,"ÿ",
"Async TX","data",8.4470575,0.000082,"t",
"Async TX","data",8.4471445,0.000082,"4",
"Async TX","data",8.4472315,0.000082,".",
"Async TX","data",8.447318,0.000082,"t",
"Async TX","data",8.447405,0.000082,"x",
"Async TX","data",8.4474915,0.000082,"t",
"Async TX","data",8.4475785,0.000082,"=",
"Async TX","data",8.447665,0.000082,"""",
"Async TX","data",8.447752,0.000082,"0",
"Async TX","data",8.447839,0.000082,".",
"Async TX","data",8.4479255,0.000082,"0",
"Async TX","data",8.4480125,0.000082,"""",
"Async TX","data",8.448099,0.000082,"ÿ",
"Async TX","data",8.448186,0.000082,"ÿ",
"Async TX","data",8.4482725,0.000082,"ÿ",
"Async TX","data",8.4530965,0.000082,"t",
"Async TX","data",8.4531835,0.000082,"6",
"Async TX","data",8.45327,0.000082,".",
"Async TX","data",8.453357,0.000082,"t",
"Async TX","data",8.4534435,0.000082,"x",
"Async TX","data",8.4535305,0.000082,"t",
"Async TX","data",8.453617,0.000082,"=",
"Async TX","data",8.453704,0.000082,"""",
"Async TX","data",8.453791,0.000082,"0",
"Async TX","data",8.4538775,0.000082,".",
"Async TX","data",8.4539645,0.000082,"0",
"Async TX","data",8.454051,0.000082,"""",
"Async TX","data",8.454138,0.000082,"ÿ",
"Async TX","data",8.4542245,0.000082,"ÿ",
"Async TX","data",8.4543115,0.000082,"ÿ",
"Async TX","data",8.4587355,0.000082,"j",
"Async TX","data",8.4588225,0.000082,"2",
"Async TX","data",8.4589095,0.000082,".",
"Async TX","data",8.458996,0.000082,"v",
"Async TX","data",8.459083,0.000082,"a",
"Async TX","data",8.4591695,0.000082,"l",
"Async TX","data",8.4592565,0.000082,"=",
"Async TX","data",8.459343,0.000082,"0",
"Async TX","data",8.45943,0.000082,"ÿ",
"Async TX","data",8.4595165,0.000082,"ÿ",
"Async TX","data",8.4596035,0.000082,"ÿ",
"Async TX","data",8.464072,0.000082,"j",
"Async TX","data",8.4641585,0.000082,"1",
"Async TX","data",8.4642455,0.000082,".",
"Async TX","data",8.4643325,0.000082,"v",
"Async TX","data",8.464419,0.000082,"a",
"Async TX","data",8.464506,0.000082,"l",
"Async TX","data",8.4645925,0.000082,"=",
"Async TX","data",8.4646795,0.000082,"0",
"Async TX","data",8.464766,0.000082,"ÿ",
"Async TX","data",8.464853,0.000082,"ÿ",
"Async TX","data",8.4649395,0.000082,"ÿ",
"Async TX","data",8.469332,0.000082,"t",
"Async TX","data",8.469419,0.000082,"7",
"Async TX","data",8.4695055,0.000082,".",
"Async TX","data",8.4695925,0.000082,"t",
"Async TX","data",8.469679,0.000082,"x",
"Async TX","data",8.469766,0.000082,"t",
"Async TX","data",8.469853,0.000082,"=",
"Async TX","data",8.4699395,0.000082,"""",
"Async TX","data",8.4700265,0.000082,"0",
"Async TX","data",8.470113,0.000082,"%",
"Async TX","data",8.4702,0.000082,"""",
"Async TX","data",8.4702865,0.000082,"ÿ",
"Async TX","data",8.4703735,0.000082,"ÿ",
"Async TX","data",8.47046,0.000082,"ÿ",
"Async TX","data",8.474809,0.000082,"j",
"Async TX","data",8.474896,0.000082,"0",
"Async TX","data",8.4749825,0.000082,".",
"Async TX","data",8.4750695,0.000082,"p",
"Async TX","data",8.4751565,0.000082,"c",
"Async TX","data",8.475243,0.000082,"o",
"Async TX","data",8.47533,0.000082,"=",
"Async TX","data",8.4754165,0.000082,"2",
"Async TX","data",8.4755035,0.000082,"0",
"Async TX","data",8.4755905,0.000082,"1",
"Async TX","data",8.475677,0.000082,"6",
"Async TX","data",8.475764,0.000082,"ÿ",
"Async TX","data",8.4758505,0.000082,"ÿ",
"Async TX","data",8.4759375,0.000082,"ÿ",
"Async TX","data",8.476024,0.000082,"t",
"Async TX","data",8.476111,0.000082,"2",
"Async TX","data",8.4761975,0.000082,".",
"Async TX","data",8.4762845,0.000082,"p",
"Async TX","data",8.4763715,0.000082,"c",
"Async TX","data",8.476458,0.000082,"o",
"Async TX","data",8.476545,0.000082,"=",
"Async TX","data",8.4766315,0.000082,"2",
"Async TX","data",8.4767185,0.000082,"0",
"Async TX","data",8.476805,0.000082,"1",
"Async TX","data",8.476892,0.000082,"6",
"Async TX","data",8.4769785,0.000082,"ÿ",
"Async TX","data",8.4770655,0.000082,"ÿ",
"Async TX","data",8.4771525,0.000082,"ÿ",
"Async TX","data",8.481665,0.000082,"j",
"Async TX","data",8.4817515,0.000082,"0",
"Async TX","data",8.4818385,0.000082,".",
"Async TX","data",8.481925,0.000082,"v",
"Async TX","data",8.482012,0.000082,"a",
"Async TX","data",8.482099,0.000082,"l",
"Async TX","data",8.4821855,0.000082,"=",
"Async TX","data",8.4822725,0.000082,"0",
"Async TX","data",8.482359,0.000082,"ÿ",
"Async TX","data",8.482446,0.000082,"ÿ",
"Async TX","data",8.4825325,0.000082,"ÿ",
"Async TX","data",8.486881,0.000082,"t",
"Async TX","data",8.486968,0.000082,"2",
"Async TX","data",8.4870545,0.000082,".",
"Async TX","data",8.4871415,0.000082,"t",
"Async TX","data",8.487228,0.000082,"x",
"Async TX","data",8.487315,0.000082,"t",
"Async TX","data",8.4874015,0.000082,"=",
"Async TX","data",8.4874885,0.000082,"""",
"Async TX","data",8.4875755,0.000082,"0",
"Async TX","data",8.487662,0.000082,".",
"Async TX","data",8.487749,0.000082,"0",
"Async TX","data",8.4878355,0.000082,"0",
"Async TX","data",8.4879225,0.000082,"""",
"Async TX","data",8.4880095,0.000082,"ÿ",
"Async TX","data",8.488096,0.000082,"ÿ",
"Async TX","data",8.488183,0.000082,"ÿ",
"Async TX","data",8.4925565,0.000082,"t",
"Async TX","data",8.492643,0.000082,"1",
"Async TX","data",8.49273,0.000082,"3",
"Async TX","data",8.4928165,0.000082,".",
"Async TX","data",8.4929035,0.000082,"t",
"Async TX","data",8.49299,0.000082,"x",
"Async TX","data",8.493077,0.000082,"t",
"Async TX","data",8.493164,0.000082,"=",
"Async TX","data",8.4932505,0.000082,"""",
"Async TX","data",8.4933375,0.000082,"1",
"Async TX","data",8.493424,0.000082,"0",
"Async TX","data",8.493511,0.000082,"""",
"Async TX","data",8.4935975,0.000082,"ÿ",
"Async TX","data",8.4936845,0.000082,"ÿ",
"Async TX","data",8.493771,0.000082,"ÿ",
"Async TX","data",8.4985445,0.000082,"t",
"Async TX","data",8.4986315,0.000082,"1",
"Async TX","data",8.4987185,0.000082,".",
"Async TX","data",8.498805,0.000082,"p",
"Async TX","data",8.498892,0.000082,"c",
"Async TX","data",8.498979,0.000082,"o",
"Async TX","data",8.4990655,0.000082,"=",
"Async TX","data",8.4991525,0.000082,"2",
"Async TX","data",8.4992395,0.000082,"0",
"Async TX","data",8.499326,0.000082,"2",
"Async TX","data",8.499413,0.000082,"4",
"Async TX","data",8.4995,0.000082,"ÿ",
"Async TX","data",8.4995865,0.000082,"ÿ",
"Async TX","data",8.4996735,0.000082,"ÿ",
"Async TX","data",8.508856,0.000082,"t",
"Async TX","data",8.5089425,0.000082,"0",
"Async TX","data",8.5090295,0.000082,".",
"Async TX","data",8.5091165,0.000082,"t",
"Async TX","data",8.509203,0.000082,"x",
"Async TX","data",8.50929,0.000082,"t",
"Async TX","data",8.5093765,0.000082,"=",
"Async TX","data",8.5094635,0.000082,"""",
"Async TX","data",8.50955,0.000082,"0",
"Async TX","data",8.509637,0.000082,".",
"Async TX","data",8.5097235,0.000082,"0",
"Async TX","data",8.5098105,0.000082,"""",
"Async TX","data",8.509897,0.000082,"ÿ",
"Async TX","data",8.509984,0.000082,"ÿ",
"Async TX","data",8.5100705,0.000082,"ÿ",
"Async TX","data",8.514609,0.000082,"t",
"Async TX","data",8.514696,0.000082,"5",
"Async TX","data",8.5147825,0.000082,".",
"Async TX","data",8.5148695,0.000082,"t",
"Async TX","data",8.514956,0.000082,"x",
"Async TX","data",8.515043,0.000082,"t",
"Async TX","data",8.51513,0.000082,"=",
"Async TX","data",8.5152165,0.000082,"""",
"Async TX","data",8.5153035,0.000082,"0",
"Async TX","data",8.51539,0.000082,".",
"Async TX","data",8.515477,0.000082,"0",
"Async TX","data",8.515564,0.000082,"""",
"Async TX","data",8.5156505,0.000082,"ÿ",
"Async TX","data",8.5157375,0.000082,"ÿ",
"Async TX","data",8.5158245,0.000082,"ÿ",
"Async TX","data",8.5204425,0.000082,"t",
"Async TX","data",8.5205295,0.000082,"4",
"Async TX","data",8.520616,0.000082,".",
"Async TX","data",8.520703,0.000082,"t",
"Async TX","data",8.5207895,0.000082,"x",
"Async TX","data",8.5208765,0.000082,"t",
"Async TX","data",8.5209635,0.000082,"=",
"Async TX","data",8.52105,0.000082,"""",
"Async TX","data",8.521137,0.000082,"0",
"Async TX","data",8.5212235,0.000082,".",
"Async TX","data",8.5213105,0.000082,"0",
"Async TX","data",8.5213975,0.000082,"""",
"Async TX","data",8.521484,0.000082,"ÿ",
"Async TX","data",8.521571,0.000082,"ÿ",
"Async TX","data",8.521658,0.000082,"ÿ",
"Async TX","data",8.5262495,0.000082,"t",
"Async TX","data",8.5263365,0.000082,"6",
"Async TX","data",8.5264235,0.000082,".",
"Async TX","data",8.52651,0.000082,"t",
"Async TX","data",8.526597,0.000082,"x",
"Async TX","data",8.5266835,0.000082,"t",
"Async TX","data",8.5267705,0.000082,"=",
"Async TX","data",8.5268575,0.000082,"""",
"Async TX","data",8.526944,0.000082,"0",
"Async TX","data",8.527031,0.000082,".",
"Async TX","data",8.527118,0.000082,"0",
"Async TX","data",8.527213,0.000082,"""",
"Async TX","data",8.5273,0.000082,"ÿ",
"Async TX","data",8.527387,0.000082,"ÿ",
"Async TX","data",8.5274735,0.000082,"ÿ",
"Async TX","data",8.5319555,0.000082,"j",
"Async TX","data",8.5320425,0.000082,"2",
"Async TX","data",8.532129,0.000082,".",
"Async TX","data",8.532216,0.000082,"v",
"Async TX","data",8.532303,0.000082,"a",
"Async TX","data",8.5323895,0.000082,"l",
"Async TX","data",8.5324765,0.000082,"=",
"Async TX","data",8.5325635,0.000082,"0",
"Async TX","data",8.53265,0.000082,"ÿ",
"Async TX","data",8.532737,0.000082,"ÿ",
"Async TX","data",8.532824,0.000082,"ÿ",
"Async TX","data",8.5374255,0.000082,"j",
"Async TX","data",8.5375125,0.000082,"1",
"Async TX","data",8.5375995,0.000082,".",
"Async TX","data",8.537686,0.000082,"v",
"Async TX","data",8.537773,0.000082,"a",
"Async TX","data",8.5378595,0.000082,"l",
"Async TX","data",8.5379465,0.000082,"=",
"Async TX","data",8.5380335,0.000082,"0",
"Async TX","data",8.53812,0.000082,"ÿ",
"Async TX","data",8.538207,0.000082,"ÿ",
"Async TX","data",8.538294,0.000082,"ÿ",
"Async TX","data",8.542888,0.000082,"t",
"Async TX","data",8.5429745,0.000082,"7",
"Async TX","data",8.5430615,0.000082,".",
"Async TX","data",8.5431485,0.000082,"t",
"Async TX","data",8.543235,0.000082,"x",
"Async TX","data",8.543322,0.000082,"t",
"Async TX","data",8.543409,0.000082,"=",
"Async TX","data",8.5434955,0.000082,"""",
"Async TX","data",8.5435825,0.000082,"0",
"Async TX","data",8.543669,0.000082,"%",
"Async TX","data",8.543756,0.000082,"""",
"Async TX","data",8.543843,0.000082,"ÿ",
"Async TX","data",8.5439295,0.000082,"ÿ",
"Async TX","data",8.5440165,0.000082,"ÿ",
"Async TX","data",8.54874,0.000082,"j",
"Async TX","data",8.548827,0.000082,"0",
"Async TX","data",8.548914,0.000082,".",
"Async TX","data",8.5490005,0.000082,"p",
"Async TX","data",8.5490875,0.000082,"c",
"Async TX","data",8.5491745,0.000082,"o",
"Async TX","data",8.549261,0.000082,"=",
"Async TX","data",8.549348,0.000082,"2",
"Async TX","data",8.549435,0.000082,"0",
"Async TX","data",8.549522,0.000082,"1",
"Async TX","data",8.5496085,0.000082,"6",
"Async TX","data",8.5496955,0.000082,"ÿ",
"Async TX","data",8.5497825,0.000082,"ÿ",
"Async TX","data",8.549869,0.000082,"ÿ",
"Async TX","data",8.549956,0.000082,"t",
"Async TX","data",8.550043,0.000082,"2",
"Async TX","data",8.5501295,0.000082,".",
"Async TX","data",8.5502165,0.000082,"p",
"Async TX","data",8.5503035,0.000082,"c",
"Async TX","data",8.55039,0.000082,"o",
"Async TX","data",8.550477,0.000082,"=",
"Async TX","data",8.5505635,0.000082,"2",
"Async TX","data",8.5506505,0.000082,"0",
"Async TX","data",8.5507375,0.000082,"1",
"Async TX","data",8.550824,0.000082,"6",
"Async TX","data",8.550911,0.000082,"ÿ",
"Async TX","data",8.550998,0.000082,"ÿ",
"Async TX","data",8.5510845,0.000082,"ÿ",
"Async TX","data",8.555469,0.000082,"j",
"Async TX","data",8.555556,0.000082,"0",
"Async TX","data",8.5556425,0.000082,".",
"Async TX","data",8.5557295,0.000082,"v",
"Async TX","data",8.555816,0.000082,"a",
"Async TX","data",8.555903,0.000082,"l",
"Async TX","data",8.55599,0.000082,"=",
"Async TX","data",8.5560765,0.000082,"0",
"Async TX","data",8.5561635,0.000082,"ÿ",
"Async TX","data",8.5562505,0.000082,"ÿ",
"Async TX","data",8.556337,0.000082,"ÿ",
"Async TX","data",8.560608,0.000082,"t",
"Async TX","data",8.560695,0.000082,"2",
"Async TX","data",8.5607815,0.000082,".",
"Async TX","data",8.5608685,0.000082,"t",
"Async TX","data",8.560955,0.000082,"x",
"Async TX","data",8.561042,0.000082,"t",
"Async TX","data",8.561129,0.000082,"=",
"Async TX","data",8.5612155,0.000082,"""",
"Async TX","data",8.5613025,0.000082,"0",
"Async TX","data",8.561389,0.000082,".",
"Async TX","data",8.561476,0.000082,"0",
"Async TX","data",8.561563,0.000082,"0",
"Async TX","data",8.5616495,0.000082,"""",
"Async TX","data",8.5617365,0.000082,"ÿ",
"Async TX","data",8.5618235,0.000082,"ÿ",
"Async TX","data",8.56191,0.000082,"ÿ",
"Async TX","data",8.566476,0.000082,"t",
"Async TX","data",8.566563,0.000082,"1",
"Async TX","data",8.5666495,0.000082,"3",
"Async TX","data",8.5667365,0.000082,".",
"Async TX","data",8.5668235,0.000082,"t",
"Async TX","data",8.56691,0.000082,"x",
"Async TX","data",8.566997,0.000082,"t",
"Async TX","data",8.567084,0.000082,"=",
"Async TX","data",8.5671705,0.000082,"""",
"Async TX","data",8.5672575,0.000082,"1",
"Async TX","data",8.567344,0.000082,"0",
"Async TX","data",8.567431,0.000082,"""",
"Async TX","data",8.567518,0.000082,"ÿ",
"Async TX","data",8.5676045,0.000082,"ÿ",
"Async TX","data",8.5676915,0.000082,"ÿ",
"Async TX","data",8.572084,0.000082,"t",
"Async TX","data",8.5721705,0.000082,"1",
"Async TX","data",8.5722575,0.000082,".",
"Async TX","data",8.572344,0.000082,"p",
"Async TX","data",8.572431,0.000082,"c",
"Async TX","data",8.572518,0.000082,"o",
"Async TX","data",8.5726045,0.000082,"=",
"Async TX","data",8.5726915,0.000082,"2",
"Async TX","data",8.572778,0.000082,"0",
"Async TX","data",8.572865,0.000082,"2",
"Async TX","data",8.572952,0.000082,"4",
"Async TX","data",8.5730385,0.000082,"ÿ",
"Async TX","data",8.5731255,0.000082,"ÿ",
"Async TX","data",8.573212,0.000082,"ÿ",
"Async TX","data",8.5823775,0.000082,"t",
"Async TX","data",8.5824645,0.000082,"0",
"Async TX","data",8.5825515,0.000082,".",
"Async TX","data",8.582638,0.000082,"t",
"Async TX","data",8.582725,0.000082,"x",
"Async TX","data",8.5828115,0.000082,"t",
"Async TX","data",8.5828985,0.000082,"=",
"Async TX","data",8.582985,0.000082,"""",
"Async TX","data",8.583072,0.000082,"0",
"Async TX","data",8.5831585,0.000082,".",
"Async TX","data",8.5832455,0.000082,"0",
"Async TX","data",8.583332,0.000082,"""",
"Async TX","data",8.583419,0.000082,"ÿ",
"Async TX","data",8.583506,0.000082,"ÿ",
"Async TX","data",8.5835925,0.000082,"ÿ",
"Async TX","data",8.587784,0.000082,"t",
"Async TX","data",8.587871,0.000082,"5",
"Async TX","data",8.5879575,0.000082,".",
"Async TX","data",8.5880445,0.000082,"t",
"Async TX","data",8.588131,0.000082,"x",
"Async TX","data",8.588218,0.000082,"t",
"Async TX","data",8.5883045,0.000082,"=",
"Async TX","data",8.5883915,0.000082,"""",
"Async TX","data",8.588478,0.000082,"0",
"Async TX","data",8.588565,0.000082,".",
"Async TX","data",8.5886515,0.000082,"0",
"Async TX","data",8.5887385,0.000082,"""",
"Async TX","data",8.588825,0.000082,"ÿ",
"Async TX","data",8.588912,0.000082,"ÿ",
"Async TX","data",8.5889985,0.000082,"ÿ",
"Async TX","data",8.593493,0.000082,"t",
"Async TX","data",8.59358,0.000082,"4",
"Async TX","data",8.5936665,0.000082,".",
"Async TX","data",8.5937535,0.000082,"t",
"Async TX","data",8.59384,0.000082,"x",
"Async TX","data",8.593927,0.000082,"t",
"Async TX","data",8.594014,0.000082,"=",
"Async TX","data",8.5941005,0.000082,"""",
"Async TX","data",8.5941875,0.000082,"0",
"Async TX","data",8.594274,0.000082,".",
"Async TX","data",8.594361,0.000082,"0",
"Async TX","data",8.594448,0.000082,"""",
"Async TX","data",8.5945345,0.000082,"ÿ",
"Async TX","data",8.5946215,0.000082,"ÿ",
"Async TX","data",8.594708,0.000082,"ÿ",
"Async TX","data",8.599369,0.000082,"t",
"Async TX","data",8.599456,0.000082,"6",
"Async TX","data",8.5995425,0.000082,".",
"Async TX","data",8.5996295,0.000082,"t",
"Async TX","data",8.599716,0.000082,"x",
"Async TX","data",8.599803,0.000082,"t",
"Async TX","data",8.5998895,0.000082,"=",
"Async TX","data",8.5999765,0.000082,"""",
"Async TX","data",8.6000635,0.000082,"0",
"Async TX","data",8.60015,0.000082,".",
"Async TX","data",8.600237,0.000082,"0",
"Async TX","data",8.6003235,0.000082,"""",
"Async TX","data",8.6004105,0.000082,"ÿ",
"Async TX","data",8.6004975,0.000082,"ÿ",
"Async TX","data",8.600584,0.000082,"ÿ",
"Async TX","data",8.6050625,0.000082,"j",
"Async TX","data",8.6051495,0.000082,"2",
"Async TX","data",8.605236,0.000082,".",
"Async TX","data",8.605323,0.000082,"v",
"Async TX","data",8.6054095,0.000082,"a",
"Async TX","data",8.6054965,0.000082,"l",
"Async TX","data",8.6055835,0.000082,"=",
"Async TX","data",8.60567,0.000082,"0",
"Async TX","data",8.605757,0.000082,"ÿ",
"Async TX","data",8.6058435,0.000082,"ÿ",
"Async TX","data",8.6059305,0.000082,"ÿ",
"Async TX","data",8.6104955,0.000082,"j",
"Async TX","data",8.6105825,0.000082,"1",
"Async TX","data",8.6106695,0.000082,".",
"Async TX","data",8.610756,0.000082,"v",
"Async TX","data",8.610843,0.000082,"a",
"Async TX","data",8.6109295,0.000082,"l",
"Async TX","data",8.6110165,0.000082,"=",
"Async TX","data",8.6111035,0.000082,"0",
"Async TX","data",8.61119,0.000082,"ÿ",
"Async TX","data",8.611277,0.000082,"ÿ",
"Async TX","data",8.6113635,0.000082,"ÿ",
"Async TX","data",8.616008,0.000082,"t",
"Async TX","data",8.6160945,0.000082,"7",
"Async TX","data",8.6161815,0.000082,".",
"Async TX","data",8.6162685,0.000082,"t",
"Async TX","data",8.616355,0.000082,"x",
"Async TX","data",8.616442,0.000082,"t",
"Async TX","data",8.6165285,0.000082,"=",
"Async TX","data",8.6166155,0.000082,"""",
"Async TX","data",8.6167025,0.000082,"0",
"Async TX","data",8.616789,0.000082,"%",
"Async TX","data",8.616876,0.000082,"""",
"Async TX","data",8.6169625,0.000082,"ÿ",
"Async TX","data",8.6170495,0.000082,"ÿ",
"Async TX","data",8.6171365,0.000082,"ÿ",
"Async TX","data",8.6217545,0.000082,"j",
"Async TX","data",8.6218415,0.000082,"0",
"Async TX","data",8.621928,0.000082,".",
"Async TX","data",8.622015,0.000082,"p",
"Async TX","data",8.622102,0.000082,"c",
"Async TX","data",8.6221885,0.000082,"o",
"Async TX","data",8.6222755,0.000082,"=",
"Async TX","data",8.622362,0.000082,"2",
"Async TX","data",8.622449,0.000082,"0",
"Async TX","data",8.622536,0.000082,"1",
"Async TX","data",8.6226225,0.000082,"6",
"Async TX","data",8.6227095,0.000082,"ÿ",
"Async TX","data",8.6227965,0.000082,"ÿ",
"Async TX","data",8.622883,0.000082,"ÿ",
"Async TX","data",8.62297,0.000082,"t",
"Async TX","data",8.6230565,0.000082,"2",
"Async TX","data",8.6231435,0.000082,".",
"Async TX","data",8.62323,0.000082,"p",
"Async TX","data",8.623317,0.000082,"c",
"Async TX","data",8.623404,0.000082,"o",
"Async TX","data",8.6234905,0.000082,"=",
"Async TX","data",8.6235775,0.000082,"2",
"Async TX","data",8.6236645,0.000082,"0",
"Async TX","data",8.623751,0.000082,"1",
"Async TX","data",8.623838,0.000082,"6",
"Async TX","data",8.6239245,0.000082,"ÿ",
"Async TX","data",8.6240115,0.000082,"ÿ",
"Async TX","data",8.6240985,0.000082,"ÿ",
"Async TX","data",8.6283175,0.000082,"j",
"Async TX","data",8.6284045,0.000082,"0",
"Async TX","data",8.628491,0.000082,".",
"Async TX","data",8.628578,0.000082,"v",
"Async TX","data",8.628665,0.000082,"a",
"Async TX","data",8.6287515,0.000082,"l",
"Async TX","data",8.6288385,0.000082,"=",
"Async TX","data",8.628925,0.000082,"0",
"Async TX","data",8.629012,0.000082,"ÿ",
"Async TX","data",8.6290985,0.000082,"ÿ",
"Async TX","data",8.6291855,0.000082,"ÿ",
"Async TX","data",8.6335165,0.000082,"t",
"Async TX","data",8.6336035,0.000082,"2",
"Async TX","data",8.6336905,0.000082,".",
"Async TX","data",8.633777,0.000082,"t",
"Async TX","data",8.633864,0.000082,"x",
"Async TX","data",8.633951,0.000082,"t",
"Async TX","data",8.6340375,0.000082,"=",
"Async TX","data",8.6341245,0.000082,"""",
"Async TX","data",8.634211,0.000082,"0",
"Async TX","data",8.634298,0.000082,".",
"Async TX","data",8.634385,0.000082,"0",
"Async TX","data",8.6344715,0.000082,"0",
"Async TX","data",8.6345585,0.000082,"""",
"Async TX","data",8.634645,0.000082,"ÿ",
"Async TX","data",8.634732,0.000082,"ÿ",
"Async TX","data",8.634819,0.000082,"ÿ",
"Async TX","data",8.6394195,0.000082,"t",
"Async TX","data",8.639506,0.000082,"1",
"Async TX","data",8.639593,0.000082,"3",
"Async TX","data",8.63968,0.000082,".",
"Async TX","data",8.6397665,0.000082,"t",
"Async TX","data",8.6398535,0.000082,"x",
"Async TX","data",8.6399405,0.000082,"t",
"Async TX","data",8.640027,0.000082,"=",
"Async TX","data",8.640114,0.000082,"""",
"Async TX","data",8.6402005,0.000082,"1",
"Async TX","data",8.6402875,0.000082,"0",
"Async TX","data",8.6403745,0.000082,"""",
"Async TX","data",8.640461,0.000082,"ÿ",
"Async TX","data",8.640548,0.000082,"ÿ",
"Async TX","data",8.640635,0.000082,"ÿ",
"Async TX","data",8.6452265,0.000082,"t",
"Async TX","data",8.645313,0.000082,"1",
"Async TX","data",8.6454,0.000082,".",
"Async TX","data",8.645487,0.000082,"p",
"Async TX","data",8.6455735,0.000082,"c",
"Async TX","data",8.6456605,0.000082,"o",
"Async TX","data",8.645747,0.000082,"=",
"Async TX","data",8.645834,0.000082,"2",
"Async TX","data",8.645921,0.000082,"0",
"Async TX","data",8.6460075,0.000082,"2",
"Async TX","data",8.6460945,0.000082,"4",
"Async TX","data",8.646181,0.000082,"ÿ",
"Async TX","data",8.646268,0.000082,"ÿ",
"Async TX","data",8.646355,0.000082,"ÿ",
"Async TX","data",8.655816,0.000082,"t",
"Async TX","data",8.6559025,0.000082,"0",
"Async TX","data",8.6559895,0.000082,".",
"Async TX","data",8.656076,0.000082,"t",
"Async TX","data",8.656163,0.000082,"x",
"Async TX","data",8.65625,0.000082,"t",
"Async TX","data",8.6563365,0.000082,"=",
"Async TX","data",8.6564235,0.000082,"""",
"Async TX","data",8.65651,0.000082,"0",
"Async TX","data",8.656597,0.000082,".",
"Async TX","data",8.656684,0.000082,"0",
"Async TX","data",8.6567705,0.000082,"""",
"Async TX","data",8.6568575,0.000082,"ÿ",
"Async TX","data",8.656944,0.000082,"ÿ",
"Async TX","data",8.657031,0.000082,"ÿ",
"Async TX","data",8.6618655,0.000082,"t",
"Async TX","data",8.6619525,0.000082,"5",
"Async TX","data",8.6620395,0.000082,".",
"Async TX","data",8.662126,0.000082,"t",
"Async TX","data",8.662213,0.000082,"x",
"Async TX","data",8.6623,0.000082,"t",
"Async TX","data",8.6623865,0.000082,"=",
"Async TX","data",8.6624735,0.000082,"""",
"Async TX","data",8.6625605,0.000082,"0",
"Async TX","data",8.662647,0.000082,".",
"Async TX","data",8.662734,0.000082,"0",
"Async TX","data",8.662821,0.000082,"""",
"Async TX","data",8.6629075,0.000082,"ÿ",
"Async TX","data",8.6629945,0.000082,"ÿ",
"Async TX","data",8.6630815,0.000082,"ÿ",
"Async TX","data",8.6678905,0.000082,"t",
"Async TX","data",8.6679775,0.000082,"4",
"Async TX","data",8.668064,0.000082,".",
"Async TX","data",8.668151,0.000082,"t",
"Async TX","data",8.668238,0.000082,"x",
"Async TX","data",8.6683245,0.000082,"t",
"Async TX","data",8.6684115,0.000082,"=",
"Async TX","data",8.668498,0.000082,"""",
"Async TX","data",8.668585,0.000082,"0",
"Async TX","data",8.668672,0.000082,".",
"Async TX","data",8.6687585,0.000082,"0",
"Async TX","data",8.6688455,0.000082,"""",
"Async TX","data",8.668932,0.000082,"ÿ",
"Async TX","data",8.669019,0.000082,"ÿ",
"Async TX","data",8.669106,0.000082,"ÿ",
"Async TX","data",8.6736965,0.000082,"t",
"Async TX","data",8.673783,0.000082,"6",
"Async TX","data",8.67387,0.000082,".",
"Async TX","data",8.6739565,0.000082,"t",
"Async TX","data",8.6740435,0.000082,"x",
"Async TX","data",8.67413,0.000082,"t",
"Async TX","data",8.674217,0.000082,"=",
"Async TX","data",8.6743035,0.000082,"""",
"Async TX","data",8.6743905,0.000082,"0",
"Async TX","data",8.674477,0.000082,".",
"Async TX","data",8.674564,0.000082,"0",
"Async TX","data",8.674651,0.000082,"""",
"Async TX","data",8.6747375,0.000082,"ÿ",
"Async TX","data",8.6748245,0.000082,"ÿ",
"Async TX","data",8.674911,0.000082,"ÿ",
"Async TX","data",8.6797105,0.000082,"j",
"Async TX","data",8.6797975,0.000082,"2",
"Async TX","data",8.6798845,0.000082,".",
"Async TX","data",8.679971,0.000082,"v",
"Async TX","data",8.680058,0.000082,"a",
"Async TX","data",8.6801445,0.000082,"l",
"Async TX","data",8.6802315,0.000082,"=",
"Async TX","data",8.680318,0.000082,"0",
"Async TX","data",8.680405,0.000082,"ÿ",
"Async TX","data",8.6804915,0.000082,"ÿ",
"Async TX","data",8.6805785,0.000082,"ÿ",
"Async TX","data",8.685273,0.000082,"j",
"Async TX","data",8.68536,0.000082,"1",
"Async TX","data",8.6854465,0.000082,".",
"Async TX","data",8.6855335,0.000082,"v",
"Async TX","data",8.68562,0.000082,"a",
"Async TX","data",8.685707,0.000082,"l",
"Async TX","data",8.6857935,0.000082,"=",
"Async TX","data",8.6858805,0.000082,"0",
"Async TX","data",8.6859675,0.000082,"ÿ",
"Async TX","data",8.686054,0.000082,"ÿ",
"Async TX","data",8.686141,0.000082,"ÿ",
"Async TX","data",8.690471,0.000082,"t",
"Async TX","data",8.6905575,0.000082,"7",
"Async TX","data",8.6906445,0.000082,".",
"Async TX","data",8.690731,0.000082,"t",
"Async TX","data",8.690818,0.000082,"x",
"Async TX","data",8.6909045,0.000082,"t",
"Async TX","data",8.6909915,0.000082,"=",
"Async TX","data",8.691078,0.000082,"""",
"Async TX","data",8.691165,0.000082,"0",
"Async TX","data",8.6912515,0.000082,"%",
"Async TX","data",8.6913385,0.000082,"""",
"Async TX","data",8.6914255,0.000082,"ÿ",
"Async TX","data",8.691512,0.000082,"ÿ",
"Async TX","data",8.691599,0.000082,"ÿ",
"Async TX","data",8.696268,0.000082,"j",
"Async TX","data",8.696355,0.000082,"0",
"Async TX","data",8.6964415,0.000082,".",
"Async TX","data",8.6965285,0.000082,"p",
"Async TX","data",8.696615,0.000082,"c",
"Async TX","data",8.6967015,0.000082,"o",
"Async TX","data",8.6967885,0.000082,"=",
"Async TX","data",8.6968755,0.000082,"2",
"Async TX","data",8.696962,0.000082,"0",
"Async TX","data",8.697049,0.000082,"1",
"Async TX","data",8.6971355,0.000082,"6",
"Async TX","data",8.6972225,0.000082,"ÿ",
"Async TX","data",8.697309,0.000082,"ÿ",
"Async TX","data",8.697396,0.000082,"ÿ",
"Async TX","data",8.6974825,0.000082,"t",
"Async TX","data",8.6975695,0.000082,"2",
"Async TX","data",8.6976565,0.000082,".",
"Async TX","data",8.697743,0.000082,"p",
"Async TX","data",8.69783,0.000082,"c",
"Async TX","data",8.6979165,0.000082,"o",
"Async TX","data",8.6980035,0.000082,"=",
"Async TX","data",8.6980905,0.000082,"2",
"Async TX","data",8.698177,0.000082,"0",
"Async TX","data",8.698264,0.000082,"1",
"Async TX","data",8.6983505,0.000082,"6",
"Async TX","data",8.6984375,0.000082,"ÿ",
"Async TX","data",8.698524,0.000082,"ÿ",
"Async TX","data",8.698611,0.000082,"ÿ",
"Async TX","data",8.7032025,0.000082,"j",
"Async TX","data",8.703289,0.000082,"0",
"Async TX","data",8.703376,0.000082,".",
"Async TX","data",8.7034625,0.000082,"v",
"Async TX","data",8.7035495,0.000082,"a",
"Async TX","data",8.7036365,0.000082,"l",
"Async TX","data",8.703723,0.000082,"=",
"Async TX","data",8.70381,0.000082,"0",
"Async TX","data",8.7038965,0.000082,"ÿ",
"Async TX","data",8.7039835,0.000082,"ÿ",
"Async TX","data",8.70407,0.000082,"ÿ",
"Async TX","data",8.708791,0.000082,"t",
"Async TX","data",8.708878,0.000082,"2",
"Async TX","data",8.7089645,0.000082,".",
"Async TX","data",8.7090515,0.000082,"t",
"Async TX","data",8.709138,0.000082,"x",
"Async TX","data",8.709225,0.000082,"t",
"Async TX","data",8.7093115,0.000082,"=",
"Async TX","data",8.7093985,0.000082,"""",
"Async TX","data",8.7094855,0.000082,"0",
"Async TX","data",8.709572,0.000082,".",
"Async TX","data",8.709659,0.000082,"0",
"Async TX","data",8.7097455,0.000082,"0",
"Async TX","data",8.7098325,0.000082,"""",
"Async TX","data",8.709919,0.000082,"ÿ",
"Async TX","data",8.710006,0.000082,"ÿ",
"Async TX","data",8.7100925,0.000082,"ÿ",
"Async TX","data",8.7144235,0.000082,"t",
"Async TX","data",8.71451,0.000082,"1",
"Async TX","data",8.714597,0.000082,"3",
"Async TX","data",8.7146835,0.000082,".",
"Async TX","data",8.7147705,0.000082,"t",
"Async TX","data",8.7148575,0.000082,"x",
"Async TX","data",8.714944,0.000082,"t",
"Async TX","data",8.715031,0.000082,"=",
"Async TX","data",8.7151175,0.000082,"""",
"Async TX","data",8.7152045,0.000082,"1",
"Async TX","data",8.7152915,0.000082,"0",
"Async TX","data",8.715378,0.000082,"""",
"Async TX","data",8.715465,0.000082,"ÿ",
"Async TX","data",8.7155515,0.000082,"ÿ",
"Async TX","data",8.7156385,0.000082,"ÿ",
"Async TX","data",8.720152,0.000082,"t",
"Async TX","data",8.7202385,0.000082,"1",
"Async TX","data",8.7203255,0.000082,".",
"Async TX","data",8.720412,0.000082,"p",
"Async TX","data",8.720499,0.000082,"c",
"Async TX","data",8.7205855,0.000082,"o",
"Async TX","data",8.7206725,0.000082,"=",
"Async TX","data",8.720759,0.000082,"2",
"Async TX","data",8.720846,0.000082,"0",
"Async TX","data",8.720933,0.000082,"2",
"Async TX","data",8.7210195,0.000082,"4",
"Async TX","data",8.7211065,0.000082,"ÿ",
"Async TX","data",8.721193,0.000082,"ÿ",
"Async TX","data",8.72128,0.000082,"ÿ",
"Async TX","data",8.730333,0.000082,"t",
"Async TX","data",8.7304195,0.000082,"0",
"Async TX","data",8.7305065,0.000082,".",
"Async TX","data",8.730593,0.000082,"t",
"Async TX","data",8.73068,0.000082,"x",
"Async TX","data",8.730767,0.000082,"t",
"Async TX","data",8.7308535,0.000082,"=",
"Async TX","data",8.7309405,0.000082,"""",
"Async TX","data",8.731027,0.000082,"0",
"Async TX","data",8.731114,0.000082,".",
"Async TX","data",8.731201,0.000082,"0",
"Async TX","data",8.7312875,0.000082,"""",
"Async TX","data",8.7313745,0.000082,"ÿ",
"Async TX","data",8.731461,0.000082,"ÿ",
"Async TX","data",8.731548,0.000082,"ÿ",
"Async TX","data",8.736054,0.000082,"t",
"Async TX","data",8.7361405,0.000082,"5",
"Async TX","data",8.7362275,0.000082,".",
"Async TX","data",8.7363145,0.000082,"t",
"Async TX","data",8.736401,0.000082,"x",
"Async TX","data",8.736488,0.000082,"t",
"Async TX","data",8.736575,0.000082,"=",
"Async TX","data",8.7366615,0.000082,"""",
"Async TX","data",8.7367485,0.000082,"0",
"Async TX","data",8.7368355,0.000082,".",
"Async TX","data",8.736922,0.000082,"0",
"Async TX","data",8.737009,0.000082,"""",
"Async TX","data",8.737096,0.000082,"ÿ",
"Async TX","data",8.7371825,0.000082,"ÿ",
"Async TX","data",8.7372695,0.000082,"ÿ",
"Async TX","data",8.741828,0.000082,"t",
"Async TX","data",8.7419145,0.000082,"4",
"Async TX","data",8.7420015,0.000082,".",
"Async TX","data",8.742088,0.000082,"t",
"Async TX","data",8.742175,0.000082,"x",
"Async TX","data",8.7422615,0.000082,"t",
"Async TX","data",8.7423485,0.000082,"=",
"Async TX","data",8.7424355,0.000082,"""",
"Async TX","data",8.742522,0.000082,"0",
"Async TX","data",8.742609,0.000082,".",
"Async TX","data",8.7426955,0.000082,"0",
"Async TX","data",8.7427825,0.000082,"""",
"Async TX","data",8.7428695,0.000082,"ÿ",
"Async TX","data",8.742956,0.000082,"ÿ",
"Async TX","data",8.743043,0.000082,"ÿ",
"Async TX","data",8.747868,0.000082,"t",
"Async TX","data",8.7479545,0.000082,"6",
"Async TX","data",8.7480415,0.000082,".",
"Async TX","data",8.748128,0.000082,"t",
"Async TX","data",8.748215,0.000082,"x",
"Async TX","data",8.7483015,0.000082,"t",
"Async TX","data",8.7483885,0.000082,"=",
"Async TX","data",8.7484755,0.000082,"""",
"Async TX","data",8.748562,0.000082,"0",
"Async TX","data",8.748649,0.000082,".",
"Async TX","data",8.748736,0.000082,"0",
"Async TX","data",8.7488225,0.000082,"""",
"Async TX","data",8.7489095,0.000082,"ÿ",
"Async TX","data",8.748996,0.000082,"ÿ",
"Async TX","data",8.749083,0.000082,"ÿ",
"Async TX","data",8.7538125,0.000082,"j",
"Async TX","data",8.7538995,0.000082,"2",
"Async TX","data",8.7539865,0.000082,".",
"Async TX","data",8.754073,0.000082,"v",
"Async TX","data",8.75416,0.000082,"a",
"Async TX","data",8.7542465,0.000082,"l",
"Async TX","data",8.7543335,0.000082,"=",
"Async TX","data",8.7544205,0.000082,"0",
"Async TX","data",8.754507,0.000082,"ÿ",
"Async TX","data",8.754594,0.000082,"ÿ",
"Async TX","data",8.7546805,0.000082,"ÿ",
"Async TX","data",8.758778,0.000082,"j",
"Async TX","data",8.7588645,0.000082,"1",
"Async TX","data",8.7589515,0.000082,".",
"Async TX","data",8.759038,0.000082,"v",
"Async TX","data",8.759125,0.000082,"a",
"Async TX","data",8.759212,0.000082,"l",
"Async TX","data",8.7592985,0.000082,"=",
"Async TX","data",8.7593855,0.000082,"0",
"Async TX","data",8.759472,0.000082,"ÿ",
"Async TX","data",8.759559,0.000082,"ÿ",
"Async TX","data",8.7596455,0.000082,"ÿ",
"Async TX","data",8.764002,0.000082,"t",
"Async TX","data",8.764089,0.000082,"7",
"Async TX","data",8.7641755,0.000082,".",
"Async TX","data",8.7642625,0.000082,"t",
"Async TX","data",8.7643495,0.000082,"x",
"Async TX","data",8.764436,0.000082,"t",
"Async TX","data",8.764523,0.000082,"=",
"Async TX","data",8.7646095,0.000082,"""",
"Async TX","data",8.7646965,0.000082,"0",
"Async TX","data",8.764783,0.000082,"%",
"Async TX","data",8.76487,0.000082,"""",
"Async TX","data",8.764957,0.000082,"ÿ",
"Async TX","data",8.7650435,0.000082,"ÿ",
"Async TX","data",8.7651305,0.000082,"ÿ",
"Async TX","data",8.769886,0.000082,"j",
"Async TX","data",8.7699725,0.000082,"0",
"Async TX","data",8.7700595,0.000082,".",
"Async TX","data",8.770146,0.000082,"p",
"Async TX","data",8.770233,0.000082,"c",
"Async TX","data",8.7703195,0.000082,"o",
"Async TX","data",8.7704065,0.000082,"=",
"Async TX","data",8.7704935,0.000082,"2",
"Async TX","data",8.77058,0.000082,"0",
"Async TX","data",8.770667,0.000082,"1",
"Async TX","data",8.7707535,0.000082,"6",
"Async TX","data",8.7708405,0.000082,"ÿ",
"Async TX","data",8.770927,0.000082,"ÿ",
"Async TX","data",8.771014,0.000082,"ÿ",
"Async TX","data",8.771101,0.000082,"t",
"Async TX","data",8.7711875,0.000082,"2",
"Async TX","data",8.7712745,0.000082,".",
"Async TX","data",8.771361,0.000082,"p",
"Async TX","data",8.771448,0.000082,"c",
"Async TX","data",8.7715345,0.000082,"o",
"Async TX","data",8.7716215,0.000082,"=",
"Async TX","data",8.771708,0.000082,"2",
"Async TX","data",8.771795,0.000082,"0",
"Async TX","data",8.7718815,0.000082,"1",
"Async TX","data",8.7719685,0.000082,"6",
"Async TX","data",8.7720555,0.000082,"ÿ",
"Async TX","data",8.772142,0.000082,"ÿ",
"Async TX","data",8.7722285,0.000082,"ÿ",
"Async TX","data",8.7765505,0.000082,"j",
"Async TX","data",8.776637,0.000082,"0",
"Async TX","data",8.776724,0.000082,".",
"Async TX","data",8.7768105,0.000082,"v",
"Async TX","data",8.7768975,0.000082,"a",
"Async TX","data",8.7769845,0.000082,"l",
"Async TX","data",8.777071,0.000082,"=",
"Async TX","data",8.777158,0.000082,"0",
"Async TX","data",8.7772445,0.000082,"ÿ",
"Async TX","data",8.7773315,0.000082,"ÿ",
"Async TX","data",8.777418,0.000082,"ÿ",
"Async TX","data",8.7817755,0.000082,"t",
"Async TX","data",8.7818625,0.000082,"2",
"Async TX","data",8.781949,0.000082,".",
"Async TX","data",8.782036,0.000082,"t",
"Async TX","data",8.7821225,0.000082,"x",
"Async TX","data",8.7822095,0.000082,"t",
"Async TX","data",8.782296,0.000082,"=",
"Async TX","data",8.782383,0.000082,"""",
"Async TX","data",8.7824695,0.000082,"0",
"Async TX","data",8.7825565,0.000082,".",
"Async TX","data",8.7826435,0.000082,"0",
"Async TX","data",8.78273,0.000082,"0",
"Async TX","data",8.782817,0.000082,"""",
"Async TX","data",8.7829035,0.000082,"ÿ",
"Async TX","data",8.7829905,0.000082,"ÿ",
"Async TX","data",8.783077,0.000082,"ÿ",
"Async TX","data",8.787946,0.000082,"t",
"Async TX","data",8.7880325,0.000082,"1",
"Async TX","data",8.7881195,0.000082,"3",
"Async TX","data",8.788206,0.000082,".",
"Async TX","data",8.788293,0.000082,"t",
"Async TX","data",8.7883795,0.000082,"x",
"Async TX","data",8.7884665,0.000082,"t",
"Async TX","data",8.788553,0.000082,"=",
"Async TX","data",8.78864,0.000082,"""",
"Async TX","data",8.7887265,0.000082,"1",
"Async TX","data",8.7888135,0.000082,"0",
"Async TX","data",8.7889005,0.000082,"""",
"Async TX","data",8.788987,0.000082,"ÿ",
"Async TX","data",8.789074,0.000082,"ÿ",
"Async TX","data",8.7891605,0.000082,"ÿ",
"Async TX","data",8.793691,0.000082,"t",
"Async TX","data",8.7937775,0.000082,"1",
"Async TX","data",8.7938645,0.000082,".",
"Async TX","data",8.793951,0.000082,"p",
"Async TX","data",8.794038,0.000082,"c",
"Async TX","data",8.7941245,0.000082,"o",
"Async TX","data",8.7942115,0.000082,"=",
"Async TX","data",8.7942985,0.000082,"2",
"Async TX","data",8.794385,0.000082,"0",
"Async TX","data",8.794472,0.000082,"2",
"Async TX","data",8.7945585,0.000082,"4",
"Async TX","data",8.7946455,0.000082,"ÿ",
"Async TX","data",8.794732,0.000082,"ÿ",
"Async TX","data",8.794819,0.000082,"ÿ",
"Async TX","data",8.804009,0.000082,"t",
"Async TX","data",8.804096,0.000082,"0",
"Async TX","data",8.8041825,0.000082,".",
"Async TX","data",8.8042695,0.000082,"t",
"Async TX","data",8.804356,0.000082,"x",
"Async TX","data",8.804443,0.000082,"t",
"Async TX","data",8.8045295,0.000082,"=",
"Async TX","data",8.8046165,0.000082,"""",
"Async TX","data",8.804703,0.000082,"0",
"Async TX","data",8.80479,0.000082,".",
"Async TX","data",8.8048765,0.000082,"0",
"Async TX","data",8.8049635,0.000082,"""",
"Async TX","data",8.80505,0.000082,"ÿ",
"Async TX","data",8.805137,0.000082,"ÿ",
"Async TX","data",8.8052235,0.000082,"ÿ",
"Async TX","data",8.8096925,0.000082,"t",
"Async TX","data",8.8097795,0.000082,"5",
"Async TX","data",8.809866,0.000082,".",
"Async TX","data",8.809953,0.000082,"t",
"Async TX","data",8.8100395,0.000082,"x",
"Async TX","data",8.8101265,0.000082,"t",
"Async TX","data",8.810213,0.000082,"=",
"Async TX","data",8.8103,0.000082,"""",
"Async TX","data",8.8103865,0.000082,"0",
"Async TX","data",8.8104735,0.000082,".",
"Async TX","data",8.81056,0.000082,"0",
"Async TX","data",8.810647,0.000082,"""",
"Async TX","data",8.8107335,0.000082,"ÿ",
"Async TX","data",8.8108205,0.000082,"ÿ",
"Async TX","data",8.810907,0.000082,"ÿ",
"Async TX","data",8.815514,0.000082,"t",
"Async TX","data",8.815601,0.000082,"4",
"Async TX","data",8.815688,0.000082,".",
"Async TX","data",8.8157745,0.000082,"t",
"Async TX","data",8.8158615,0.000082,"x",
"Async TX","data",8.815948,0.000082,"t",
"Async TX","data",8.816035,0.000082,"=",
"Async TX","data",8.8161215,0.000082,"""",
"Async TX","data",8.8162085,0.000082,"0",
"Async TX","data",8.8162955,0.000082,".",
"Async TX","data",8.816382,0.000082,"0",
"Async TX","data",8.816469,0.000082,"""",
"Async TX","data",8.8165555,0.000082,"ÿ",
"Async TX","data",8.8166425,0.000082,"ÿ",
"Async TX","data",8.816729,0.000082,"ÿ",
"Async TX","data",8.8210945,0.000082,"t",
"Async TX","data",8.821181,0.000082,"6",
"Async TX","data",8.821268,0.000082,".",
"Async TX","data",8.8213545,0.000082,"t",
"Async TX","data",8.8214415,0.000082,"x",
"Async TX","data",8.8215285,0.000082,"t",
"Async TX","data",8.821615,0.000082,"=",
"Async TX","data",8.821702,0.000082,"""",
"Async TX","data",8.8217885,0.000082,"0",
"Async TX","data",8.8218755,0.000082,".",
"Async TX","data",8.821962,0.000082,"0",
"Async TX","data",8.822049,0.000082,"""",
"Async TX","data",8.8221355,0.000082,"ÿ",
"Async TX","data",8.8222225,0.000082,"ÿ",
"Async TX","data",8.822309,0.000082,"ÿ",
"Async TX","data",8.8268985,0.000082,"j",
"Async TX","data",8.826985,0.000082,"2",
"Async TX","data",8.8270715,0.000082,".",
"Async TX","data",8.8271585,0.000082,"v",
"Async TX","data",8.8272455,0.000082,"a",
"Async TX","data",8.827332,0.000082,"l",
"Async TX","data",8.827419,0.000082,"=",
"Async TX","data",8.8275055,0.000082,"0",
"Async TX","data",8.8275925,0.000082,"ÿ",
"Async TX","data",8.827679,0.000082,"ÿ",
"Async TX","data",8.827766,0.000082,"ÿ",
"Async TX","data",8.832322,0.000082,"j",
"Async TX","data",8.8324085,0.000082,"1",
"Async TX","data",8.8324955,0.000082,".",
"Async TX","data",8.832582,0.000082,"v",
"Async TX","data",8.832669,0.000082,"a",
"Async TX","data",8.8327555,0.000082,"l",
"Async TX","data",8.8328425,0.000082,"=",
"Async TX","data",8.832929,0.000082,"0",
"Async TX","data",8.833016,0.000082,"ÿ",
"Async TX","data",8.8331025,0.000082,"ÿ",
"Async TX","data",8.8331895,0.000082,"ÿ",
"Async TX","data",8.8376225,0.000082,"t",
"Async TX","data",8.837709,0.000082,"7",
"Async TX","data",8.837796,0.000082,".",
"Async TX","data",8.8378825,0.000082,"t",
"Async TX","data",8.8379695,0.000082,"x",
"Async TX","data",8.838056,0.000082,"t",
"Async TX","data",8.838143,0.000082,"=",
"Async TX","data",8.83823,0.000082,"""",
"Async TX","data",8.8383165,0.000082,"0",
"Async TX","data",8.8384035,0.000082,"%",
"Async TX","data",8.83849,0.000082,"""",
"Async TX","data",8.838577,0.000082,"ÿ",
"Async TX","data",8.8386635,0.000082,"ÿ",
"Async TX","data",8.8387505,0.000082,"ÿ",
"Async TX","data",8.8428715,0.000082,"j",
"Async TX","data",8.842958,0.000082,"0",
"Async TX","data",8.843045,0.000082,".",
"Async TX","data",8.8431315,0.000082,"p",
"Async TX","data",8.8432185,0.000082,"c",
"Async TX","data",8.843305,0.000082,"o",
"Async TX","data",8.843392,0.000082,"=",
"Async TX","data",8.8434785,0.000082,"2",
"Async TX","data",8.8435655,0.000082,"0",
"Async TX","data",8.843652,0.000082,"1",
"Async TX","data",8.843739,0.000082,"6",
"Async TX","data",8.8438255,0.000082,"ÿ",
"Async TX","data",8.8439125,0.000082,"ÿ",
"Async TX","data",8.843999,0.000082,"ÿ",
"Async TX","data",8.844086,0.000082,"t",
"Async TX","data",8.8441725,0.000082,"2",
"Async TX","data",8.8442595,0.000082,".",
"Async TX","data",8.844346,0.000082,"p",
"Async TX","data",8.844433,0.000082,"c",
"Async TX","data",8.8445195,0.000082,"o",
"Async TX","data",8.8446065,0.000082,"=",
"Async TX","data",8.844693,0.000082,"2",
"Async TX","data",8.84478,0.000082,"0",
"Async TX","data",8.8448665,0.000082,"1",
"Async TX","data",8.8449535,0.000082,"6",
"Async TX","data",8.8450405,0.000082,"ÿ",
"Async TX","data",8.845127,0.000082,"ÿ",
"Async TX","data",8.845214,0.000082,"ÿ",
"Async TX","data",8.8497965,0.000082,"j",
"Async TX","data",8.8498835,0.000082,"0",
"Async TX","data",8.84997,0.000082,".",
"Async TX","data",8.850057,0.000082,"v",
"Async TX","data",8.8501435,0.000082,"a",
"Async TX","data",8.8502305,0.000082,"l",
"Async TX","data",8.8503175,0.000082,"=",
"Async TX","data",8.850404,0.000082,"0",
"Async TX","data",8.850491,0.000082,"ÿ",
"Async TX","data",8.8505775,0.000082,"ÿ",
"Async TX","data",8.8506645,0.000082,"ÿ",
"Async TX","data",8.855498,0.000082,"t",
"Async TX","data",8.855585,0.000082,"2",
"Async TX","data",8.8556715,0.000082,".",
"Async TX","data",8.8557585,0.000082,"t",
"Async TX","data",8.855845,0.000082,"x",
"Async TX","data",8.855932,0.000082,"t",
"Async TX","data",8.8560185,0.000082,"=",
"Async TX","data",8.8561055,0.000082,"""",
"Async TX","data",8.856192,0.000082,"0",
"Async TX","data",8.856279,0.000082,".",
"Async TX","data",8.856366,0.000082,"0",
"Async TX","data",8.8564525,0.000082,"0",
"Async TX","data",8.8565395,0.000082,"""",
"Async TX","data",8.856626,0.000082,"ÿ",
"Async TX","data",8.856713,0.000082,"ÿ",
"Async TX","data",8.8568,0.000082,"ÿ",
"Async TX","data",8.861392,0.000082,"t",
"Async TX","data",8.861479,0.000082,"1",
"Async TX","data",8.8615655,0.000082,"3",
"Async TX","data",8.8616525,0.000082,".",
"Async TX","data",8.8617395,0.000082,"t",
"Async TX","data",8.861826,0.000082,"x",
"Async TX","data",8.861913,0.000082,"t",
"Async TX","data",8.8619995,0.000082,"=",
"Async TX","data",8.8620865,0.000082,"""",
"Async TX","data",8.862173,0.000082,"1",
"Async TX","data",8.86226,0.000082,"0",
"Async TX","data",8.862347,0.000082,"""",
"Async TX","data",8.8624335,0.000082,"ÿ",
"Async TX","data",8.8625205,0.000082,"ÿ",
"Async TX","data",8.862607,0.000082,"ÿ",
"Async TX","data",8.8673715,0.000082,"t",
"Async TX","data",8.8674585,0.000082,"1",
"Async TX","data",8.8675455,0.000082,".",
"Async TX","data",8.867632,0.000082,"p",
"Async TX","data",8.867719,0.000082,"c",
"Async TX","data",8.8678055,0.000082,"o",
"Async TX","data",8.8678925,0.000082,"=",
"Async TX","data",8.8679795,0.000082,"2",
"Async TX","data",8.868066,0.000082,"0",
"Async TX","data",8.868153,0.000082,"2",
"Async TX","data",8.8682395,0.000082,"4",
"Async TX","data",8.8683265,0.000082,"ÿ",
"Async TX","data",8.868413,0.000082,"ÿ",
"Async TX","data",8.8685,0.000082,"ÿ",
"Async TX","data",8.877518,0.000082,"t",
"Async TX","data",8.8776045,0.000082,"0",
"Async TX","data",8.8776915,0.000082,".",
"Async TX","data",8.877778,0.000082,"t",
"Async TX","data",8.877865,0.000082,"x",
"Async TX","data",8.877952,0.000082,"t",
"Async TX","data",8.8780385,0.000082,"=",
"Async TX","data",8.8781255,0.000082,"""",
"Async TX","data",8.878212,0.000082,"0",
"Async TX","data",8.878299,0.000082,".",
"Async TX","data",8.878386,0.000082,"0",
"Async TX","data",8.8784725,0.000082,"""",
"Async TX","data",8.8785595,0.000082,"ÿ",
"Async TX","data",8.878646,0.000082,"ÿ",
"Async TX","data",8.878733,0.000082,"ÿ",
"Async TX","data",8.883185,0.000082,"t",
"Async TX","data",8.883272,0.000082,"5",
"Async TX","data",8.8833585,0.000082,".",
"Async TX","data",8.8834455,0.000082,"t",
"Async TX","data",8.8835325,0.000082,"x",
"Async TX","data",8.883619,0.000082,"t",
"Async TX","data",8.883706,0.000082,"=",
"Async TX","data",8.8837925,0.000082,"""",
"Async TX","data",8.8838795,0.000082,"0",
"Async TX","data",8.8839665,0.000082,".",
"Async TX","data",8.884053,0.000082,"0",
"Async TX","data",8.88414,0.000082,"""",
"Async TX","data",8.8842265,0.000082,"ÿ",
"Async TX","data",8.8843135,0.000082,"ÿ",
"Async TX","data",8.8844,0.000082,"ÿ",
"Async TX","data",8.8889485,0.000082,"t",
"Async TX","data",8.8890355,0.000082,"4",
"Async TX","data",8.889122,0.000082,".",
"Async TX","data",8.889209,0.000082,"t",
"Async TX","data",8.8892955,0.000082,"x",
"Async TX","data",8.8893825,0.000082,"t",
"Async TX","data",8.889469,0.000082,"=",
"Async TX","data",8.889556,0.000082,"""",
"Async TX","data",8.889643,0.000082,"0",
"Async TX","data",8.8897295,0.000082,".",
"Async TX","data",8.8898165,0.000082,"0",
"Async TX","data",8.889903,0.000082,"""",
"Async TX","data",8.88999,0.000082,"ÿ",
"Async TX","data",8.8900765,0.000082,"ÿ",
"Async TX","data",8.8901635,0.000082,"ÿ",
"Async TX","data",8.894484,0.000082,"t",
"Async TX","data",8.894571,0.000082,"6",
"Async TX","data",8.8946575,0.000082,".",
"Async TX","data",8.8947445,0.000082,"t",
"Async TX","data",8.894831,0.000082,"x",
"Async TX","data",8.894918,0.000082,"t",
"Async TX","data",8.8950045,0.000082,"=",
"Async TX","data",8.8950915,0.000082,"""",
"Async TX","data",8.8951785,0.000082,"0",
"Async TX","data",8.895265,0.000082,".",
"Async TX","data",8.895352,0.000082,"0",
"Async TX","data",8.8954385,0.000082,"""",
"Async TX","data",8.8955255,0.000082,"ÿ",
"Async TX","data",8.895612,0.000082,"ÿ",
"Async TX","data",8.895699,0.000082,"ÿ",
"Async TX","data",8.9003235,0.000082,"j",
"Async TX","data",8.9004105,0.000082,"2",
"Async TX","data",8.900497,0.000082,".",
"Async TX","data",8.900584,0.000082,"v",
"Async TX","data",8.9006705,0.000082,"a",
"Async TX","data",8.9007575,0.000082,"l",
"Async TX","data",8.900844,0.000082,"=",
"Async TX","data",8.900931,0.000082,"0",
"Async TX","data",8.9010175,0.000082,"ÿ",
"Async TX","data",8.9011045,0.000082,"ÿ",
"Async TX","data",8.9011915,0.000082,"ÿ",
"Async TX","data",8.905686,0.000082,"j",
"Async TX","data",8.905773,0.000082,"1",
"Async TX","data",8.90586,0.000082,".",
"Async TX","data",8.9059465,0.000082,"v",
"Async TX","data",8.9060335,0.000082,"a",
"Async TX","data",8.90612,0.000082,"l",
"Async TX","data",8.906207,0.000082,"=",
"Async TX","data",8.906294,0.000082,"0",
"Async TX","data",8.9063805,0.000082,"ÿ",
"Async TX","data",8.9064675,0.000082,"ÿ",
"Async TX","data",8.906554,0.000082,"ÿ",
"Async TX","data",8.910946,0.000082,"t",
"Async TX","data",8.911033,0.000082,"7",
"Async TX","data",8.91112,0.000082,".",
"Async TX","data",8.9112065,0.000082,"t",
"Async TX","data",8.9112935,0.000082,"x",
"Async TX","data",8.9113805,0.000082,"t",
"Async TX","data",8.911467,0.000082,"=",
"Async TX","data",8.911554,0.000082,"""",
"Async TX","data",8.9116405,0.000082,"0",
"Async TX","data",8.9117275,0.000082,"%",
"Async TX","data",8.9118145,0.000082,"""",
"Async TX","data",8.911901,0.000082,"ÿ",
"Async TX","data",8.911988,0.000082,"ÿ",
"Async TX","data",8.9120745,0.000082,"ÿ",
"Async TX","data",8.9164495,0.000082,"j",
"Async TX","data",8.9165365,0.000082,"0",
"Async TX","data",8.916623,0.000082,".",
"Async TX","data",8.91671,0.000082,"p",
"Async TX","data",8.9167965,0.000082,"c",
"Async TX","data",8.9168835,0.000082,"o",
"Async TX","data",8.91697,0.000082,"=",
"Async TX","data",8.917057,0.000082,"2",
"Async TX","data",8.9171435,0.000082,"0",
"Async TX","data",8.9172305,0.000082,"1",
"Async TX","data",8.9173175,0.000082,"6",
"Async TX","data",8.917404,0.000082,"ÿ",
"Async TX","data",8.917491,0.000082,"ÿ",
"Async TX","data",8.9175775,0.000082,"ÿ",
"Async TX","data",8.9176645,0.000082,"t",
"Async TX","data",8.917751,0.000082,"2",
"Async TX","data",8.917838,0.000082,".",
"Async TX","data",8.917925,0.000082,"p",
"Async TX","data",8.9180115,0.000082,"c",
"Async TX","data",8.9180985,0.000082,"o",
"Async TX","data",8.918185,0.000082,"=",
"Async TX","data",8.918272,0.000082,"2",
"Async TX","data",8.918359,0.000082,"0",
"Async TX","data",8.9184455,0.000082,"1",
"Async TX","data",8.9185325,0.000082,"6",
"Async TX","data",8.918619,0.000082,"ÿ",
"Async TX","data",8.918706,0.000082,"ÿ",
"Async TX","data",8.918793,0.000082,"ÿ",
"Async TX","data",8.923446,0.000082,"j",
"Async TX","data",8.923533,0.000082,"0",
"Async TX","data",8.9236195,0.000082,".",
"Async TX","data",8.9237065,0.000082,"v",
"Async TX","data",8.9237935,0.000082,"a",
"Async TX","data",8.92388,0.000082,"l",
"Async TX","data",8.923967,0.000082,"=",
"Async TX","data",8.9240535,0.000082,"0",
"Async TX","data",8.9241405,0.000082,"ÿ",
"Async TX","data",8.9242275,0.000082,"ÿ",
"Async TX","data",8.924314,0.000082,"ÿ",
"Async TX","data",8.9289395,0.000082,"t",
"Async TX","data",8.9290265,0.000082,"2",
"Async TX","data",8.929113,0.000082,".",
"Async TX","data",8.9292,0.000082,"t",
"Async TX","data",8.9292865,0.000082,"x",
"Async TX","data",8.9293735,0.000082,"t",
"Async TX","data",8.9294605,0.000082,"=",
"Async TX","data",8.929547,0.000082,"""",
"Async TX","data",8.929634,0.000082,"0",
"Async TX","data",8.9297205,0.000082,".",
"Async TX","data",8.9298075,0.000082,"0",
"Async TX","data",8.929894,0.000082,"0",
"Async TX","data",8.929981,0.000082,"""",
"Async TX","data",8.9300675,0.000082,"ÿ",
"Async TX","data",8.9301545,0.000082,"ÿ",
"Async TX","data",8.9302415,0.000082,"ÿ",
"Async TX","data",8.934841,0.000082,"t",
"Async TX","data",8.934928,0.000082,"1",
"Async TX","data",8.9350145,0.000082,"3",
"Async TX","data",8.9351015,0.000082,".",
"Async TX","data",8.9351885,0.000082,"t",
"Async TX","data",8.935275,0.000082,"x",
"Async TX","data",8.935362,0.000082,"t",
"Async TX","data",8.935449,0.000082,"=",
"Async TX","data",8.9355355,0.000082,"""",
"Async TX","data",8.9356225,0.000082,"1",
"Async TX","data",8.9357095,0.000082,"0",
"Async TX","data",8.935796,0.000082,"""",
"Async TX","data",8.935883,0.000082,"ÿ",
"Async TX","data",8.9359695,0.000082,"ÿ",
"Async TX","data",8.9360565,0.000082,"ÿ",
"Async TX","data",8.9403275,0.000082,"t",
"Async TX","data",8.9404145,0.000082,"1",
"Async TX","data",8.940501,0.000082,".",
"Async TX","data",8.940588,0.000082,"p",
"Async TX","data",8.940675,0.000082,"c",
"Async TX","data",8.9407615,0.000082,"o",
"Async TX","data",8.9408485,0.000082,"=",
"Async TX","data",8.9409355,0.000082,"2",
"Async TX","data",8.941022,0.000082,"0",
"Async TX","data",8.941109,0.000082,"2",
"Async TX","data",8.941196,0.000082,"4",
"Async TX","data",8.9412825,0.000082,"ÿ",
"Async TX","data",8.9413695,0.000082,"ÿ",
"Async TX","data",8.9414565,0.000082,"ÿ",
"Async TX","data",8.950502,0.000082,"t",
"Async TX","data",8.9505885,0.000082,"0",
"Async TX","data",8.9506755,0.000082,".",
"Async TX","data",8.9507625,0.000082,"t",
"Async TX","data",8.950849,0.000082,"x",
"Async TX","data",8.950936,0.000082,"t",
"Async TX","data",8.951023,0.000082,"=",
"Async TX","data",8.9511095,0.000082,"""",
"Async TX","data",8.9511965,0.000082,"0",
"Async TX","data",8.951283,0.000082,".",
"Async TX","data",8.95137,0.000082,"0",
"Async TX","data",8.951457,0.000082,"""",
"Async TX","data",8.9515435,0.000082,"ÿ",
"Async TX","data",8.9516305,0.000082,"ÿ",
"Async TX","data",8.951717,0.000082,"ÿ",
"Async TX","data",8.956179,0.000082,"t",
"Async TX","data",8.956266,0.000082,"5",
"Async TX","data",8.956353,0.000082,".",
"Async TX","data",8.9564395,0.000082,"t",
"Async TX","data",8.9565265,0.000082,"x",
"Async TX","data",8.956613,0.000082,"t",
"Async TX","data",8.9567,0.000082,"=",
"Async TX","data",8.956787,0.000082,"""",
"Async TX","data",8.9568735,0.000082,"0",
"Async TX","data",8.9569605,0.000082,".",
"Async TX","data",8.957047,0.000082,"0",
"Async TX","data",8.957134,0.000082,"""",
"Async TX","data",8.957221,0.000082,"ÿ",
"Async TX","data",8.9573075,0.000082,"ÿ",
"Async TX","data",8.9573945,0.000082,"ÿ",
"Async TX","data",8.9619415,0.000082,"t",
"Async TX","data",8.9620285,0.000082,"4",
"Async TX","data",8.962115,0.000082,".",
"Async TX","data",8.962202,0.000082,"t",
"Async TX","data",8.962289,0.000082,"x",
"Async TX","data",8.9623755,0.000082,"t",
"Async TX","data",8.9624625,0.000082,"=",
"Async TX","data",8.9625495,0.000082,"""",
"Async TX","data",8.962636,0.000082,"0",
"Async TX","data",8.962723,0.000082,".",
"Async TX","data",8.9628095,0.000082,"0",
"Async TX","data",8.9628965,0.000082,"""",
"Async TX","data",8.9629835,0.000082,"ÿ",
"Async TX","data",8.96307,0.000082,"ÿ",
"Async TX","data",8.963157,0.000082,"ÿ",
"Async TX","data",8.9678095,0.000082,"t",
"Async TX","data",8.9678965,0.000082,"6",
"Async TX","data",8.967983,0.000082,".",
"Async TX","data",8.96807,0.000082,"t",
"Async TX","data",8.968157,0.000082,"x",
"Async TX","data",8.9682435,0.000082,"t",
"Async TX","data",8.9683305,0.000082,"=",
"Async TX","data",8.968417,0.000082,"""",
"Async TX","data",8.968504,0.000082,"0",
"Async TX","data",8.968591,0.000082,".",
"Async TX","data",8.9686775,0.000082,"0",
"Async TX","data",8.9687645,0.000082,"""",
"Async TX","data",8.968851,0.000082,"ÿ",
"Async TX","data",8.968938,0.000082,"ÿ",
"Async TX","data",8.9690245,0.000082,"ÿ",
"Async TX","data",8.973104,0.000082,"j",
"Async TX","data",8.9731905,0.000082,"2",
"Async TX","data",8.9732775,0.000082,".",
"Async TX","data",8.9733645,0.000082,"v",
"Async TX","data",8.973451,0.000082,"a",
"Async TX","data",8.973538,0.000082,"l",
"Async TX","data",8.9736245,0.000082,"=",
"Async TX","data",8.9737115,0.000082,"0",
"Async TX","data",8.973798,0.000082,"ÿ",
"Async TX","data",8.973885,0.000082,"ÿ",
"Async TX","data",8.973972,0.000082,"ÿ",
"Async TX","data",8.9782065,0.000082,"j",
"Async TX","data",8.9782935,0.000082,"1",
"Async TX","data",8.97838,0.000082,".",
"Async TX","data",8.978467,0.000082,"v",
"Async TX","data",8.9785535,0.000082,"a",
"Async TX","data",8.9786405,0.000082,"l",
"Async TX","data",8.9787275,0.000082,"=",
"Async TX","data",8.978814,0.000082,"0",
"Async TX","data",8.978901,0.000082,"ÿ",
"Async TX","data",8.9789875,0.000082,"ÿ",
"Async TX","data",8.9790745,0.000082,"ÿ",
"Async TX","data",8.983692,0.000082,"t",
"Async TX","data",8.983779,0.000082,"7",
"Async TX","data",8.9838655,0.000082,".",
"Async TX","data",8.9839525,0.000082,"t",
"Async TX","data",8.984039,0.000082,"x",
"Async TX","data",8.984126,0.000082,"t",
"Async TX","data",8.9842125,0.000082,"=",
"Async TX","data",8.9842995,0.000082,"""",
"Async TX","data",8.984386,0.000082,"0",
"Async TX","data",8.984473,0.000082,"%",
"Async TX","data",8.98456,0.000082,"""",
"Async TX","data",8.9846465,0.000082,"ÿ",
"Async TX","data",8.9847335,0.000082,"ÿ",
"Async TX","data",8.98482,0.000082,"ÿ",
"Async TX","data",8.9894365,0.000082,"j",
"Async TX","data",8.989523,0.000082,"0",
"Async TX","data",8.98961,0.000082,".",
"Async TX","data",8.9896965,0.000082,"p",
"Async TX","data",8.9897835,0.000082,"c",
"Async TX","data",8.98987,0.000082,"o",
"Async TX","data",8.989957,0.000082,"=",
"Async TX","data",8.9900435,0.000082,"2",
"Async TX","data",8.9901305,0.000082,"0",
"Async TX","data",8.9902175,0.000082,"1",
"Async TX","data",8.990304,0.000082,"6",
"Async TX","data",8.990391,0.000082,"ÿ",
"Async TX","data",8.9904775,0.000082,"ÿ",
"Async TX","data",8.9905645,0.000082,"ÿ",
"Async TX","data",8.990651,0.000082,"t",
"Async TX","data",8.990738,0.000082,"2",
"Async TX","data",8.9908245,0.000082,".",
"Async TX","data",8.9909115,0.000082,"p",
"Async TX","data",8.990998,0.000082,"c",
"Async TX","data",8.991085,0.000082,"o",
"Async TX","data",8.991172,0.000082,"=",
"Async TX","data",8.9912585,0.000082,"2",
"Async TX","data",8.9913455,0.000082,"0",
"Async TX","data",8.991432,0.000082,"1",
"Async TX","data",8.991519,0.000082,"6",
"Async TX","data",8.991606,0.000082,"ÿ",
"Async TX","data",8.9916925,0.000082,"ÿ",
"Async TX","data",8.9917795,0.000082,"ÿ",
"Async TX","data",8.9960145,0.000082,"j",
"Async TX","data",8.996101,0.000082,"0",
"Async TX","data",8.996188,0.000082,".",
"Async TX","data",8.9962745,0.000082,"v",
"Async TX","data",8.9963615,0.000082,"a",
"Async TX","data",8.9964485,0.000082,"l",
"Async TX","data",8.996535,0.000082,"=",
"Async TX","data",8.996622,0.000082,"0",
"Async TX","data",8.9967085,0.000082,"ÿ",
"Async TX","data",8.9967955,0.000082,"ÿ",
"Async TX","data",8.996882,0.000082,"ÿ",
"Async TX","data",9.0015415,0.000082,"t",
"Async TX","data",9.0016285,0.000082,"2",
"Async TX","data",9.001715,0.000082,".",
"Async TX","data",9.001802,0.000082,"t",
"Async TX","data",9.0018885,0.000082,"x",
"Async TX","data",9.0019755,0.000082,"t",
"Async TX","data",9.002062,0.000082,"=",
"Async TX","data",9.002149,0.000082,"""",
"Async TX","data",9.0022355,0.000082,"0",
"Async TX","data",9.0023225,0.000082,".",
"Async TX","data",9.002409,0.000082,"0",
"Async TX","data",9.0024955,0.000082,"0",
"Async TX","data",9.0025825,0.000082,"""",
"Async TX","data",9.002669,0.000082,"ÿ",
"Async TX","data",9.002756,0.000082,"ÿ",
"Async TX","data",9.0028425,0.000082,"ÿ",
"Async TX","data",9.0075985,0.000082,"t",
"Async TX","data",9.007685,0.000082,"1",
"Async TX","data",9.007772,0.000082,"3",
"Async TX","data",9.0078585,0.000082,".",
"Async TX","data",9.0079455,0.000082,"t",
"Async TX","data",9.008032,0.000082,"x",
"Async TX","data",9.008119,0.000082,"t",
"Async TX","data",9.0082055,0.000082,"=",
"Async TX","data",9.0082925,0.000082,"""",
"Async TX","data",9.0083795,0.000082,"1",
"Async TX","data",9.008466,0.000082,"0",
"Async TX","data",9.008553,0.000082,"""",
"Async TX","data",9.0086395,0.000082,"ÿ",
"Async TX","data",9.0087265,0.000082,"ÿ",
"Async TX","data",9.008813,0.000082,"ÿ",
"Async TX","data",9.0131255,0.000082,"t",
"Async TX","data",9.0132125,0.000082,"1",
"Async TX","data",9.013299,0.000082,".",
"Async TX","data",9.013386,0.000082,"p",
"Async TX","data",9.0134725,0.000082,"c",
"Async TX","data",9.0135595,0.000082,"o",
"Async TX","data",9.0136465,0.000082,"=",
"Async TX","data",9.013733,0.000082,"2",
"Async TX","data",9.01382,0.000082,"0",
"Async TX","data",9.0139065,0.000082,"2",
"Async TX","data",9.0139935,0.000082,"4",
"Async TX","data",9.01408,0.000082,"ÿ",
"Async TX","data",9.014167,0.000082,"ÿ",
"Async TX","data",9.0142535,0.000082,"ÿ",
"Async TX","data",9.023571,0.000082,"t",
"Async TX","data",9.023658,0.000082,"0",
"Async TX","data",9.0237445,0.000082,".",
"Async TX","data",9.0238315,0.000082,"t",
"Async TX","data",9.023918,0.000082,"x",
"Async TX","data",9.024005,0.000082,"t",
"Async TX","data",9.0240915,0.000082,"=",
"Async TX","data",9.0241785,0.000082,"""",
"Async TX","data",9.024265,0.000082,"0",
"Async TX","data",9.024352,0.000082,".",
"Async TX","data",9.0244385,0.000082,"0",
"Async TX","data",9.0245255,0.000082,"""",
"Async TX","data",9.024612,0.000082,"ÿ",
"Async TX","data",9.024699,0.000082,"ÿ",
"Async TX","data",9.0247855,0.000082,"ÿ",
"Async TX","data",9.029523,0.000082,"t",
"Async TX","data",9.0296095,0.000082,"5",
"Async TX","data",9.0296965,0.000082,".",
"Async TX","data",9.029783,0.000082,"t",
"Async TX","data",9.02987,0.000082,"x",
"Async TX","data",9.0299565,0.000082,"t",
"Async TX","data",9.030043,0.000082,"=",
"Async TX","data",9.03013,0.000082,"""",
"Async TX","data",9.0302165,0.000082,"0",
"Async TX","data",9.0303035,0.000082,".",
"Async TX","data",9.03039,0.000082,"0",
"Async TX","data",9.030477,0.000082,"""",
"Async TX","data",9.0305635,0.000082,"ÿ",
"Async TX","data",9.03065,0.000082,"ÿ",
"Async TX","data",9.030737,0.000082,"ÿ",
"Async TX","data",9.035275,0.000082,"t",
"Async TX","data",9.0353615,0.000082,"4",
"Async TX","data",9.0354485,0.000082,".",
"Async TX","data",9.035535,0.000082,"t",
"Async TX","data",9.035622,0.000082,"x",
"Async TX","data",9.0357085,0.000082,"t",
"Async TX","data",9.0357955,0.000082,"=",
"Async TX","data",9.0358825,0.000082,"""",
"Async TX","data",9.035969,0.000082,"0",
"Async TX","data",9.036056,0.000082,".",
"Async TX","data",9.0361425,0.000082,"0",
"Async TX","data",9.0362295,0.000082,"""",
"Async TX","data",9.036316,0.000082,"ÿ",
"Async TX","data",9.036403,0.000082,"ÿ",
"Async TX","data",9.03649,0.000082,"ÿ",
"Async TX","data",9.040898,0.000082,"t",
"Async TX","data",9.0409845,0.000082,"6",
"Async TX","data",9.0410715,0.000082,".",
"Async TX","data",9.041158,0.000082,"t",
"Async TX","data",9.041245,0.000082,"x",
"Async TX","data",9.0413315,0.000082,"t",
"Async TX","data",9.0414185,0.000082,"=",
"Async TX","data",9.041505,0.000082,"""",
"Async TX","data",9.041592,0.000082,"0",
"Async TX","data",9.0416785,0.000082,".",
"Async TX","data",9.0417655,0.000082,"0",
"Async TX","data",9.041852,0.000082,"""",
"Async TX","data",9.041939,0.000082,"ÿ",
"Async TX","data",9.042026,0.000082,"ÿ",
"Async TX","data",9.0421125,0.000082,"ÿ",
"Async TX","data",9.0467985,0.000082,"j",
"Async TX","data",9.0468855,0.000082,"2",
"Async TX","data",9.046972,0.000082,".",
"Async TX","data",9.047059,0.000082,"v",
"Async TX","data",9.0471455,0.000082,"a",
"Async TX","data",9.0472325,0.000082,"l",
"Async TX","data",9.047319,0.000082,"=",
"Async TX","data",9.047406,0.000082,"0",
"Async TX","data",9.047493,0.000082,"ÿ",
"Async TX","data",9.0475795,0.000082,"ÿ",
"Async TX","data",9.0476665,0.000082,"ÿ",
"Async TX","data",9.0522225,0.000082,"j",
"Async TX","data",9.0523095,0.000082,"1",
"Async TX","data",9.052396,0.000082,".",
"Async TX","data",9.052483,0.000082,"v",
"Async TX","data",9.0525695,0.000082,"a",
"Async TX","data",9.0526565,0.000082,"l",
"Async TX","data",9.0527435,0.000082,"=",
"Async TX","data",9.05283,0.000082,"0",
"Async TX","data",9.052917,0.000082,"ÿ",
"Async TX","data",9.0530035,0.000082,"ÿ",
"Async TX","data",9.0530905,0.000082,"ÿ",
"Async TX","data",9.057742,0.000082,"t",
"Async TX","data",9.057829,0.000082,"7",
"Async TX","data",9.057916,0.000082,".",
"Async TX","data",9.0580025,0.000082,"t",
"Async TX","data",9.0580895,0.000082,"x",
"Async TX","data",9.058176,0.000082,"t",
"Async TX","data",9.058263,0.000082,"=",
"Async TX","data",9.0583495,0.000082,"""",
"Async TX","data",9.0584365,0.000082,"0",
"Async TX","data",9.058523,0.000082,"%",
"Async TX","data",9.05861,0.000082,"""",
"Async TX","data",9.0586965,0.000082,"ÿ",
"Async TX","data",9.0587835,0.000082,"ÿ",
"Async TX","data",9.05887,0.000082,"ÿ",
"Async TX","data",9.0634005,0.000082,"j",
"Async TX","data",9.063487,0.000082,"0",
"Async TX","data",9.063574,0.000082,".",
"Async TX","data",9.063661,0.000082,"p",
"Async TX","data",9.0637475,0.000082,"c",
"Async TX","data",9.0638345,0.000082,"o",
"Async TX","data",9.063921,0.000082,"=",
"Async TX","data",9.064008,0.000082,"2",
"Async TX","data",9.0640945,0.000082,"0",
"Async TX","data",9.0641815,0.000082,"1",
"Async TX","data",9.064268,0.000082,"6",
"Async TX","data",9.064355,0.000082,"ÿ",
"Async TX","data",9.0644415,0.000082,"ÿ",
"Async TX","data",9.0645285,0.000082,"ÿ",
"Async TX","data",9.0646155,0.000082,"t",
"Async TX","data",9.064702,0.000082,"2",
"Async TX","data",9.064789,0.000082,".",
"Async TX","data",9.0648755,0.000082,"p",
"Async TX","data",9.0649625,0.000082,"c",
"Async TX","data",9.065049,0.000082,"o",
"Async TX","data",9.065136,0.000082,"=",
"Async TX","data",9.0652225,0.000082,"2",
"Async TX","data",9.0653095,0.000082,"0",
"Async TX","data",9.065396,0.000082,"1",
"Async TX","data",9.065483,0.000082,"6",
"Async TX","data",9.0655695,0.000082,"ÿ",
"Async TX","data",9.0656565,0.000082,"ÿ",
"Async TX","data",9.065743,0.000082,"ÿ",
"Async TX","data",9.0702555,0.000082,"j",
"Async TX","data",9.0703425,0.000082,"0",
"Async TX","data",9.0704295,0.000082,".",
"Async TX","data",9.070516,0.000082,"v",
"Async TX","data",9.070603,0.000082,"a",
"Async TX","data",9.0706895,0.000082,"l",
"Async TX","data",9.0707765,0.000082,"=",
"Async TX","data",9.0708635,0.000082,"0",
"Async TX","data",9.07095,0.000082,"ÿ",
"Async TX","data",9.071037,0.000082,"ÿ",
"Async TX","data",9.0711235,0.000082,"ÿ",
"Async TX","data",9.07548,0.000082,"t",
"Async TX","data",9.0755665,0.000082,"2",
"Async TX","data",9.0756535,0.000082,".",
"Async TX","data",9.07574,0.000082,"t",
"Async TX","data",9.075827,0.000082,"x",
"Async TX","data",9.0759135,0.000082,"t",
"Async TX","data",9.0760005,0.000082,"=",
"Async TX","data",9.076087,0.000082,"""",
"Async TX","data",9.076174,0.000082,"0",
"Async TX","data",9.0762605,0.000082,".",
"Async TX","data",9.0763475,0.000082,"0",
"Async TX","data",9.076434,0.000082,"0",
"Async TX","data",9.076521,0.000082,"""",
"Async TX","data",9.0766075,0.000082,"ÿ",
"Async TX","data",9.0766945,0.000082,"ÿ",
"Async TX","data",9.0767815,0.000082,"ÿ",
"Async TX","data",9.0815975,0.000082,"t",
"Async TX","data",9.081684,0.000082,"1",
"Async TX","data",9.081771,0.000082,"3",
"Async TX","data",9.0818575,0.000082,".",
"Async TX","data",9.0819445,0.000082,"t",
"Async TX","data",9.082031,0.000082,"x",
"Async TX","data",9.082118,0.000082,"t",
"Async TX","data",9.0822045,0.000082,"=",
"Async TX","data",9.0822915,0.000082,"""",
"Async TX","data",9.082378,0.000082,"1",
"Async TX","data",9.082465,0.000082,"0",
"Async TX","data",9.0825515,0.000082,"""",
"Async TX","data",9.0826385,0.000082,"ÿ",
"Async TX","data",9.0827255,0.000082,"ÿ",
"Async TX","data",9.082812,0.000082,"ÿ",
"Async TX","data",9.0875575,0.000082,"t",
"Async TX","data",9.087644,0.000082,"1",
"Async TX","data",9.087731,0.000082,".",
"Async TX","data",9.0878175,0.000082,"p",
"Async TX","data",9.0879045,0.000082,"c",
"Async TX","data",9.087991,0.000082,"o",
"Async TX","data",9.088078,0.000082,"=",
"Async TX","data",9.088165,0.000082,"2",
"Async TX","data",9.0882515,0.000082,"0",
"Async TX","data",9.088338,0.000082,"2",
"Async TX","data",9.088425,0.000082,"4",
"Async TX","data",9.088512,0.000082,"ÿ",
"Async TX","data",9.0885985,0.000082,"ÿ",
"Async TX","data",9.0886855,0.000082,"ÿ",
"Async TX","data",9.097692,0.000082,"t",
"Async TX","data",9.0977785,0.000082,"0",
"Async TX","data",9.0978655,0.000082,".",
"Async TX","data",9.097952,0.000082,"t",
"Async TX","data",9.098039,0.000082,"x",
"Async TX","data",9.098126,0.000082,"t",
"Async TX","data",9.0982125,0.000082,"=",
"Async TX","data",9.0982995,0.000082,"""",
"Async TX","data",9.098386,0.000082,"0",
"Async TX","data",9.0984725,0.000082,".",
"Async TX","data",9.0985595,0.000082,"0",
"Async TX","data",9.098646,0.000082,"""",
"Async TX","data",9.098733,0.000082,"ÿ",
"Async TX","data",9.0988195,0.000082,"ÿ",
"Async TX","data",9.0989065,0.000082,"ÿ",
"Async TX","data",9.103435,0.000082,"t",
"Async TX","data",9.103522,0.000082,"5",
"Async TX","data",9.1036085,0.000082,".",
"Async TX","data",9.1036955,0.000082,"t",
"Async TX","data",9.103782,0.000082,"x",
"Async TX","data",9.103869,0.000082,"t",
"Async TX","data",9.103956,0.000082,"=",
"Async TX","data",9.1040425,0.000082,"""",
"Async TX","data",9.1041295,0.000082,"0",
"Async TX","data",9.104216,0.000082,".",
"Async TX","data",9.104303,0.000082,"0",
"Async TX","data",9.1043895,0.000082,"""",
"Async TX","data",9.1044765,0.000082,"ÿ",
"Async TX","data",9.1045635,0.000082,"ÿ",
"Async TX","data",9.10465,0.000082,"ÿ",
"Async TX","data",9.1092135,0.000082,"t",
"Async TX","data",9.1093005,0.000082,"4",
"Async TX","data",9.109387,0.000082,".",
"Async TX","data",9.109474,0.000082,"t",
"Async TX","data",9.1095605,0.000082,"x",
"Async TX","data",9.1096475,0.000082,"t",
"Async TX","data",9.109734,0.000082,"=",
"Async TX","data",9.109821,0.000082,"""",
"Async TX","data",9.1099075,0.000082,"0",
"Async TX","data",9.1099945,0.000082,".",
"Async TX","data",9.110081,0.000082,"0",
"Async TX","data",9.110168,0.000082,"""",
"Async TX","data",9.110255,0.000082,"ÿ",
"Async TX","data",9.1103415,0.000082,"ÿ",
"Async TX","data",9.1104285,0.000082,"ÿ",
"Async TX","data",9.11482,0.000082,"t",
"Async TX","data",9.1149065,0.000082,"6",
"Async TX","data",9.1149935,0.000082,".",
"Async TX","data",9.11508,0.000082,"t",
"Async TX","data",9.115167,0.000082,"x",
"Async TX","data",9.1152535,0.000082,"t",
"Async TX","data",9.1153405,0.000082,"=",
"Async TX","data",9.115427,0.000082,"""",
"Async TX","data",9.115514,0.000082,"0",
"Async TX","data",9.115601,0.000082,".",
"Async TX","data",9.1156875,0.000082,"0",
"Async TX","data",9.1157745,0.000082,"""",
"Async TX","data",9.115861,0.000082,"ÿ",
"Async TX","data",9.115948,0.000082,"ÿ",
"Async TX","data",9.1160345,0.000082,"ÿ",
"Async TX","data",9.1205645,0.000082,"j",
"Async TX","data",9.1206515,0.000082,"2",
"Async TX","data",9.120738,0.000082,".",
"Async TX","data",9.120825,0.000082,"v",
"Async TX","data",9.1209115,0.000082,"a",
"Async TX","data",9.1209985,0.000082,"l",
"Async TX","data",9.1210855,0.000082,"=",
"Async TX","data",9.121172,0.000082,"0",
"Async TX","data",9.121259,0.000082,"ÿ",
"Async TX","data",9.1213455,0.000082,"ÿ",
"Async TX","data",9.1214325,0.000082,"ÿ",
"Async TX","data",9.1259535,0.000082,"j",
"Async TX","data",9.12604,0.000082,"1",
"Async TX","data",9.126127,0.000082,".",
"Async TX","data",9.1262135,0.000082,"v",
"Async TX","data",9.1263005,0.000082,"a",
"Async TX","data",9.126387,0.000082,"l",
"Async TX","data",9.126474,0.000082,"=",
"Async TX","data",9.1265605,0.000082,"0",
"Async TX","data",9.1266475,0.000082,"ÿ",
"Async TX","data",9.126734,0.000082,"ÿ",
"Async TX","data",9.126821,0.000082,"ÿ",
"Async TX","data",9.131472,0.000082,"t",
"Async TX","data",9.1315585,0.000082,"7",
"Async TX","data",9.1316455,0.000082,".",
"Async TX","data",9.1317325,0.000082,"t",
"Async TX","data",9.131819,0.000082,"x",
"Async TX","data",9.131906,0.000082,"t",
"Async TX","data",9.1319925,0.000082,"=",
"Async TX","data",9.1320795,0.000082,"""",
"Async TX","data",9.132166,0.000082,"0",
"Async TX","data",9.132253,0.000082,"%",
"Async TX","data",9.1323395,0.000082,"""",
"Async TX","data",9.1324265,0.000082,"ÿ",
"Async TX","data",9.132513,0.000082,"ÿ",
"Async TX","data",9.1326,0.000082,"ÿ",
"Async TX","data",9.1370865,0.000082,"j",
"Async TX","data",9.137173,0.000082,"0",
"Async TX","data",9.13726,0.000082,".",
"Async TX","data",9.1373465,0.000082,"p",
"Async TX","data",9.1374335,0.000082,"c",
"Async TX","data",9.13752,0.000082,"o",
"Async TX","data",9.137607,0.000082,"=",
"Async TX","data",9.1376935,0.000082,"2",
"Async TX","data",9.13778,0.000082,"0",
"Async TX","data",9.137867,0.000082,"1",
"Async TX","data",9.1379535,0.000082,"6",
"Async TX","data",9.1380405,0.000082,"ÿ",
"Async TX","data",9.138127,0.000082,"ÿ",
"Async TX","data",9.138214,0.000082,"ÿ",
"Async TX","data",9.1383005,0.000082,"t",
"Async TX","data",9.1383875,0.000082,"2",
"Async TX","data",9.138474,0.000082,".",
"Async TX","data",9.138561,0.000082,"p",
"Async TX","data",9.1386475,0.000082,"c",
"Async TX","data",9.138734,0.000082,"o",
"Async TX","data",9.138821,0.000082,"=",
"Async TX","data",9.1389075,0.000082,"2",
"Async TX","data",9.1389945,0.000082,"0",
"Async TX","data",9.139081,0.000082,"1",
"Async TX","data",9.139168,0.000082,"6",
"Async TX","data",9.1392545,0.000082,"ÿ",
"Async TX","data",9.1393415,0.000082,"ÿ",
"Async TX","data",9.139428,0.000082,"ÿ",
"Async TX","data",9.1439825,0.000082,"j",
"Async TX","data",9.144069,0.000082,"0",
"Async TX","data",9.144156,0.000082,".",
"Async TX","data",9.1442425,0.000082,"v",
"Async TX","data",9.1443295,0.000082,"a",
"Async TX","data",9.144416,0.000082,"l",
"Async TX","data",9.1445025,0.000082,"=",
"Async TX","data",9.1445895,0.000082,"0",
"Async TX","data",9.1446765,0.000082,"ÿ",
"Async TX","data",9.144763,0.000082,"ÿ",
"Async TX","data",9.14485,0.000082,"ÿ",
"Async TX","data",9.1496395,0.000082,"t",
"Async TX","data",9.1497265,0.000082,"2",
"Async TX","data",9.149813,0.000082,".",
"Async TX","data",9.1499,0.000082,"t",
"Async TX","data",9.149987,0.000082,"x",
"Async TX","data",9.1500735,0.000082,"t",
"Async TX","data",9.1501605,0.000082,"=",
"Async TX","data",9.150247,0.000082,"""",
"Async TX","data",9.150334,0.000082,"0",
"Async TX","data",9.1504205,0.000082,".",
"Async TX","data",9.1505075,0.000082,"0",
"Async TX","data",9.150594,0.000082,"0",
"Async TX","data",9.150681,0.000082,"""",
"Async TX","data",9.1507675,0.000082,"ÿ",
"Async TX","data",9.1508545,0.000082,"ÿ",
"Async TX","data",9.150941,0.000082,"ÿ",
"Async TX","data",9.155497,0.000082,"t",
"Async TX","data",9.1555835,0.000082,"1",
"Async TX","data",9.1556705,0.000082,"3",
"Async TX","data",9.155757,0.000082,".",
"Async TX","data",9.155844,0.000082,"t",
"Async TX","data",9.155931,0.000082,"x",
"Async TX","data",9.1560175,0.000082,"t",
"Async TX","data",9.1561045,0.000082,"=",
"Async TX","data",9.156191,0.000082,"""",
"Async TX","data",9.156278,0.000082,"1",
"Async TX","data",9.156365,0.000082,"0",
"Async TX","data",9.1564515,0.000082,"""",
"Async TX","data",9.1565385,0.000082,"ÿ",
"Async TX","data",9.156625,0.000082,"ÿ",
"Async TX","data",9.156712,0.000082,"ÿ",
"Async TX","data",9.161294,0.000082,"t",
"Async TX","data",9.1613805,0.000082,"1",
"Async TX","data",9.1614675,0.000082,".",
"Async TX","data",9.161554,0.000082,"p",
"Async TX","data",9.161641,0.000082,"c",
"Async TX","data",9.1617275,0.000082,"o",
"Async TX","data",9.1618145,0.000082,"=",
"Async TX","data",9.1619015,0.000082,"2",
"Async TX","data",9.161988,0.000082,"0",
"Async TX","data",9.162075,0.000082,"2",
"Async TX","data",9.1621615,0.000082,"4",
"Async TX","data",9.1622485,0.000082,"ÿ",
"Async TX","data",9.1623355,0.000082,"ÿ",
"Async TX","data",9.162422,0.000082,"ÿ",
"Async TX","data",9.1718975,0.000082,"t",
"Async TX","data",9.1719845,0.000082,"0",
"Async TX","data",9.172071,0.000082,".",
"Async TX","data",9.172158,0.000082,"t",
"Async TX","data",9.1722445,0.000082,"x",
"Async TX","data",9.1723315,0.000082,"t",
"Async TX","data",9.172418,0.000082,"=",
"Async TX","data",9.172505,0.000082,"""",
"Async TX","data",9.1725915,0.000082,"0",
"Async TX","data",9.1726785,0.000082,".",
"Async TX","data",9.1727655,0.000082,"0",
"Async TX","data",9.172852,0.000082,"""",
"Async TX","data",9.172939,0.000082,"ÿ",
"Async TX","data",9.1730255,0.000082,"ÿ",
"Async TX","data",9.1731125,0.000082,"ÿ",
"Async TX","data",9.177816,0.000082,"t",
"Async TX","data",9.1779025,0.000082,"5",
"Async TX","data",9.1779895,0.000082,".",
"Async TX","data",9.178076,0.000082,"t",
"Async TX","data",9.178163,0.000082,"x",
"Async TX","data",9.1782495,0.000082,"t",
"Async TX","data",9.1783365,0.000082,"=",
"Async TX","data",9.178423,0.000082,"""",
"Async TX","data",9.17851,0.000082,"0",
"Async TX","data",9.178597,0.000082,".",
"Async TX","data",9.1786835,0.000082,"0",
"Async TX","data",9.1787705,0.000082,"""",
"Async TX","data",9.178857,0.000082,"ÿ",
"Async TX","data",9.178944,0.000082,"ÿ",
"Async TX","data",9.1790305,0.000082,"ÿ",
"Async TX","data",9.1837425,0.000082,"t",
"Async TX","data",9.1838295,0.000082,"4",
"Async TX","data",9.183916,0.000082,".",
"Async TX","data",9.184003,0.000082,"t",
"Async TX","data",9.18409,0.000082,"x",
"Async TX","data",9.1841765,0.000082,"t",
"Async TX","data",9.1842635,0.000082,"=",
"Async TX","data",9.18435,0.000082,"""",
"Async TX","data",9.184437,0.000082,"0",
"Async TX","data",9.184524,0.000082,".",
"Async TX","data",9.1846105,0.000082,"0",
"Async TX","data",9.1846975,0.000082,"""",
"Async TX","data",9.184784,0.000082,"ÿ",
"Async TX","data",9.184871,0.000082,"ÿ",
"Async TX","data",9.184958,0.000082,"ÿ",
"Async TX","data",9.1892355,0.000082,"t",
"Async TX","data",9.1893225,0.000082,"6",
"Async TX","data",9.189409,0.000082,".",
"Async TX","data",9.189496,0.000082,"t",
"Async TX","data",9.1895825,0.000082,"x",
"Async TX","data",9.1896695,0.000082,"t",
"Async TX","data",9.189756,0.000082,"=",
"Async TX","data",9.189843,0.000082,"""",
"Async TX","data",9.1899295,0.000082,"0",
"Async TX","data",9.1900165,0.000082,".",
"Async TX","data",9.1901035,0.000082,"0",
"Async TX","data",9.19019,0.000082,"""",
"Async TX","data",9.190277,0.000082,"ÿ",
"Async TX","data",9.1903635,0.000082,"ÿ",
"Async TX","data",9.1904505,0.000082,"ÿ",
"Async TX","data",9.194901,0.000082,"j",
"Async TX","data",9.194988,0.000082,"2",
"Async TX","data",9.1950745,0.000082,".",
"Async TX","data",9.1951615,0.000082,"v",
"Async TX","data",9.1952485,0.000082,"a",
"Async TX","data",9.195335,0.000082,"l",
"Async TX","data",9.195422,0.000082,"=",
"Async TX","data",9.1955085,0.000082,"0",
"Async TX","data",9.1955955,0.000082,"ÿ",
"Async TX","data",9.195682,0.000082,"ÿ",
"Async TX","data",9.195769,0.000082,"ÿ",
"Async TX","data",9.2004295,0.000082,"j",
"Async TX","data",9.200516,0.000082,"1",
"Async TX","data",9.200603,0.000082,".",
"Async TX","data",9.20069,0.000082,"v",
"Async TX","data",9.2007765,0.000082,"a",
"Async TX","data",9.2008635,0.000082,"l",
"Async TX","data",9.2009505,0.000082,"=",
"Async TX","data",9.201037,0.000082,"0",
"Async TX","data",9.201124,0.000082,"ÿ",
"Async TX","data",9.201211,0.000082,"ÿ",
"Async TX","data",9.2012975,0.000082,"ÿ",
"Async TX","data",9.2057775,0.000082,"t",
"Async TX","data",9.2058645,0.000082,"7",
"Async TX","data",9.2059515,0.000082,".",
"Async TX","data",9.206038,0.000082,"t",
"Async TX","data",9.206125,0.000082,"x",
"Async TX","data",9.2062115,0.000082,"t",
"Async TX","data",9.2062985,0.000082,"=",
"Async TX","data",9.206385,0.000082,"""",
"Async TX","data",9.206472,0.000082,"0",
"Async TX","data",9.2065585,0.000082,"%",
"Async TX","data",9.2066455,0.000082,"""",
"Async TX","data",9.2067325,0.000082,"ÿ",
"Async TX","data",9.206819,0.000082,"ÿ",
"Async TX","data",9.206906,0.000082,"ÿ",
"Async TX","data",9.211228,0.000082,"j",
"Async TX","data",9.2113145,0.000082,"0",
"Async TX","data",9.2114015,0.000082,".",
"Async TX","data",9.211488,0.000082,"p",
"Async TX","data",9.211575,0.000082,"c",
"Async TX","data",9.211662,0.000082,"o",
"Async TX","data",9.2117485,0.000082,"=",
"Async TX","data",9.2118355,0.000082,"2",
"Async TX","data",9.211922,0.000082,"0",
"Async TX","data",9.212009,0.000082,"1",
"Async TX","data",9.212096,0.000082,"6",
"Async TX","data",9.2121825,0.000082,"ÿ",
"Async TX","data",9.2122695,0.000082,"ÿ",
"Async TX","data",9.212356,0.000082,"ÿ",
"Async TX","data",9.212443,0.000082,"t",
"Async TX","data",9.21253,0.000082,"2",
"Async TX","data",9.2126165,0.000082,".",
"Async TX","data",9.2127035,0.000082,"p",
"Async TX","data",9.21279,0.000082,"c",
"Async TX","data",9.212877,0.000082,"o",
"Async TX","data",9.2129635,0.000082,"=",
"Async TX","data",9.2130505,0.000082,"2",
"Async TX","data",9.213137,0.000082,"0",
"Async TX","data",9.213224,0.000082,"1",
"Async TX","data",9.213311,0.000082,"6",
"Async TX","data",9.2133975,0.000082,"ÿ",
"Async TX","data",9.2134845,0.000082,"ÿ",
"Async TX","data",9.213571,0.000082,"ÿ",
"Async TX","data",9.2182305,0.000082,"j",
"Async TX","data",9.2183175,0.000082,"0",
"Async TX","data",9.218404,0.000082,".",
"Async TX","data",9.218491,0.000082,"v",
"Async TX","data",9.2185775,0.000082,"a",
"Async TX","data",9.2186645,0.000082,"l",
"Async TX","data",9.2187515,0.000082,"=",
"Async TX","data",9.218838,0.000082,"0",
"Async TX","data",9.218925,0.000082,"ÿ",
"Async TX","data",9.2190115,0.000082,"ÿ",
"Async TX","data",9.2190985,0.000082,"ÿ",
"Async TX","data",9.223681,0.000082,"t",
"Async TX","data",9.223768,0.000082,"2",
"Async TX","data",9.2238545,0.000082,".",
"Async TX","data",9.2239415,0.000082,"t",
"Async TX","data",9.2240285,0.000082,"x",
"Async TX","data",9.224115,0.000082,"t",
"Async TX","data",9.224202,0.000082,"=",
"Async TX","data",9.224289,0.000082,"""",
"Async TX","data",9.2243755,0.000082,"0",
"Async TX","data",9.2244625,0.000082,".",
"Async TX","data",9.224549,0.000082,"0",
"Async TX","data",9.224636,0.000082,"0",
"Async TX","data",9.2247225,0.000082,"""",
"Async TX","data",9.2248095,0.000082,"ÿ",
"Async TX","data",9.224896,0.000082,"ÿ",
"Async TX","data",9.224983,0.000082,"ÿ",
"Async TX","data",9.229574,0.000082,"t",
"Async TX","data",9.2296605,0.000082,"1",
"Async TX","data",9.2297475,0.000082,"3",
"Async TX","data",9.229834,0.000082,".",
"Async TX","data",9.229921,0.000082,"t",
"Async TX","data",9.2300075,0.000082,"x",
"Async TX","data",9.2300945,0.000082,"t",
"Async TX","data",9.2301815,0.000082,"=",
"Async TX","data",9.230268,0.000082,"""",
"Async TX","data",9.230355,0.000082,"1",
"Async TX","data",9.2304415,0.000082,"0",
"Async TX","data",9.2305285,0.000082,"""",
"Async TX","data",9.230615,0.000082,"ÿ",
"Async TX","data",9.230702,0.000082,"ÿ",
"Async TX","data",9.2307885,0.000082,"ÿ",
"Async TX","data",9.2351635,0.000082,"t",
"Async TX","data",9.23525,0.000082,"1",
"Async TX","data",9.235337,0.000082,".",
"Async TX","data",9.235424,0.000082,"p",
"Async TX","data",9.235511,0.000082,"c",
"Async TX","data",9.2355975,0.000082,"o",
"Async TX","data",9.2356845,0.000082,"=",
"Async TX","data",9.2357715,0.000082,"2",
"Async TX","data",9.235858,0.000082,"0",
"Async TX","data",9.235945,0.000082,"2",
"Async TX","data",9.236032,0.000082,"4",
"Async TX","data",9.2361185,0.000082,"ÿ",
"Async TX","data",9.2362055,0.000082,"ÿ",
"Async TX","data",9.2362925,0.000082,"ÿ",
"Async TX","data",9.240633,0.000082,"t",
"Async TX","data",9.2407195,0.000082,"1",
"Async TX","data",9.2408065,0.000082,".",
"Async TX","data",9.2408935,0.000082,"t",
"Async TX","data",9.24098,0.000082,"x",
"Async TX","data",9.241067,0.000082,"t",
"Async TX","data",9.2411535,0.000082,"=",
"Async TX","data",9.2412405,0.000082,"""",
"Async TX","data",9.241327,0.000082,"4",
"Async TX","data",9.241414,0.000082,".",
"Async TX","data",9.241501,0.000082,"0",
"Async TX","data",9.2415875,0.000082,"2",
"Async TX","data",9.2416745,0.000082,"""",
"Async TX","data",9.241761,0.000082,"ÿ",
"Async TX","data",9.241848,0.000082,"ÿ",
"Async TX","data",9.241935,0.000082,"ÿ",
"Async TX","data",9.246449,0.000082,"t",
"Async TX","data",9.246536,0.000082,"0",
"Async TX","data",9.2466225,0.000082,".",
"Async TX","data",9.2467095,0.000082,"t",
"Async TX","data",9.2467965,0.000082,"x",
"Async TX","data",9.246892,0.000082,"t",
"Async TX","data",9.2469785,0.000082,"=",
"Async TX","data",9.2470655,0.000082,"""",
"Async TX","data",9.2471525,0.000082,"0",
"Async TX","data",9.247239,0.000082,".",
"Async TX","data",9.247326,0.000082,"0",
"Async TX","data",9.2474125,0.000082,"""",
"Async TX","data",9.2474995,0.000082,"ÿ",
"Async TX","data",9.2475865,0.000082,"ÿ",
"Async TX","data",9.247673,0.000082,"ÿ",
"Async TX","data",9.2518825,0.000082,"t",
"Async TX","data",9.2519695,0.000082,"5",
"Async TX","data",9.252056,0.000082,".",
"Async TX","data",9.252143,0.000082,"t",
"Async TX","data",9.25223,0.000082,"x",
"Async TX","data",9.2523165,0.000082,"t",
"Async TX","data",9.2524035,0.000082,"=",
"Async TX","data",9.25249,0.000082,"""",
"Async TX","data",9.252577,0.000082,"0",
"Async TX","data",9.252664,0.000082,".",
"Async TX","data",9.2527505,0.000082,"0",
"Async TX","data",9.2528375,0.000082,"""",
"Async TX","data",9.2529245,0.000082,"ÿ",
"Async TX","data",9.253011,0.000082,"ÿ",
"Async TX","data",9.253098,0.000082,"ÿ",
"Async TX","data",9.2562835,0.000082,"t",
"Async TX","data",9.2563705,0.000082,"4",
"Async TX","data",9.256457,0.000082,".",
"Async TX","data",9.256544,0.000082,"t",
"Async TX","data",9.2566305,0.000082,"x",
"Async TX","data",9.2567175,0.000082,"t",
"Async TX","data",9.256804,0.000082,"=",
"Async TX","data",9.256891,0.000082,"""",
"Async TX","data",9.256978,0.000082,"0",
"Async TX","data",9.2570645,0.000082,".",
"Async TX","data",9.2571515,0.000082,"0",
"Async TX","data",9.257238,0.000082,"""",
"Async TX","data",9.257325,0.000082,"ÿ",
"Async TX","data",9.257412,0.000082,"ÿ",
"Async TX","data",9.2574985,0.000082,"ÿ",
"Async TX","data",9.2613875,0.000082,"t",
"Async TX","data",9.261474,0.000082,"6",
"Async TX","data",9.261561,0.000082,".",
"Async TX","data",9.2616475,0.000082,"t",
"Async TX","data",9.2617345,0.000082,"x",
"Async TX","data",9.261821,0.000082,"t",
"Async TX","data",9.261908,0.000082,"=",
"Async TX","data",9.2619945,0.000082,"""",
"Async TX","data",9.2620815,0.000082,"0",
"Async TX","data",9.2621685,0.000082,".",
"Async TX","data",9.262255,0.000082,"0",
"Async TX","data",9.262342,0.000082,"""",
"Async TX","data",9.2624285,0.000082,"ÿ",
"Async TX","data",9.2625155,0.000082,"ÿ",
"Async TX","data",9.262602,0.000082,"ÿ",
"Async TX","data",9.2672635,0.000082,"j",
"Async TX","data",9.2673505,0.000082,"2",
"Async TX","data",9.267437,0.000082,".",
"Async TX","data",9.267524,0.000082,"v",
"Async TX","data",9.267611,0.000082,"a",
"Async TX","data",9.2676975,0.000082,"l",
"Async TX","data",9.2677845,0.000082,"=",
"Async TX","data",9.267871,0.000082,"0",
"Async TX","data",9.267958,0.000082,"ÿ",
"Async TX","data",9.268045,0.000082,"ÿ",
"Async TX","data",9.2681315,0.000082,"ÿ",
"Async TX","data",9.2726445,0.000082,"j",
"Async TX","data",9.272731,0.000082,"1",
"Async TX","data",9.272818,0.000082,".",
"Async TX","data",9.2729045,0.000082,"v",
"Async TX","data",9.2729915,0.000082,"a",
"Async TX","data",9.2730785,0.000082,"l",
"Async TX","data",9.273165,0.000082,"=",
"Async TX","data",9.273252,0.000082,"0",
"Async TX","data",9.2733385,0.000082,"ÿ",
"Async TX","data",9.2734255,0.000082,"ÿ",
"Async TX","data",9.273512,0.000082,"ÿ",
"Async TX","data",9.278287,0.000082,"t",
"Async TX","data",9.278374,0.000082,"7",
"Async TX","data",9.2784605,0.000082,".",
"Async TX","data",9.2785475,0.000082,"t",
"Async TX","data",9.278634,0.000082,"x",
"Async TX","data",9.278721,0.000082,"t",
"Async TX","data",9.278808,0.000082,"=",
"Async TX","data",9.2788945,0.000082,"""",
"Async TX","data",9.2789815,0.000082,"0",
"Async TX","data",9.279068,0.000082,"%",
"Async TX","data",9.279155,0.000082,"""",
"Async TX","data",9.279242,0.000082,"ÿ",
"Async TX","data",9.2793285,0.000082,"ÿ",
"Async TX","data",9.2794155,0.000082,"ÿ",
"Async TX","data",9.2842425,0.000082,"j",
"Async TX","data",9.284329,0.000082,"0",
"Async TX","data",9.284416,0.000082,".",
"Async TX","data",9.284503,0.000082,"p",
"Async TX","data",9.2845895,0.000082,"c",
"Async TX","data",9.2846765,0.000082,"o",
"Async TX","data",9.284763,0.000082,"=",
"Async TX","data",9.28485,0.000082,"2",
"Async TX","data",9.284937,0.000082,"0",
"Async TX","data",9.2850235,0.000082,"1",
"Async TX","data",9.2851105,0.000082,"6",
"Async TX","data",9.285197,0.000082,"ÿ",
"Async TX","data",9.285284,0.000082,"ÿ",
"Async TX","data",9.285371,0.000082,"ÿ",
"Async TX","data",9.2854575,0.000082,"t",
"Async TX","data",9.2855445,0.000082,"2",
"Async TX","data",9.285631,0.000082,".",
"Async TX","data",9.285718,0.000082,"p",
"Async TX","data",9.285805,0.000082,"c",
"Async TX","data",9.2858915,0.000082,"o",
"Async TX","data",9.2859785,0.000082,"=",
"Async TX","data",9.286065,0.000082,"2",
"Async TX","data",9.286152,0.000082,"0",
"Async TX","data",9.2862385,0.000082,"1",
"Async TX","data",9.2863255,0.000082,"6",
"Async TX","data",9.2864125,0.000082,"ÿ",
"Async TX","data",9.286499,0.000082,"ÿ",
"Async TX","data",9.286586,0.000082,"ÿ",
"Async TX","data",9.291144,0.000082,"j",
"Async TX","data",9.2912305,0.000082,"0",
"Async TX","data",9.2913175,0.000082,".",
"Async TX","data",9.2914045,0.000082,"v",
"Async TX","data",9.291491,0.000082,"a",
"Async TX","data",9.291578,0.000082,"l",
"Async TX","data",9.291665,0.000082,"=",
"Async TX","data",9.2917515,0.000082,"0",
"Async TX","data",9.2918385,0.000082,"ÿ",
"Async TX","data",9.2919255,0.000082,"ÿ",
"Async TX","data",9.292012,0.000082,"ÿ",
"Async TX","data",9.2965095,0.000082,"t",
"Async TX","data",9.2965965,0.000082,"2",
"Async TX","data",9.2966835,0.000082,".",
"Async TX","data",9.29677,0.000082,"t",
"Async TX","data",9.296857,0.000082,"x",
"Async TX","data",9.2969435,0.000082,"t",
"Async TX","data",9.2970305,0.000082,"=",
"Async TX","data",9.297117,0.000082,"""",
"Async TX","data",9.297204,0.000082,"0",
"Async TX","data",9.297291,0.000082,".",
"Async TX","data",9.2973775,0.000082,"0",
"Async TX","data",9.2974645,0.000082,"0",
"Async TX","data",9.297551,0.000082,"""",
"Async TX","data",9.297638,0.000082,"ÿ",
"Async TX","data",9.2977245,0.000082,"ÿ",
"Async TX","data",9.2978115,0.000082,"ÿ",
"Async TX","data",9.302396,0.000082,"t",
"Async TX","data",9.302483,0.000082,"1",
"Async TX","data",9.3025695,0.000082,"3",
"Async TX","data",9.3026565,0.000082,".",
"Async TX","data",9.3027435,0.000082,"t",
"Async TX","data",9.30283,0.000082,"x",
"Async TX","data",9.302917,0.000082,"t",
"Async TX","data",9.3030035,0.000082,"=",
"Async TX","data",9.3030905,0.000082,"""",
"Async TX","data",9.3031775,0.000082,"1",
"Async TX","data",9.303264,0.000082,"0",
"Async TX","data",9.303351,0.000082,"""",
"Async TX","data",9.3034375,0.000082,"ÿ",
"Async TX","data",9.3035245,0.000082,"ÿ",
"Async TX","data",9.303611,0.000082,"ÿ",
"Async TX","data",9.30789,0.000082,"t",
"Async TX","data",9.3079765,0.000082,"1",
"Async TX","data",9.3080635,0.000082,".",
"Async TX","data",9.30815,0.000082,"p",
"Async TX","data",9.308237,0.000082,"c",
"Async TX","data",9.308324,0.000082,"o",
"Async TX","data",9.3084105,0.000082,"=",
"Async TX","data",9.3084975,0.000082,"2",
"Async TX","data",9.308584,0.000082,"0",
"Async TX","data",9.308671,0.000082,"2",
"Async TX","data",9.3087575,0.000082,"4",
"Async TX","data",9.3088445,0.000082,"ÿ",
"Async TX","data",9.3089315,0.000082,"ÿ",
"Async TX","data",9.309018,0.000082,"ÿ",
"Async TX","data",9.317646,0.000082,"t",
"Async TX","data",9.317733,0.000082,"0",
"Async TX","data",9.3178195,0.000082,".",
"Async TX","data",9.3179065,0.000082,"t",
"Async TX","data",9.317993,0.000082,"x",
"Async TX","data",9.31808,0.000082,"t",
"Async TX","data",9.318167,0.000082,"=",
"Async TX","data",9.3182535,0.000082,"""",
"Async TX","data",9.3183405,0.000082,"0",
"Async TX","data",9.318427,0.000082,".",
"Async TX","data",9.318514,0.000082,"0",
"Async TX","data",9.3186005,0.000082,"""",
"Async TX","data",9.3186875,0.000082,"ÿ",
"Async TX","data",9.318774,0.000082,"ÿ",
"Async TX","data",9.318861,0.000082,"ÿ",
"Async TX","data",9.3233565,0.000082,"t",
"Async TX","data",9.3234435,0.000082,"5",
"Async TX","data",9.3235305,0.000082,".",
"Async TX","data",9.323617,0.000082,"t",
"Async TX","data",9.323704,0.000082,"x",
"Async TX","data",9.323791,0.000082,"t",
"Async TX","data",9.3238775,0.000082,"=",
"Async TX","data",9.3239645,0.000082,"""",
"Async TX","data",9.324051,0.000082,"0",
"Async TX","data",9.324138,0.000082,".",
"Async TX","data",9.324225,0.000082,"0",
"Async TX","data",9.3243115,0.000082,"""",
"Async TX","data",9.3243985,0.000082,"ÿ",
"Async TX","data",9.324485,0.000082,"ÿ",
"Async TX","data",9.324572,0.000082,"ÿ",
"Async TX","data",9.3289205,0.000082,"t",
"Async TX","data",9.3290075,0.000082,"4",
"Async TX","data",9.329094,0.000082,".",
"Async TX","data",9.329181,0.000082,"t",
"Async TX","data",9.3292675,0.000082,"x",
"Async TX","data",9.3293545,0.000082,"t",
"Async TX","data",9.3294415,0.000082,"=",
"Async TX","data",9.329528,0.000082,"""",
"Async TX","data",9.329615,0.000082,"0",
"Async TX","data",9.329702,0.000082,".",
"Async TX","data",9.3297885,0.000082,"0",
"Async TX","data",9.3298755,0.000082,"""",
"Async TX","data",9.329962,0.000082,"ÿ",
"Async TX","data",9.330049,0.000082,"ÿ",
"Async TX","data",9.330136,0.000082,"ÿ",
"Async TX","data",9.334589,0.000082,"t",
"Async TX","data",9.334676,0.000082,"6",
"Async TX","data",9.3347625,0.000082,".",
"Async TX","data",9.3348495,0.000082,"t",
"Async TX","data",9.3349365,0.000082,"x",
"Async TX","data",9.335023,0.000082,"t",
"Async TX","data",9.33511,0.000082,"=",
"Async TX","data",9.3351965,0.000082,"""",
"Async TX","data",9.3352835,0.000082,"0",
"Async TX","data",9.3353705,0.000082,".",
"Async TX","data",9.335457,0.000082,"0",
"Async TX","data",9.335544,0.000082,"""",
"Async TX","data",9.3356305,0.000082,"ÿ",
"Async TX","data",9.3357175,0.000082,"ÿ",
"Async TX","data",9.3358045,0.000082,"ÿ",
"Async TX","data",9.340161,0.000082,"j",
"Async TX","data",9.340248,0.000082,"2",
"Async TX","data",9.340335,0.000082,".",
"Async TX","data",9.3404215,0.000082,"v",
"Async TX","data",9.3405085,0.000082,"a",
"Async TX","data",9.340595,0.000082,"l",
"Async TX","data",9.340682,0.000082,"=",
"Async TX","data",9.340769,0.000082,"0",
"Async TX","data",9.3408555,0.000082,"ÿ",
"Async TX","data",9.3409425,0.000082,"ÿ",
"Async TX","data",9.341029,0.000082,"ÿ",
"Async TX","data",9.34549,0.000082,"j",
"Async TX","data",9.3455765,0.000082,"1",
"Async TX","data",9.3456635,0.000082,".",
"Async TX","data",9.34575,0.000082,"v",
"Async TX","data",9.345837,0.000082,"a",
"Async TX","data",9.3459235,0.000082,"l",
"Async TX","data",9.3460105,0.000082,"=",
"Async TX","data",9.3460975,0.000082,"0",
"Async TX","data",9.346184,0.000082,"ÿ",
"Async TX","data",9.346271,0.000082,"ÿ",
"Async TX","data",9.3463575,0.000082,"ÿ",
"Async TX","data",9.35088,0.000082,"t",
"Async TX","data",9.350967,0.000082,"7",
"Async TX","data",9.351054,0.000082,".",
"Async TX","data",9.3511405,0.000082,"t",
"Async TX","data",9.3512275,0.000082,"x",
"Async TX","data",9.3513145,0.000082,"t",
"Async TX","data",9.351401,0.000082,"=",
"Async TX","data",9.351488,0.000082,"""",
"Async TX","data",9.3515745,0.000082,"0",
"Async TX","data",9.3516615,0.000082,"%",
"Async TX","data",9.3517485,0.000082,"""",
"Async TX","data",9.351835,0.000082,"ÿ",
"Async TX","data",9.351922,0.000082,"ÿ",
"Async TX","data",9.352009,0.000082,"ÿ",
"Async TX","data",9.3564605,0.000082,"j",
"Async TX","data",9.3565475,0.000082,"0",
"Async TX","data",9.3566345,0.000082,".",
"Async TX","data",9.356721,0.000082,"p",
"Async TX","data",9.356808,0.000082,"c",
"Async TX","data",9.3568945,0.000082,"o",
"Async TX","data",9.3569815,0.000082,"=",
"Async TX","data",9.3570685,0.000082,"2",
"Async TX","data",9.357155,0.000082,"0",
"Async TX","data",9.357242,0.000082,"1",
"Async TX","data",9.3573285,0.000082,"6",
"Async TX","data",9.3574155,0.000082,"ÿ",
"Async TX","data",9.357502,0.000082,"ÿ",
"Async TX","data",9.357589,0.000082,"ÿ",
"Async TX","data",9.3576755,0.000082,"t",
"Async TX","data",9.3577625,0.000082,"2",
"Async TX","data",9.3578495,0.000082,".",
"Async TX","data",9.357936,0.000082,"p",
"Async TX","data",9.358023,0.000082,"c",
"Async TX","data",9.3581095,0.000082,"o",
"Async TX","data",9.3581965,0.000082,"=",
"Async TX","data",9.358283,0.000082,"2",
"Async TX","data",9.35837,0.000082,"0",
"Async TX","data",9.358457,0.000082,"1",
"Async TX","data",9.3585435,0.000082,"6",
"Async TX","data",9.3586305,0.000082,"ÿ",
"Async TX","data",9.358717,0.000082,"ÿ",
"Async TX","data",9.358804,0.000082,"ÿ",
"Async TX","data",9.3632375,0.000082,"j",
"Async TX","data",9.3633245,0.000082,"0",
"Async TX","data",9.363411,0.000082,".",
"Async TX","data",9.363498,0.000082,"v",
"Async TX","data",9.3635845,0.000082,"a",
"Async TX","data",9.3636715,0.000082,"l",
"Async TX","data",9.3637585,0.000082,"=",
"Async TX","data",9.363845,0.000082,"0",
"Async TX","data",9.363932,0.000082,"ÿ",
"Async TX","data",9.3640185,0.000082,"ÿ",
"Async TX","data",9.3641055,0.000082,"ÿ",
"Async TX","data",9.36887,0.000082,"t",
"Async TX","data",9.3689565,0.000082,"2",
"Async TX","data",9.3690435,0.000082,".",
"Async TX","data",9.36913,0.000082,"t",
"Async TX","data",9.369217,0.000082,"x",
"Async TX","data",9.369304,0.000082,"t",
"Async TX","data",9.3693905,0.000082,"=",
"Async TX","data",9.3694775,0.000082,"""",
"Async TX","data",9.369564,0.000082,"0",
"Async TX","data",9.369651,0.000082,".",
"Async TX","data",9.369738,0.000082,"0",
"Async TX","data",9.3698245,0.000082,"0",
"Async TX","data",9.3699115,0.000082,"""",
"Async TX","data",9.369998,0.000082,"ÿ",
"Async TX","data",9.370085,0.000082,"ÿ",
"Async TX","data",9.370172,0.000082,"ÿ",
"Async TX","data",9.374763,0.000082,"t",
"Async TX","data",9.37485,0.000082,"1",
"Async TX","data",9.3749365,0.000082,"3",
"Async TX","data",9.3750235,0.000082,".",
"Async TX","data",9.37511,0.000082,"t",
"Async TX","data",9.375197,0.000082,"x",
"Async TX","data",9.375284,0.000082,"t",
"Async TX","data",9.3753705,0.000082,"=",
"Async TX","data",9.3754575,0.000082,"""",
"Async TX","data",9.375544,0.000082,"1",
"Async TX","data",9.375631,0.000082,"0",
"Async TX","data",9.375718,0.000082,"""",
"Async TX","data",9.3758045,0.000082,"ÿ",
"Async TX","data",9.3758915,0.000082,"ÿ",
"Async TX","data",9.375978,0.000082,"ÿ",
"Async TX","data",9.3803795,0.000082,"t",
"Async TX","data",9.380466,0.000082,"1",
"Async TX","data",9.380553,0.000082,".",
"Async TX","data",9.3806395,0.000082,"p",
"Async TX","data",9.3807265,0.000082,"c",
"Async TX","data",9.380813,0.000082,"o",
"Async TX","data",9.3809,0.000082,"=",
"Async TX","data",9.380987,0.000082,"2",
"Async TX","data",9.3810735,0.000082,"0",
"Async TX","data",9.3811605,0.000082,"2",
"Async TX","data",9.381247,0.000082,"4",
"Async TX","data",9.381334,0.000082,"ÿ",
"Async TX","data",9.3814205,0.000082,"ÿ",
"Async TX","data",9.3815075,0.000082,"ÿ",
"Async TX","data",9.390142,0.000082,"t",
"Async TX","data",9.3902285,0.000082,"0",
"Async TX","data",9.3903155,0.000082,".",
"Async TX","data",9.390402,0.000082,"t",
"Async TX","data",9.390489,0.000082,"x",
"Async TX","data",9.390576,0.000082,"t",
"Async TX","data",9.3906625,0.000082,"=",
"Async TX","data",9.3907495,0.000082,"""",
"Async TX","data",9.390836,0.000082,"0",
"Async TX","data",9.390923,0.000082,".",
"Async TX","data",9.39101,0.000082,"0",
"Async TX","data",9.3910965,0.000082,"""",
"Async TX","data",9.3911835,0.000082,"ÿ",
"Async TX","data",9.39127,0.000082,"ÿ",
"Async TX","data",9.391357,0.000082,"ÿ",
"Async TX","data",9.3957655,0.000082,"t",
"Async TX","data",9.395852,0.000082,"5",
"Async TX","data",9.395939,0.000082,".",
"Async TX","data",9.3960255,0.000082,"t",
"Async TX","data",9.3961125,0.000082,"x",
"Async TX","data",9.396199,0.000082,"t",
"Async TX","data",9.396286,0.000082,"=",
"Async TX","data",9.3963725,0.000082,"""",
"Async TX","data",9.3964595,0.000082,"0",
"Async TX","data",9.3965465,0.000082,".",
"Async TX","data",9.396633,0.000082,"0",
"Async TX","data",9.39672,0.000082,"""",
"Async TX","data",9.3968065,0.000082,"ÿ",
"Async TX","data",9.3968935,0.000082,"ÿ",
"Async TX","data",9.3969805,0.000082,"ÿ",
"Async TX","data",9.401468,0.000082,"t",
"Async TX","data",9.4015545,0.000082,"4",
"Async TX","data",9.4016415,0.000082,".",
"Async TX","data",9.4017285,0.000082,"t",
"Async TX","data",9.401815,0.000082,"x",
"Async TX","data",9.401902,0.000082,"t",
"Async TX","data",9.4019885,0.000082,"=",
"Async TX","data",9.4020755,0.000082,"""",
"Async TX","data",9.4021625,0.000082,"0",
"Async TX","data",9.402249,0.000082,".",
"Async TX","data",9.402336,0.000082,"0",
"Async TX","data",9.402423,0.000082,"""",
"Async TX","data",9.4025095,0.000082,"ÿ",
"Async TX","data",9.4025965,0.000082,"ÿ",
"Async TX","data",9.402683,0.000082,"ÿ",
"Async TX","data",9.4067885,0.000082,"t",
"Async TX","data",9.4068755,0.000082,"6",
"Async TX","data",9.406962,0.000082,".",
"Async TX","data",9.407049,0.000082,"t",
"Async TX","data",9.407136,0.000082,"x",
"Async TX","data",9.4072225,0.000082,"t",
"Async TX","data",9.4073095,0.000082,"=",
"Async TX","data",9.407396,0.000082,"""",
"Async TX","data",9.407483,0.000082,"0",
"Async TX","data",9.4075695,0.000082,".",
"Async TX","data",9.4076565,0.000082,"0",
"Async TX","data",9.407743,0.000082,"""",
"Async TX","data",9.40783,0.000082,"ÿ",
"Async TX","data",9.407917,0.000082,"ÿ",
"Async TX","data",9.4080035,0.000082,"ÿ",
"Async TX","data",9.412542,0.000082,"j",
"Async TX","data",9.412629,0.000082,"2",
"Async TX","data",9.4127155,0.000082,".",
"Async TX","data",9.4128025,0.000082,"v",
"Async TX","data",9.4128895,0.000082,"a",
"Async TX","data",9.412976,0.000082,"l",
"Async TX","data",9.413063,0.000082,"=",
"Async TX","data",9.4131495,0.000082,"0",
"Async TX","data",9.4132365,0.000082,"ÿ",
"Async TX","data",9.4133235,0.000082,"ÿ",
"Async TX","data",9.41341,0.000082,"ÿ",
"Async TX","data",9.417795,0.000082,"j",
"Async TX","data",9.417882,0.000082,"1",
"Async TX","data",9.4179685,0.000082,".",
"Async TX","data",9.4180555,0.000082,"v",
"Async TX","data",9.418142,0.000082,"a",
"Async TX","data",9.418229,0.000082,"l",
"Async TX","data",9.4183155,0.000082,"=",
"Async TX","data",9.4184025,0.000082,"0",
"Async TX","data",9.4184895,0.000082,"ÿ",
"Async TX","data",9.418576,0.000082,"ÿ",
"Async TX","data",9.418663,0.000082,"ÿ",
"Async TX","data",9.423185,0.000082,"t",
"Async TX","data",9.423272,0.000082,"7",
"Async TX","data",9.423359,0.000082,".",
"Async TX","data",9.4234455,0.000082,"t",
"Async TX","data",9.4235325,0.000082,"x",
"Async TX","data",9.4236195,0.000082,"t",
"Async TX","data",9.423706,0.000082,"=",
"Async TX","data",9.423793,0.000082,"""",
"Async TX","data",9.4238795,0.000082,"0",
"Async TX","data",9.4239665,0.000082,"%",
"Async TX","data",9.4240535,0.000082,"""",
"Async TX","data",9.42414,0.000082,"ÿ",
"Async TX","data",9.424227,0.000082,"ÿ",
"Async TX","data",9.424314,0.000082,"ÿ",
"Async TX","data",9.4287595,0.000082,"j",
"Async TX","data",9.4288465,0.000082,"0",
"Async TX","data",9.428933,0.000082,".",
"Async TX","data",9.42902,0.000082,"p",
"Async TX","data",9.4291065,0.000082,"c",
"Async TX","data",9.4291935,0.000082,"o",
"Async TX","data",9.42928,0.000082,"=",
"Async TX","data",9.429367,0.000082,"2",
"Async TX","data",9.4294535,0.000082,"0",
"Async TX","data",9.4295405,0.000082,"1",
"Async TX","data",9.429627,0.000082,"6",
"Async TX","data",9.429714,0.000082,"ÿ",
"Async TX","data",9.429801,0.000082,"ÿ",
"Async TX","data",9.4298875,0.000082,"ÿ",
"Async TX","data",9.4299745,0.000082,"t",
"Async TX","data",9.430061,0.000082,"2",
"Async TX","data",9.430148,0.000082,".",
"Async TX","data",9.430235,0.000082,"p",
"Async TX","data",9.4303215,0.000082,"c",
"Async TX","data",9.4304085,0.000082,"o",
"Async TX","data",9.430495,0.000082,"=",
"Async TX","data",9.430582,0.000082,"2",
"Async TX","data",9.4306685,0.000082,"0",
"Async TX","data",9.4307555,0.000082,"1",
"Async TX","data",9.4308425,0.000082,"6",
"Async TX","data",9.430929,0.000082,"ÿ",
"Async TX","data",9.431016,0.000082,"ÿ",
"Async TX","data",9.431103,0.000082,"ÿ",
"Async TX","data",9.4356085,0.000082,"j",
"Async TX","data",9.435695,0.000082,"0",
"Async TX","data",9.435782,0.000082,".",
"Async TX","data",9.4358685,0.000082,"v",
"Async TX","data",9.4359555,0.000082,"a",
"Async TX","data",9.436042,0.000082,"l",
"Async TX","data",9.436129,0.000082,"=",
"Async TX","data",9.4362155,0.000082,"0",
"Async TX","data",9.4363025,0.000082,"ÿ",
"Async TX","data",9.436389,0.000082,"ÿ",
"Async TX","data",9.436476,0.000082,"ÿ",
"Async TX","data",9.4409455,0.000082,"t",
"Async TX","data",9.441032,0.000082,"2",
"Async TX","data",9.441119,0.000082,".",
"Async TX","data",9.441206,0.000082,"t",
"Async TX","data",9.4412925,0.000082,"x",
"Async TX","data",9.4413795,0.000082,"t",
"Async TX","data",9.441466,0.000082,"=",
"Async TX","data",9.441553,0.000082,"""",
"Async TX","data",9.4416395,0.000082,"0",
"Async TX","data",9.4417265,0.000082,".",
"Async TX","data",9.4418135,0.000082,"0",
"Async TX","data",9.4419,0.000082,"0",
"Async TX","data",9.441987,0.000082,"""",
"Async TX","data",9.4420735,0.000082,"ÿ",
"Async TX","data",9.4421605,0.000082,"ÿ",
"Async TX","data",9.4422475,0.000082,"ÿ",
"Async TX","data",9.446778,0.000082,"t",
"Async TX","data",9.446865,0.000082,"1",
"Async TX","data",9.4469515,0.000082,"3",
"Async TX","data",9.4470385,0.000082,".",
"Async TX","data",9.447125,0.000082,"t",
"Async TX","data",9.447212,0.000082,"x",
"Async TX","data",9.4472985,0.000082,"t",
"Async TX","data",9.4473855,0.000082,"=",
"Async TX","data",9.447472,0.000082,"""",
"Async TX","data",9.447559,0.000082,"1",
"Async TX","data",9.4476455,0.000082,"0",
"Async TX","data",9.4477325,0.000082,"""",
"Async TX","data",9.4478195,0.000082,"ÿ",
"Async TX","data",9.447906,0.000082,"ÿ",
"Async TX","data",9.447993,0.000082,"ÿ",
"Async TX","data",9.4526285,0.000082,"t",
"Async TX","data",9.452715,0.000082,"1",
"Async TX","data",9.452802,0.000082,".",
"Async TX","data",9.4528885,0.000082,"p",
"Async TX","data",9.4529755,0.000082,"c",
"Async TX","data",9.4530625,0.000082,"o",
"Async TX","data",9.453149,0.000082,"=",
"Async TX","data",9.453236,0.000082,"2",
"Async TX","data",9.453323,0.000082,"0",
"Async TX","data",9.4534095,0.000082,"2",
"Async TX","data",9.4534965,0.000082,"4",
"Async TX","data",9.453583,0.000082,"ÿ",
"Async TX","data",9.45367,0.000082,"ÿ",
"Async TX","data",9.4537565,0.000082,"ÿ",
"Async TX","data",9.4627055,0.000082,"t",
"Async TX","data",9.462792,0.000082,"0",
"Async TX","data",9.462879,0.000082,".",
"Async TX","data",9.462966,0.000082,"t",
"Async TX","data",9.4630525,0.000082,"x",
"Async TX","data",9.4631395,0.000082,"t",
"Async TX","data",9.4632265,0.000082,"=",
"Async TX","data",9.463313,0.000082,"""",
"Async TX","data",9.4634,0.000082,"0",
"Async TX","data",9.4634865,0.000082,".",
"Async TX","data",9.4635735,0.000082,"0",
"Async TX","data",9.46366,0.000082,"""",
"Async TX","data",9.463747,0.000082,"ÿ",
"Async TX","data",9.463834,0.000082,"ÿ",
"Async TX","data",9.4639205,0.000082,"ÿ",
"Async TX","data",9.468112,0.000082,"t",
"Async TX","data",9.468199,0.000082,"5",
"Async TX","data",9.4682855,0.000082,".",
"Async TX","data",9.4683725,0.000082,"t",
"Async TX","data",9.468459,0.000082,"x",
"Async TX","data",9.468546,0.000082,"t",
"Async TX","data",9.4686325,0.000082,"=",
"Async TX","data",9.4687195,0.000082,"""",
"Async TX","data",9.4688065,0.000082,"0",
"Async TX","data",9.468893,0.000082,".",
"Async TX","data",9.46898,0.000082,"0",
"Async TX","data",9.4690665,0.000082,"""",
"Async TX","data",9.4691535,0.000082,"ÿ",
"Async TX","data",9.4692405,0.000082,"ÿ",
"Async TX","data",9.469327,0.000082,"ÿ",
"Async TX","data",9.473988,0.000082,"t",
"Async TX","data",9.474075,0.000082,"4",
"Async TX","data",9.4741615,0.000082,".",
"Async TX","data",9.4742485,0.000082,"t",
"Async TX","data",9.4743355,0.000082,"x",
"Async TX","data",9.474422,0.000082,"t",
"Async TX","data",9.474509,0.000082,"=",
"Async TX","data",9.474596,0.000082,"""",
"Async TX","data",9.4746825,0.000082,"0",
"Async TX","data",9.4747695,0.000082,".",
"Async TX","data",9.474856,0.000082,"0",
"Async TX","data",9.474943,0.000082,"""",
"Async TX","data",9.4750295,0.000082,"ÿ",
"Async TX","data",9.4751165,0.000082,"ÿ",
"Async TX","data",9.475203,0.000082,"ÿ",
"Async TX","data",9.4801235,0.000082,"t",
"Async TX","data",9.4802105,0.000082,"6",
"Async TX","data",9.480297,0.000082,".",
"Async TX","data",9.480384,0.000082,"t",
"Async TX","data",9.480471,0.000082,"x",
"Async TX","data",9.4805575,0.000082,"t",
"Async TX","data",9.4806445,0.000082,"=",
"Async TX","data",9.4807315,0.000082,"""",
"Async TX","data",9.480818,0.000082,"0",
"Async TX","data",9.480905,0.000082,".",
"Async TX","data",9.4809915,0.000082,"0",
"Async TX","data",9.4810785,0.000082,"""",
"Async TX","data",9.481165,0.000082,"ÿ",
"Async TX","data",9.481252,0.000082,"ÿ",
"Async TX","data",9.481339,0.000082,"ÿ",
"Async TX","data",9.486001,0.000082,"j",
"Async TX","data",9.486088,0.000082,"2",
"Async TX","data",9.4861745,0.000082,".",
"Async TX","data",9.4862615,0.000082,"v",
"Async TX","data",9.4863485,0.000082,"a",
"Async TX","data",9.486435,0.000082,"l",
"Async TX","data",9.486522,0.000082,"=",
"Async TX","data",9.4866085,0.000082,"0",
"Async TX","data",9.4866955,0.000082,"ÿ",
"Async TX","data",9.4867825,0.000082,"ÿ",
"Async TX","data",9.486869,0.000082,"ÿ",
"Async TX","data",9.4911915,0.000082,"j",
"Async TX","data",9.4912785,0.000082,"1",
"Async TX","data",9.491365,0.000082,".",
"Async TX","data",9.491452,0.000082,"v",
"Async TX","data",9.4915385,0.000082,"a",
"Async TX","data",9.4916255,0.000082,"l",
"Async TX","data",9.4917125,0.000082,"=",
"Async TX","data",9.491799,0.000082,"0",
"Async TX","data",9.491886,0.000082,"ÿ",
"Async TX","data",9.491973,0.000082,"ÿ",
"Async TX","data",9.4920595,0.000082,"ÿ",
"Async TX","data",9.4962595,0.000082,"t",
"Async TX","data",9.4963465,0.000082,"7",
"Async TX","data",9.4964335,0.000082,".",
"Async TX","data",9.49652,0.000082,"t",
"Async TX","data",9.496607,0.000082,"x",
"Async TX","data",9.4966935,0.000082,"t",
"Async TX","data",9.4967805,0.000082,"=",
"Async TX","data",9.4968675,0.000082,"""",
"Async TX","data",9.496954,0.000082,"0",
"Async TX","data",9.497041,0.000082,"%",
"Async TX","data",9.4971275,0.000082,"""",
"Async TX","data",9.4972145,0.000082,"ÿ",
"Async TX","data",9.4973015,0.000082,"ÿ",
"Async TX","data",9.497388,0.000082,"ÿ",
"Async TX","data",9.5017535,0.000082,"j",
"Async TX","data",9.5018405,0.000082,"0",
"Async TX","data",9.501927,0.000082,".",
"Async TX","data",9.502014,0.000082,"p",
"Async TX","data",9.5021005,0.000082,"c",
"Async TX","data",9.5021875,0.000082,"o",
"Async TX","data",9.5022745,0.000082,"=",
"Async TX","data",9.502361,0.000082,"2",
"Async TX","data",9.502448,0.000082,"0",
"Async TX","data",9.5025345,0.000082,"1",
"Async TX","data",9.5026215,0.000082,"6",
"Async TX","data",9.502708,0.000082,"ÿ",
"Async TX","data",9.502795,0.000082,"ÿ",
"Async TX","data",9.502882,0.000082,"ÿ",
"Async TX","data",9.5029685,0.000082,"t",
"Async TX","data",9.5030555,0.000082,"2",
"Async TX","data",9.503142,0.000082,".",
"Async TX","data",9.503229,0.000082,"p",
"Async TX","data",9.503316,0.000082,"c",
"Async TX","data",9.5034025,0.000082,"o",
"Async TX","data",9.5034895,0.000082,"=",
"Async TX","data",9.503576,0.000082,"2",
"Async TX","data",9.503663,0.000082,"0",
"Async TX","data",9.5037495,0.000082,"1",
"Async TX","data",9.5038365,0.000082,"6",
"Async TX","data",9.503923,0.000082,"ÿ",
"Async TX","data",9.50401,0.000082,"ÿ",
"Async TX","data",9.504097,0.000082,"ÿ",
"Async TX","data",9.508644,0.000082,"j",
"Async TX","data",9.508731,0.000082,"0",
"Async TX","data",9.508818,0.000082,".",
"Async TX","data",9.5089045,0.000082,"v",
"Async TX","data",9.5089915,0.000082,"a",
"Async TX","data",9.509078,0.000082,"l",
"Async TX","data",9.509165,0.000082,"=",
"Async TX","data",9.5092515,0.000082,"0",
"Async TX","data",9.5093385,0.000082,"ÿ",
"Async TX","data",9.509425,0.000082,"ÿ",
"Async TX","data",9.509512,0.000082,"ÿ",
"Async TX","data",9.514148,0.000082,"t",
"Async TX","data",9.514235,0.000082,"2",
"Async TX","data",9.5143215,0.000082,".",
"Async TX","data",9.5144085,0.000082,"t",
"Async TX","data",9.514495,0.000082,"x",
"Async TX","data",9.514582,0.000082,"t",
"Async TX","data",9.5146685,0.000082,"=",
"Async TX","data",9.5147555,0.000082,"""",
"Async TX","data",9.5148425,0.000082,"0",
"Async TX","data",9.514929,0.000082,".",
"Async TX","data",9.515016,0.000082,"0",
"Async TX","data",9.5151025,0.000082,"0",
"Async TX","data",9.5151895,0.000082,"""",
"Async TX","data",9.5152765,0.000082,"ÿ",
"Async TX","data",9.515363,0.000082,"ÿ",
"Async TX","data",9.51545,0.000082,"ÿ",
"Async TX","data",9.520095,0.000082,"t",
"Async TX","data",9.520182,0.000082,"1",
"Async TX","data",9.5202685,0.000082,"3",
"Async TX","data",9.5203555,0.000082,".",
"Async TX","data",9.5204425,0.000082,"t",
"Async TX","data",9.520529,0.000082,"x",
"Async TX","data",9.520616,0.000082,"t",
"Async TX","data",9.5207025,0.000082,"=",
"Async TX","data",9.5207895,0.000082,"""",
"Async TX","data",9.5208765,0.000082,"1",
"Async TX","data",9.520963,0.000082,"0",
"Async TX","data",9.52105,0.000082,"""",
"Async TX","data",9.5211365,0.000082,"ÿ",
"Async TX","data",9.5212235,0.000082,"ÿ",
"Async TX","data",9.5213105,0.000082,"ÿ",
"Async TX","data",9.525861,0.000082,"t",
"Async TX","data",9.525948,0.000082,"1",
"Async TX","data",9.5260345,0.000082,".",
"Async TX","data",9.5261215,0.000082,"p",
"Async TX","data",9.5262085,0.000082,"c",
"Async TX","data",9.526295,0.000082,"o",
"Async TX","data",9.526382,0.000082,"=",
"Async TX","data",9.526469,0.000082,"2",
"Async TX","data",9.5265555,0.000082,"0",
"Async TX","data",9.5266425,0.000082,"2",
"Async TX","data",9.5267295,0.000082,"4",
"Async TX","data",9.526816,0.000082,"ÿ",
"Async TX","data",9.526903,0.000082,"ÿ",
"Async TX","data",9.52699,0.000082,"ÿ",
"Async TX","data",9.5359565,0.000082,"t",
"Async TX","data",9.5360435,0.000082,"0",
"Async TX","data",9.5361305,0.000082,".",
"Async TX","data",9.536217,0.000082,"t",
"Async TX","data",9.536304,0.000082,"x",
"Async TX","data",9.536391,0.000082,"t",
"Async TX","data",9.5364775,0.000082,"=",
"Async TX","data",9.5365645,0.000082,"""",
"Async TX","data",9.536651,0.000082,"0",
"Async TX","data",9.536738,0.000082,".",
"Async TX","data",9.5368245,0.000082,"0",
"Async TX","data",9.5369115,0.000082,"""",
"Async TX","data",9.5369985,0.000082,"ÿ",
"Async TX","data",9.537085,0.000082,"ÿ",
"Async TX","data",9.537172,0.000082,"ÿ",
"Async TX","data",9.541503,0.000082,"t",
"Async TX","data",9.5415895,0.000082,"5",
"Async TX","data",9.5416765,0.000082,".",
"Async TX","data",9.541763,0.000082,"t",
"Async TX","data",9.54185,0.000082,"x",
"Async TX","data",9.541937,0.000082,"t",
"Async TX","data",9.5420235,0.000082,"=",
"Async TX","data",9.5421105,0.000082,"""",
"Async TX","data",9.542197,0.000082,"0",
"Async TX","data",9.542284,0.000082,".",
"Async TX","data",9.542371,0.000082,"0",
"Async TX","data",9.5424575,0.000082,"""",
"Async TX","data",9.5425445,0.000082,"ÿ",
"Async TX","data",9.542631,0.000082,"ÿ",
"Async TX","data",9.542718,0.000082,"ÿ",
"Async TX","data",9.547422,0.000082,"t",
"Async TX","data",9.547509,0.000082,"4",
"Async TX","data",9.547596,0.000082,".",
"Async TX","data",9.5476825,0.000082,"t",
"Async TX","data",9.5477695,0.000082,"x",
"Async TX","data",9.5478565,0.000082,"t",
"Async TX","data",9.547943,0.000082,"=",
"Async TX","data",9.54803,0.000082,"""",
"Async TX","data",9.5481165,0.000082,"0",
"Async TX","data",9.5482035,0.000082,".",
"Async TX","data",9.5482905,0.000082,"0",
"Async TX","data",9.548377,0.000082,"""",
"Async TX","data",9.548464,0.000082,"ÿ",
"Async TX","data",9.5485505,0.000082,"ÿ",
"Async TX","data",9.5486375,0.000082,"ÿ",
"Async TX","data",9.5527605,0.000082,"t",
"Async TX","data",9.5528475,0.000082,"6",
"Async TX","data",9.5529345,0.000082,".",
"Async TX","data",9.553021,0.000082,"t",
"Async TX","data",9.553108,0.000082,"x",
"Async TX","data",9.553195,0.000082,"t",
"Async TX","data",9.5532815,0.000082,"=",
"Async TX","data",9.5533685,0.000082,"""",
"Async TX","data",9.553455,0.000082,"0",
"Async TX","data",9.553542,0.000082,".",
"Async TX","data",9.553629,0.000082,"0",
"Async TX","data",9.5537155,0.000082,"""",
"Async TX","data",9.5538025,0.000082,"ÿ",
"Async TX","data",9.5538895,0.000082,"ÿ",
"Async TX","data",9.553976,0.000082,"ÿ",
"Async TX","data",9.5582475,0.000082,"j",
"Async TX","data",9.558334,0.000082,"2",
"Async TX","data",9.558421,0.000082,".",
"Async TX","data",9.5585075,0.000082,"v",
"Async TX","data",9.5585945,0.000082,"a",
"Async TX","data",9.5586815,0.000082,"l",
"Async TX","data",9.558768,0.000082,"=",
"Async TX","data",9.558855,0.000082,"0",
"Async TX","data",9.558942,0.000082,"ÿ",
"Async TX","data",9.5590285,0.000082,"ÿ",
"Async TX","data",9.5591155,0.000082,"ÿ",
"Async TX","data",9.5635335,0.000082,"j",
"Async TX","data",9.56362,0.000082,"1",
"Async TX","data",9.563707,0.000082,".",
"Async TX","data",9.5637935,0.000082,"v",
"Async TX","data",9.5638805,0.000082,"a",
"Async TX","data",9.563967,0.000082,"l",
"Async TX","data",9.564054,0.000082,"=",
"Async TX","data",9.5641405,0.000082,"0",
"Async TX","data",9.5642275,0.000082,"ÿ",
"Async TX","data",9.5643145,0.000082,"ÿ",
"Async TX","data",9.564401,0.000082,"ÿ",
"Async TX","data",9.5690105,0.000082,"t",
"Async TX","data",9.5690975,0.000082,"7",
"Async TX","data",9.569184,0.000082,".",
"Async TX","data",9.569271,0.000082,"t",
"Async TX","data",9.5693575,0.000082,"x",
"Async TX","data",9.5694445,0.000082,"t",
"Async TX","data",9.5695315,0.000082,"=",
"Async TX","data",9.569618,0.000082,"""",
"Async TX","data",9.569705,0.000082,"0",
"Async TX","data",9.5697915,0.000082,"%",
"Async TX","data",9.5698785,0.000082,"""",
"Async TX","data",9.569965,0.000082,"ÿ",
"Async TX","data",9.570052,0.000082,"ÿ",
"Async TX","data",9.570139,0.000082,"ÿ",
"Async TX","data",9.574523,0.000082,"j",
"Async TX","data",9.57461,0.000082,"0",
"Async TX","data",9.574697,0.000082,".",
"Async TX","data",9.5747835,0.000082,"p",
"Async TX","data",9.5748705,0.000082,"c",
"Async TX","data",9.5749575,0.000082,"o",
"Async TX","data",9.575044,0.000082,"=",
"Async TX","data",9.575131,0.000082,"2",
"Async TX","data",9.575218,0.000082,"0",
"Async TX","data",9.5753045,0.000082,"1",
"Async TX","data",9.5753915,0.000082,"6",
"Async TX","data",9.5754785,0.000082,"ÿ",
"Async TX","data",9.575565,0.000082,"ÿ",
"Async TX","data",9.575652,0.000082,"ÿ",
"Async TX","data",9.575739,0.000082,"t",
"Async TX","data",9.5758255,0.000082,"2",
"Async TX","data",9.5759125,0.000082,".",
"Async TX","data",9.5759995,0.000082,"p",
"Async TX","data",9.576086,0.000082,"c",
"Async TX","data",9.576173,0.000082,"o",
"Async TX","data",9.57626,0.000082,"=",
"Async TX","data",9.5763465,0.000082,"2",
"Async TX","data",9.5764335,0.000082,"0",
"Async TX","data",9.5765205,0.000082,"1",
"Async TX","data",9.576607,0.000082,"6",
"Async TX","data",9.576694,0.000082,"ÿ",
"Async TX","data",9.5767895,0.000082,"ÿ",
"Async TX","data",9.576876,0.000082,"ÿ",
"Async TX","data",9.5815105,0.000082,"j",
"Async TX","data",9.5815975,0.000082,"0",
"Async TX","data",9.581684,0.000082,".",
"Async TX","data",9.581771,0.000082,"v",
"Async TX","data",9.5818575,0.000082,"a",
"Async TX","data",9.5819445,0.000082,"l",
"Async TX","data",9.582031,0.000082,"=",
"Async TX","data",9.582118,0.000082,"0",
"Async TX","data",9.5822045,0.000082,"ÿ",
"Async TX","data",9.5822915,0.000082,"ÿ",
"Async TX","data",9.582378,0.000082,"ÿ",
"Async TX","data",9.586829,0.000082,"t",
"Async TX","data",9.586916,0.000082,"2",
"Async TX","data",9.5870025,0.000082,".",
"Async TX","data",9.5870895,0.000082,"t",
"Async TX","data",9.587176,0.000082,"x",
"Async TX","data",9.587263,0.000082,"t",
"Async TX","data",9.5873495,0.000082,"=",
"Async TX","data",9.5874365,0.000082,"""",
"Async TX","data",9.5875235,0.000082,"0",
"Async TX","data",9.58761,0.000082,".",
"Async TX","data",9.587697,0.000082,"0",
"Async TX","data",9.5877835,0.000082,"0",
"Async TX","data",9.5878705,0.000082,"""",
"Async TX","data",9.587957,0.000082,"ÿ",
"Async TX","data",9.588044,0.000082,"ÿ",
"Async TX","data",9.588131,0.000082,"ÿ",
"Async TX","data",9.592592,0.000082,"t",
"Async TX","data",9.592679,0.000082,"1",
"Async TX","data",9.5927655,0.000082,"3",
"Async TX","data",9.5928525,0.000082,".",
"Async TX","data",9.592939,0.000082,"t",
"Async TX","data",9.593026,0.000082,"x",
"Async TX","data",9.593113,0.000082,"t",
"Async TX","data",9.5931995,0.000082,"=",
"Async TX","data",9.5932865,0.000082,"""",
"Async TX","data",9.593373,0.000082,"1",
"Async TX","data",9.59346,0.000082,"0",
"Async TX","data",9.593547,0.000082,"""",
"Async TX","data",9.5936335,0.000082,"ÿ",
"Async TX","data",9.5937205,0.000082,"ÿ",
"Async TX","data",9.593807,0.000082,"ÿ",
"Async TX","data",9.598538,0.000082,"t",
"Async TX","data",9.5986245,0.000082,"1",
"Async TX","data",9.5987115,0.000082,".",
"Async TX","data",9.5987985,0.000082,"p",
"Async TX","data",9.598885,0.000082,"c",
"Async TX","data",9.598972,0.000082,"o",
"Async TX","data",9.5990585,0.000082,"=",
"Async TX","data",9.5991455,0.000082,"2",
"Async TX","data",9.5992325,0.000082,"0",
"Async TX","data",9.599319,0.000082,"2",
"Async TX","data",9.599406,0.000082,"4",
"Async TX","data",9.5994925,0.000082,"ÿ",
"Async TX","data",9.5995795,0.000082,"ÿ",
"Async TX","data",9.5996665,0.000082,"ÿ",
"Async TX","data",9.6088825,0.000082,"t",
"Async TX","data",9.608969,0.000082,"0",
"Async TX","data",9.609056,0.000082,".",
"Async TX","data",9.6091425,0.000082,"t",
"Async TX","data",9.6092295,0.000082,"x",
"Async TX","data",9.609316,0.000082,"t",
"Async TX","data",9.609403,0.000082,"=",
"Async TX","data",9.6094895,0.000082,"""",
"Async TX","data",9.6095765,0.000082,"0",
"Async TX","data",9.6096635,0.000082,".",
"Async TX","data",9.60975,0.000082,"0",
"Async TX","data",9.609837,0.000082,"""",
"Async TX","data",9.6099235,0.000082,"ÿ",
"Async TX","data",9.6100105,0.000082,"ÿ",
"Async TX","data",9.610097,0.000082,"ÿ",
"Async TX","data",9.6147405,0.000082,"t",
"Async TX","data",9.614827,0.000082,"5",
"Async TX","data",9.614914,0.000082,".",
"Async TX","data",9.615001,0.000082,"t",
"Async TX","data",9.6150875,0.000082,"x",
"Async TX","data",9.6151745,0.000082,"t",
"Async TX","data",9.615261,0.000082,"=",
"Async TX","data",9.615348,0.000082,"""",
"Async TX","data",9.6154345,0.000082,"0",
"Async TX","data",9.6155215,0.000082,".",
"Async TX","data",9.615608,0.000082,"0",
"Async TX","data",9.615695,0.000082,"""",
"Async TX","data",9.615782,0.000082,"ÿ",
"Async TX","data",9.6158685,0.000082,"ÿ",
"Async TX","data",9.6159555,0.000082,"ÿ",
"Async TX","data",9.620475,0.000082,"t",
"Async TX","data",9.620562,0.000082,"4",
"Async TX","data",9.6206485,0.000082,".",
"Async TX","data",9.6207355,0.000082,"t",
"Async TX","data",9.6208225,0.000082,"x",
"Async TX","data",9.620909,0.000082,"t",
"Async TX","data",9.620996,0.000082,"=",
"Async TX","data",9.621083,0.000082,"""",
"Async TX","data",9.6211695,0.000082,"0",
"Async TX","data",9.6212565,0.000082,".",
"Async TX","data",9.621343,0.000082,"0",
"Async TX","data",9.62143,0.000082,"""",
"Async TX","data",9.6215165,0.000082,"ÿ",
"Async TX","data",9.6216035,0.000082,"ÿ",
"Async TX","data",9.6216905,0.000082,"ÿ",
"Async TX","data",9.626316,0.000082,"t",
"Async TX","data",9.6264025,0.000082,"6",
"Async TX","data",9.6264895,0.000082,".",
"Async TX","data",9.6265765,0.000082,"t",
"Async TX","data",9.626663,0.000082,"x",
"Async TX","data",9.62675,0.000082,"t",
"Async TX","data",9.626837,0.000082,"=",
"Async TX","data",9.6269235,0.000082,"""",
"Async TX","data",9.6270105,0.000082,"0",
"Async TX","data",9.627097,0.000082,".",
"Async TX","data",9.627184,0.000082,"0",
"Async TX","data",9.627271,0.000082,"""",
"Async TX","data",9.6273575,0.000082,"ÿ",
"Async TX","data",9.6274445,0.000082,"ÿ",
"Async TX","data",9.6275315,0.000082,"ÿ",
"Async TX","data",9.631985,0.000082,"j",
"Async TX","data",9.632072,0.000082,"2",
"Async TX","data",9.6321585,0.000082,".",
"Async TX","data",9.6322455,0.000082,"v",
"Async TX","data",9.6323325,0.000082,"a",
"Async TX","data",9.632419,0.000082,"l",
"Async TX","data",9.632506,0.000082,"=",
"Async TX","data",9.6325925,0.000082,"0",
"Async TX","data",9.6326795,0.000082,"ÿ",
"Async TX","data",9.6327665,0.000082,"ÿ",
"Async TX","data",9.632853,0.000082,"ÿ",
"Async TX","data",9.637515,0.000082,"j",
"Async TX","data",9.6376015,0.000082,"1",
"Async TX","data",9.6376885,0.000082,".",
"Async TX","data",9.637775,0.000082,"v",
"Async TX","data",9.637862,0.000082,"a",
"Async TX","data",9.637949,0.000082,"l",
"Async TX","data",9.6380355,0.000082,"=",
"Async TX","data",9.6381225,0.000082,"0",
"Async TX","data",9.6382095,0.000082,"ÿ",
"Async TX","data",9.638296,0.000082,"ÿ",
"Async TX","data",9.638383,0.000082,"ÿ",
"Async TX","data",9.6430185,0.000082,"t",
"Async TX","data",9.6431055,0.000082,"7",
"Async TX","data",9.6431925,0.000082,".",
"Async TX","data",9.643279,0.000082,"t",
"Async TX","data",9.643366,0.000082,"x",
"Async TX","data",9.6434525,0.000082,"t",
"Async TX","data",9.6435395,0.000082,"=",
"Async TX","data",9.6436265,0.000082,"""",
"Async TX","data",9.643713,0.000082,"0",
"Async TX","data",9.6438,0.000082,"%",
"Async TX","data",9.6438865,0.000082,"""",
"Async TX","data",9.6439735,0.000082,"ÿ",
"Async TX","data",9.6440605,0.000082,"ÿ",
"Async TX","data",9.644147,0.000082,"ÿ",
"Async TX","data",9.64854,0.000082,"j",
"Async TX","data",9.6486265,0.000082,"0",
"Async TX","data",9.6487135,0.000082,".",
"Async TX","data",9.6488005,0.000082,"p",
"Async TX","data",9.648887,0.000082,"c",
"Async TX","data",9.648974,0.000082,"o",
"Async TX","data",9.649061,0.000082,"=",
"Async TX","data",9.6491475,0.000082,"2",
"Async TX","data",9.6492345,0.000082,"0",
"Async TX","data",9.649321,0.000082,"1",
"Async TX","data",9.649408,0.000082,"6",
"Async TX","data",9.649495,0.000082,"ÿ",
"Async TX","data",9.6495815,0.000082,"ÿ",
"Async TX","data",9.6496685,0.000082,"ÿ",
"Async TX","data",9.6497555,0.000082,"t",
"Async TX","data",9.649842,0.000082,"2",
"Async TX","data",9.649929,0.000082,".",
"Async TX","data",9.650016,0.000082,"p",
"Async TX","data",9.6501025,0.000082,"c",
"Async TX","data",9.6501895,0.000082,"o",
"Async TX","data",9.6502765,0.000082,"=",
"Async TX","data",9.650363,0.000082,"2",
"Async TX","data",9.65045,0.000082,"0",
"Async TX","data",9.6505365,0.000082,"1",
"Async TX","data",9.6506235,0.000082,"6",
"Async TX","data",9.6507105,0.000082,"ÿ",
"Async TX","data",9.650797,0.000082,"ÿ",
"Async TX","data",9.650884,0.000082,"ÿ",
"Async TX","data",9.655397,0.000082,"j",
"Async TX","data",9.6554835,0.000082,"0",
"Async TX","data",9.6555705,0.000082,".",
"Async TX","data",9.655657,0.000082,"v",
"Async TX","data",9.655744,0.000082,"a",
"Async TX","data",9.655831,0.000082,"l",
"Async TX","data",9.6559175,0.000082,"=",
"Async TX","data",9.6560045,0.000082,"0",
"Async TX","data",9.6560915,0.000082,"ÿ",
"Async TX","data",9.656178,0.000082,"ÿ",
"Async TX","data",9.656265,0.000082,"ÿ",
"Async TX","data",9.66078,0.000082,"t",
"Async TX","data",9.6608665,0.000082,"2",
"Async TX","data",9.6609535,0.000082,".",
"Async TX","data",9.6610405,0.000082,"t",
"Async TX","data",9.661127,0.000082,"x",
"Async TX","data",9.661214,0.000082,"t",
"Async TX","data",9.661301,0.000082,"=",
"Async TX","data",9.6613875,0.000082,"""",
"Async TX","data",9.6614745,0.000082,"0",
"Async TX","data",9.6615615,0.000082,".",
"Async TX","data",9.661648,0.000082,"0",
"Async TX","data",9.661735,0.000082,"0",
"Async TX","data",9.661822,0.000082,"""",
"Async TX","data",9.6619085,0.000082,"ÿ",
"Async TX","data",9.6619955,0.000082,"ÿ",
"Async TX","data",9.6620825,0.000082,"ÿ",
"Async TX","data",9.666231,0.000082,"t",
"Async TX","data",9.6663175,0.000082,"1",
"Async TX","data",9.6664045,0.000082,"3",
"Async TX","data",9.666491,0.000082,".",
"Async TX","data",9.666578,0.000082,"t",
"Async TX","data",9.666665,0.000082,"x",
"Async TX","data",9.6667605,0.000082,"t",
"Async TX","data",9.666847,0.000082,"=",
"Async TX","data",9.666934,0.000082,"""",
"Async TX","data",9.6670205,0.000082,"1",
"Async TX","data",9.6671075,0.000082,"0",
"Async TX","data",9.6671945,0.000082,"""",
"Async TX","data",9.667281,0.000082,"ÿ",
"Async TX","data",9.667368,0.000082,"ÿ",
"Async TX","data",9.6674545,0.000082,"ÿ",
"Async TX","data",9.6715345,0.000082,"t",
"Async TX","data",9.671621,0.000082,"1",
"Async TX","data",9.671708,0.000082,".",
"Async TX","data",9.671795,0.000082,"p",
"Async TX","data",9.6718815,0.000082,"c",
"Async TX","data",9.6719685,0.000082,"o",
"Async TX","data",9.6720555,0.000082,"=",
"Async TX","data",9.672142,0.000082,"2",
"Async TX","data",9.672229,0.000082,"0",
"Async TX","data",9.672316,0.000082,"2",
"Async TX","data",9.672403,0.000082,"4",
"Async TX","data",9.6724895,0.000082,"ÿ",
"Async TX","data",9.6725765,0.000082,"ÿ",
"Async TX","data",9.672663,0.000082,"ÿ",
"Async TX","data",9.6819885,0.000082,"t",
"Async TX","data",9.682075,0.000082,"0",
"Async TX","data",9.682162,0.000082,".",
"Async TX","data",9.682249,0.000082,"t",
"Async TX","data",9.682336,0.000082,"x",
"Async TX","data",9.6824225,0.000082,"t",
"Async TX","data",9.6825095,0.000082,"=",
"Async TX","data",9.6825965,0.000082,"""",
"Async TX","data",9.682683,0.000082,"0",
"Async TX","data",9.68277,0.000082,".",
"Async TX","data",9.682857,0.000082,"0",
"Async TX","data",9.6829435,0.000082,"""",
"Async TX","data",9.6830305,0.000082,"ÿ",
"Async TX","data",9.6831175,0.000082,"ÿ",
"Async TX","data",9.6832045,0.000082,"ÿ",
"Async TX","data",9.687753,0.000082,"t",
"Async TX","data",9.68784,0.000082,"5",
"Async TX","data",9.6879265,0.000082,".",
"Async TX","data",9.6880135,0.000082,"t",
"Async TX","data",9.6881,0.000082,"x",
"Async TX","data",9.688187,0.000082,"t",
"Async TX","data",9.688274,0.000082,"=",
"Async TX","data",9.6883605,0.000082,"""",
"Async TX","data",9.6884475,0.000082,"0",
"Async TX","data",9.6885345,0.000082,".",
"Async TX","data",9.688621,0.000082,"0",
"Async TX","data",9.688708,0.000082,"""",
"Async TX","data",9.6887945,0.000082,"ÿ",
"Async TX","data",9.6888815,0.000082,"ÿ",
"Async TX","data",9.6889685,0.000082,"ÿ",
"Async TX","data",9.6936985,0.000082,"t",
"Async TX","data",9.6937855,0.000082,"4",
"Async TX","data",9.693872,0.000082,".",
"Async TX","data",9.693959,0.000082,"t",
"Async TX","data",9.6940455,0.000082,"x",
"Async TX","data",9.6941325,0.000082,"t",
"Async TX","data",9.694219,0.000082,"=",
"Async TX","data",9.694306,0.000082,"""",
"Async TX","data",9.694393,0.000082,"0",
"Async TX","data",9.6944795,0.000082,".",
"Async TX","data",9.6945665,0.000082,"0",
"Async TX","data",9.694653,0.000082,"""",
"Async TX","data",9.69474,0.000082,"ÿ",
"Async TX","data",9.694827,0.000082,"ÿ",
"Async TX","data",9.6949135,0.000082,"ÿ",
"Async TX","data",9.699628,0.000082,"t",
"Async TX","data",9.6997145,0.000082,"6",
"Async TX","data",9.6998015,0.000082,".",
"Async TX","data",9.699888,0.000082,"t",
"Async TX","data",9.699975,0.000082,"x",
"Async TX","data",9.700062,0.000082,"t",
"Async TX","data",9.7001485,0.000082,"=",
"Async TX","data",9.7002355,0.000082,"""",
"Async TX","data",9.7003225,0.000082,"0",
"Async TX","data",9.700409,0.000082,".",
"Async TX","data",9.700496,0.000082,"0",
"Async TX","data",9.700583,0.000082,"""",
"Async TX","data",9.7006695,0.000082,"ÿ",
"Async TX","data",9.7007565,0.000082,"ÿ",
"Async TX","data",9.700843,0.000082,"ÿ",
"Async TX","data",9.705227,0.000082,"j",
"Async TX","data",9.705314,0.000082,"2",
"Async TX","data",9.705401,0.000082,".",
"Async TX","data",9.7054875,0.000082,"v",
"Async TX","data",9.7055745,0.000082,"a",
"Async TX","data",9.7056615,0.000082,"l",
"Async TX","data",9.705748,0.000082,"=",
"Async TX","data",9.705835,0.000082,"0",
"Async TX","data",9.7059215,0.000082,"ÿ",
"Async TX","data",9.7060085,0.000082,"ÿ",
"Async TX","data",9.706095,0.000082,"ÿ",
"Async TX","data",9.7107995,0.000082,"j",
"Async TX","data",9.710886,0.000082,"1",
"Async TX","data",9.710973,0.000082,".",
"Async TX","data",9.7110595,0.000082,"v",
"Async TX","data",9.7111465,0.000082,"a",
"Async TX","data",9.711233,0.000082,"l",
"Async TX","data",9.71132,0.000082,"=",
"Async TX","data",9.711407,0.000082,"0",
"Async TX","data",9.7114935,0.000082,"ÿ",
"Async TX","data",9.7115805,0.000082,"ÿ",
"Async TX","data",9.711667,0.000082,"ÿ",
"Async TX","data",9.7163195,0.000082,"t",
"Async TX","data",9.716406,0.000082,"7",
"Async TX","data",9.716493,0.000082,".",
"Async TX","data",9.71658,0.000082,"t",
"Async TX","data",9.7166665,0.000082,"x",
"Async TX","data",9.7167535,0.000082,"t",
"Async TX","data",9.71684,0.000082,"=",
"Async TX","data",9.716927,0.000082,"""",
"Async TX","data",9.7170135,0.000082,"0",
"Async TX","data",9.7171005,0.000082,"%",
"Async TX","data",9.717187,0.000082,"""",
"Async TX","data",9.717274,0.000082,"ÿ",
"Async TX","data",9.7173605,0.000082,"ÿ",
"Async TX","data",9.7174475,0.000082,"ÿ",
"Async TX","data",9.722081,0.000082,"j",
"Async TX","data",9.7221675,0.000082,"0",
"Async TX","data",9.7222545,0.000082,".",
"Async TX","data",9.722341,0.000082,"p",
"Async TX","data",9.722428,0.000082,"c",
"Async TX","data",9.722515,0.000082,"o",
"Async TX","data",9.7226015,0.000082,"=",
"Async TX","data",9.7226885,0.000082,"2",
"Async TX","data",9.722775,0.000082,"0",
"Async TX","data",9.722862,0.000082,"1",
"Async TX","data",9.7229485,0.000082,"6",
"Async TX","data",9.7230355,0.000082,"ÿ",
"Async TX","data",9.7231225,0.000082,"ÿ",
"Async TX","data",9.723209,0.000082,"ÿ",
"Async TX","data",9.723296,0.000082,"t",
"Async TX","data",9.7233825,0.000082,"2",
"Async TX","data",9.7234695,0.000082,".",
"Async TX","data",9.7235565,0.000082,"p",
"Async TX","data",9.723643,0.000082,"c",
"Async TX","data",9.72373,0.000082,"o",
"Async TX","data",9.7238165,0.000082,"=",
"Async TX","data",9.7239035,0.000082,"2",
"Async TX","data",9.72399,0.000082,"0",
"Async TX","data",9.724077,0.000082,"1",
"Async TX","data",9.7241635,0.000082,"6",
"Async TX","data",9.7242505,0.000082,"ÿ",
"Async TX","data",9.724337,0.000082,"ÿ",
"Async TX","data",9.724424,0.000082,"ÿ",
"Async TX","data",9.7285985,0.000082,"j",
"Async TX","data",9.728685,0.000082,"0",
"Async TX","data",9.728772,0.000082,".",
"Async TX","data",9.7288585,0.000082,"v",
"Async TX","data",9.7289455,0.000082,"a",
"Async TX","data",9.729032,0.000082,"l",
"Async TX","data",9.729119,0.000082,"=",
"Async TX","data",9.7292055,0.000082,"0",
"Async TX","data",9.7292925,0.000082,"ÿ",
"Async TX","data",9.729379,0.000082,"ÿ",
"Async TX","data",9.729466,0.000082,"ÿ",
"Async TX","data",9.7336235,0.000082,"t",
"Async TX","data",9.73371,0.000082,"2",
"Async TX","data",9.733797,0.000082,".",
"Async TX","data",9.7338835,0.000082,"t",
"Async TX","data",9.7339705,0.000082,"x",
"Async TX","data",9.7340575,0.000082,"t",
"Async TX","data",9.734144,0.000082,"=",
"Async TX","data",9.734231,0.000082,"""",
"Async TX","data",9.7343175,0.000082,"0",
"Async TX","data",9.7344045,0.000082,".",
"Async TX","data",9.7344915,0.000082,"0",
"Async TX","data",9.734578,0.000082,"0",
"Async TX","data",9.734665,0.000082,"""",
"Async TX","data",9.7347515,0.000082,"ÿ",
"Async TX","data",9.7348385,0.000082,"ÿ",
"Async TX","data",9.7349255,0.000082,"ÿ",
"Async TX","data",9.739638,0.000082,"t",
"Async TX","data",9.739725,0.000082,"1",
"Async TX","data",9.7398115,0.000082,"3",
"Async TX","data",9.7398985,0.000082,".",
"Async TX","data",9.7399855,0.000082,"t",
"Async TX","data",9.740072,0.000082,"x",
"Async TX","data",9.740159,0.000082,"t",
"Async TX","data",9.7402455,0.000082,"=",
"Async TX","data",9.7403325,0.000082,"""",
"Async TX","data",9.740419,0.000082,"1",
"Async TX","data",9.740506,0.000082,"0",
"Async TX","data",9.740593,0.000082,"""",
"Async TX","data",9.7406795,0.000082,"ÿ",
"Async TX","data",9.7407665,0.000082,"ÿ",
"Async TX","data",9.740853,0.000082,"ÿ",
"Async TX","data",9.7453575,0.000082,"t",
"Async TX","data",9.745444,0.000082,"1",
"Async TX","data",9.745531,0.000082,".",
"Async TX","data",9.745618,0.000082,"p",
"Async TX","data",9.7457045,0.000082,"c",
"Async TX","data",9.7457915,0.000082,"o",
"Async TX","data",9.745878,0.000082,"=",
"Async TX","data",9.745965,0.000082,"2",
"Async TX","data",9.746052,0.000082,"0",
"Async TX","data",9.7461385,0.000082,"2",
"Async TX","data",9.7462255,0.000082,"4",
"Async TX","data",9.7463125,0.000082,"ÿ",
"Async TX","data",9.746399,0.000082,"ÿ",
"Async TX","data",9.746486,0.000082,"ÿ",
"Async TX","data",9.755513,0.000082,"t",
"Async TX","data",9.7556,0.000082,"0",
"Async TX","data",9.7556865,0.000082,".",
"Async TX","data",9.7557735,0.000082,"t",
"Async TX","data",9.7558605,0.000082,"x",
"Async TX","data",9.755947,0.000082,"t",
"Async TX","data",9.756034,0.000082,"=",
"Async TX","data",9.756121,0.000082,"""",
"Async TX","data",9.7562075,0.000082,"0",
"Async TX","data",9.7562945,0.000082,".",
"Async TX","data",9.756381,0.000082,"0",
"Async TX","data",9.756468,0.000082,"""",
"Async TX","data",9.756555,0.000082,"ÿ",
"Async TX","data",9.7566415,0.000082,"ÿ",
"Async TX","data",9.7567285,0.000082,"ÿ",
"Async TX","data",9.7615105,0.000082,"t",
"Async TX","data",9.7615975,0.000082,"5",
"Async TX","data",9.7616845,0.000082,".",
"Async TX","data",9.761771,0.000082,"t",
"Async TX","data",9.761858,0.000082,"x",
"Async TX","data",9.761945,0.000082,"t",
"Async TX","data",9.7620315,0.000082,"=",
"Async TX","data",9.7621185,0.000082,"""",
"Async TX","data",9.762205,0.000082,"0",
"Async TX","data",9.762292,0.000082,".",
"Async TX","data",9.762379,0.000082,"0",
"Async TX","data",9.7624655,0.000082,"""",
"Async TX","data",9.7625525,0.000082,"ÿ",
"Async TX","data",9.7626395,0.000082,"ÿ",
"Async TX","data",9.762726,0.000082,"ÿ",
"Async TX","data",9.767397,0.000082,"t",
"Async TX","data",9.7674835,0.000082,"4",
"Async TX","data",9.7675705,0.000082,".",
"Async TX","data",9.7676575,0.000082,"t",
"Async TX","data",9.767744,0.000082,"x",
"Async TX","data",9.767831,0.000082,"t",
"Async TX","data",9.7679175,0.000082,"=",
"Async TX","data",9.7680045,0.000082,"""",
"Async TX","data",9.7680915,0.000082,"0",
"Async TX","data",9.768178,0.000082,".",
"Async TX","data",9.768265,0.000082,"0",
"Async TX","data",9.7683515,0.000082,"""",
"Async TX","data",9.7684385,0.000082,"ÿ",
"Async TX","data",9.768525,0.000082,"ÿ",
"Async TX","data",9.768612,0.000082,"ÿ",
"Async TX","data",9.772839,0.000082,"t",
"Async TX","data",9.7729255,0.000082,"6",
"Async TX","data",9.7730125,0.000082,".",
"Async TX","data",9.773099,0.000082,"t",
"Async TX","data",9.773186,0.000082,"x",
"Async TX","data",9.773273,0.000082,"t",
"Async TX","data",9.7733595,0.000082,"=",
"Async TX","data",9.7734465,0.000082,"""",
"Async TX","data",9.7735335,0.000082,"0",
"Async TX","data",9.77362,0.000082,".",
"Async TX","data",9.773707,0.000082,"0",
"Async TX","data",9.773794,0.000082,"""",
"Async TX","data",9.7738805,0.000082,"ÿ",
"Async TX","data",9.7739675,0.000082,"ÿ",
"Async TX","data",9.7740545,0.000082,"ÿ",
"Async TX","data",9.778282,0.000082,"j",
"Async TX","data",9.7783685,0.000082,"2",
"Async TX","data",9.7784555,0.000082,".",
"Async TX","data",9.7785425,0.000082,"v",
"Async TX","data",9.778629,0.000082,"a",
"Async TX","data",9.778716,0.000082,"l",
"Async TX","data",9.778803,0.000082,"=",
"Async TX","data",9.7788895,0.000082,"0",
"Async TX","data",9.7789765,0.000082,"ÿ",
"Async TX","data",9.779063,0.000082,"ÿ",
"Async TX","data",9.77915,0.000082,"ÿ",
"Async TX","data",9.7837245,0.000082,"j",
"Async TX","data",9.783811,0.000082,"1",
"Async TX","data",9.783898,0.000082,".",
"Async TX","data",9.7839845,0.000082,"v",
"Async TX","data",9.7840715,0.000082,"a",
"Async TX","data",9.7841585,0.000082,"l",
"Async TX","data",9.784245,0.000082,"=",
"Async TX","data",9.784332,0.000082,"0",
"Async TX","data",9.7844185,0.000082,"ÿ",
"Async TX","data",9.7845055,0.000082,"ÿ",
"Async TX","data",9.784592,0.000082,"ÿ",
"Async TX","data",9.7891065,0.000082,"t",
"Async TX","data",9.7891935,0.000082,"7",
"Async TX","data",9.7892805,0.000082,".",
"Async TX","data",9.789367,0.000082,"t",
"Async TX","data",9.789454,0.000082,"x",
"Async TX","data",9.7895405,0.000082,"t",
"Async TX","data",9.7896275,0.000082,"=",
"Async TX","data",9.7897145,0.000082,"""",
"Async TX","data",9.789801,0.000082,"0",
"Async TX","data",9.789888,0.000082,"%",
"Async TX","data",9.789975,0.000082,"""",
"Async TX","data",9.7900615,0.000082,"ÿ",
"Async TX","data",9.7901485,0.000082,"ÿ",
"Async TX","data",9.790235,0.000082,"ÿ",
"Async TX","data",9.7946095,0.000082,"j",
"Async TX","data",9.7946965,0.000082,"0",
"Async TX","data",9.794783,0.000082,".",
"Async TX","data",9.79487,0.000082,"p",
"Async TX","data",9.7949565,0.000082,"c",
"Async TX","data",9.7950435,0.000082,"o",
"Async TX","data",9.7951305,0.000082,"=",
"Async TX","data",9.795217,0.000082,"2",
"Async TX","data",9.795304,0.000082,"0",
"Async TX","data",9.7953905,0.000082,"1",
"Async TX","data",9.7954775,0.000082,"6",
"Async TX","data",9.7955645,0.000082,"ÿ",
"Async TX","data",9.795651,0.000082,"ÿ",
"Async TX","data",9.795738,0.000082,"ÿ",
"Async TX","data",9.795825,0.000082,"t",
"Async TX","data",9.7959115,0.000082,"2",
"Async TX","data",9.7959985,0.000082,".",
"Async TX","data",9.796085,0.000082,"p",
"Async TX","data",9.796172,0.000082,"c",
"Async TX","data",9.7962585,0.000082,"o",
"Async TX","data",9.7963455,0.000082,"=",
"Async TX","data",9.7964325,0.000082,"2",
"Async TX","data",9.796519,0.000082,"0",
"Async TX","data",9.796606,0.000082,"1",
"Async TX","data",9.7966925,0.000082,"6",
"Async TX","data",9.7967795,0.000082,"ÿ",
"Async TX","data",9.796866,0.000082,"ÿ",
"Async TX","data",9.796953,0.000082,"ÿ",
"Async TX","data",9.8012485,0.000082,"j",
"Async TX","data",9.8013355,0.000082,"0",
"Async TX","data",9.801422,0.000082,".",
"Async TX","data",9.801509,0.000082,"v",
"Async TX","data",9.801596,0.000082,"a",
"Async TX","data",9.8016825,0.000082,"l",
"Async TX","data",9.8017695,0.000082,"=",
"Async TX","data",9.801856,0.000082,"0",
"Async TX","data",9.801943,0.000082,"ÿ",
"Async TX","data",9.8020295,0.000082,"ÿ",
"Async TX","data",9.8021165,0.000082,"ÿ",
"Async TX","data",9.8065505,0.000082,"t",
"Async TX","data",9.8066375,0.000082,"2",
"Async TX","data",9.806724,0.000082,".",
"Async TX","data",9.806811,0.000082,"t",
"Async TX","data",9.806898,0.000082,"x",
"Async TX","data",9.8069845,0.000082,"t",
"Async TX","data",9.8070715,0.000082,"=",
"Async TX","data",9.807158,0.000082,"""",
"Async TX","data",9.807245,0.000082,"0",
"Async TX","data",9.807332,0.000082,".",
"Async TX","data",9.8074185,0.000082,"0",
"Async TX","data",9.8075055,0.000082,"0",
"Async TX","data",9.8075925,0.000082,"""",
"Async TX","data",9.807679,0.000082,"ÿ",
"Async TX","data",9.807766,0.000082,"ÿ",
"Async TX","data",9.807853,0.000082,"ÿ",
"Async TX","data",9.812651,0.000082,"t",
"Async TX","data",9.812738,0.000082,"1",
"Async TX","data",9.8128245,0.000082,"3",
"Async TX","data",9.8129115,0.000082,".",
"Async TX","data",9.8129985,0.000082,"t",
"Async TX","data",9.813085,0.000082,"x",
"Async TX","data",9.813172,0.000082,"t",
"Async TX","data",9.8132585,0.000082,"=",
"Async TX","data",9.8133455,0.000082,"""",
"Async TX","data",9.813432,0.000082,"1",
"Async TX","data",9.813519,0.000082,"0",
"Async TX","data",9.813606,0.000082,"""",
"Async TX","data",9.8136925,0.000082,"ÿ",
"Async TX","data",9.8137795,0.000082,"ÿ",
"Async TX","data",9.813866,0.000082,"ÿ",
"Async TX","data",9.818588,0.000082,"t",
"Async TX","data",9.818675,0.000082,"1",
"Async TX","data",9.8187615,0.000082,".",
"Async TX","data",9.8188485,0.000082,"p",
"Async TX","data",9.8189355,0.000082,"c",
"Async TX","data",9.819022,0.000082,"o",
"Async TX","data",9.819109,0.000082,"=",
"Async TX","data",9.819196,0.000082,"2",
"Async TX","data",9.8192825,0.000082,"0",
"Async TX","data",9.8193695,0.000082,"2",
"Async TX","data",9.819456,0.000082,"4",
"Async TX","data",9.819543,0.000082,"ÿ",
"Async TX","data",9.81963,0.000082,"ÿ",
"Async TX","data",9.8197165,0.000082,"ÿ",
"Async TX","data",9.828745,0.000082,"t",
"Async TX","data",9.8288315,0.000082,"0",
"Async TX","data",9.8289185,0.000082,".",
"Async TX","data",9.829005,0.000082,"t",
"Async TX","data",9.829092,0.000082,"x",
"Async TX","data",9.829179,0.000082,"t",
"Async TX","data",9.8292655,0.000082,"=",
"Async TX","data",9.8293525,0.000082,"""",
"Async TX","data",9.829439,0.000082,"0",
"Async TX","data",9.829526,0.000082,".",
"Async TX","data",9.8296125,0.000082,"0",
"Async TX","data",9.8296995,0.000082,"""",
"Async TX","data",9.8297865,0.000082,"ÿ",
"Async TX","data",9.829873,0.000082,"ÿ",
"Async TX","data",9.82996,0.000082,"ÿ",
"Async TX","data",9.8349495,0.000082,"t",
"Async TX","data",9.8350365,0.000082,"5",
"Async TX","data",9.835123,0.000082,".",
"Async TX","data",9.83521,0.000082,"t",
"Async TX","data",9.8352965,0.000082,"x",
"Async TX","data",9.8353835,0.000082,"t",
"Async TX","data",9.83547,0.000082,"=",
"Async TX","data",9.835557,0.000082,"""",
"Async TX","data",9.835644,0.000082,"0",
"Async TX","data",9.8357305,0.000082,".",
"Async TX","data",9.8358175,0.000082,"0",
"Async TX","data",9.835904,0.000082,"""",
"Async TX","data",9.835991,0.000082,"ÿ",
"Async TX","data",9.836078,0.000082,"ÿ",
"Async TX","data",9.8361645,0.000082,"ÿ",
"Async TX","data",9.8407655,0.000082,"t",
"Async TX","data",9.8408525,0.000082,"4",
"Async TX","data",9.8409395,0.000082,".",
"Async TX","data",9.841026,0.000082,"t",
"Async TX","data",9.841113,0.000082,"x",
"Async TX","data",9.8411995,0.000082,"t",
"Async TX","data",9.8412865,0.000082,"=",
"Async TX","data",9.841373,0.000082,"""",
"Async TX","data",9.84146,0.000082,"0",
"Async TX","data",9.841547,0.000082,".",
"Async TX","data",9.8416335,0.000082,"0",
"Async TX","data",9.8417205,0.000082,"""",
"Async TX","data",9.841807,0.000082,"ÿ",
"Async TX","data",9.841894,0.000082,"ÿ",
"Async TX","data",9.8419805,0.000082,"ÿ",
"Async TX","data",9.8461455,0.000082,"t",
"Async TX","data",9.8462325,0.000082,"6",
"Async TX","data",9.846319,0.000082,".",
"Async TX","data",9.846406,0.000082,"t",
"Async TX","data",9.8464925,0.000082,"x",
"Async TX","data",9.8465795,0.000082,"t",
"Async TX","data",9.846666,0.000082,"=",
"Async TX","data",9.846753,0.000082,"""",
"Async TX","data",9.8468395,0.000082,"0",
"Async TX","data",9.8469265,0.000082,".",
"Async TX","data",9.847013,0.000082,"0",
"Async TX","data",9.8471,0.000082,"""",
"Async TX","data",9.8471865,0.000082,"ÿ",
"Async TX","data",9.8472735,0.000082,"ÿ",
"Async TX","data",9.84736,0.000082,"ÿ",
"Async TX","data",9.851735,0.000082,"j",
"Async TX","data",9.8518215,0.000082,"2",
"Async TX","data",9.8519085,0.000082,".",
"Async TX","data",9.8519955,0.000082,"v",
"Async TX","data",9.852082,0.000082,"a",
"Async TX","data",9.852169,0.000082,"l",
"Async TX","data",9.8522555,0.000082,"=",
"Async TX","data",9.8523425,0.000082,"0",
"Async TX","data",9.8524295,0.000082,"ÿ",
"Async TX","data",9.852516,0.000082,"ÿ",
"Async TX","data",9.852603,0.000082,"ÿ",
"Async TX","data",9.857377,0.000082,"j",
"Async TX","data",9.857464,0.000082,"1",
"Async TX","data",9.857551,0.000082,".",
"Async TX","data",9.8576375,0.000082,"v",
"Async TX","data",9.8577245,0.000082,"a",
"Async TX","data",9.8578115,0.000082,"l",
"Async TX","data",9.857898,0.000082,"=",
"Async TX","data",9.857985,0.000082,"0",
"Async TX","data",9.8580715,0.000082,"ÿ",
"Async TX","data",9.8581585,0.000082,"ÿ",
"Async TX","data",9.8582455,0.000082,"ÿ",
"Async TX","data",9.863037,0.000082,"t",
"Async TX","data",9.863124,0.000082,"7",
"Async TX","data",9.8632105,0.000082,".",
"Async TX","data",9.8632975,0.000082,"t",
"Async TX","data",9.863384,0.000082,"x",
"Async TX","data",9.863471,0.000082,"t",
"Async TX","data",9.863558,0.000082,"=",
"Async TX","data",9.8636445,0.000082,"""",
"Async TX","data",9.8637315,0.000082,"0",
"Async TX","data",9.863818,0.000082,"%",
"Async TX","data",9.863905,0.000082,"""",
"Async TX","data",9.8639915,0.000082,"ÿ",
"Async TX","data",9.8640785,0.000082,"ÿ",
"Async TX","data",9.864165,0.000082,"ÿ",
"Async TX","data",9.8686875,0.000082,"j",
"Async TX","data",9.8687745,0.000082,"0",
"Async TX","data",9.8688615,0.000082,".",
"Async TX","data",9.868948,0.000082,"p",
"Async TX","data",9.869035,0.000082,"c",
"Async TX","data",9.869122,0.000082,"o",
"Async TX","data",9.8692085,0.000082,"=",
"Async TX","data",9.8692955,0.000082,"2",
"Async TX","data",9.8693825,0.000082,"0",
"Async TX","data",9.869469,0.000082,"1",
"Async TX","data",9.869556,0.000082,"6",
"Async TX","data",9.869643,0.000082,"ÿ",
"Async TX","data",9.8697295,0.000082,"ÿ",
"Async TX","data",9.8698165,0.000082,"ÿ",
"Async TX","data",9.8699035,0.000082,"t",
"Async TX","data",9.86999,0.000082,"2",
"Async TX","data",9.870077,0.000082,".",
"Async TX","data",9.870164,0.000082,"p",
"Async TX","data",9.8702505,0.000082,"c",
"Async TX","data",9.8703375,0.000082,"o",
"Async TX","data",9.870424,0.000082,"=",
"Async TX","data",9.870511,0.000082,"2",
"Async TX","data",9.870598,0.000082,"0",
"Async TX","data",9.8706845,0.000082,"1",
"Async TX","data",9.8707715,0.000082,"6",
"Async TX","data",9.870858,0.000082,"ÿ",
"Async TX","data",9.870945,0.000082,"ÿ",
"Async TX","data",9.8710315,0.000082,"ÿ",
"Async TX","data",9.875544,0.000082,"j",
"Async TX","data",9.8756305,0.000082,"0",
"Async TX","data",9.8757175,0.000082,".",
"Async TX","data",9.8758045,0.000082,"v",
"Async TX","data",9.875891,0.000082,"a",
"Async TX","data",9.875978,0.000082,"l",
"Async TX","data",9.876065,0.000082,"=",
"Async TX","data",9.8761515,0.000082,"0",
"Async TX","data",9.8762385,0.000082,"ÿ",
"Async TX","data",9.876325,0.000082,"ÿ",
"Async TX","data",9.876412,0.000082,"ÿ",
"Async TX","data",9.8806725,0.000082,"t",
"Async TX","data",9.8807595,0.000082,"2",
"Async TX","data",9.880846,0.000082,".",
"Async TX","data",9.880933,0.000082,"t",
"Async TX","data",9.8810195,0.000082,"x",
"Async TX","data",9.8811065,0.000082,"t",
"Async TX","data",9.881193,0.000082,"=",
"Async TX","data",9.88128,0.000082,"""",
"Async TX","data",9.881367,0.000082,"0",
"Async TX","data",9.8814535,0.000082,".",
"Async TX","data",9.8815405,0.000082,"0",
"Async TX","data",9.881627,0.000082,"0",
"Async TX","data",9.881714,0.000082,"""",
"Async TX","data",9.8818005,0.000082,"ÿ",
"Async TX","data",9.8818875,0.000082,"ÿ",
"Async TX","data",9.881974,0.000082,"ÿ",
"Async TX","data",9.8868515,0.000082,"t",
"Async TX","data",9.886938,0.000082,"1",
"Async TX","data",9.887025,0.000082,"3",
"Async TX","data",9.8871115,0.000082,".",
"Async TX","data",9.8871985,0.000082,"t",
"Async TX","data",9.8872855,0.000082,"x",
"Async TX","data",9.887372,0.000082,"t",
"Async TX","data",9.887459,0.000082,"=",
"Async TX","data",9.8875455,0.000082,"""",
"Async TX","data",9.8876325,0.000082,"1",
"Async TX","data",9.887719,0.000082,"0",
"Async TX","data",9.887806,0.000082,"""",
"Async TX","data",9.8878925,0.000082,"ÿ",
"Async TX","data",9.8879795,0.000082,"ÿ",
"Async TX","data",9.8880665,0.000082,"ÿ",
"Async TX","data",9.8926395,0.000082,"t",
"Async TX","data",9.892726,0.000082,"1",
"Async TX","data",9.892813,0.000082,".",
"Async TX","data",9.8928995,0.000082,"p",
"Async TX","data",9.8929865,0.000082,"c",
"Async TX","data",9.893073,0.000082,"o",
"Async TX","data",9.89316,0.000082,"=",
"Async TX","data",9.893247,0.000082,"2",
"Async TX","data",9.8933335,0.000082,"0",
"Async TX","data",9.8934205,0.000082,"2",
"Async TX","data",9.893507,0.000082,"4",
"Async TX","data",9.893594,0.000082,"ÿ",
"Async TX","data",9.8936805,0.000082,"ÿ",
"Async TX","data",9.8937675,0.000082,"ÿ",
"Async TX","data",9.902549,0.000082,"t",
"Async TX","data",9.902636,0.000082,"0",
"Async TX","data",9.902723,0.000082,".",
"Async TX","data",9.9028095,0.000082,"t",
"Async TX","data",9.9028965,0.000082,"x",
"Async TX","data",9.902983,0.000082,"t",
"Async TX","data",9.90307,0.000082,"=",
"Async TX","data",9.9031565,0.000082,"""",
"Async TX","data",9.9032435,0.000082,"0",
"Async TX","data",9.9033305,0.000082,".",
"Async TX","data",9.903417,0.000082,"0",
"Async TX","data",9.903504,0.000082,"""",
"Async TX","data",9.9035905,0.000082,"ÿ",
"Async TX","data",9.9036775,0.000082,"ÿ",
"Async TX","data",9.9037645,0.000082,"ÿ",
"Async TX","data",9.90846,0.000082,"t",
"Async TX","data",9.9085465,0.000082,"5",
"Async TX","data",9.9086335,0.000082,".",
"Async TX","data",9.90872,0.000082,"t",
"Async TX","data",9.908807,0.000082,"x",
"Async TX","data",9.908894,0.000082,"t",
"Async TX","data",9.9089805,0.000082,"=",
"Async TX","data",9.9090675,0.000082,"""",
"Async TX","data",9.9091545,0.000082,"0",
"Async TX","data",9.909241,0.000082,".",
"Async TX","data",9.909328,0.000082,"0",
"Async TX","data",9.9094145,0.000082,"""",
"Async TX","data",9.9095015,0.000082,"ÿ",
"Async TX","data",9.9095885,0.000082,"ÿ",
"Async TX","data",9.909675,0.000082,"ÿ",
"Async TX","data",9.914231,0.000082,"t",
"Async TX","data",9.9143175,0.000082,"4",
"Async TX","data",9.9144045,0.000082,".",
"Async TX","data",9.914491,0.000082,"t",
"Async TX","data",9.914578,0.000082,"x",
"Async TX","data",9.914665,0.000082,"t",
"Async TX","data",9.9147515,0.000082,"=",
"Async TX","data",9.9148385,0.000082,"""",
"Async TX","data",9.914925,0.000082,"0",
"Async TX","data",9.915012,0.000082,".",
"Async TX","data",9.9150985,0.000082,"0",
"Async TX","data",9.9151855,0.000082,"""",
"Async TX","data",9.915272,0.000082,"ÿ",
"Async TX","data",9.915359,0.000082,"ÿ",
"Async TX","data",9.9154455,0.000082,"ÿ",
"Async TX","data",9.91982,0.000082,"t",
"Async TX","data",9.919907,0.000082,"6",
"Async TX","data",9.9199935,0.000082,".",
"Async TX","data",9.9200805,0.000082,"t",
"Async TX","data",9.920167,0.000082,"x",
"Async TX","data",9.920254,0.000082,"t",
"Async TX","data",9.9203405,0.000082,"=",
"Async TX","data",9.9204275,0.000082,"""",
"Async TX","data",9.9205145,0.000082,"0",
"Async TX","data",9.920601,0.000082,".",
"Async TX","data",9.920688,0.000082,"0",
"Async TX","data",9.9207745,0.000082,"""",
"Async TX","data",9.9208615,0.000082,"ÿ",
"Async TX","data",9.920948,0.000082,"ÿ",
"Async TX","data",9.921035,0.000082,"ÿ",
"Async TX","data",9.925367,0.000082,"j",
"Async TX","data",9.925454,0.000082,"2",
"Async TX","data",9.9255405,0.000082,".",
"Async TX","data",9.9256275,0.000082,"v",
"Async TX","data",9.9257145,0.000082,"a",
"Async TX","data",9.925801,0.000082,"l",
"Async TX","data",9.925888,0.000082,"=",
"Async TX","data",9.925975,0.000082,"0",
"Async TX","data",9.9260615,0.000082,"ÿ",
"Async TX","data",9.9261485,0.000082,"ÿ",
"Async TX","data",9.926235,0.000082,"ÿ",
"Async TX","data",9.930548,0.000082,"j",
"Async TX","data",9.9306345,0.000082,"1",
"Async TX","data",9.9307215,0.000082,".",
"Async TX","data",9.930808,0.000082,"v",
"Async TX","data",9.930895,0.000082,"a",
"Async TX","data",9.9309815,0.000082,"l",
"Async TX","data",9.9310685,0.000082,"=",
"Async TX","data",9.931155,0.000082,"0",
"Async TX","data",9.931242,0.000082,"ÿ",
"Async TX","data",9.9313285,0.000082,"ÿ",
"Async TX","data",9.9314155,0.000082,"ÿ",
"Async TX","data",9.9361545,0.000082,"t",
"Async TX","data",9.936241,0.000082,"7",
"Async TX","data",9.936328,0.000082,".",
"Async TX","data",9.936415,0.000082,"t",
"Async TX","data",9.9365015,0.000082,"x",
"Async TX","data",9.9365885,0.000082,"t",
"Async TX","data",9.936675,0.000082,"=",
"Async TX","data",9.936762,0.000082,"""",
"Async TX","data",9.9368485,0.000082,"0",
"Async TX","data",9.9369355,0.000082,"%",
"Async TX","data",9.937022,0.000082,"""",
"Async TX","data",9.937109,0.000082,"ÿ",
"Async TX","data",9.937196,0.000082,"ÿ",
"Async TX","data",9.9372825,0.000082,"ÿ",
"Async TX","data",9.9418205,0.000082,"j",
"Async TX","data",9.9419075,0.000082,"0",
"Async TX","data",9.941994,0.000082,".",
"Async TX","data",9.942081,0.000082,"p",
"Async TX","data",9.9421675,0.000082,"c",
"Async TX","data",9.9422545,0.000082,"o",
"Async TX","data",9.942341,0.000082,"=",
"Async TX","data",9.942428,0.000082,"2",
"Async TX","data",9.9425145,0.000082,"0",
"Async TX","data",9.9426015,0.000082,"1",
"Async TX","data",9.942688,0.000082,"6",
"Async TX","data",9.942775,0.000082,"ÿ",
"Async TX","data",9.9428615,0.000082,"ÿ",
"Async TX","data",9.9429485,0.000082,"ÿ",
"Async TX","data",9.943035,0.000082,"t",
"Async TX","data",9.943122,0.000082,"2",
"Async TX","data",9.943209,0.000082,".",
"Async TX","data",9.9432955,0.000082,"p",
"Async TX","data",9.943382,0.000082,"c",
"Async TX","data",9.943469,0.000082,"o",
"Async TX","data",9.9435555,0.000082,"=",
"Async TX","data",9.9436425,0.000082,"2",
"Async TX","data",9.9437295,0.000082,"0",
"Async TX","data",9.943816,0.000082,"1",
"Async TX","data",9.943903,0.000082,"6",
"Async TX","data",9.9439895,0.000082,"ÿ",
"Async TX","data",9.944076,0.000082,"ÿ",
"Async TX","data",9.944163,0.000082,"ÿ",
"Async TX","data",9.9486655,0.000082,"j",
"Async TX","data",9.948752,0.000082,"0",
"Async TX","data",9.948839,0.000082,".",
"Async TX","data",9.9489255,0.000082,"v",
"Async TX","data",9.9490125,0.000082,"a",
"Async TX","data",9.949099,0.000082,"l",
"Async TX","data",9.949186,0.000082,"=",
"Async TX","data",9.9492725,0.000082,"0",
"Async TX","data",9.9493595,0.000082,"ÿ",
"Async TX","data",9.949446,0.000082,"ÿ",
"Async TX","data",9.949533,0.000082,"ÿ",
"Async TX","data",9.954297,0.000082,"t",
"Async TX","data",9.9543835,0.000082,"2",
"Async TX","data",9.9544705,0.000082,".",
"Async TX","data",9.9545575,0.000082,"t",
"Async TX","data",9.954644,0.000082,"x",
"Async TX","data",9.954731,0.000082,"t",
"Async TX","data",9.9548175,0.000082,"=",
"Async TX","data",9.9549045,0.000082,"""",
"Async TX","data",9.954991,0.000082,"0",
"Async TX","data",9.955078,0.000082,".",
"Async TX","data",9.955165,0.000082,"0",
"Async TX","data",9.9552515,0.000082,"0",
"Async TX","data",9.9553385,0.000082,"""",
"Async TX","data",9.955425,0.000082,"ÿ",
"Async TX","data",9.955512,0.000082,"ÿ",
"Async TX","data",9.955599,0.000082,"ÿ",
"Async TX","data",9.9601475,0.000082,"t",
"Async TX","data",9.9602345,0.000082,"1",
"Async TX","data",9.960321,0.000082,"3",
"Async TX","data",9.960408,0.000082,".",
"Async TX","data",9.960495,0.000082,"t",
"Async TX","data",9.9605815,0.000082,"x",
"Async TX","data",9.9606685,0.000082,"t",
"Async TX","data",9.960755,0.000082,"=",
"Async TX","data",9.960842,0.000082,"""",
"Async TX","data",9.960929,0.000082,"1",
"Async TX","data",9.9610155,0.000082,"0",
"Async TX","data",9.9611025,0.000082,"""",
"Async TX","data",9.9611895,0.000082,"ÿ",
"Async TX","data",9.961276,0.000082,"ÿ",
"Async TX","data",9.961363,0.000082,"ÿ",
"Async TX","data",9.9658065,0.000082,"t",
"Async TX","data",9.9658935,0.000082,"1",
"Async TX","data",9.9659805,0.000082,".",
"Async TX","data",9.966067,0.000082,"p",
"Async TX","data",9.966154,0.000082,"c",
"Async TX","data",9.966241,0.000082,"o",
"Async TX","data",9.9663275,0.000082,"=",
"Async TX","data",9.9664145,0.000082,"2",
"Async TX","data",9.966501,0.000082,"0",
"Async TX","data",9.966588,0.000082,"2",
"Async TX","data",9.9666745,0.000082,"4",
"Async TX","data",9.9667615,0.000082,"ÿ",
"Async TX","data",9.9668485,0.000082,"ÿ",
"Async TX","data",9.966935,0.000082,"ÿ",
"Async TX","data",9.975387,0.000082,"t",
"Async TX","data",9.975474,0.000082,"0",
"Async TX","data",9.9755605,0.000082,".",
"Async TX","data",9.9756475,0.000082,"t",
"Async TX","data",9.9757345,0.000082,"x",
"Async TX","data",9.975821,0.000082,"t",
"Async TX","data",9.975908,0.000082,"=",
"Async TX","data",9.9759945,0.000082,"""",
"Async TX","data",9.9760815,0.000082,"0",
"Async TX","data",9.9761685,0.000082,".",
"Async TX","data",9.976255,0.000082,"0",
"Async TX","data",9.976342,0.000082,"""",
"Async TX","data",9.9764285,0.000082,"ÿ",
"Async TX","data",9.9765155,0.000082,"ÿ",
"Async TX","data",9.9766025,0.000082,"ÿ",
"Async TX","data",9.9808725,0.000082,"t",
"Async TX","data",9.9809595,0.000082,"5",
"Async TX","data",9.981046,0.000082,".",
"Async TX","data",9.981133,0.000082,"t",
"Async TX","data",9.98122,0.000082,"x",
"Async TX","data",9.9813065,0.000082,"t",
"Async TX","data",9.9813935,0.000082,"=",
"Async TX","data",9.9814805,0.000082,"""",
"Async TX","data",9.981567,0.000082,"0",
"Async TX","data",9.981654,0.000082,".",
"Async TX","data",9.9817405,0.000082,"0",
"Async TX","data",9.9818275,0.000082,"""",
"Async TX","data",9.981914,0.000082,"ÿ",
"Async TX","data",9.982001,0.000082,"ÿ",
"Async TX","data",9.9820875,0.000082,"ÿ",
"Async TX","data",9.986462,0.000082,"t",
"Async TX","data",9.9865485,0.000082,"4",
"Async TX","data",9.9866355,0.000082,".",
"Async TX","data",9.9867225,0.000082,"t",
"Async TX","data",9.986809,0.000082,"x",
"Async TX","data",9.986896,0.000082,"t",
"Async TX","data",9.9869825,0.000082,"=",
"Async TX","data",9.9870695,0.000082,"""",
"Async TX","data",9.987156,0.000082,"0",
"Async TX","data",9.987243,0.000082,".",
"Async TX","data",9.98733,0.000082,"0",
"Async TX","data",9.9874165,0.000082,"""",
"Async TX","data",9.9875035,0.000082,"ÿ",
"Async TX","data",9.98759,0.000082,"ÿ",
"Async TX","data",9.987677,0.000082,"ÿ",
"Async TX","data",9.9919725,0.000082,"t",
"Async TX","data",9.992059,0.000082,"6",
"Async TX","data",9.992146,0.000082,".",
"Async TX","data",9.9922325,0.000082,"t",
"Async TX","data",9.9923195,0.000082,"x",
"Async TX","data",9.992406,0.000082,"t",
"Async TX","data",9.992493,0.000082,"=",
"Async TX","data",9.9925795,0.000082,"""",
"Async TX","data",9.9926665,0.000082,"0",
"Async TX","data",9.992753,0.000082,".",
"Async TX","data",9.99284,0.000082,"0",
"Async TX","data",9.992927,0.000082,"""",
"Async TX","data",9.9930135,0.000082,"ÿ",
"Async TX","data",9.9931005,0.000082,"ÿ",
"Async TX","data",9.993187,0.000082,"ÿ",
"Async TX","data",9.997805,0.000082,"j",
"Async TX","data",9.9978915,0.000082,"2",
"Async TX","data",9.9979785,0.000082,".",
"Async TX","data",9.9980655,0.000082,"v",
"Async TX","data",9.998152,0.000082,"a",
"Async TX","data",9.998239,0.000082,"l",
"Async TX","data",9.998326,0.000082,"=",
"Async TX","data",9.9984125,0.000082,"0",
"Async TX","data",9.9984995,0.000082,"ÿ",
"Async TX","data",9.9985865,0.000082,"ÿ",
"Async TX","data",9.998673,0.000082,"ÿ",
