:020000040800F2
:1000000000010020A101000851090008AD610008AD
:100010005109000851090008510900085109000858
:100020005109000851090008510900085909000840
:100030005109000851090008510900085109000838
:100040005109000851090008510900085109000828
:10005000510900085109000851090008B59100082C
:10006000CD910008E59100085109000851090008E8
:100070005109000851090008A18B00085109000826
:10008000510900085109000889AF0008510900080A
:1000900051090008510900085109000851090008D8
:1000A00051090008510900085109000851090008C8
:1000B000511D0008510900085109000851090008A4
:1000C00051090008510900085109000851090008A8
:1000D00051090008ED1D00085109000851090008E8
:1000E0005109000851090008510900085109000888
:1000F0005109000851090008510900085109000878
:100100005109000851090008510900085109000867
:100110005109000851090008510900085109000857
:100120005109000851090008510900085109000847
:100130005109000851090008510900085109000837
:100140005109000851090008510900085109000827
:100150005109000851090008510900085109000817
:10016000510900085109000851090008851E0008BE
:1001700051090008510900085109000851090008F7
:1001800051090008510900085109000851090008E7
:1001900051090008510900085109000851090008D7
:1001A00072B6344880F3098840F20000CCF20000B7
:1001B0004EF63471CEF200010860BFF34F8FBFF3EB
:1001C0006F8F40F20000C0F2F0004EF68851CEF280
:1001D00000010860BFF34F8FBFF36F8F4FF0000037
:1001E000E1EE100A4EF63C71CEF2000108600620E6
:1001F00080F31488BFF36F8F01F024FB02F0B8F98D
:100200004FF055301C491D4A91423CBF41F8040B48
:10021000FAE71B49174A91423CBF41F8040BFAE741
:100220001849194A194B9A423EBF51F8040B42F83B
:10023000040BF8E700201649164A91423CBF41F8EA
:10024000040BFAE701F004FB01F0FEFA124C134D27
:10025000AC4203DA54F8041B8847F9E706F04EFE77
:100260000F4C104DAC4203DA54F8041B8847F9E7F1
:1002700001F0ECBA00030020000000200001002083
:1002800000010020F859010800030020A403002009
:10029000A8030020B4990020A0010008A0010008D4
:1002A000A0010008A00100082DE9F04F2DED108AF3
:1002B000C1F80CD0C3689D46BDEC108ABDE8F08F34
:1002C000002383F311882846A047002001F06EFB2D
:1002D00001F042FB00DFFEE781F0004102E000BFD9
:1002E00083F0004330B54FEA41044FEA430594EAF6
:1002F000050F08BF90EA020F1FBF54EA000C55EA31
:10030000020C7FEA645C7FEA655C00F0E2804FEA01
:100310005454D4EB5555B8BF6D420CDD2C4480EAE3
:10032000020281EA030382EA000083EA010180EA13
:10033000020281EA0303362D88BF30BD11F0004F61
:100340004FEA01314FF4801C4CEA113102D0404297
:1003500061EB410113F0004F4FEA03334CEA1333D2
:1003600002D0524263EB430394EA050F00F0A780EA
:10037000A4F10104D5F1200E0DDB02FA0EFC22FAE5
:1003800005F2801841F1000103FA0EF2801843FAD9
:1003900005F359410EE0A5F120050EF1200E012ACA
:1003A00003FA0EFC28BF4CF0020C43FA05F3C01808
:1003B00051EBE37101F0004507D54FF0000EDCF181
:1003C000000C7EEB00006EEB0101B1F5801F1BD32A
:1003D000B1F5001F0CD349085FEA30004FEA3C0C2E
:1003E00004F101044FEA445212F5800F80F09A8024
:1003F000BCF1004F08BF5FEA500C50F1000041EB28
:10040000045141EA050130BD5FEA4C0C404141EB2B
:100410000101013C28BFB1F5801FE9D291F0000F26
:1004200004BF01460020B1FA81F308BF2033A3F1D5
:100430000B03B3F120020CDA0C3208DD02F1140CCC
:10044000C2F10C0201FA0CF021FA02F10CE002F107
:100450001402D8BFC2F1200C01FA02F120FA0CFC00
:10046000DCBF41EA0C019040E41AA2BF01EB045149
:10047000294330BD6FEA04041F3C1CDA0C340EDC47
:1004800004F11404C4F1200220FA04F001FA02F38A
:1004900040EA030021FA04F345EA030130BDC4F148
:1004A0000C04C4F1200220FA02F001FA04F340EA3D
:1004B0000300294630BD21FA04F0294630BD94F0EE
:1004C000000F83F4801306BF81F480110134013DD5
:1004D0004EE77FEA645C18BF7FEA655C29D094EA46
:1004E000050F08BF90EA020F05D054EA000C04BFC4
:1004F0001946104630BD91EA030F1EBF00210020AF
:1005000030BD5FEA545C05D14000494128BF41F04D
:10051000004130BD14F580043CBF01F5801130BDB1
:1005200001F0004545F0FE4141F470014FF000003C
:1005300030BD7FEA645C1ABF194610467FEA655CED
:100540001CBF0B46024650EA013406BF52EA03358F
:1005500091EA030F41F4002130BD00BF90F0000F7D
:1005600004BF0021704730B54FF4806404F13204B9
:100570004FF000054FF0000150E700BF90F0000F72
:1005800004BF0021704730B54FF4806404F1320499
:1005900010F0004548BF40424FF000013EE700BF69
:1005A00042004FEAE2014FEA31014FEA02701FBFF9
:1005B00012F07F4393F07F4F81F06051704732F02B
:1005C0007F4208BF704793F07F4F04BF41F4002182
:1005D000704730B54FF4607401F0004521F00041E0
:1005E0001CE700BF50EA010208BF704730B54FF06A
:1005F00000050AE050EA010208BF704730B511F06B
:10060000004502D5404261EB41014FF4806404F1A2
:1006100032045FEA915C3FF4D8AE4FF003025FEA28
:10062000DC0C18BF03325FEADC0C18BF033202EBAC
:10063000DC02C2F1200300FA03FC20FA02F001FA06
:1006400003FE40EA0E0021FA02F11444BDE600BFA9
:100650004FEA4102B2F1E04324BFB3F5001CDCF1E4
:10066000FE5C0DD901F0004C4FEAC0024CEA50701C
:10067000B2F1004F40EB830008BF20F0010070474B
:1006800011F0804F21D113F13872BCBF01F000404E
:10069000704741F480114FEA5252C2F11802C2F180
:1006A000200C10FA0CF320FA02F018BF40F0010001
:1006B0004FEAC1234FEAD32303FA0CFC40EA0C00B3
:1006C00023FA02F34FEA4303CCE77FEA625307D1F0
:1006D00050EA01331EBF4FF0FE4040F44000704727
:1006E00001F0004040F0FE4040F40000704700BFC1
:1006F00080F0004002E000BF81F0004142001FBFD7
:100700005FEA410392EA030F7FEA226C7FEA236CDF
:100710006AD04FEA1262D2EB1363C1BFD2184140D4
:1007200048404140B8BF5B42192B88BF704710F06A
:10073000004F40F4000020F07F4018BF404211F00D
:10074000004F41F4000121F07F4118BF494292EA75
:10075000030F3FD0A2F1010241FA03FC10EB0C00A1
:10076000C3F1200301FA03F100F0004302D549422E
:1007700060EB4000B0F5000F13D3B0F1807F06D3DB
:1007800040084FEA310102F10102FE2A51D2B1F1D3
:10079000004F40EBC25008BF20F0010040EA0300C8
:1007A0007047490040EB0000013A28BFB0F5000F48
:1007B000EDD2B0FA80FCACF1080CB2EB0C0200FAFE
:1007C0000CF0AABF00EBC25052421843BCBFD0404D
:1007D0001843704792F0000F81F4000106BF80F4C7
:1007E00000000132013BB5E74FEA41037FEA226C8A
:1007F00018BF7FEA236C21D092EA030F04D092F055
:10080000000F08BF0846704790EA010F1CBF002088
:10081000704712F07F4F04D1400028BF40F00040E5
:10082000704712F100723CBF00F50000704700F005
:10083000004343F0FE4040F4000070477FEA22622C
:1008400016BF08467FEA23630146420206BF5FEAFD
:10085000412390EA010F40F4800070474FF00003FD
:1008600004E000BF10F0004348BF40425FEA000CC4
:1008700008BF704743F0964301464FF000001CE06C
:1008800050EA010208BF70474FF000030AE000BFC2
:1008900050EA010208BF704711F0004302D5404200
:1008A00061EB41015FEA010C02BF84460146002072
:1008B00043F0B64308BFA3F18053A3F50003BCFA8D
:1008C0008CF2083AA3EBC25310DB01FA02FC63443A
:1008D00000FA02FCC2F12002BCF1004F20FA02F241
:1008E00043EB020008BF20F00100704702F1200234
:1008F00001FA02FCC2F1200250EA4C0021FA02F295
:1009000043EB020008BF20EADC70704753B94AB9D4
:10091000002908BF00281CBF4FF0FF314FF0FF3007
:1009200000F00CB8ADF1080C6DE904CE10F064F8DD
:10093000DDF804E0DDE9022304B07047704700BF32
:10094000034613F8012B002AFBD1181A013870470F
:10095000FEE700BFFEE700BF80B4094A536B23F0F7
:10096000010300AF5363EFF30983683383F309880E
:10097000002383F31188BD465DF8047B704700BFF8
:1009800000EF00E0C36810B44469196081698268AF
:100990000B44A342C36002F1010228BF036A5DF861
:1009A000044B826028BFC360704700BFD0E90431A8
:1009B00010B48469826823448B42036124BF036AB4
:1009C0000361013AC36A82600022426213B15DF89A
:1009D000044B18475DF8044B704700BF034610B442
:1009E0001969C069DC68013919615969421CDA6109
:1009F0008A4228BF0022205CDA615DF8044B704710
:100A00000369826901330361531C8361C36899548C
:100A1000D0E90523934228BF00238361704700BFBC
:100A200090F8743003F06003202B01D00020704751
:100A300090F87530212B07D81F2BF7D9054A0723CB
:100A4000C0E91A2301207047222BEFD10023C0E90F
:100A50001A33F7E778030020704700BF0F4A136886
:100A600023F4F04323F0400348F2800183F01003A5
:100A70000B4310B51360136823F4904323F0700305
:100A800083F480530B43416813600B6804460BB139
:100A900005219847062384F8643010BD005C0040AF
:100AA00090F87630074A80F87E3043F0800310B526
:100AB000D36443681B6804460BB1012198470323A4
:100AC000237010BD005C0040024A136843F08003AD
:100AD000136070470038014000EB810070B4C368B8
:100AE0001C4A5D69126D1B8AD5E90046A41B9C4215
:100AF00002F1804228BF1C4602F5C04202EB011001
:100B000004F1010C5FEA5C0CAB68026844600DD034
:100B100002F1005202F540523344520003EB4C0CF8
:100B200033F8020B42F8040B6345F9D1094A344407
:100B30006C6052F8213023F4F04323F0400383F03B
:100B4000300343F4004343F0800370BC42F821308B
:100B5000704700BF005C004070B500EB810506895E
:100B6000ED684FF0010E6D690EFA01FE4EEA060EB9
:100B7000A0F808E0AA600022C5E90032BDE8704094
:100B8000FFF7AABF036BD3F83C2110680178042952
:100B900002D11979022900D070471179B0F808C044
:100BA00001228A4012EA0C0FF6D15A6C002AF3D0C7
:100BB000DA6C52F8043BFFF7CFBF00BF90F8643007
:100BC00010B50446062B12D8DFE803F012121216F5
:100BD00004121200202383F3118800231A461946B9
:100BE000FFF7BAFF81F31188052384F8643010BD44
:100BF000BDE81040FFF732BFC3689B695B68002BFC
:100C0000F5D1036F03B19847002384F8643010BD19
:100C100070B500F10B06B646B1FBF2F402FB141CF2
:100C2000BCF10A0F34BF3025372555FA8CFC0EF87D
:100C300001CD0D4621460BB1013BEDD1954201D3CB
:100C40000023E9E7431EA6EB0E011EF8012B03F873
:100C5000012F7645F9D1084470BD00BF092970B550
:100C6000FCEEC07A0E461B4BA8BF0926B8EE677A89
:100C700053F8263030EE470A07EE103AF8EE476A8E
:100C8000B6EE007AA0EE267A0D46BCEEC77A17EED5
:100C9000104AA34205D8E41A17EE903A013307EE42
:100CA000903A17EE901A00230A22FFF7B1FF7DB1A8
:100CB000094A928A12F4807F0CBF2E222C2200F85F
:100CC000012B334621460A22BDE87040FFF7A0BF42
:100CD00070BD00BF443B0108040300200389012BC1
:100CE00006D943685A1C426019700389013B03818D
:100CF0000020704710B50346024413F8010B11F8A9
:100D0000014B9342A0EB040001D00028F5D010BDA8
:100D100010B5427804460132002052010346022BEE
:100D200007D0C10341EA5001E05C10FA81F188B2BA
:100D300000E0032301339A42F1D810BD03685A1C26
:100D400002601878A0F16103192B01D82038704790
:100D50007F2803D9024B034413F8800C704700BF6F
:100D60008C3A0108F0B585B00546019114461E463F
:100D7000E3B23BB101A8FFF7E1FF08B900203DE075
:100D8000013CF5E72B78002B34D1002C32D0012028
:100D900034E02A2B0FD003A8FFF7D0FF074602A8A4
:100DA000FFF7CCFF874201461DD1002FEFD00398FB
:100DB00003783F2BEDD1002EE0D0002210F8013B4C
:100DC0003F2B03780CBF013242F480723F2BF5D0E9
:100DD0002A2BF3D0029F0390731E3946FFF7C2FF00
:100DE0000028D4D1397801A8FFF7A8FF002CC5D07E
:100DF0000029C3D0019B03950293D8E705B0F0BD4D
:100E0000274B284A30B5B0F5805F38BF134684B20F
:100E100004330DE08C4210D333F8022C5FFA82FCCD
:100E20000CEB010E70454FEA122207DB043372B15E
:100E300033F8041C1D460029ECD130BD082AFCD82B
:100E4000DFE802F02A24201C1814100C080005EB1F
:100E50004C03DDE7A4F5E354A0B230BDA4F150008B
:100E600080B230BD04F1080080B230BDA4F11A0098
:100E700080B230BDA4F1300080B230BDA4F12000BA
:100E800080B230BDA4F1100080B230BD631A03F00F
:100E90000103E31A98B230BD401A33F8100030BD98
:100EA000D0380108DC36010802290BD0032904D010
:100EB0000129204818BF00207047032A04D007D911
:100EC000002070471C4870471C4B9B8A5B0503D46D
:100ED0001B4800EBC20070471A4AD2F8B407D2F898
:100EE000AC37D2F8B01710B5174C03440B4320466B
:100EF00004F1180E03F01F02092A8CBF4FF0370CC3
:100F00004FF0300C624420F8022F5B09864543EA1B
:100F1000C1634FEA5111EDD10C4840F21A321A2345
:100F2000A0F8E02FC0F8D83FC0F8DC4F00F6D8702A
:100F300010BD00BFB4360108AC3601080403002020
:100F4000BC36010800F0FF1F0C7600202C66002044
:100F50002DE9F041202282F31188194CD4F83C216C
:100F600015682978042902D12179022904D00023A7
:100F700083F31188BDE8F08117792B890122BA40EB
:100F80001A42F4D1D4F84480B8F1000FEFD1236EA7
:100F9000002BECD0A26C043B991AE8D004F13C0081
:100FA000FFF7F0FC626CC4F8608012B1E26C52F89A
:100FB000046B334639462846FFF7CEFDD7E700BF1E
:100FC000EC64002030EE010AF0EE007AA0EEA70AF1
:100FD000F5EE007A20EE270A704700BF60EE817AB6
:100FE000F0EE406A67EE807AB0EEE70A10EE103A53
:100FF00013F0FF4F23F000410FD1C9B3DFED227A88
:101000002248234A60EE277A17EE903A23F00041F7
:10101000A0FB010102EB510205E01C481D4AA0FBA8
:10102000010102EB510203F00043134307EE903A33
:1010300027EEA77AB0EE006A27EE277AF0EE405A44
:10104000B0EE475AA0EE065AE7EE065A85EE257A2C
:1010500067EE277A27EEA77A27EE277AF0EE475A2F
:10106000E0EE065AA7EE060A85EE807A27EE270AFA
:1010700070EE810A70EEA60AF5EEC00AF1EE10FAE3
:1010800048BFB1EE400A70470000804BABAAAAAA45
:10109000F2195126F219512A094BF0EE406AF7EE87
:1010A000007A30EE270A03F12C02F0EE667AB3ECF8
:1010B000017A67EEA67A9342A7EE270AF7D1704726
:1010C000E0310108AAB101390B1A02FB03F300FB5E
:1010D00003F303FB02F207EE902A01FB01F1B8EEE5
:1010E000670A07EE901AF8EE677A80EE270AFFF794
:1010F000D3BFB7EE000A7047054B1B6810B41C68DD
:1011000024680A460146184623465DF8044B1847F2
:10111000280C002010B42D4C638B002B4CD004EB1A
:10112000C30C224604F65851F7EE002A04F5CF53BB
:1011300012E0F0EE466AF0EE645AE7EE056AE7EE7A
:10114000855A08329445C3ED006AC3ED015A01F196
:10115000080103F108032FD092ED343A93ED007AA1
:10116000D1ED016AD2ED353AD1ED005AD3ED017AD5
:1011700073EE474A37EE437A33EEE76A35EEA24A1A
:1011800077EEE37A32EEE55A67EE265A012826EE2C
:10119000C66A64EEA64AE7EE845A67EE043A67EE42
:1011A000A66AC6D0B0F1FF3F12BF73EEE66A76EED4
:1011B000E36AF1EE655AC4E7A38C23F0040343F01D
:1011C0004003A3845DF8044B704700BF482500200E
:1011D00010B5027803462D2A04BF013301211A7885
:1011E00018BF00212B2A08BF013300200A2413F85E
:1011F000012B303A092A02D804FB0020F7E701B19D
:10120000404210BD70B5044600200B46651E1A789A
:1012100015F8016F7C2A08BF00229642194603F197
:10122000010301D14EB1F2E711F8013B1BB17C2B58
:10123000FAD10130E9E74FF0FF3070BD0D4B19696D
:101240001A6810B40875106818604FF0010C4360FC
:101250001A6182F814C0EFF309800C696438844283
:1012600004D85DF8044B1046FFF71EB872B6024A68
:101270005A62FEE7387800205C0D010870B54B1CFF
:1012800086B040D03C4C2369049325463B4B0393E6
:1012900055F8143F02294FF0804E38BF0221AB426F
:1012A0008446DEF8240051D0226A08449968821AE4
:1012B0008A422FD304D91B68521A99689142FAD3F3
:1012C000596801916E4600930E605E6002929968C3
:1012D000891A99604FF0FF33E3616046FFF7AEFF74
:1012E000039B63B16269009BB24216D0019AAB4284
:1012F00013605A6003D09A6802990A449A6023697D
:10130000986906B070BD1C4CFFF798FF2369986977
:1013100006B070BDCEF83400D2E70022AB42636164
:101320005D60039223D09A6802994FF080400A448E
:101330009A60416A236ACD1AAA42E0D95B1A134423
:10134000022B2CBFC91802314163D8E72062002369
:1013500008446E46CDE90055C4E905660291CEF811
:101360003400CEF810300223CEF80C30B5E74FF041
:101370008043DA60C3E700BF38780020C518000852
:101380002DE9F047D0F83C311B681B78042B04D0C2
:101390004FF0000A5046BDE8F08705460F46164656
:1013A00000F13C08202383F311884FF0000AD14656
:1013B0001EE06C6EA6EB0A03241A9C4228BF1C4652
:1013C000224607EB0A010FF097FCD5E918322344B7
:1013D000934240462B66A24408D3696D0439FFF757
:1013E000D1FAAB6EC5F8609003B19847564508D95D
:1013F000286E0028DDD140460DF0D2FF08B9286ED6
:10140000D7E7002383F311885046BDE8F08700BF7B
:10141000F8B5D0F83C311B681B78042B28D1044662
:101420000D4600F13C07202383F31188066EB6B108
:101430003570D4E9183201339342236603D2002079
:1014400080F31188F8BD616D38460439FFF79AFAC8
:10145000A36E00222266002BF1D09847EFE73846B2
:101460000DF09EFF08B9266EE2E786F31188F8BDFD
:101470006FF00100F8BD00BF006B0FF095BA00BF20
:1014800000EB81032DE9F0419C6AC4B105460E468C
:10149000202383F3118800EB8103D3F80C80D8F864
:1014A00014301F68BFB9636C5BB1E26C314652F80F
:1014B000043B2846FFF750FB002383F31188BDE867
:1014C000F081B8F810209742F6D11A4631462846E6
:1014D000FFF742FBF0E7636C626D013B6364E36C12
:1014E0001344226DE364934224BFE36DE36404F18B
:1014F0003C000DF06DFFD6E7113110B550F82140DA
:1015000094B1202383F31188D4F83C2113685279D5
:1015100003EB8203DB689B69596831B920460FF001
:1015200043FA002383F3118810BD04F10800FFF78C
:1015300029FA0DF04DFFF1E738B50D4614460DF0D0
:101540000DFEFF2806D9012C09D9030A2B706870FB
:10155000022407E028B12CB12870012402E0002405
:1015600000E00446204638BD38B5C378CBB100F161
:101570003C05826B04460123407829460BF0B2FB00
:1015800088B9A16BA36A226AE070CB1A934208D291
:10159000A378022B05D10A446078012329460BF079
:1015A000A1FB002000E0012038BD0000094A08B579
:1015B000138B03F00101814200D108BD23F0010328
:1015C00003430A20138309F02FFE034B00221A77EE
:1015D00008BD00BF4825002004030020012800D0DA
:1015E000704708B50B460D491868FFF70BFE58B158
:1015F000012804D10A4A137823F040031370BDE890
:101600000840C62009F010BE054A137843F0400395
:101610001370BDE80840C62009F006BE182C01086A
:101620000003002010B52DED028B82B00446694600
:1016300001A8D4ED008A94ED018A0DF08FFBDDED59
:10164000017ADDED006A28EE677A67EEA87AA6EEE9
:10165000A87AE6EE887A84ED007AC4ED017A02B0C9
:10166000BDEC028B10BD00BF2DE9F04F2DED028BBC
:10167000594C061EB4F8228083B015467BDAD4F8A4
:101680000CA08A450F4675D2206908F1FF388842C0
:101690001FFA88F840F28480A0EB0A09A1EB0A0047
:1016A0004A460023A0FB0801FFF730F90646A6FBD7
:1016B00009CBC0174FEA58011CEB010109FB00BB25
:1016C0004BF1000B42460023019108465946FFF7B3
:1016D0001DF90199034619EB01004BF100019946F0
:1016E00042460023FFF712F90AEB090B5F458244DB
:1016F000A0EB09003FD0002854D0A7EB0B0307EE66
:10170000900A07EE103AF8EE677AB8EE477A87EE5D
:10171000278A584609F04AFC8146504609F046FCA3
:10172000484542D1731C2A1D04EBC60604EBC303D3
:101730002C35D6ED347A93ED347A37EE677A11464C
:10174000E7EE087A083242ED037AD6ED357A93ED6A
:10175000357A37EE677A9542E7EE087A06F68846DC
:1017600003F68843C1ED007AE3D103B0BDEC028BF0
:10177000BDE8F08F00262B1D04EBC6042C35D4F8F1
:10178000D02043F8042CD4F8D42043F8082B9D42F1
:1017900004F68844F3D103B0BDEC028BBDE8F08FB2
:1017A0004646E8E79FED0D8AB3E7384609F0FEFBB1
:1017B000484508D0B045DEDDF7EE007AB31C38EEC0
:1017C000678A0136AFE7002ED5DDF7EE007A3346A3
:1017D00038EE278A013EA6E74825002000000000D9
:1017E0000DF048BA022800D0704738B508680C469A
:1017F000FFF7EEFC05466068FFF7EAFC29B202B28B
:10180000BDE8384001200AF077B800BF022838B59B
:1018100008D04FF0FF32154629460220BDE8384077
:101820000AF06AB808680C46FFF7D2FC05B2606897
:10183000FFF7CEFC294602B2BDE8384002200AF08C
:101840005BB800BF704700BF704700BFFEE700BF36
:1018500070B5134D05F1800455E90301884255F830
:10186000102C0DD2043A034652F8046F43F8046B6F
:101870008B42F9D34B1E1B1A23F003030433184485
:1018800055F8042C824207D9013A121A22F00302B9
:10189000043200210FF028FA1035A542DCD170BDCA
:1018A000883B010800228168054B02751B689A6815
:1018B0008A42FBD25A68C0E9003210605860704713
:1018C0003878002008B5202383F31188037D032B8B
:1018D00010D0042B09D02BB14FF0FF338361FFF7F9
:1018E000E1FF002383F3118808BDD0E900321360C3
:1018F0005A60F1E7836900221A60EDE738B50446C3
:10190000006800238442C4E9063323610AD06FF0E3
:101910000105036823605C608561FFF7C3FF2068F1
:101920008442F6D138BD00BF38B504460068226A4B
:1019300000238442C4E90322C4E90933A3600AD026
:101940006FF00105036823605C608561FFF7AAFF03
:1019500020688442F6D138BD30B4124D2868296918
:1019600003682B6001225D60027500220A758C6895
:101970009A682861A24203D91B689A68A242FBD8E0
:101980005A68C1E9003211605960EFF309830A69AE
:10199000643B9A4202D830BCFEF786BC72B6024B5A
:1019A0006B62FEE7387800205C0D010803462022B8
:1019B00082F31188024A12690F209361FFF73EBC3F
:1019C0003878002008B50146202383F311880820C9
:1019D000FFF754FC002383F3118808BD69B1084A5E
:1019E00010B4126944680346C2E90034042022603E
:1019F0005DF8044B5A60FFF741BC4FF0FF30704771
:101A0000387800202DE9F04F83B0044601938846D2
:101A10001746202383F311884FF0000A10E02A466E
:101A200018460FF069F9E6692E442369E6615B1BED
:101A30002361AA44A3680BB120469847574529D98A
:101A4000236903B3A7EB0A059D4228BF1D46002D5D
:101A5000F0D0012D08EB0A0323D0E669D4F814B0C6
:101A6000E168ABEB06094D453144D8D34A461846E8
:101A70000FF042F9A6EB0B062E44E16848443246CB
:101A80000FF03AF9D1E701992046FFF7A7FF08B90F
:101A90002369D7E7002383F31188504603B0BDE8DC
:101AA000F08F2046FEF79AFF08F80A000AF1010AB3
:101AB000C0E700BF4FF0FF330830FFF7A3BF00BF00
:101AC0002DE9F04F83B0054601938846202383F328
:101AD0001188002691460FE022460FF00DF9AF69FC
:101AE00027442B69AF6123442B612644AB680BB1BB
:101AF00028469847B1452ED9D5E90437BB4222D2B2
:101B0000A9EB0604FB1A9C4228BF1C46002CEDD012
:101B1000012C08EB060125D0D5F818B0E868A7EB32
:101B20000B0A54455844D7D352460091ABEB070BF0
:101B30000FF0E2F80099E8680BEB04073A465144CD
:101B40000FF0DAF8CDE701992846FFF747FF10B903
:101B5000D5E90437D4E7002383F31188304603B076
:101B6000BDE8F08F18F806102846FEF749FF013649
:101B7000BCE700BF4FF0FF332830FFF7A1BF00BF25
:101B800070B5202304460D4600F1280683F3118822
:101B9000D0E90E239A420BD229463046FEF730FF99
:101BA000236B03B198470020002383F3118870BD95
:101BB0004FF0FF313046FFF711FF0028ECD0002333
:101BC00083F3118870BD00BF70B52023044600F177
:101BD000080683F31188836963B13046FEF7FEFE81
:101BE000236905460BB130469847002383F31188DB
:101BF000284670BD4FF0FF313046FFF7EFFE054637
:101C00000028EAD0002383F31188284670BD00BF66
:101C1000F8B5044600F10806202383F31188C36A4F
:101C200073B1026B13F8015BE362934204D20023A9
:101C300083F311882846F8BD3046FEF7B7FEF6E775
:101C4000076937B1A3691A6804331A44C4E90B322F
:101C5000E8E74FF0FF313046FFF7C0FE05460028A9
:101C6000F0D087F31188E5E72DE9F84305460F46E4
:101C7000164600F10808202383F311884FF000096D
:101C800016E02C6B641AA6EB09039C4228BF1C4685
:101C9000224638460FF030F8D5E90B322344934200
:101CA000EB62A144404601D3FEF780FE4E4512D9B7
:101CB000E96A0029E5D12B6933B1A9690C680431BF
:101CC0000C44C5E90B14DDE74FF0FF314046FFF748
:101CD00085FE0028F1D0002383F311884846BDE833
:101CE000F88300BF202383F31188144B5B6813F43F
:101CF000006302D183F31188704780B400AFF1EE26
:101D0000103AEFF309830E4A4FF08071D26B43F81B
:101D1000082C43F84C1CA3F1680282F30988094A95
:101D2000116812698968926891428CBF064A074A15
:101D300043F8502CBD465DF8047B704700ED00E091
:101D400000EF00E038780020D1020008D40200083B
:101D50002DE9F8434FF08049D9F810309B0703D4A0
:101D6000BDE8F843FFF7BEBF0025C9F81050202694
:101D700086F311881C4CD9F824106369206A9A688C
:101D80000F1ABA4204F1140898BF2F461AD81968DE
:101D9000024441452262DA68C1F804806161DD6075
:101DA00008BFC9F80C5087F311881869904786F36B
:101DB00011886369D9F82410206A9A68A1EB000C95
:101DC0006245E4D9434508D00244521A4FF080439B
:101DD000022A2CBF891802315963002383F311882A
:101DE000BDE8F843FFF77EBF387800202DE9F843BF
:101DF000DFF88880D8F8C8402768E5692562202385
:101E000083F31188AA060FD508F10806D8E906233E
:101E1000A18C9A423046C9B203D2FEF7F1FD0DF013
:101E2000D7FAE569AB06F1D43E0614D5280612D5DB
:101E3000DFF84C90D8F838304846D3B1FEF7CEFDE5
:101E4000064648460DF0C4FA002EB3B211DB2385D6
:101E5000E5692906EED47A0604D56B0644BF27F05F
:101E600040072760002383F31188BDE8F843FFF79C
:101E700039BF27F080032360EDE700BF68770020BB
:101E8000907700202DE9F04F7B4B5C6CE2436105BD
:101E900087B05A6400F1C480220500F1C680E304D3
:101EA00004D5754B9A6C170440F1D380A60507D56D
:101EB000DFF8C8A1DAF80430DB680BB15046984768
:101EC000250440D5DFF8B4A1DFF8B4B1DFF8A8915C
:101ED0001BE070691968D0E9000401EA0B0141F4C4
:101EE00000418442196033D3BAF80830B468012144
:101EF000914023EA0103AAF8083014B15F48114663
:101F0000A047D9F8444023041DD504F00F029300E4
:101F100003F18043971C03F5B8430AEB8701E406FD
:101F20001D684E68D5D5186800EA0B0040F08000A7
:101F300018602805D1B210D5736850489847D9F871
:101F400044402304E1D407B0BDE8F04FFFF7CABE18
:101F50004A481146FEF7C0FDD3E7D9F85000D6F83D
:101F600018C000F1804000F5C04000EB021084680A
:101F7000D0F80CE004F1005000F540504400DCF8CB
:101F8000040001900546DCF80800059428440290FE
:101F9000CEF34805CEF3090003905DB10298049595
:101FA000023800EB450854F8045B20F8025F404516
:101FB000F9D1049D1EF0010F08D00598029C50F83D
:101FC000250004F81500DCF8040001900198039D39
:101FD000DCF800402844A042CCF8040002D2708A09
:101FE000A84210D90AEB870701207B68DC68BAF8A1
:101FF0000A30904023EA0003AAF80A30002C80D06F
:102000001E48A0477DE71A6822F4904222F0700231
:1020100082F4405242F4004242F080021A6070E7BB
:102020000DF08AF922057FF53AAF134ADFF84CA08C
:10203000136CDAF8041043F00803052013648AF8DF
:1020400000000B68002B3FF42AAF0321504698474D
:1020500025E71A6CDFF824A022F008021A64042194
:10206000DAF804308AF800101B68002B3FF41EAF2A
:10207000504698471AE700BF005C0040E476002015
:102080000F07FFFF10B500EB8104B0F80AE0E46829
:102090004FF0010CA4690CFA01FC4CEA0E0CA0F8FC
:1020A0000AC0236009480023636050F82130A26011
:1020B00023F4904323F0700383F4405343F400432C
:1020C00043F0800340F8213010BD00BF005C0040A9
:1020D000F8B50022B14B80F864201B6D456803F110
:1020E000804303F5C04303EB011311469B68AD68C1
:1020F00003F1005303F540535B0004461E6866F38A
:102100000F01D3E90176DB68026766F30F0267F31C
:102110001F4163F31F4241678267E5B1A847D0B111
:10212000E26EB4F87A30934238BFE366202383F33B
:10213000118894F97430002BE36E23DB7BB3A26E1D
:1021400000212046FFF79EFF042384F8643000231B
:1021500083F31188F8BD94F8743013F0600F2BD11D
:1021600003F01F03012B94F8752024D0022B34D0E8
:1021700013BB092A20D8DFE802F096781F781FC227
:10218000B01FAA99EBB1A26E00212046FEF7E4FC35
:10219000012384F86430002383F31188F8BD1A46C4
:1021A00019462046FEF7D8FC052384F86430002346
:1021B00083F31188F8BDAAB32046BDE8F840FEF7C6
:1021C0004DBC1A4619462046FFF75CFF032384F8EE
:1021D0006430002383F31188F8BDB4F8783003F03D
:1021E0000F0103F080030C2AE6D801A050F822F07A
:1021F0008B2200082F220008B92100082F22000896
:10220000B9210008B9210008B9210008B921000846
:10221000B9210008B9210008B9210008B921000836
:10222000252200085E4B0222C4E91A3279E7B4F88D
:1022300076000028C0D10029BED0012A00F082809B
:10224000564A002B6FD052F8213023F4F04323F08C
:10225000400383F0100343F4004343F0800342F84B
:1022600021300023C4E91A3360E7B4F87630012B3B
:10227000A2D1B4F87C3023F002039BB2032A08BF3A
:1022800043F00203A4F87C30EBE7002B3DD0434B36
:1022900053F8212012F030028ED0424B4249102ACE
:1022A00008BF0B46BFE704F17C03BCE794F8763027
:1022B000626884F87F30002B0CBF03210421217059
:1022C0001368002BCDD0022120469847C9E7012290
:1022D00004F17F03C4E91A3223E7B4F87610626888
:1022E000B4F8783055682046CAB2090AA8470028D1
:1022F0003FF462AFD0E90023C4E91A3211E72B4A58
:1023000022670023C4E91A3310E7244B53F8212035
:1023100012F440523FF450AF224B2349B2F5805F94
:1023200008BF0B467FE752F8213023F4904323F097
:10233000700383F4805343F4004343F0800342F876
:1023400021308EE78A0002F1804202F5B8428BB15B
:10235000136803F03003302B83D0136823F4F04369
:1023600023F0400383F0200343F4004343F0800351
:10237000136076E7136803F44053B3F5405F3FF40E
:1023800070AF136823F4904323F0700383F4005379
:1023900043F4004343F08003136062E7005C0040B5
:1023A000743B01086C3B0108703B0108A10A00085E
:1023B00010B590F864300446062B18D8DFE803F017
:1023C00018040918181C1800C36EB0F87A2093423C
:1023D00019D3202383F3118800231A461946204677
:1023E000FFF750FE82F31188032384F8643010BD98
:1023F000BDE81040FEF732BB036F03B198470023DE
:1024000084F8643010BDC268128AB3FBF2F102FB9B
:1024100011310029DDD1202383F311880B460A46B0
:10242000FEF79AFB81F31188022384F8643010BD13
:1024300000EB810370B4274ADC68126D236802F157
:10244000804203F00303032B02F5C04218BFB3FA26
:1024500083F302EB011C62691ABF5B095B024FF454
:10246000C0637AB1228AD0F88050013222F0010292
:102470002A440026CCF8046043F02003C0F88020F2
:10248000CCF80050A26992B1628A3E2A1AD8013271
:102490005408A402CCF80C40D0F8804022F001028D
:1024A0002244C0F8802043F40053CCF808408A004E
:1024B00002F1804202F5B8420B431168116070BC12
:1024C00013607047541EC4F34F1444F020040132CB
:1024D000DFE700BF005C0040536900EB810CCCF8E3
:1024E0000C203BB14FF0000CC3F800C0C3F804C08F
:1024F000C3F808C093691BB100221A605A609A6041
:10250000FFF796BF10B520230C4683F311880229EC
:102510000FD0032903D0002383F3118810BD0F4887
:10252000FFF702FA0E48FFF7FFF9002383F3118843
:1025300010BD0C4A0121FFF7CFFF0B4A2146FFF7E0
:10254000CBFF0648FFF7F0F90548FFF7EDF907481C
:102550000EF02AFA002383F3118810BDF4640020E2
:10256000286500209036010874360108EC640020CC
:102570001F4A136843F00103136013689807FCD5E2
:1025800053681B4923F003035360536853604B683F
:1025900013F00C03FBD10868154A00F0F90008603D
:1025A0004B600B6843F480330B6013689903FCD5D0
:1025B00042F2101130230F485060D1621363136848
:1025C0000B4943F0807313600B689B01FCD50A4BE9
:1025D00012221A604B68064A43F002034B605368AC
:1025E00003F00C03082BFAD1136B1363704700BF81
:1025F0000010024000041D07002002402DE9F04FAA
:102600002DED028B0C468BB014F8011B002900F055
:102610009D802023064691464FF000089B460AE025
:10262000336830469B68984708F1010814F8011B8D
:10263000002900F08C802529F2D123464FF0000AB2
:102640001A78302A1C4603F101036CD81F2A0DD9D1
:10265000203A102A0AD8DFE802F0730909090909AB
:10266000090909090970096D09095E00002505E0DD
:1026700051F8042BD2B2894602EB400514F8013B15
:10268000A3F13002D2B2092A494605EB8500F3D9FD
:102690002A2BEDD02E2B00F073814AF0400A002740
:1026A000A3F14402342A58D8DFE812F0930057000F
:1026B000A2005700570093005700570057005700DB
:1026C00057008E0157005700570057005700C200AF
:1026D000570057008C01570057005700570057000C
:1026E00057005700570057005700D8009300570075
:1026F000A20057005700930057005700570057009B
:1027000057008E01570003015700E3005700C20035
:10271000570057008C011A78302A1C464AF0100ADC
:1027200003F1010392D9622A0DD06A2A9ED14AF0A0
:10273000800A85E74AF0020A82E74AF0040A7FE746
:102740004AF0200A7CE74AF4807A79E788464046D6
:102750000BB0BDEC028BBDE8F08F8DF81030013D61
:1027600004A90DF11107002D70DB1AF0100F0CBF3A
:102770004FF0200B4FF0300B1AF0020F00F0E18009
:102780008F4219D900948A4634462E460D46226857
:102790001AF8011B9268204690475745F7D82946FA
:1027A0007B1E5B1A0131354608F1010826468F422F
:1027B00038BF0023009C9844002D3FF437AF2F46CC
:1027C000336859469B6830469847013FF8D1A84482
:1027D0002CE759F8041B0029C0F22A811AF0040FD3
:1027E00040F0C3811AF0200F00F02D822023BDE1BC
:1027F0001AF4807F40F0EA8009F1070929F00709FF
:10280000F9E802010093FDF723FF08EE100AB5EE88
:10281000C08AF1EE10FA009B00F1E0801AF0040F7C
:1028200040F09B811AF0200F00F00A82202295E1EF
:102830000A2204A859F8041B00900023FEF7E8F9C7
:10284000074600997B1AED1A002D8EDA1AF0020263
:1028500078D08F4288BF002594D8E7E659F8043B2A
:102860008DF810302AF0100A013D04A90DF111076E
:1028700079E759F8041B2AF010000AF040030029F8
:1028800000F0E9800A78002B00F06481002A00F053
:10289000E98047F6FE7201320A440F4601E0974292
:1028A00003D017F8013F002BF9D17B1A8246ED1AAD
:1028B00059E7494651F8042B002F00F0B5800E2F40
:1028C000A8BF0E27BE460120AF4BA3FB0237FF086F
:1028D00007EB8703A2EB43033033DBB2092A0193F2
:1028E0008DF81D3040F2B5810023CDF808A044F6E4
:1028F00024190DF11D020DF11E0C00949A461BE0E7
:102900004FF020030CF8023C0AF1010AACF1020C72
:102910009D4BA3FB0734E40804EB8403A7EB4303BC
:102920003033DBB2092F0CF8013C4FEA59090CF1A6
:10293000FF3240F29A80274619F0010FE0D1944609
:10294000E6E72A461AF02C0F02D01AF0100F2CD10D
:10295000002A00F012810094154634468A46164635
:1029600022685946926820469047013DF8D1324688
:10297000574526465146009C90443FF603AF55E626
:10298000002705E051F8042BD2B2894602EB40073C
:1029900014F8013BA3F13002D2B2092A494607EBF1
:1029A0008700F3D92A2BEDD07AE60D46336815F867
:1029B000011B9B6800923046984708F10108009A75
:1029C0002946C5E7102234E7082232E7B9EC018A2C
:1029D000B5EEC08AF1EE10FA7FF520AF2D228DF80A
:1029E000102004AA4AF0080AB1EE488A0DF111003D
:1029F00000921AF0800F1CBF6A2200F8012BCDE96B
:102A000001030DF0F3FFB4EE480AF1EE10FADDE930
:102A1000010375D1074642F2190327F8023B009BD8
:102A20001946FB1AED1A9EE603204FF00E0E4BE7F7
:102A30002D238DF8103004AB4AF0080A49420DF1FD
:102A4000110000931AF0800F1CBF6A2300F8013BAD
:102A50000A220023F2E64D49002B7FF41AAF7A1EBA
:102A60007FF519AF82460F467DE60DF11E070193F3
:102A7000A7EB020C5346464F009CDDF808A017F860
:102A80000390019B04AFCDE9024A0097BC448A46FB
:102A900006E079B107F8013B674515D02378224657
:102AA000202B02F1010400F00101F2D101B300F08A
:102AB000FE002E23BEF1000F0EF1FF3245DB07F8BA
:102AC000013B67459646E9D15146029CDDF80CA0D2
:102AD00000F0020028B1B9F1200F1CBF202307F835
:102AE000013B07F8019B894600997B1AED1A3AE6EB
:102AF00010F0020002D15378941CDBE70220D9E7E2
:102B00001AF0400F4CD0462B00F0A0800927394620
:102B1000B0EE480AFEF7A2F807461AF0100F3FF48D
:102B200090AE17F8012C302A8AF0100A05D17B1ECE
:102B30001F4613F8012D302AFAD02E2A7FF481AED9
:102B40000099013F7B1AED1A0DE65146029CDDF813
:102B50000CA0BFE7002A82D184E72B228DF8102039
:102B600004AA0DF11100009243E72B238DF81030D9
:102B700004AB0DF11100009364E78F4288BF154646
:102B80003FF600AE52E500BFCDCCCCCC6C0D0108B9
:102B9000383B010800007A446F12833AFF237449DE
:102BA000462BB4D13BB21FED057AB4EEC78AF1EEE5
:102BB00010FA5BDB5FED086A1FED087A3D4A12F8F8
:102BC000011FF0EE487A28EE268A21B1F4EEC77A8A
:102BD000F1EE10FAF3DA12F8012C0AB1013F3BB220
:102BE000FCEEC87A17EE901A632939D9023B1BB262
:102BF00023EAE371B0EE480A02920193FEF72EF841
:102C0000019B029A002B074614DD10F8011C3029A5
:102C100005D1431E1F4613F8011D3029FAD0264B5B
:102C20009B8A13F4807F0CBF2E232C23994208BF6C
:102C300007F1FF37002A3FF470AF07F8012B6CE76C
:102C400004A80090D5E604A80090FBE603273B46C5
:102C5000A9E74FF0010C4FF020090DF11D0210E71C
:102C6000092984BF03F1FF331BB2C1E7F7EE007AF5
:102C7000B4EEE78AF1EE10FA01D40022B0E7DFEDFE
:102C80000F6A0F4911F8012FF0EE487A28EE078AF3
:102C90003AB1F4EEE67AF1EE10FAF3D411F8012C21
:102CA0009BE79FED087AF4EEC77AF1EE10FA97DD14
:102CB000F4E700BF393B0108040300206F12833A98
:102CC0002C3B0108BD3786350FB400B5064B18689C
:102CD00083B020B105AA04990192FFF78FFC03B0DD
:102CE0005DF804EB04B07047280C0020012803D0E5
:102CF0000B490C48FFF7E8BF08B50B4608491868B0
:102D0000FEF780FA002805DABDE8084004490548C6
:102D1000FFF7DABFBDE80840C0B208F08DBA00BFC7
:102D200070310108740D0108012808B507D0074B60
:102D300007499A680748BDE80840FFF7C5BF08681B
:102D4000FEF746FABDE808400CF09CB804030020EA
:102D50008C0D0108AC0D010808B50CF069FEBDE84A
:102D600008400148FFF7B0BFC80D0108012802D094
:102D70000A48FFF7A9BF08B50B4609491868FEF7CE
:102D800041FA30B90AF080F8BDE808400548FFF77D
:102D90009BBFBDE808400448FFF796BFD80D010867
:102DA000000E01081C0E0108080E01082DE9F04371
:102DB000012883B021D0204CDFF88480B8F81A3085
:102DC000C3B1DFF8809000252068FDF7E9FB0646D7
:102DD00060680F46FDF7E4FB3B46CDE90001324653
:102DE0004846FFF771FFB8F81A300135AB4204F1DD
:102DF0000804E9DC03B0BDE8F0830868FEF7E8F9F1
:102E000006280BD801280FDD841E40F68843DFF822
:102E1000308003FB04F4D0344444CFE7074803B0C8
:102E2000BDE8F043FFF750BF034CDFF8148040F6D5
:102E3000884202FB0044C1E72C0C0020800E0108F0
:102E400048250020980E01082DE9F041254CC023AB
:102E500023802688244BE0B0012836B2C3F800D086
:102E600037D00522214918200CF092FB4FF0804307
:102E70001F4A5B6AC83313601E4B1F4A5B8B0233C9
:102E80009BB2138023881BB2002B04DD30BF238844
:102E90001BB2002BFADC002E18DD6C46174FDFF852
:102EA000648004EB4606002501E0B4420ED034F9FC
:102EB000021B38460135FFF707FF0C2DF5D14046C0
:102EC000FFF702FFB4424FF00005F0D160B0BDE85B
:102ED000F0810868FEF77CF9094B013818BF012022
:102EE0001880BEE70A0C00200C0C00203C310108C1
:102EF000180C002004030020140C0020A00E010870
:102F0000080C0020A010010810B50D4882B0FFF792
:102F1000DBFE0BF0C3FD0B490B48B1F91240B1F9D0
:102F20001030B1F90E20B1F90C100094FFF7CCFE6F
:102F30004FF4E37002B0BDE8104008F075B900BF6F
:102F4000A80E010804030020D40E0108F8B5061EDF
:102F500010D01FDD264F0C1F002554F8040F3946F2
:102F6000FEF750F9072805D8DFE800F03D39312990
:102F7000231B150ABDE8F8401D491E48FFF7A4BEF3
:102F80001D4A138B23F0180343F0100313830135FC
:102F9000AE42E2D1F8BD184A138B23F01803138315
:102FA000F5E7154A138B23F0180343F00803138346
:102FB000EDE7114A138B23F006031383E7E70E4A6C
:102FC000138B23F0060343F004031383DFE70A4A5D
:102FD000138B23F0060343F002031383D7E700208B
:102FE000FEF7E4FAD3E70120FEF7E0FACFE700BFEF
:102FF0004C2C0108FC0E010848250020014902481C
:10300000FFF762BE442C01081C0F010808B509F047
:1030100061FFBDE8084001460148FFF755BE00BF0B
:10302000240F0108012808B506D0064B0648198B65
:10303000BDE80840FFF748BE0868FEF7C9F8014B35
:10304000188308BD040300205410010838B5054951
:10305000054C064D2846FFF737FE54F8041F00299B
:10306000F8D138BD2C0F0108202C01081C0F0108D5
:1030700010B50CF04BF8044608B9204610BD0248C4
:10308000FFF722FE204610BD400F010838B5094861
:10309000094C0A4DFFF718FE09492846FFF714FEB0
:1030A00054F80A1F0029F8D1BDE838400548FFF759
:1030B0000BBE00BF580F0108382A0108640F010831
:1030C000500F0108A01001080CB410B584B006AA76
:1030D0000C4B0C46CDE9013052F8041B009201A8BC
:1030E000ADF80C40FFF78AFA029B84424FF00002D1
:1030F000D8BF04F1FF301A7004B0BDE8104002B030
:10310000704700BF1C3B010801380A4411F8013B1D
:1031100000F8013F9142F9D17047000038B5836B48
:103120008B4212D005460C46FEF71EFA70B92246B5
:103130006878012305F13C0109F092FD00281CBFCD
:103140004FF0FF340120AC6300E0002038BD0000E8
:1031500038B50023C3704FF0FF3383630446FFF795
:10316000DDFF002848D1B4F83A524AF655239D4273
:1031700007D124490B2204F13C00FDF7BBFD0028D8
:103180003CD094F83C30EB2B03D01833DBB2012B4E
:103190002BD84AF655239D4206D11B49082204F13B
:1031A0008E00FDF7A7FD60B3B4F84730B3F5007F9C
:1031B0001BD194F84930C3B15A1E1A4215D1B4F844
:1031C0004A3093B194F84C30013B012B0DD8B4F840
:1031D0004D3053B1B4F84F307F2B03D8E36DB3F5C6
:1031E000803F02D3B4F8523053B94AF65520854295
:1031F00014BF0320022004E0042002E0012000E0CC
:10320000002038BD0422010810220108F8B5044648
:10321000FEF7AAF90646002842D12378032B27D1CE
:103220002779012F24D104F13C06014605464FF4CD
:10323000007230460DF058FD4AF65523A4F83A3294
:10324000184BE36303F1FF5303F50053626A6078A0
:103250002033C4F82032A369C4F8243201326369F0
:10326000C4F82832A2633B46314609F03BFD257184
:1032700066780EB1012613E00B4B93F90030002B5A
:10328000F8DA304609F0D4FB44F6206009F0FCFB84
:10329000FF2802D109F0E4FB02E009F0E1FBE9E7D5
:1032A0003046F8BD52526141E0760020C3690239D0
:1032B000023B8B4283BF4389006B01FB030000206C
:1032C00070470000012940F28780F8B50668F3696D
:1032D0008B420C4640F282803378013B032B7DD831
:1032E000DFE803F00229374701EB5105B16A3046A8
:1032F00001EB5521FFF712FF10B14FF0FF3071E0E5
:103300006F1CB16AC5F30805354401EB57213046FF
:1033100095F83C50FFF702FF0028EED1C7F30807ED
:10332000374497F83C3045EA0320E3074CBF0009D7
:10333000C0F30B0056E0B16A304601EB1421FFF7F1
:10334000EDFE0028D9D1640004F4FF743444A08F4A
:1033500048E0B16A304601EBD411FFF7DFFE0028E8
:10336000CBD1A40004F4FE743444E06B20F0704030
:1033700038E0D0E9043153EA0102C57901D082680E
:1033800002B95DBB82687789022DA4EB02020CD1E1
:10339000013B41F1FF315B0A43EAC153B3FBF7F351
:1033A0009A421BD81CD0601C1CE0032D02D18369FB
:1033B0009342F8D8C3699BB9B16A304601EBD41186
:1033C000FFF7ACFE002898D1A40004F4FE74264454
:1033D000F06B20F0004005E001207047012001E083
:1033E0006FF00040F8BD000001296DD92DE9F843C8
:1033F000C3698B4205460C4668D90378022B1646F2
:103400003CD002D8012B04D060E0033B012B43D910
:103410005CE001EB5107816A01EB5721FFF77EFE6B
:10342000002854D114F0010407F1010905F13C080A
:10343000C7F30807F3B206D018F8072002F00F020E
:1034400042EA0313DBB208F80730A96A0123EB70E4
:1034500001EB59212846FFF761FEC0BBC9F30809FB
:1034600014B1C6F3071606E018F80930C6F30326B0
:1034700023F00F031E4308F8096021E0816A01EB85
:103480001421FFF74BFE10BB640004F4FF742C44BE
:103490000123A687EB701AE0816A01EBD411FFF7D4
:1034A0003DFEA0B92B78A40004F4FE74042B2C4438
:1034B00005D0E36B26F0704603F070431E43E663CD
:1034C0000123EB70002002E0022070470220BDE8DB
:1034D000F883000002392DE9F047466B01F007043C
:1034E0004FF0010A0AFA04F405461746984606EB1F
:1034F0001136C1F3C809E4B2314628460136FFF758
:103500000DFEF8B905EB090292F83C30234214BFD6
:1035100001210021414517D06340013F82F83C3032
:1035200085F803A011D0640014F0FF04EAD109F17A
:103530000103B3F5007F4FF001044FF00009DBD227
:103540009946DFE7012000E00220BDE8F087000097
:10355000C379032B12D18168836970B50446CD18F5
:10356000A94207D04E1C20683246FFF73DFF20B924
:103570003146F5E70023E371002070BD002070475D
:10358000F8B504460F461646E36973B1012BA7EB65
:10359000030514BFAA1C32462068691CFFF724FFEC
:1035A00020B9E369013BE361EEE71846F8BD00008E
:1035B0002DE9F84F05680646884631B96F69A7B10D
:1035C000EB69BB4298BF012710E0FFF77BFE0128A3
:1035D000044601D80124DDE0421C00F0BD80EB6907
:1035E000834200F2D780474600E00127AB690BB960
:1035F0000024CFE02A78EB69042A5BD1A7F1020905
:10360000023B994528BF4FF00009CA464FF0010B15
:10361000696B284601EB1A31FFF780FD30BBEA6980
:103620000AF007030BFA03F3CAF3C801DBB2023A4C
:103630006818544690F83C000AF1010A924500EAE5
:10364000030002D25B00DBB203E000239A464FF492
:10365000007108B902340DE0D1450AD0002BE7D142
:103660000131B1F5007FD3D20123E1E74FF0FF3400
:1036700000E00024631E033300F28C8001231A460D
:1036800021462846FFF726FF0228A3D0012863D051
:10369000B8F1000F02D10223F37168E0F379022B35
:1036A0005DD17B1CA34262D0B368FB1AB3610323D4
:1036B000F37154E0474516D17C1CA34298BF022405
:1036C00021463046FFF7FEFD012883D0431C43D03E
:1036D00040B1D5F81490B9F1010F04D9EB699945BF
:1036E00002D300E0BCB9B9464C46EB690134A342B1
:1036F00004D8B9F1010F3FF47BAF022421463046D4
:10370000FFF7E0FD38B101283FF464AF013023D06A
:103710004C45EAD16CE74FF0FF3221462846FFF7CF
:1037200063FEB0B9B8F1000F05D0224641462846E5
:10373000FFF75AFE68B9D5E90632023A93429CBFB8
:1037400003F1FF33AB612B796C6143F001032B7103
:1037500020E001287FF43EAF4FF0FF341AE008F17B
:103760000102A242F36908D12BB10133F3610028B1
:103770007FF430AFDFE70223F8E70BB90123F361F1
:10378000224641463046FFF7FBFE0028E1D10123E7
:10379000F361D0E72046BDE8F88F0000F8B5056872
:1037A0002B78042B14BF4FF400124FF080528A4242
:1037B00001D8022037E0CA060C46FAD182680163BC
:1037C000064662B9022B05D82B89B3EB541FF0D9FA
:1037D000E86A19E0EB6AC271002BF5D01A466F89CE
:1037E0007F02BC4211460CD33046FFF76BFD431CF1
:1037F000024617D00128DCD9EB698342D9D9E41BF2
:10380000EFE72846FFF752FDC6E90D200028D0D08B
:1038100000EB54203C35C4F308042544B063F56341
:10382000002000E00120F8BD2DE9F74F036B05688B
:1038300003F120082B78042B14BF4FF400134FF032
:10384000805343459CBF00238363836B04468946B2
:1038500073B1C8F3080ABAF1000F5DD1416B0133AF
:10386000836339B92B89B3EB581F55D80023A36361
:10387000042059E06F89013F17EA58274CD1FFF720
:1038800021FD0128064601D802204DE0421C01D14D
:10389000012049E0EB69834238D8B9F1000FE5D047
:1038A000616B2046FFF784FE064600283BD00128C6
:1038B000EAD0431CECD02846FDF756FE01900028C4
:1038C000E6D131462846FFF7F1FC019BA86305F1DC
:1038D0003C0B81464FF40072194658460DF004FA2D
:1038E0006B899F4207D36B899F42D1D1E37943F023
:1038F0000403E3710AE06878012309EB07025946E3
:1039000009F0F0F90028EED10137E9E766633146A6
:103910002846FFF7CBFCA0633C355544C4F8308003
:10392000E563002000E0072003B0BDE8F08F000051
:10393000F8B50E46002107680446FFF72FFFD8B9F7
:103940000546A16B3846FFF7E9FBA8B93A78E36B67
:10395000042A1B7802D11B0603D506E0E52B00D014
:103960001BB90135B54201D109E0054601212046C8
:10397000FFF75AFF0028E4D0042808BF0720F8BD4D
:10398000034600F10B010020C20142EA500213F885
:10399000010B50FA82F28B42D0B2F5D17047000091
:1039A00038B50546002435F8020B88B1FDF728FA32
:1039B000E30343EA5403C2B212FA83F3C3F34E049F
:1039C00044EAC334C0F3072010FA84F4A4B2EAE74F
:1039D000204638BD2DE9F04105460068A96B06690F
:1039E000FFF79CFB044600285DD1E96B0B78852B23
:1039F00001D0022457E020223046FFF785FB77787C
:103A000001377F01A7F16003B3F5007FF1D82146AC
:103A10002846FFF709FF04280446EAD0002842D1CF
:103A2000A96B2868FFF77AFB044600283BD1E96BB5
:103A30000B78C02BDDD12022B018FFF765FB96F87C
:103A400023300F222C33B3FBF2F3B7EB431FD0D359
:103A50004FF0400800212846FFF7E6FE0428044600
:103A6000C7D000BBA96B2868FFF758FB0446D0B944
:103A7000E96B0B78C12BBCD1B8F17F0F04D82022A1
:103A800006EB0800FFF740FB08F120084745E1D8A6
:103A9000B8F1800F07D83046FDF73AF97488241A38
:103AA00018BF012464002046BDE8F08103682DE9B9
:103AB000F0411E6905463046FDF72AF9E96C708031
:103AC00028467778FFF76AFE4FF001080446B4B93C
:103AD000A96B2868FFF722FB044680B9E86B202217
:103AE0003146FFF711FB2B6883F803803FB1214675
:103AF0002846FFF799FE20360446013FE7E7022CEF
:103B000028BF0224E0B2BDE8F08100002DE9F04FAB
:103B1000002187B0D0F800800446FFF73FFE07463B
:103B2000002840F0DA8098F80030042B3BD1D8F818
:103B30000C00FFF735FF814620460BF027FB0546BA
:103B400078BBD8F810B09BF82360162EF4D8BBF8D9
:103B500024304B45F0D14FF0400AB54216D01AF050
:103B60001F0F08BF0AF1020A3BF80A00FDF748F9E7
:103B7000D8F80C20009032F81500FDF741F9009BB1
:103B8000834203D10AF1020A0135E6E7761BF6B259
:103B9000002ED1D1D8F80C3033F81530002BCBD112
:103BA0009BE0074699E04FF0FF33E36404F14003E4
:103BB000CDE903034FF0FF0A5646A16B4046FFF7DD
:103BC000ADFA002840F08480E56B2978002900F0E8
:103BD0008180EA7AE52902F03F03A37169D01707D3
:103BE00002D50F2B65D101E00F2B52D194F84B3049
:103BF000580666D44A0606D5236B95F80DA0E364F3
:103C000001F0BF0101E08E425AD16B7B534557D181
:103C10006B8B002B54D195F800C0DFF8CC90D8F80E
:103C20000C7005910CF03F06CDE900A80D23013E74
:103C30005E4309EB0302E3460123029419F8010BEA
:103C400035F800808BB1162E37D84046FDF7D8F8EE
:103C5000824637F81600FDF7D3F8824506F10104D5
:103C60002BD1204A4346264603E04FF6FF71884594
:103C700023D19145E2D11BF0400FDDE900A8059961
:103C8000029C03D013B137F81630CBB90139CEB24C
:103C900017E026B92846FFF773FE50451CD094F86C
:103CA0004B30DB0705D404990B222846FDF722F898
:103CB00090B14FF0FF33E36402E0DDE900A8029C1D
:103CC000FF2600212046FFF7AFFD00283FF475AF27
:103CD000074602E0042700E0039F384607B0BDE82E
:103CE000F08F00BF193B01080C3B01082DE9F04F94
:103CF000D0F8009085B005468B4611F8013B2F2B7C
:103D0000FAD05C2BF8D00021A960E9619BF8003063
:103D10001F2B00F2C8808023284685F84B3005B061
:103D2000BDE8F04FFFF73ABD5C2B1AD07F2B05D8CA
:103D3000B44A12F8010B002840F0C380162E00F0A0
:103D4000548121F8163001361BF8013B002B00F09E
:103D5000BC807F2B00F2AB801F2B40F2B6802F2B54
:103D6000E2D15B461C782F2C9B4603F10103F9D06E
:103D70005C2CF7D01F2C8CBF00240124A40001EB85
:103D800046033EB133F8022D202A00F0A0802E2AEF
:103D900000F09D80002321F8163001EB4602002E32
:103DA00000F0238131F81370202F184603F101032E
:103DB000F8D0002840F08D802E2F00F08A80134626
:103DC00033F8022D2E2A01D0013EF9D14FF02032D6
:103DD0004FF00008C5E910224B46C5F847204FF0C8
:103DE000080A5A464746B146AB46461C31F8100011
:103DF000002800F0DD80202872D02E286DD0D0451C
:103E000073D3BAF10B0F73D144F003045D469946A6
:103E10009346E4B24FF00B0A95F84030E52B04BF0F
:103E2000052385F84030BAF1080F04BFBF00FFB288
:103E300007F00C030C2B00F0BF8007F00303032BEB
:103E400000F0BA80A00709D447F3000303F0100381
:103E50002343DCB2790748BF44F0080485F84B409F
:103E60002846FFF753FE95F84B30002840F0A88015
:103E70005A0700F1CF80AB79DB0640F1B88099F8A2
:103E80000010042940F0A380AB682B622B69EA790B
:103E9000D9F8100023F0FF0313436B62EB6CAB62A5
:103EA00029460BF09DFE2B680026D9684CE703F1EC
:103EB0000043554A803B32F81330002B00F09580C8
:103EC0004AE798427FF435AF8FE0042457E7013E7C
:103ED00057E744F00304E4B271E74E4500F08980EF
:103EE00044F00304E4B230467FE74E450ED183E050
:103EF0004E4503D044F00304E4B259D8BF00FFB2EA
:103F00004E464FF00B0A4FF00808ECE77F2828D9FF
:103F1000CDE9021201930BF021F944F0020510F0F3
:103F2000800FDDE90131039AEDB204D0374C00F087
:103F30007F00205C13E0FF2811D90AF1FF3CE04527
:103F400004D344F00304E4B2D046CCE70BEB0804FE
:103F50004FEA102C84F840C008F1010820E048B175
:103F600000E025462A4C14F801CBBCF1000F06D026
:103F70008445F8D145F00305EDB25F2010E0A0F1D3
:103F80004104A4B2192C02D847F0020708E0A0F1BE
:103F90006104A4B2192C03D8203847F0010780B27D
:103FA0000BEB080408F1010884F840002C469AE75E
:103FB0005D46994693462FE744F00204E4B241E798
:103FC000042827D113F0040F08BF052022E02A6B34
:103FD00009F13C03C2F30802134403295A8B04BFBE
:103FE0009B8A42EA0342AA605DE7062012E00520B0
:103FF00010E0D045BFF405AFBAF10B0F7FF47EAFF0
:1040000002E700BF192201088C3901088C3A010827
:104010002222010805B0BDE8F08F00BF03687BB124
:104020001A4612F8011B1F2908D93A29F9D1197823
:10403000302905D102339A4202D102600020704734
:104040004FF0FF3070470000F0B5002385B00B60E3
:104050000D461646FFF7E2FF0028C0F210818C4B98
:1040600053F82040002C00F00C812C60237833B1F1
:10407000637823B9874B1B78002B40F0FE80002328
:10408000C0B22370607008F06BFDC50700F1FB80C3
:10409000012E02D9410700F1F88000212046FFF7E8
:1040A00057F802281BD1D4F802320093D4F8123208
:1040B0000193D4F822320293D4F8323203936E463D
:1040C000002556F8041B29B12046FFF741F80128C6
:1040D00001D80AE003200135042DF2D159E104286A
:1040E00029D0012801D90D2057E10128A16B24D145
:1040F00004F146020B2312F8015F002DF3D10133C6
:10410000402BF8D1D2E004F13C0635446D69012D15
:10411000E9D9E369AB42E6D96189236BAA1E02FBA8
:1041200001336363A16A204601EBD511FEF7F6FF68
:10413000002800F01F8101202FE1B4F84730B3F5CB
:10414000007FD0D1B4F8526006B9266E94F84C7056
:1041500026627B1E012BA770C5D894F84950658153
:10416000002DC0D06B1E2B42BDD1B4F84DC0A4F8B9
:1041700008C01CF00F0FB6D1B4F84F3003B9E36D8F
:10418000B4F84A20002AAED0774302EB1C10384422
:104190008342A8D31B1AAB42B3FBF5FEA3D33E4B1D
:1041A0009E45A0D84FF6F5739E4506D840F6F575A6
:1041B000AE458CBF0225012500E003250EF1020368
:1041C0000A440844032DE3616162A262206307D1BF
:1041D000B4F866205CEA020285D1A76E9B000EE06F
:1041E000BCF1000F3FF47FAF022D17444FEA4302AA
:1041F0001BBFD21803F00103134603EB520303F273
:10420000FF13B6EB532FE762FFF46DAF4FF0FF33B0
:10421000C4E90533032D4FF08003237122D1B4F894
:104220006C30012B1ED101312046FEF777FFC8B953
:10423000B4F83A2220714AF655239A4212D1E26B21
:10424000164B9A420ED103F1FF53D4F8202203F506
:10425000005320339A4205D1D4F82432A361D4F814
:10426000283263610E4A2570138801339BB2138094
:10427000E3800C4BE3600C4B236100208DE00B20AE
:104280008BE00C2089E0032087E00A2085E000BF56
:10429000DC760020E0760020F5FFFF0F52526141EE
:1042A000DA760020AC7600202C760020B4F8A4301A
:1042B000B3F5807F7FF417AF94F8A830092B7FF413
:1042C00012AFD4E921064FF0FF33081846F100067B
:1042D000834275EB0603FFF406AFD4F890302362F7
:1042E00094F8AA30A370012B7FF4FDAE94F8A920B6
:1042F00093409AB26281002A3FF4F5AED4F898C098
:10430000274A94453FF6EFAE0CF10202E261D4F881
:104310009420D4F88C7061629BB20A440CFB03F3C6
:104320009B18226345EB050298420F4476EB02028C
:10433000A762FFF4D8AED4F89C30E3622E467DB974
:104340006389B3427FF6CFAEE16A2046FEF7AEFF47
:1043500081192046FEF7E2FE00287FF4ECAE01361C
:10436000631993F83C30812B3FF4CDAE2035C5F373
:104370000805E4E705F07F0356F823305A1C04D003
:104380000135AB423FF4CEAEADE6C4E905330425BA
:1043900068E704287FF4A7AECDE605B0F0BD00BF06
:1043A000FDFFFF7F024688B1036893B110B51C780A
:1043B0008CB18088DA8890420DD1587858B9094A72
:1043C0001278002A04BF0920002306E009201346C2
:1043D00005E0092003E0092000230B6010BD0B60FD
:1043E000704700BFE07600202DE9F04F9A4687B075
:1043F00000238846CAF8003005A904461646FFF790
:10440000D1FF0746002840F0BE8094F83170002F9D
:1044100040F0B98094F8303013F0010500F0B2801C
:10442000D4E90432D4E90E105B1A62EB0002B34205
:1044300072F1000238BF1E4604F15003CDE9003589
:104440000297002E00F09C80D4E90E30C3F30802DE
:10445000002A76D1DDF81490B9F80A20590A013AF9
:1044600041EAC05112EA010718D1034301D1A06803
:1044700003E0216C2046FEF725FF012805D84FF008
:10448000020984F831904F467DE0431C05D1019D1F
:10449000012384F831302F4675E02064216C4846B2
:1044A000FEF704FF0028EAD0B6F5007F07EB000B0B
:1044B00025D3B9F80A1007EB562088424FEA562553
:1044C00088BFCD1B99F801002B465A46414608F09B
:1044D000C7FB0028DBD194F93020002A0CDA606C8D
:1044E000A0EB0B00A84207D24FF4007204F1500178
:1044F00008EB4020FEF708FE4FEA45292FE0626CEA
:104500005A451CD094F9303099F80100002B04F181
:1045100050010CDA0123039108F0E4FB0028B6D126
:1045200094F83030039903F07F0384F8303099F821
:10453000010001235A4608F093FB0028A7D1C4F8D4
:1045400044B0A16B009BC1F30801C1F50079B145EE
:1045500028BFB1464A4619444046FEF7D5FDDAF871
:1045600000304B44CAF80030D4E90E3213EB090393
:1045700042F10002C4E90E32A6EB0906C84460E726
:10458000029F00E00727384607B0BDE8F08F000023
:10459000012802D01A48FEF797BB30B583B00D68EA
:1045A0000446FEF765FD08B103B030BD284621463C
:1045B0000BF032FC0546E0B9124C0421D4F8843BE0
:1045C00001930DEB0100FCF797FD009504E00099C5
:1045D000204651B1FCF790FD0B486B464FF400723A
:1045E0002146FFF701FF0028F1D00AF025FF03B0B4
:1045F00030BD064803B0BDE83040FEF765BB00BFE4
:10460000680F01082C660020A0710020840F0108AB
:104610002DE9F04F9A4685B000238946CAF800304C
:1046200003A904461646FFF7BDFE0546002840F0E4
:10463000D48094F83150002D40F0CF8094F8303081
:104640009A0740F1C980DDF80CB09BF80020042ADD
:1046500003D0A26BF24228BFD64304F15003CDE948
:104660000053DEB1D4E90E31C3F30802002A40F052
:104670008680BBF80A805A0A08F1FF3842EAC15224
:1046800018EA020820D10B4302D1A16871B900E0F9
:10469000216C2046FEF78CFF014638B994F8303083
:1046A000009D43F0400384F8303096E0012901D1A9
:1046B000022502E04B1C03D1012584F831508CE027
:1046C000A368216403B9A16094F93030002B0FDA9C
:1046D000626C9BF80100012304F1500108F002FB19
:1046E0000028E9D194F8303003F07F0384F83030AB
:1046F000216C5846FEF7DAFD0028D9D0B6F5007FC8
:1047000008EB000526D3BBF80A309BF8010008EB44
:10471000562199424FEA562788BFA3EB08073B462C
:104720002A46494608F0DEFA0028C5D1616C491BCB
:10473000B9420DD24FF4007209EB412104F150004F
:10474000FEF7E2FC94F8303003F07F0384F8303059
:104750007F0228E0616CA942D4E90E730ED0D4E93F
:10476000040187428B4109D29BF8010001232A46AC
:1047700004F1500108F074FA00289DD16564A06B23
:10478000019BC0F30800C0F50077B74228BF374649
:1047900018443A464946FEF7B7FC94F8303063F0C7
:1047A0007F0384F83030DAF800303B44CAF8003038
:1047B000D4E90E23F61BB944BF18D4E9041243F11F
:1047C0000003B94272EB03003CBF39461A46C4E904
:1047D0000E73C4E9041244E70725284605B0BDE876
:1047E000F08F00002DE9F7430C4601A90646FFF7BC
:1047F000D9FD002840F0DE8030460AF0C7FC10F0FA
:10480000FB0540F0D780D6F80080A576B36B002B6F
:1048100000F0C98098F80030042B47D12B462F4672
:104820004FF04009D8F8102092F823108D4221D281
:10483000B9F17F0F20D819F01F0F08BF09F1020945
:10484000013532F8090009F102092BB900F52052AF
:1048500092B2B2F5006F0BD307F11A01C7F1200233
:10486000214440EA0340FCF767FE28B107440020DA
:104870000346D7E703B917B93F23A3760127274497
:104880000023BB766373D8F810301A7902F0370131
:104890002173D20658BFD3E90E019A89628144BFC1
:1048A00000200021C4E90001DB897BE0F36C0133C7
:1048B00025D0A9462F46D8F80C30585BB8B1B9F1CD
:1048C000000F05D100F520539BB2B3F5006F0BD359
:1048D00007F11A01C7F12002214440EA0940FCF720
:1048E0002BFE28B10744002002358146E3E7384615
:1048F000B9F1000F18BF0020204400238376F16B2C
:1049000000234D1E18462E2715F8012F202A00F1EE
:10491000010010D0052A08BFE522092806D10B2B7B
:1049200004D804EB030C01338CF80D7004EB030C7A
:1049300001338CF80D200B28E6D1E21800205073CB
:10494000A27E22BB1BB104F10C0308200BE03F2325
:10495000A376012315E02E2A13460ED0413A192AD8
:1049600006D96B732B465A785D1C002AF3D106E0FA
:104970000A7B1042F5D02033F3E71020F1E71B1B30
:104980000C3B234400229A760B7B03B96373CB7AEA
:1049900003F03F032373CB69236000236360CB8A5A
:1049A00063810B8B238100213046FEF73DFF0428F5
:1049B00008BF002003B0BDE8F0830000F8B506464C
:1049C0000D4601F11A0729463046FFF70BFF044652
:1049D00048B9AB7E3BB102460423306D3946FCF743
:1049E000C1F90028EFD02046F8BD000030B5A7B0CF
:1049F00004460D46FEF73CFBD0B9DCB1012C1BD1BF
:104A00002B68249310A80BF0F9F888B90D4C09E035
:104A10009DF81A300DF11A0120464BB1DDE9002353
:104A2000FEF752F9694610A8FFF7C8FF0028EFD03B
:104A300027B030BD044BE4E7044827B0BDE8304060
:104A4000FEF742B9B40F0108940F0108980F01084E
:104A50002DE9F041BCB00222019003A901A8FFF7A3
:104A6000F3FA002875D1039C0199269426A8FFF734
:104A70003DF900286DD19DF9E330002B5CDB9DF8FA
:104A80009E70F90701D5072063E026780494042E70
:104A900005D1206904A90BF0A3F8069D06E0359B1B
:104AA000032E5D8B04BF9B8A45EA0345FA0605D4B5
:104AB0003999269E329F4B1C1ED019E0042E10946B
:104AC000129507D1DDE90823CDE914239DF81730AD
:104AD0008DF84730002110A8FEF760FE002838D17D
:104AE00010A80AF053FB0028CDD0042831D1DFE70D
:104AF00026A8FEF753FE60BB4FF0010812E03378A2
:104B0000359A042B0ABF1378E52303F07F03137053
:104B1000329B86F803809F4210D9002126A8FEF719
:104B200083FE28B934993046FEF7F8FA0028E6D01B
:104B3000042808BF02200CE006200AE01DB9204628
:104B4000FEF764FB05E0294604A80AF0A7FB00284D
:104B5000F5D03CB0BDE8F081012802D00C48FEF74A
:104B6000B3B810B50C46FEF783FA00B110BD246847
:104B70002046FFF76DFF074A074B0146002908BF93
:104B80001A4606482146BDE81040FEF79DB800BF12
:104B9000C40F0108C00F0108BC0F0108E40F010891
:104BA000BFF34F8F0549064BCA6802F4E062134316
:104BB000CB60BFF34F8F00BFFDE700BF00ED00E00B
:104BC0000400FA05012808B50CD10B4608491868FD
:104BD000FCF718FB30B90748FEF776F8BDE8084047
:104BE00007F01ABA0448FEF76FF8FFF7D9FF00BFC5
:104BF000F40F0108F80F010818100108024A137891
:104C000023F001031370704700030020FFF7F6BF85
:104C100010B50446042006F007FB0C4B042CDA7F89
:104C200028BFFF24A24204D0094ADC771378DB07AF
:104C300000D510BD074B1B78A342FAD0064B214686
:104C40001868BDE810400AF0C7BD00BF4825002025
:104C500000030020240C0020200C0020012808B5AF
:104C600006D0074B0748D97FBDE80840FEF72CB8AF
:104C70000868FCF7ADFABDE80840C0B2FFF7C8BF4E
:104C8000482500202C10010809490A4A0A4B0988C6
:104C90001B68126810B4094C246802FB00324B08F0
:104CA00004FB00335DF8044BB3FBF1F39818704735
:104CB000FC0B0020040C0020000C0020F80B00204E
:104CC0002DE9F04FA44DA54C6A8B23882DED028B66
:104CD000934299B086468A4603D230B9208000209C
:104CE00008E0002323800028F9D0BAF1000F00F07B
:104CF00014822088D5ED2A7A9FED997ADFF8808298
:104D000067EE877A40F2FD4CFDEEE77A43F6E91351
:104D100017EE906AC6F3CF170CFB07FC03EBAC331E
:104D200007FB03F39B136FF4C271A3F59B330B4492
:104D300007FB03F3DB1206F17E56A3F27223334422
:104D40008849894E08EE103A4FF00057B8F84030C5
:104D5000B76182420B8042D90AF04003DFF824B2E7
:104D600004930AF003074FF00009C826CDF804E0C9
:104D7000002F41D126889BF800300BB1019BFBB975
:104D8000B8F81A206B8B262A12D9C6EBC6065A1E13
:104D900006EB861696FBF2F6A6EB0902002A07DD63
:104DA00009F114000123002106F0E2FF6B8BB146EC
:104DB0002088013080B2984220804FF00006D7D37F
:104DC000B9F1000F09D06749B8F822300B804A4684
:104DD00001230021142006F0CBFF6A8B2088624B50
:104DE000101AB0FA80F04FF400514009996119B0DF
:104DF000BDEC028BBDE8F08FFFF746FFE97F029024
:104E00000AF0EAFC049B0090002B5CD123880393FA
:104E10001AF0010305935DD11AF0020FAAD0534B8B
:104E200006930AF02002524B07920522514908933B
:104E300018200AF0ADFB4FF08042009B526A3244CA
:104E40001A44069B1A60B8F81A20089B023292B2E4
:104E50001A800AF02102202A01D156E130BF1A88B7
:104E600092B2002AFAD10CA802F02CFE079B002B6C
:104E700040F006811AF0080F40F0F6801AF0100F8B
:104E8000268840F0DA80B6F5C87F3FF674AF059B00
:104E9000DDED0C7A9DED0D7A002B00F0E280364AB4
:104EA0000A980B9902EBC60318605960F30013448B
:104EB00003F68C4383ED007A06F2911302EBC303F1
:104EC000C3ED007A57E74FF0FF3303931AF0010365
:104ED0000593A1D02949052218200AF059FB4FF06B
:104EE0008043009A5B6A2149069133441344B8F821
:104EF0001A200B6002321E4B92B21A800AF0200276
:104F000007921AF0200200923ED11A8892B2002A2B
:104F100000F0098130BF1A8892B2002AFAD10AA89B
:104F20000993089002F0CEFD009ADDE90803002AFB
:104F30003CD11AF0040F6ED11AF0020F7AD12688F4
:104F4000B6F5C87F3FF617AF0B4A0A9B02EBC602C5
:104F500013600B9B53600EE7482500201C0C0020BB
:104F60002D15AA49100C002000080048180C00203C
:104F7000140C0020443101082C0C00203C310108A5
:104F800004030020120C00200EAADDE90210089391
:104F9000FCF76AFB089B1A8892B2002ABAD10AA8C9
:104FA0000893009002F08EFD0098089BDDED0B6ADF
:104FB000DDED0F7A9DED0A6A9DED0E7A9DED115A99
:104FC00076EEE76ADDED107A36EE476A66EEA75AAE
:104FD0009DED127AE6EE055A1AF0040FA6EE277A36
:104FE000DDED137AA6EEC57A77EEA57A26EEA75AFE
:104FF00067EEA75A67EEC67AE7EE075AA6EE075A9B
:10500000E6EE877AC5EE256A87EEA57ACDED0A6AC7
:105010008DED0B7A90D0DDED027A95ED270A0093A5
:10502000F8EE677A27EE800AFCF7FCFA1AF0020F16
:10503000009B84D028220092F7E6DDED0C7A9DEDEE
:105040000D7A68EE277A28EE077AB6F5C87FCDED9F
:105050000C7A8DED0D7A3FF68EAE059B002B7FF41A
:105060001EAF354AF30022E7DDED027AB8EE670A9B
:10507000D5ED287A0CA820EE270AFCF7D3FAFDE636
:105080009DED0C7ADDED166ADDED0D7A9DED156A6C
:10509000DDED145AAB8C37EE667ADDED176A77EEEC
:1050A000E67A67EE066A27EE257AE7EEA56A5B05E3
:1050B00067EE867ACDED0D6A37EE675A8DED0C5AA4
:1050C0007FF5D8AE9DED114A9DED0B6ADDED103AEE
:1050D000DDED0A4AF7EE005AE4EE065A26EE236AA0
:1050E00077EEC77AB0EE467AE3EEE45AA4EE247A7D
:1050F00026EEA56A66EE876AA7EE276AE5EE256AC0
:105100008DED0D6ACDED0C6AB4E60398029900931B
:105110000EAAFCF7A9FA009BA1E6504619B0BDEC17
:10512000028BBDE8F08F0AA80893009002F0CAFC39
:105130000098089BFDE600BF2C0C00202DE980485C
:10514000B34B9B8A190689B000F1958209F0D4FB14
:10515000C72006F069F807F007FF9FEDAE8ADFED84
:10516000AE8ADFF8EC92AD4CAD4AAE4992F82130F0
:1051700003EB430311F82350938CDA054CBF45F041
:10518000230545F003059B05A54BD3ED277AA44BDA
:10519000F5EE407AD3ED287AA14B48BF45F04005A3
:1051A000F1EE10FAF5EE407AD3ED2A7A9E4B18BF55
:1051B00045F00405F1EE10FA18BF45F00805F5EECC
:1051C000407A18BFADB21B78F1EE10FA1CBF45F063
:1051D0001005ADB213F0030733D130BF934B1B68FA
:1051E00083B10026924B93491888904B01381B6875
:1051F00098478E4B90481E600AF0EAF88B4B1B686C
:10520000002BEFD1884A1378164663F07F031370A2
:1052100009F074FD337803F07F0333705FB1874B7F
:105220001B78002B40F0D6807D4B1A8BD70713D408
:10523000012005F0F9FF402005F0F6FF07F094FE8D
:1052400092E729460120FFF73BFD774A137823F0C8
:10525000020307461370C1E702F006036FF0140162
:10526000194105936E4BC9075B8B019340F1AE81E9
:10527000002312F01801019F0393069300F0B08100
:1052800010290CBF0D260026019B02F01E0242EAE7
:1052900043126B4B198892B2914221D01A80059B20
:1052A000042B00F09F81019B9FED5A6A63B1069A1F
:1052B000104603EB020832463946FBF703FF013084
:1052C000804536EE006AF6D1059B022B08BF36EE0C
:1052D000066AB7EE007AC7EE067A5A4BC3ED007A3B
:1052E000594B0295019A1D46029BD10013F001080B
:1052F00009EBC202049107920CD1029BC3F34F0346
:105300000293524B05F68845AB4291D0029B13F0B5
:105310000108F2D0019B43B34A4BDFF834B193ED5F
:10532000006A049B069805EB030AA94632463946F3
:10533000FBF7C8FED9ED006A99ED017A60EE067AB6
:1053400009F1080966EEA76A67EE277ACA45CBED30
:10535000006ACBED017A00F101000BF1080BE5D1F9
:10536000019BB3F5007F80F28181079B019A83ED59
:10537000008A0132B2F5007F83ED018A03F1080350
:10538000F5D1039B002B40F038813148002200F119
:10539000040A8146844692FAA2FE91B24FEADE5395
:1053A000B1EBDE5F09EBC30380F099805AF8041C6F
:1053B000D3F800E04AF804EC1960DCF80410D3F8E4
:1053C00004E0CCF804E00CF1080C01320AF1080A00
:1053D0005960E0E70E4B1F4A9B8ADFF86CA0CDF8BE
:1053E000049013F0020F1C4B0CBF904698462E46BB
:1053F0002F46A9464546F80730D4144B0AF6884A8A
:105400005345C7F34F07F6D14D46DDF804900BE73F
:105410000403002000000000000000447032010876
:10542000482500201032010800030020E864002015
:10543000E4640020D4640020C8640020C464002018
:10544000402500203C2500202C0C00203C2500207D
:105450002C660020DD0F0008C50F00088A4B197864
:105460000123013903FA01F6002EC6DD4FF00008D2
:1054700002974746D046854B98ED009A5B8BD8ED56
:10548000019A022B25D9C3464FF0010AB0EE490A12
:105490009BED029A9BED041AF0EE490AB0EE69AA60
:1054A000DBED039AA847F0EE407A9BED051ADBEDA1
:1054B000030ACBED027AB0EE4A0AA847734B8BED94
:1054C000030A5B8B0AF1010A013B9A450BF1080BB9
:1054D000DCDB0137BE42CED1029FC2468DE70132EE
:1054E000B2F5007F0CF1080C0AF1080A7FF453AF03
:1054F00009214FF4807C4FF0000AB0EE486A002387
:1055000001E09BED006AA3F180020AEB080E802BFC
:1055100004EB82021FFA8EFE88BFD2ED006A09EB0F
:10552000CE0E09EBCA02DEED014AD2ED007A9EED05
:10553000005AC3F1800BE4EE867A98BF04EB8B0B24
:10554000634494BFDBED006AF1EE666AE5EE667ACD
:105550009BB20AF1010A26EEA47ACEED007AD2EDD2
:10556000007AD2ED015AE4EEC67AFF2B1FFA8AFACE
:10557000A5EE067A04EB830BE5EE267A35EEC76AD4
:10558000C2ED007A8EED016AD2ED017A77EE877A6C
:10559000C2ED017AB5D9C2441FFA8AFABAF5007F82
:1055A000ABD34FEA480801394FEA5C0C1FFA88F880
:1055B000A1D1039B002B39D1059B042B44D0344946
:1055C00040F6884228460BF097FB96E65F0006936C
:1055D00012F018014FF00103BFB203937FF450AEF5
:1055E000062651E606FB06F300EE103ABAEECF0AA5
:1055F000FBF752FD20EE286A6BE6019B012B7FF73B
:10560000C4AE234B0499A3F10802501803F6F872B4
:1056100099681160D3ED037A0833F1EE677A83421B
:10562000C2ED017AA2F10802F2D1AEE6019B002B95
:10563000C5D0049A164B024483ED018A0833934285
:10564000FAD1059B042BBAD1019B012BB7DD114B7D
:10565000049AD9ED007A134490ED027A083077EE7F
:10566000877A9842C0ED007AF6D1A8E7039B002B19
:105670003FF48BAEC5E706F05FF9074A01213620FB
:1056800006F09AF962E500BFC464002048250020B6
:105690002C660020246600200E32010870B5084DEB
:1056A0006B8B63B1074E0024A0B2FFF7EDFA014601
:1056B0003046FDF709FB6B8B0134A342F4DC70BD6F
:1056C00048250020C00D0108421C1BD0F8B50E4E25
:1056D000738B8B420D4614D904460B348FB206EB04
:1056E000C4063846FFF7D0FA73887060AB4208D022
:1056F000184605F073FC77800820BDE8F84005F0F7
:1057000093BDF8BD704700BF482500202DE9F0414A
:105710000446C0B9434D444E03E0082C05F108058A
:105720000FD095F858300134002BF6D0EB6DB5F85A
:105730005A2021463046FDF7C7FA082C05F1080526
:10574000EFD1BDE8F0810D46882005F06DFD2E6893
:1057500036493046FBF756FD00281CDB314AB0FACB
:1057600080F301284FEA53134FF0FF3018BF002099
:10577000507782F8583082F8603082F8683082F8CA
:10578000703082F8783082F8803082F8883082F881
:105790009030BDE8F0813046FBF71AFD471E072F19
:1057A00006462AD8012C2ED06C6820492046FBF7EB
:1057B00029FDD8B101280BD11A4B93F91D200A36C7
:1057C0000021BA4203F83610BBD1FF225A77B8E75E
:1057D000144D0A360123204605F83630FBF7F8FC55
:1057E00001463846FFF770FF6F77AAE70D4B0A3680
:1057F000012203F836205F77A3E7BDE8F0410B49AB
:105800000B48FDF761BA074D00F10A0805EBC80225
:105810000146536804485288FDF756FA05F83840A7
:105820006F778EE7482500205C100108802C010866
:105830006810010807289DBF024B03EBC003D86D19
:1058400000207047482500202DE9F047DFF8088246
:105850006F4BB8F81A906F486F49D8E9017A09F18F
:10586000FF39AAEB070607EE906A07EE109A2DEDB6
:10587000028B1F60694B1FFA89F2F8EE677AB8EE67
:10588000C77A1A80B6FBF2F3036002FB136387EE5C
:10589000278A0B604546002409E0B5F85A102046D7
:1058A0000134FFF711FF082C05F1080515D0EB6D49
:1058B000002BF2D09F4249460DD2DA1B07EE902A08
:1058C000F8EE677A9A4567EE887AE8D9FDEEE77ACE
:1058D00017EE901AE3E70021E1E7B6F57A7F2ED3C1
:1058E0004F4B9E4276D84F4B9E4200F28A804E4BE1
:1058F0009E4200F289804D4BDFF860C106221946B6
:10590000ACFB0303DB08013A03EB83004FEA4304DB
:105910003ED0B6FBF0F5032D5FD8B6FBF4F00328BC
:1059200065D8B6FBF3F00328E9D9414AA2FB01127E
:105930009209C2EBC20202EB8212194630E0002348
:105940001A463C490B803C4BB8F81A101A80D8F81C
:105950000C20B8F8243097420ED043F4007340F284
:105960008720A8F8243005F05FFCBDEC028B334B98
:1059700000221A80BDE8F087D8F810209245ECD1BB
:10598000B8F822208A42E8D123F400739BB2E6E7FC
:105990002B4AA2FB01325209C2EBC20202EB821275
:1059A0002748B7FBF1F301FB1373A0FB0313A0FB24
:1059B00006101F495B09C3EBC303A1FB061603EBEB
:1059C00083134009B609B3FBF0F3B2FBF6F21BB246
:1059D00012B2B6E71B4A1C49E2E7194AA2FB0032A1
:1059E0005209C2EBC20202EB82120146D8E7144A06
:1059F000A2FB04325209C2EBC20202EB8212214620
:105A0000CEE7124A1249CBE7124A0849C8E700BF5D
:105A1000000C0020040C0020F80B0020FC0B0020E0
:105A2000FF933577FF07AF2FFF83D71700E1F50509
:105A3000D34D6210F40B0020F20B00201C0C002050
:105A40001F85EB51C0BE99870065CD1D807F3D3617
:105A500000C2EB0BC0BF1E1B48250020CDCCCCCC18
:105A600008B5FFF7F1FE034A137843F00103137002
:105A700008BD00BF0003002010B507F0EBF9044695
:105A8000FFF7E2FE034B93F8210005F0D5FB20461B
:105A900010BD00BF482500201528074B38BF152032
:105AA00040F2911188425A8B28BF0846824202D0A8
:105AB0005883FFF7C9BE704748250020032830B43B
:105AC0001DD8B1F5167F38BF4FF41671414B99427E
:105AD00028BF194606280FD8DFE800F004754A678A
:105AE000790E6E003C4B1A8B9868596022F0400288
:105AF00088421A8300D2996030BCFFF7A5BE052802
:105B0000E4D1354B5A8B188B013A01FB02F2410666
:105B10000DD45C682F4D1119A94228BF294620F0E9
:105B20004000A14218839960E6D25960E4E7294910
:105B3000914228BF1146D3E901456208490840F067
:105B4000400002EB550204F001042244188301F5E1
:105B500016742048A24238BF2246401A824228BF0B
:105B60000246501A30BC0A44C3E90102FFF76CBE7A
:105B7000194A184DD2E90103A1F516746D1A0133C3
:105B8000AC42A3EB00034FEA530328BF2C46108B13
:105B9000A34228BF234640F04000108330BCC81AFF
:105BA0000B44C2E90103FFF74FBE0B4B1A8B596040
:105BB00042F040021A839EE7074B30BC4FF400705E
:105BC000596105F031BB044B188B5C68A7E7024BA9
:105BD000188BB0E70094357748250020042842D878
:105BE0002DE9F041204CD4E90132E568618B9D42FA
:105BF00031D0C4E90332618400231C491C4D00EB01
:105C0000400001EB400231F81010E07F84F82000E2
:105C10005088AE7E577992F8048003400B43262EBD
:105C2000A3849CBF27236B83002F14BF0221012173
:105C30000020FFF745F840F688420E4902FB084075
:105C400002FB0711D0300BF057F86E830420BDE83B
:105C5000F04105F0E9BA25699542CAD1658C8D42BB
:105C6000C7D1A38CC9E7704748250020F830010848
:105C7000040300202C0C002038B56E4DAC8C14F0C1
:105C8000010000F0B480E1065ED504F00603062BA7
:105C900063D0A20700F1B080630700F1C080200745
:105CA00017D4210604D4B7EE000A032009F016FA2F
:105CB00062063CD5A30641D55F4B44F480744FF691
:105CC000FF72AC841A804FF40170BDE8384005F0D3
:105CD000ABBA698B19B3594B03F6884203EBC10188
:105CE00093ED016AD2ED016A93ED007AD2ED005A8C
:105CF00076EE667A37EE657A67EEA77A76EEC66A52
:105D0000E7EE077A0833994202F1080287EE276A24
:105D100086EEA77A03ED026A03ED017AE0D124F062
:105D2000080444F08004A4B26206AC84C2D4B7EE86
:105D3000000A022009F0D2F9A306BDD49FED400A63
:105D4000012009F0CBF9B7E79FED3D0A042009F0E7
:105D5000C5F904F00603062B9BD1688BE0B3354AE6
:105D600005EBC00002F6585302F5CF51D1ED005AB1
:105D700091ED014A93ED007AD3ED017A92ED355A17
:105D8000D2ED344A37EE256A77EE846A36EE646ADD
:105D900076EEC56A77EEC47A76EEC56A36EE646A48
:105DA00037EE657A26EEA75A67EEA75A67EEC67AEF
:105DB000E7EE075A08320833A6EE075A904201F17F
:105DC0000801E6EE877AC5EE256A87EEA57A43EDEF
:105DD000026A03ED017AC9D124F0020444F02004E0
:105DE0004FF0FF30AC84FBF795F9AC8C57E79FED93
:105DF000140A09F073F946E7124940F688428818F8
:105E00000AF07AFF24F0020401209FED0D0AAC8411
:105E100009F064F90120FBF77DF9AC8C3FE7012024
:105E20009FED070A09F05AF94FF0FF30FBF772F9BE
:105E3000AC8C34E748250020F00B0020B04B00204C
:105E400000000000A0320020F8B5C0B92E4D2F4F41
:105E50002F4E044602E00134092C0BD0AB8C2341B9
:105E6000DB07F8D557F8241030460134FCF72CFF37
:105E7000092CF3D1BDE8F8402648FCF725BF0D46B4
:105E8000042005F0D1F924492868FBF7BBF908285C
:105E900033D8DFE800F0092D23280E13171D050065
:105EA000194B00229A84F8BDBDE8F8400020FFF7A6
:105EB00095BEBDE8F8400420FFF790BEBDE8F8406D
:105EC000FFF7DABE104A938C43F480739384F8BDD5
:105ED0000D4A938C23F480739384F8BDBDE8F84099
:105EE0000220FFF77BBEBDE8F8400320FFF776BE37
:105EF000BDE8F8400120FFF771BEBDE8F840064953
:105F00000648FCF7E1BE00BF48250020D430010858
:105F100084100108A0100108A430010888100108AD
:105F2000054A92F91C108142034603D028201377BA
:105F300005F07AB9704700BF48250020084B00EBF8
:105F4000400003EB8003D3ED0B7AF4EE407AF1EEE0
:105F500010FA00D17047292083ED0B0A05F064B9CF
:105F600048250020084B00EB400003EB8003D3EDF5
:105F70000C7AF4EE407AF1EE10FA00D1704731203D
:105F800083ED0C0A05F050B9482500202DE9F843AF
:105F9000DFF8648000EB400508EB8505044695F8C2
:105FA00029308B4202F001064FEA400712D0114B14
:105FB00085F82910C1EBC10103EB810999ED040AB1
:105FC000FFF7D0FF204699ED050AFFF7B7FF8020C5
:105FD00005F02AF995F82A309E4201D1BDE8F883F0
:105FE000274408EB8707092087F82A60BDE8F843B3
:105FF00005F01AB95C2D01084825002008B5104BA2
:1060000000EB400203EB820282F8281069B9FF22FC
:106010001A7793F828200C336AB901310429F8D192
:10602000BDE80840802005F0FFB81877BDE80840BB
:10603000802005F0F9B80846FFF772FFF0E700BFCF
:1060400048250020084B263003EB8003D3ED017A6E
:10605000F4EE407AF1EE10FA00D17047082083ED9B
:10606000010A05F0E1B800BF48250020094A92F96D
:106070001C30591C0AD003EB430302EB830393F853
:106080002A3002EB830292ED270A70479FED020A45
:10609000704700BF482500200000000038B50E4BB7
:1060A000D3F83C311B681B78042B05D00B4A1378BE
:1060B00023F04003137038BD15460C460E21FBF744
:1060C0001BF829462046FBF717F8BDE8384004487E
:1060D0000621FBF711B800BFEC640020000300208C
:1060E0009C10010830B40A4C0A4DD4F8C830D4F8DA
:1060F000CC201968B2FBF0F221F00101286619608A
:10610000DA601A6842F0010230BC1A60704700BFC2
:10611000687700200403002010B51A4B1A4A1B7838
:10612000948A042B04F0040410D11848D4B1FBF76E
:10613000FBFB1748FBF7F8FB1648FBF7DFFB16489D
:10614000FBF7DCFB154B164A1A6010BD1148FBF734
:10615000D5FB1148FBF7D2FB002CF3D10F4B114AB2
:106160001A6010BDFBF7E0FB0948FBF7DDFB0D48AB
:106170000AF01AFC0748FBF7C1FB0748FBF7BEFB18
:10618000ECE700BFE476002004030020F464002064
:10619000286500209077002070770020280C0020D0
:1061A00068770020EC640020FEE700BFEFF3098071
:1061B000FFF7FABF027803462B2A08BF01331A788B
:1061C000302A0DD15A786F2A05D0782A05D0622A54
:1061D00006D1022102E0082100E01021023300E094
:1061E0000A21002013F8012B303A102A84BF22F034
:1061F0002002073A8A4202D201FB0020F2E77047F0
:10620000012808B507D00B4B0B491A780B48BDE89D
:106210000840FCF759BD0868FFF7CCFFC3B2082B54
:10622000044A28BF08231370BDE80840042004F086
:10623000FBBF00BFC4640020A4100108AC0D01081E
:10624000022803D00D490E48FCF73EBD38B50C4678
:106250000A492068FAF7D6FF051E05DABDE838407E
:1062600006490748FCF730BD6068FFF7A3FFC1B2DD
:10627000A8B2BDE8384008F069B900BFA8310108EC
:10628000B4100108012802D00748FCF71DBD08B56D
:106290000868FFF78FFFFEF7B1FC044BD97FBDE81C
:1062A000084009F099BA00BFD01001084825002025
:1062B000012808B507D0074B07495A680748BDE8C9
:1062C0000840FCF701BD0868FFF774FF014B5860F8
:1062D00008BD00BF04030020F0100108AC0D010848
:1062E000012810B51FD002280BD0174C618B17481E
:1062F0004FF47A624B1CBDE81040B2FBF3F2FCF79E
:10630000E3BC0868FFF756FF83B2B3F57A6F16D87F
:10631000072B16D918464FF47A63B3FBF0F3013B11
:10632000C3F3080304E00868FFF744FFC0F3080361
:10633000054C40F20220638304F076FFD6E7002389
:10634000F6E740F2FF13F3E70403002018110108F9
:106350002DE9F04FDFF8E08287B0831EB8F81A907D
:10636000ADF81290022B00F2CC80054608680C466E
:10637000FFF720FF07466068FFF71CFF0646002F67
:1063800000F0B980002800F0B680874200F2B380A8
:10639000022D40F0BC800023ADF810309D4B09F178
:1063A000FF3A93F800B01FFA8AFA03212BF0080B8A
:1063B00083F800B0B8F82430DB0505D5BDF81030FF
:1063C0001D0758BF41F02001D8ED277A98ED287AB3
:1063D000F5EE407AF1EE10FA00F0B380BDF810301F
:1063E000DC0607D4B5EE407AF1EE10FA41F0040174
:1063F00040F0B280D8ED2A7AF5EE407AF1EE10FA4C
:1064000005D0BDF810309A0658BF41F01001D8F8F9
:106410000C309F4200F0A38041F040017E4B7F484A
:106420001F607F4B7F4AA3F800A0F61BB6FBFAF370
:106430000AFB136603608B07A8F81A90166040F0F9
:106440009980FEF7DBFBBDF81030002B56D013F01F
:10645000800440F09380BDF81220002A4ED0724D87
:10646000DFF8D8A1DFF8D891DFF8D8810FE09A07DC
:106470001AD45B072BD44046FCF726FCBDF812303B
:106480000134A34205F1080538DDBDF81030D90705
:10649000EDD5A0B2FEF7F8FB01465046FCF714FC20
:1064A000BDF810309A07E4D52868FAF779F806465F
:1064B00068680F46FAF774F83B46CDE900013246AA
:1064C0004846FCF701FCBDF810305B07D3D505F654
:1064D00088431868FAF764F805F68C43064618688E
:1064E0000F46FAF75DF83246CDE900013B464846D3
:1064F000FCF7EAFBBFE74D48FCF7E6FB07B0BDE859
:10650000F08F4B48FCF7E0FB07B0BDE8F08FA068C8
:10651000FFF750FE1FFA80F909F1FF3A1FFA8AFAD5
:10652000BAF5C87FADF812905FD83A4BA8F81A9028
:106530000022042D93F800B0ADF8102059D00321AB
:1065400034E7B5EE407AF1EE10FA3FF453AFBDF800
:106550001030D8063FF54EAF41F008014AE7D8F8B1
:1065600010309E427FF458AFB8F822304B457FF48C
:1065700053AF53E70020FEF7A3FB62E7022104A814
:10658000FAF7BAFD02210DF11200FAF7B5FDBDF8D8
:106590001230002BB2D0244D00240AE09E071DD4F7
:1065A000580715D4BDF812300134A34205F108058F
:1065B000A4DDBDF81030DF07F0D5A0B2FEF764FB14
:1065C0000421059005A8FAF797FDBDF81030E5E71E
:1065D000082105F68840FAF78FFDE3E708212846F1
:1065E000FAF78AFDBDF81030DAE71248FCF76CFBC9
:1065F00084E7E0680393FFF7DDFD1BF0080F81B22D
:1066000018BF41F08001ADF81010039BC1F34101A8
:10661000CCE600BF00030020000C0020040C00208A
:10662000FC0B0020F80B00202C0C00206811010846
:10663000301101088811010848250020AC1101081B
:10664000B0110108A010010810B5064C237843F0E2
:1066500008032370FFF77CFE237823F008032370E0
:1066600010BD00BF00030020012805D00D4B0E49CE
:106670005A6E0E48FCF728BB086810B5FFF79AFD64
:106680000B490C4A074CA0F1B773A3F558538B4242
:1066900088BF10460849094A606600230B701360E2
:1066A00010BD00BF04030020B8110108AC0D0108A3
:1066B00000093D0080BA8C01F60B0020200C002060
:1066C00028B303282DE9F04104461ADC002801DC38
:1066D000BDE8F081D1F8008040460D46FFF76AFD25
:1066E000012C06461AD10028F2D00146BDE8F0413F
:1066F0000020FFF7E3B921494046FAF783FD431C28
:1067000036D1BDE8F0411D491D48FCF7DDBA1D49F1
:106710001D484B8BD1E90112FCF7D6BA6868FFF728
:1067200049FD032C074615D1A868FFF743FD044631
:106730005EB91FB139460120FFF7C0F9002CC7D060
:10674000A0B2BDE8F041FFF7A7B931460020FFF73E
:10675000B5F9EEE7002ECED031460020FFF7AEF9B6
:10676000002FB5D039460120BDE8F041FFF7A6B9AA
:10677000394680B2BDE8F041FFF7A0B918310108F1
:10678000E011010848250020D4110108012804D097
:106790000C4A0D480621FCF797BA08B50868FFF7C0
:1067A00009FD062806D9BDE80840064A0648062124
:1067B000FCF78ABA06F0E8FABDE80840042004F0C5
:1067C00033BD00BF2812010830120108012804D08F
:1067D0000D4A0E480621FCF777BA08B50868FFF79E
:1067E000E9FC062806D9BDE80840074A0748062103
:1067F000FCF76ABAFFF740F900B908BDBDE80840E8
:106800000348FCF761BA00BF5812010830120108B2
:1068100044120108022870B51FD02248224D234C93
:10682000FCF752FA002635F8023FDA084FEA531C0B
:106830000CF0F80C180402F4E05242EA0C0200F4E6
:1068400078005B0302439BB231461A43204601366F
:10685000FCF73AFA202EE6D170BD08680C46FFF727
:10686000A9FC83B21F2B0546F6D86068FFF7A2FC8F
:10687000C300410101F4F85103F460430B430C4A97
:10688000010CADB201F0F80102EB4502C0F3423059
:106890000B430343BDE870404FF4E370D38304F02F
:1068A000C3BC00BF60120108200300207C12010855
:1068B00004030020012808B506D0094B0948196EC9
:1068C000BDE80840FCF700BA0868FFF773FCB0F5B4
:1068D000967FBDE8084038BF4FF49670FFF702BCC2
:1068E000040300208C12010800282ED002282CDC82
:1068F0001E4B9B8A5B0728D470B5022892B025D026
:1069000044F620640D681A4E2846FAF719F829460D
:10691000024623461748184DFBF7D2F81749154889
:1069200023460222FBF7CCF802E033681B68984745
:10693000402202A923462846FBF764F8024602A932
:106940000B48002AF1D112B070BD70474868019120
:10695000FFF730FC0A4C0B4B019900FB04F404F2E6
:10696000E734A3FB0434A409CCE700BF04030020F0
:10697000EC6400209077002070770020A0100108C0
:10698000A0860100D34D6210B0B138B50446086846
:106990000D46FFF70FFC012C024607DD022C69684B
:1069A0000DD0A868BDE8384008F016B90021BDE850
:1069B0003840084608F010B90348FCF785B9BDE82F
:1069C0003840002008F008B9A012010838B5037853
:1069D0002D2B044604D02B2B4FF0000502D100E0F4
:1069E000012501342046FAF7F3FB00EE100AB8EE59
:1069F000C00A204614F8013BA3F13002092AF8D955
:106A000003F0FD032C2B14D1DFED2C6A2246B7EEE8
:106A1000007A104612F8013B303BD9B2092908D858
:106A200007EE903A27EE267AF8EEE77AA7EE870A85
:106A3000EFE703785A1E742A3BD8642B06D8472BFD
:106A40001BD04D2B1BD0452B11D032E0653B102BBA
:106A50002FD8DFE803F00C2E2E2E2E2E162E2126F8
:106A60002E092E2E2E2E1E006FF00B001BE0013083
:106A7000FAF7AEFB002812DD04E0092002E0062050
:106A800000E00320F2EE047A013820EE270AFBD161
:106A90000FE06FF0050006E06FF0020003E008D0A1
:106AA00001E06FF00800DFED057A013020EE270AE3
:106AB000FBD10DB1B1EE400A38BD00BFCDCCCC3D0D
:106AC0002DE9F043334B344D1E6887B006F07F3418
:106AD00024F0FE440494D3F80480032808EA050552
:106AE0000F4605953ED0022814D02C4B039306F098
:106AF0007F06C4F30623240CCDE90136009408F088
:106B00003F03C5F30422290C2548FCF7DDF807B044
:106B1000BDE8F08321493868FAF774FB8146B9F182
:106B2000060F78682ED0FFF745FBB9F1000FDCDBCC
:106B30006328DAD81B4B1C4AA3FB001312F8092068
:106B4000DB0803EB83011832A0EB41006A4440EA02
:106B5000031002F8080CDDE9041007B0BDE8F043AB
:106B600007F068BD11493868FAF74CFB0028BCD122
:106B70007868FFF71FFB0446B868FFF71BFB014668
:106B80002046EAE7FFF722FF07B0BDE8F04307F031
:106B900009BE00BF002800403F1FFF005C31010814
:106BA000C8120108CDCCCCCC54310108C412010864
:106BB0002DE9F047044684B060BB654DDFF8B48131
:106BC000644F654E95F828303BB90134042C05F12B
:106BD0000C05F7D104B0BDE8F08795F82A3095F898
:106BE0002920286B03F00103C2EBC20258F823A04E
:106BF00057F82290F9F7D4FCCDE90201E86AF9F7D9
:106C0000CFFC5346CDE900014A4621463046FCF709
:106C10005BF8DAE70D680E4628465049FAF7F2FAB3
:106C200008B9012C2DDC2846FAF7D2FA03280546CC
:106C30001ED8012C32D0776849493846FAF7E2FA73
:106C4000002850D047493846FAF7DCFAB0F100087E
:106C500054DB3F4B05EB450203EB8203022C93F818
:106C60002A2035DDB068FAF7B3FA012802462FD999
:106C70003D4B3E4A3B493E4804B0BDE8F047FCF777
:106C800023B8776836493846FAF7BCFA68B328461D
:106C9000FAF79EFA03280546CED9E9E72C4B354E84
:106CA0002C4C00EB400203EB8203014693F82920B1
:106CB00093F82A00C2EBC20200F0010354F822202C
:106CC00056F823302C4804B0BDE8F047FBF7FCBF72
:106CD00041462846FFF75AF90121284604B0BDE88D
:106CE000F047FFF78BB90146F7E70446204600213D
:106CF0000134FFF783F9042CF8D16BE71B493846C0
:106D0000FAF780FA002812DA022C7FF763AF1649EF
:106D10003846FAF777FA90B10128A9D1B068FFF7A1
:106D200055FE284604B0BDE8F047FFF71BB9084BF5
:106D300005EB450503EB850383F82B004AE7B068B4
:106D4000FFF744FE284604B0BDE8F047FFF7F6B869
:106D5000482500205C2D01081C1301083013010890
:106D600034130108E42C0108982C0108A82C010810
:106D700044130108902C01083813010870B5041E53
:106D80001DDD0E6817493046FAF73CFA431C0546EC
:106D900023D0022C15D0144BDFED147A03EB8503BE
:106DA00093ED277A67EE277A17EE900AF9F7F8FB4A
:106DB000BDE8704002460B460D48FBF785BF002535
:106DC000E9E73046FFF702FEDFED0A7A284620EEBB
:106DD000270ABDE87040FFF735B93046FFF7F6FDEA
:106DE0000025F1E7882C010848250020A5D4685328
:106DF00028130108CCBC8C2B10B5104C012894ED45
:106E00002A6A0AD016EE100AF9F7CAFBBDE810404C
:106E100002460B460A48FBF757BF0868FFF7D6FD46
:106E2000B4EE460AF1EE10FA00D110BD84ED2A0A44
:106E30000820BDE8104004F0F7B900BF4825002045
:106E4000281301082DE9F0410346DFF858C0144F1C
:106E5000002086461C7804B3202C1CD0092C1AD0A4
:106E6000222C06BF01333C4664469042B8BF41F82D
:106E70002030013080B2651E15F8016F36B193F8ED
:106E80000080B045F8D183F800E004E013F8015F1A
:106E9000002DF0D101E00133DCE7BDE8F08100BF57
:106EA0002C2201082922010838B505220E49FFF7D6
:106EB000C9FF0E4B80B2904218800ED880B10D6889
:106EC0000B4C0C4802E054F80A0F48B12946FAF777
:106ED00099F90028F7D1204638BD0748FBF7F4FEA2
:106EE0000024204638BD00BFD0640020E4640020A8
:106EF000382A0108500F01089C130108C24EC34AEA
:106F0000B36AC34CDFF87493C2482DE9804800256A
:106F10004FF0FF37B762B562336937613561F368A7
:106F2000F760F560F369DFF858B343F08053F3611D
:106F3000B36943F00103B361136843F020031360A6
:106F4000B54B236004F10803C4E902334023E36135
:106F5000E36304F12803C4E90A3304F14802AF4BA8
:106F600062614FF0010804F18802C4E90855C4E9E0
:106F7000105584F80480A5612561A563C4E90C322D
:106F8000A74B4FF0200A8BF825A32946CBF884A104
:106F900083B0CBF804A03822C4E9320309F12C00F5
:106FA000C9F8045089F8008009F09EFE9D4BC9F88D
:106FB000085011221A60F3699B4943EA0803F36100
:106FC0009A4BC3E90135C3E90775A3F83C808A6889
:106FD00042EA08028A604FF0804295494FF08050A3
:106FE00040F2CF2CC2F828C0D76295615563D560B6
:106FF0005560C2F81480C2F800808BF81CA3CBF84F
:107000008001CBF800001B608D60C8684FF6FF025E
:107010001040884A0243CA6003F1140CD1F8FC20E6
:107020008548C3E905CC03F1280CC3F810C0DFF88C
:1070300054C2C3F838C042F080724FF0800CC3F8DD
:1070400030C0C1F8FC20036843EA08030360102342
:10705000CB7781F822A085F3118862B6774B4FF485
:107060009C725521184609F03FFE8AF31188744A34
:10707000C0F8F420734AC0F8142100F1B402C0F83B
:1070800024210222C0F82081C0F8F850A0F82C2159
:10709000C0F8280100F58C7008F0A6F985F3118876
:1070A0007369DFF8E4E1684ADFF8E0A1674843EA82
:1070B000080373617369DFF8D8814FF0904143F49E
:1070C000FC0373614FF6DF1B4D60C1F808E0DFF889
:1070D000C4E1C1F80CE0C1F814B00D62C1F824A0FD
:1070E000C1F800806FF00F01556091605849D16080
:1070F0004FF6FF7C5749C2F814C0116256495162DD
:1071000001F15A2101F5A021544BDFF88CE15B31EC
:1071100011604FF080625D609F60C3F80CE0C3F8BF
:1071200014C01D625D621A60036843F480730360DB
:1071300007F01CFB336A13F0020F336A08BF4FF4E9
:10714000024703F4034318BF4FF40147BB4208D082
:107150004FF480333362356207F008FB336A1F4314
:107160003762294B1A6A12F440721CD0A3F5F4332B
:10717000CA21596253215962394D3A49B2F5807F8B
:1071800008BF0D46DA68D10603D51A69AA4200F095
:107190008F8307F03DFA002840F06C83324AD368B1
:1071A00023F08003D360184ADFF8F080D3692F4DB5
:1071B000DFF8ECC0DFED2E7A9FED2E7A2E4E43F0F5
:1071C0000053D361A2F5CE3205F1280E136843F4C3
:1071D00080331360B8E80F00AEE80F00B8E80F0086
:1071E000AEE80F0098E80F008EE80F00BCE80F0033
:1071F00005F158070FC7BCE80F000FC7BCE80F0028
:107200000FC79CE80F004DE0001002400000014055
:107210006877002000380140E0280108C90A00080A
:1072200000A24A0400200240002004E03878002038
:1072300000ED00E00003FA05001000E0A8030020C4
:1072400055090008C1020008000400480070004011
:107250005055555500505500440055500008004801
:10726000E7032700FF007F0000280040482500209A
:10727000000000000000484200F80308E476002007
:1072800000E100E0000100200000FFFF70E70E00B9
:1072900000FCAA6AAA0101A8555555014029010818
:1072A0000029010887E80F003B4BC5ED277AC5EDA3
:1072B000287AC5ED297AC5ED2A7A85ED2B7A85EDF8
:1072C0002C7A2B604FF48C43A5F898304FF4CA0306
:1072D000AB61A3F5CC03EB61304B2B62304BAB6061
:1072E0004FF0000AC5E9043A4CF2503BC5F804B02F
:1072F000C5F80CB033682B4AA5F824A0934240F09F
:10730000DC82294A334604361B68964203EBFA7A3C
:10731000F8D12649264F0B6F534507D174223846C2
:1073200009F0EAFCBB8A5A0600F18982002005F0C8
:1073300091FDFEF789FA95F8210003F07DFF1D49C4
:107340001D4B8A6942F480528A6100251B4A1D60E8
:1073500040F20730A1F55F411860F43941F2037043
:107360005860916351621A684FF0904642F04002B3
:107370001A604FF00043B3614FF4FA70FAF722FB42
:107380004FF40043B3614FF4FA700126FAF71AFB89
:10739000294630460A4D16E0544E4F43FF00650023
:1073A00000E9A435564E4F4370F8030800F803086F
:1073B00004030020001002400030014000000240A1
:1073C000702901086978AA1C04F0F6FA6B78023378
:1073D0001D44C820FAF7F6FA28780028F2D10646AC
:1073E00004F012FD3146072004F016FD05220323A8
:1073F0001146B14805F0A2F93146012004F00CFD18
:10740000AE4A3621052004F0E3FD787F04F086FAC9
:10741000AB49AC4BCA6942F40012CA611A6822F047
:1074200001021A60A84A1A611A6842F001021A6041
:10743000A64B02255E1C2A463146602008F0A8F8BB
:107440007319755D002DF5D197F86C20A04BA148FC
:1074500053F82220A04B29461A6008F0BDF9B868FD
:1074600007F010FD9D4B9E4A1D61C2E9002203F109
:10747000B402C3E91222DA61DA6503F17002C3E9EA
:1074800005229A6201221A715A6203F10802C3E9C5
:10749000022244221A625A6503F13C02C3E90F2218
:1074A000904A1A60904A5A63904A9A66022103F5FC
:1074B0009E721A65C3E90B55C3E918559B635D6459
:1074C000DB669965202282F3118819718849C9F811
:1074D0002C30C9F84830C9F83030C3F83C1185F376
:1074E0001188386E82F311882379012B04D1744AF4
:1074F000936943F480439361D4F8C830D4F8CC1036
:10750000B1FBF0F140225A60012540F22D129D603E
:107510001A601A6822F001021A60D96019684FF0E7
:10752000FF32294319601A6202232371002484F375
:107530001188386EFEF7D6FD2A460C214FF0904098
:1075400007F072F94FF090434FF080529A6142F287
:107550001070FAF737FA202282F31188654B6648DB
:10756000C9F80430214609F0BFFB99F80010A94280
:107570001AD15348614BC26942F40002C261604AA9
:107580004FF48060D025116483F84A534FF40061B2
:10759000C3F888019860302083F84B03C3F8881142
:1075A0009960146407F0C8FE022389F800300024B3
:1075B00084F3118840F202720C214FF0904007F0E2
:1075C00033F9FEF7A9FD204605F0CAFA4D4C04F147
:1075D0003605214602221820023407F0D9FFAC42BA
:1075E000F7D1494C04F10805214602221820023443
:1075F00007F0CEFFAC42F7D144F62060FAF7E2F98B
:107600003E4B302283F80E234FF48042C3F8802192
:107610001A603E4BC0229A643D4ADA643D4A1A65BC
:1076200043F2A7525A64264AD36943F48043D36194
:10763000A2F5EC32002401211460224B51604FF47A
:107640005B611462D1611A6822F001021A60324A49
:107650001A611A6842F001021A6004F0D5FB2F4B40
:107660004FF4A5625521184609F03EFB202203463F
:1076700082F311882A4AC0F804257F22C0F8102519
:107680000222A0F81C25274AC0F8E844C3F8E424E5
:10769000C0F8180503F2A44200F5A160C3F8142550
:1076A00007F0A2FE84F311881F4E204DDFF880A062
:1076B000DFF8808047E000BFB8130108C413010859
:1076C000001002400054004064505401AC290108ED
:1076D000A029010880BA8C0104050020EC64002078
:1076E000C8640020BC29010879140008850B000833
:1076F000EC290108DC290108F076002000E100E017
:10770000005C0040FC290108F42901080000024047
:107710000C380040700A00204128AA0048050020CB
:10772000C10200083D51000808050020280C002077
:10773000E4130108342A010899F80030042B05D01D
:107740005F48FAF73FF9BB8A5B07F5D55D48DFF87C
:10775000A4B1FBF7B9FA5046FBF7B6FA0024286843
:10776000036801225B680DF10701984700B39DF89B
:107770000730082B13D07F2B11D00D2B24D01F2BBB
:10778000EDD93E2C4FF001010DF10700E7D8F9F7D4
:10779000B3FC9DF807203255631C9CB2DFE7002C38
:1077A000DDD004214046013CF9F7A6FCA4B2D6E79F
:1077B00044F62060FAF706F9BB8A5B07CBD499F848
:1077C0000030042BC7D0BBE75846FBF77DFA0023F7
:1077D00033553D48FFF768FB00B303895C0703F0AE
:1077E000020204D5394991F9001000290EDB22B1BB
:1077F00037490A7842F004020A70D907426816D461
:10780000344B3549188801389047D5E722B1304AC2
:10781000137843F0040313704268F1E72F4B1968A3
:107820000B78002BC8D02E48FBF74EFAC4E72D4B3F
:107830002D481A604FF0FF31FAF7D0F8BCE7DFF8B7
:10784000AC80D8F85060002E3FF470ADC6F3834092
:10785000062817D805F0FEFAA0B9D8F854306B60A6
:10786000D8F85830AB60D8F85C306B61C6F30803C9
:107870006B830AE01D4B00229A608022DA601D6152
:107880001D618BE4002005F0E5FAC6F346627A77C5
:10789000164BC6F382523A771B6EC6F3482643F066
:1078A000400340F202207E83BB8203F0BDFC40E532
:1078B000DA6822F02002DA6075E40D4F36E500BF89
:1078C000A0860100D0130108080500200003002055
:1078D000120C0020E4640020D4640020D064002056
:1078E000EC130108E8640020C86400200028004070
:1078F00004030020A01001082DE9F04100240646F1
:10790000964625462346BEF1800F16F803C003F1C4
:10791000010706EB0300A8BF4FF0800E002310F80C
:10792000018FE04505D103F10108C64501D043466A
:10793000F5E70CB1012B02DD2C46013500E00023F8
:10794000681C01EB040E0D4423B11F445B42DBB203
:10795000002405E0031B023BDBB27F2B28BF002481
:1079600085F800C08EF80030A2EB070EBEF1000FC4
:1079700002DD05463B46C6E7BDE8F0812DE9F0474C
:10798000002882B012DC334D002420462A46022112
:1079900007F0D0FA02344FF4F0612846F9F7ACFB57
:1079A000B4F5A07FF1D102B0BDE8F08740232A48AA
:1079B000ADF806300821F9F79FFB02210DF1060012
:1079C000F9F79AFB2548BDF80610254D254EF9F725
:1079D00093FB0024A246A5F2FE37A5F2BE39A5F519
:1079E0007F7801214A46504607F0A4FA1E4901F16A
:1079F000010C04E0E3B2A9420CF8013F15D006EBFC
:107A0000440331F8022FDB8B9342F3D0174B002451
:107A100033F8020F9042EDD00134202CF8D100242D
:107A20002346A9420CF8013FE9D14FF4F0724146D8
:107A30000F48FFF761FF81B20346023138460AF171
:107A4000010A3B80F9F758FBBAF5A07FC9D102B013
:107A5000BDE8F0872C6600204C310108220300208D
:107A60002A6A0020040300206A6600202003002008
:107A70006C6600202DE9F0410C68B4F5801F1FD31F
:107A80000368B3FBF4F201264FF0000E04FB12333F
:107A9000354677460CE0B4FBF3F206FB02ECBCF58E
:107AA000801F03FB1248B6461C4607D26646434673
:107AB000AC4602FB05756746002BECD105600E60F5
:107AC000BDE8F08110B51F4B2DED048B0446D3E9C2
:107AD0000001F8F7DDFE07EE900AF7EE008AC8EE27
:107AE000A79A194BD3E90001F8F7D2FE174B08EE1D
:107AF000100AD3E90001F8F7CBFE154B09EE100A86
:107B0000D3E90001F8F7C4FE07EE900A29EE299A9E
:107B100028EE298A67EEA97AB0EE687AF0EE496A13
:107B2000E8EE276AA8EE087AE8EE497ABDEC048B05
:107B300086EE876AC7EE876A84ED006AC4ED016A43
:107B400010BD00BFE0980020E8980020D8980020E1
:107B5000D098002001FB01F300FB003345F6D8224A
:107B6000934252DC45F6A81293424CDC00294AD0DD
:107B70000029B8BF49424FF0980C4FF49872002882
:107B80000CFB01F102FB10322ADB4B2815DDC1F59D
:107B9000B54C0CF10C0C9444BCF1980F33D94FF058
:107BA000E40C0CFB103C0CF5355C0CF1060CBCF144
:107BB000000F2ADBBCF14C0F25DDA2EB410C0CF5CC
:107BC000B54C0CF1580CBCF5987F1CD94FF0980CB3
:107BD0000CFB103C1CF14C0C17D4BCF1980F12DDBF
:107BE000A2EB810202F5B6427032B2F5187F0AD9D3
:107BF0004C2202FB1030A0F532502E38E4288CBF06
:107C0000002001207047012070470020704700BF0E
:107C100091ED010AD1ED007A20EE000AA7EEA70A45
:107C2000B1EEC00A704700BFD1ED017A91ED007A44
:107C300067EEA77AE7EE077A17EE903A002B1ED090
:107C4000C3F3160242F07C5207EE102ADFED0F6AF2
:107C5000DFED0F5A9FED0F0A77EE266A07EE903A96
:107C600085EEA66AF8EE677ADFED0B5ADFED0B6A58
:107C7000A7EEA50AA7EE660A30EE460A704767EE41
:107C8000A77ABFEE007A87EE270A7047F944B43E20
:107C9000DA40A6405AFABAC3C1A8C034FE4D90409B
:107CA00091ED000A704700BF91ED010A704700BFD7
:107CB000D1ED006A91ED017AF7EE007A77EEE67A7F
:107CC00027EE077ADFED076AA7EEA77A67EEA67AB6
:107CD000DFED056A87EE870A30EE660AB0EEC00A6D
:107CE000704700BF0000C84200004842D1ED017A51
:107CF000D1ED006AB7EE007A37EE667A27EEA70A72
:107D0000DFED046AA7EE070A67EEA67A87EE800A1F
:107D1000704700BF0000C842D1ED017A91ED006AC2
:107D20009FED0B0A67EEA77AB7EE007A76EE076A48
:107D300037EE467AB0EE676AA6EEA66AE7EE077AF5
:107D400086EE277AB1EEC77A27EE000A704700BFA9
:107D500000004842D1ED017A91ED006A67EEA76A12
:107D6000B7EE007AE6EE066A77EEA77A37EE667A25
:107D700087EE870AB0EEC00A704700BFD1ED007AE7
:107D800091ED017AF7EE006A77EEA67A27EE077A90
:107D9000DFED076AA7EEA77A67EEA67ADFED056A40
:107DA00087EE870A30EE660AB0EEC00A704700BF61
:107DB0000AD7233D0AD7A33CD1ED017A91ED007A91
:107DC000F7EE006A37EE267A27EEA70ADFED046A9F
:107DD000A7EE070A67EEA67A87EE800A704700BF13
:107DE0000AD723BD08B5FFF7C9FFF7EE007A87EE83
:107DF000800A08BD08B5FFF7DFFFFFEE007A87EEC7
:107E0000800A08BD08B5FFF787FFF7EE007A87EE16
:107E1000800A08BDD1ED006A91ED017AF7EE007A93
:107E200077EEE67A27EE077AF3EE096AA7EEA77AED
:107E300067EEA67A87EE870A30EE660A704700BFC3
:107E4000D1ED017AD1ED006AB7EE007A37EE667AAD
:107E500027EEA70AF3EE096AA7EE070A67EEA67AED
:107E600087EE800A704700BFD1ED017AD1ED006A3C
:107E700067EEA77AB7EE007A37EE667AB0EE676AF9
:107E8000A6EEA66AE7EE077AB3EE090A86EE277A2F
:107E9000B1EEC77A27EE000A704700BFD1ED017A34
:107EA00091ED007ADFED066A67EEA77AE7EE077AD2
:107EB00027EE267A87EE270A30EE660A704700BF63
:107EC0000000C842D1ED017A91ED007ADFED056A3C
:107ED00027EEA70A67EEA67AA7EE070A87EE800AC2
:107EE000704700BF0000C8C2D1ED017AD1ED006A31
:107EF0009FED0A0A67EEA77AB7EE007A37EE667A48
:107F0000B0EE676AA6EEA66AE7EE077A87EE867A93
:107F1000B1EEC77A27EE000A704700BF0000C842E2
:107F200091ED017AD1ED007A67EE076AE7EEA76A74
:107F300077EEE67A87EE270AB0EEC00A704700BFF8
:107F40004009520990424FEA51114FEA531320D091
:107F50002BD9801A00F1010C012000FA0CF0013835
:107F6000994200FA02F010D9124AC91A13FA81FC98
:107F700081B2901C02EB430300EB4C001A880A43C9
:107F800023F8022B9842F9D170471A460B46114646
:107F9000EAE79942DDD1074A012332F811C0834054
:107FA00043EA0C0322F811307047944602466046BB
:107FB000CFE700BFB89800202DE9F047DFF884E054
:107FC000BEF800C0164630F821204FEA4C0C1FFACC
:107FD0008CFCB2420C4605461F46AEF800C04FEA84
:107FE000810900EB810813D04CF0010CAEF800C001
:107FF0001CF0030FDFF850A000D074B955F82430FE
:10800000CAF8003025F82460A8F80270BDE8F087AF
:10801000B8F80230BB42E7D1EAE7B8F80230BAF864
:108020000210BAF80000A9F10409FFF789FF05EB77
:10803000090335F80900598832463B46FFF780FFAF
:10804000DCE700BFB4980020B098002009494B8BB2
:10805000D1E90112013B00FB03F3521A00EE102A92
:1080600007EE903AB8EE400AFAEEEB7A87EE800A15
:10807000704700BF4825002008B5FFF7E7FF074B12
:108080009FED077A93F8993007EE903AF8EEE77A89
:1080900067EE877A27EE800A08BD00BF48250020DA
:1080A00092FAB649121A01324FF0010C0CFA02FC96
:1080B0000CF1FF3C99420CFA00FC0FDC084A01333A
:1080C00002EB4102092901F1010103DC10884CEAAD
:1080D00000001080994202F10202F3D1704700BF04
:1080E000B89800202DE9F0430746144652429742C3
:1080F00007983DDD13EB01080D460A4638D4B8F168
:10810000200FA8BF4FF02008002905DAE31DDB107F
:10811000002501FB13002A46904529DD154BD3F8B5
:108120000090154B1E884FF0000C07EB4211BE4625
:1081300009EB41010023024613F0070F04BF12F8B8
:1081400001CB10464FEA4C021CF0800F5FFA82FC14
:1081500004D0BEF11F0F98BF21F8136001339C4279
:108160000EF1010EE7D101352DB2A8452A46DCDC1F
:10817000BDE8F083AC980020A89800202DE9F04FCE
:108180000446B0F904001F288DB003DCB4F9067072
:108190001F2F03DD00200DB0BDE8F08F163901EB75
:1081A0008103354D01EB430115F801A00AF0070AE0
:1081B000CAF10806B6B2F0420D444FD417F10B0FC6
:1081C0004CDB0AF108034FF6FF7949FA03F909FA83
:1081D00003F94FF0000E0FFA89F96A1E0DF110082D
:1081E00005F10A0BF446CDF80CA012F8013F09EA9C
:1081F0000323990841EA53010B435BBAF2461FFA85
:1082000083FE4AEA0E014CEA010C934528F802CBA2
:10821000D446EAD1DDF80CA0ADF8283004AA0092CB
:10822000164BADF82610CAF10A0292B2791E144F0D
:10823000B3F852C0B7F80080A7F800C0092A00F1CF
:10824000FF3000B238BF092209B20D23FFF74AFF01
:10825000A7F80080B4F90400B4F90670009532461E
:108260000B233946FFF73EFFA38800201E44A6805B
:108270000DB0BDE8F08F00BF985401080403002042
:10828000A898002030EE000A31EE011A002320EEFB
:10829000411AA0EEA01AB5EEC01AF1EE10FA02D5FE
:1082A000436003607047B1EEC11A31EE607A70EE40
:1082B000810AC7EE007AF1EE600AC0ED007AC0EEE6
:1082C000807AC0ED017A7047B4EEE00AF1EE10FA60
:1082D000CCBF012000207047B4EEE00AF1EE10FAA6
:1082E0004CBF012000207047084B00F2911203EBB5
:1082F000C20203EBC00303F68C4393ED000AD2EDF8
:10830000007A20EE000AA7EEA70A70472C0C002086
:10831000074B03EBC00200F2911002F68C4203EB14
:10832000C00392ED000AD3ED007A80EE270A704771
:108330002C0C0020034900F2911301EBC301FFF75D
:1083400073BC00BF2C0C0020024B03EBC00393ED69
:10835000010A70472C0C0020024B03EBC00393ED85
:10836000010A70472C0C0020054908B501EBC0013B
:10837000FFF75AFCFEEE007A20EE270A08BD00BF88
:108380002C0C0020044908B501EBC001FFF7AEFC3E
:10839000B0EEC00A08BD00BF2C0C00208842D4BF3C
:1083A00000200120704700BF8842ACBF00200120A0
:1083B000704700BF154BF0B55D8B1DB3144E40F2F6
:1083C000446303FB026684B21FFA81FE4FF4617CB2
:1083D00000214FF0FF30B71C36F8212037F821304C
:1083E000A21AAEEB03031BB212FB02F203FB032340
:1083F0006345B8BF084601F10101B8BF9C468D42F4
:10840000EAD1F0BD4FF0FF30F0BD00BF482500209D
:108410004C7900204FF090431869074B9B8A1B064C
:1084200000F00E0007D5C0F3400383EAD0035B429F
:1084300003F00A0358407047040300200D4A1378E4
:1084400013F0010115D183F0010313700A4B1A6870
:108450001A6080225A604FF0FA621A624FF48072FA
:108460001A63064ADA609A6842F004029A60044B82
:10847000197070473279002000010050001580000B
:1084800038790020094A1378D8070DD583F0010305
:108490001370074B9A68510706D59A6842F010028C
:1084A0009A609A68D206FCD4704700BF32790020E7
:1084B00000010050F0B51D4B1D4CB3F9002024788D
:1084C0001C4BB3F900306CBB1B4CB4F90C60B4F915
:1084D0000E70921B40F2BF156A43B4F91050DB1BBB
:1084E000AD1B92FBF5F240F21F156B43B4F912502D
:1084F000A48A103240F2DF16B242A5EB070593FBC7
:10850000F5F340F23F1503F11003A8BF3246AB422A
:10851000A8BF2B4622EAE272240623EAE37344BF93
:10852000B21AEB1A02600B60F0BD00BF3679002072
:1085300038790020347900200403002030B50E4C37
:10854000228B02F01803082B09D0102B0AD00B4DF8
:10855000002B08BF10200A4B18BF2B4604E0094B24
:10856000002001E0084B082009B14B6003E022F035
:1085700018021043208330BD482500202B2201081B
:10858000362201082E2201083D220108074A138BDA
:1085900039B103F00603984214BF02200320C870CB
:1085A000704723F0060318431083704748250020C6
:1085B000084A137851B10848084A13F0010318BF5C
:1085C000024683F001034A60CB70704783F00103D9
:1085D0001370704700030020452201084B22010858
:1085E000054A138B19B1C3F3C013CB70704783F0E6
:1085F00080031383704700BF4825002004280246EB
:108600000F4BA8BF0422F0B533F832600E8003EBA5
:10861000C20304285A889C884A808C809F79DB8812
:10862000CB800CDD04380A25B0FBF5F305FB130005
:1086300010FB07F013FB046402440C804A80F0BD79
:10864000D04C01080A4B1A880A4B1B889A420CD15D
:10865000094B188850B11E23B0FBF3F203FB120044
:1086600080B2002808BF184600E01E200330704783
:108670002479002026790020287900200A4A92F8DF
:108680006C3021B1094A52F823304B6070470133F6
:10869000DBB2032B28BF002382F86C30044A52F867
:1086A0002320044B1A60704704030020C44C0108C7
:1086B000A029010804050020074B41B19B681B025B
:1086C00049BF0123054BCB70054B4B6070479A683F
:1086D00082F400029A607047002800405522010889
:1086E00052220108074B1A78074B53F8223000201A
:1086F00033B19A7A0AB10A3300E01B690130F7E717
:10870000704700BF307900208803002008B5FFF7CC
:10871000E9FF0C4B93F90020002A01DAFF2202E066
:10872000824201DB421E1A701028A8BF1020064AA0
:108730000828B8BF082040F23113B3FBF0F31380D0
:1087400008BD00BF9C03002084030020054A137865
:10875000032B9CBF013313701278034B43F82200A4
:10876000FFF7D4BF307900208803002041B1064BC9
:108770005A8B4FF47A630132B3FBF2F34B607047CC
:108780000248FFF7E3BF00BF04030020BC5001080C
:1087900019B1034B5B8B4B6070470248FFF7D6BFA4
:1087A0004825002030500108034B93F82120034B4B
:1087B00053F82200FFF7CABF48250020C84F010820
:1087C00019B1034B1B6E4B6070470248FFF7BEBFE9
:1087D00004030020304F010819B1034B9B684B6024
:1087E00070470248FFF7B2BF04030020D44E0108CF
:1087F000044B0A2202FB0030D0F806300BB140785F
:1088000018477047F44A0108044B002013F8012B65
:108810001AB12E2A01D00130F8E7704710790020F4
:10882000034601220A2110464A439A42FBD3B3EB86
:10883000400F4FEA400204D300EB8000984288BF0B
:1088400010467047024A137843F0020313707047D2
:10885000120C0020024A93689B07FCD510737047E6
:10886000003001404B1E9BB251B10133054AC11883
:1088700093689B07FCD510F8013B13738842F7D12E
:10888000704700BF00300140034AFF231373936811
:10889000DB07FCD5107B704700300140074A0144DC
:1088A0004FF0FF3C82F80CC09368DB07FCD5137BCC
:1088B00000F8013B8842F5D1704700BF003001400D
:1088C000054B00E01A7B9A68D107FBD49A68120620
:1088D000F8D41B7B704700BF00300140024A536B45
:1088E000002BFCD1136370470000024006282BD8F0
:1088F00030B5164D95F800E0844681034EFA0CF22F
:1089000001F1006012F0010200F50E3019D1104B98
:1089100004689C4216D10F4C03460C44194604339C
:1089200009689C4201EBF272F8D100F54053D3F88C
:10893000783F934206D1012303FA0CF34EEA030376
:108940002B7030BD002030BD002070470A79002018
:10895000544E4F437877020825494B694FF0A042A7
:1089600030B443F0805300244FF080504B6194604A
:108970009060936843F0004393609368002BFCDBA6
:10898000936843F001034FF0A04193600B68DA074E
:10899000FCD5184A184B4FF4FC444C6100208B6105
:1089A0004FF0805390609360936843F0004393606E
:1089B0009368002BFCDB93680E4943F0010393603E
:1089C0000B68DB07FCD50D4B0B4C0D484FF4FC45F9
:1089D0004FF0200C4D614FF480228C6183F812C35C
:1089E0000849C3F8802130BC1A608160704700BF1D
:1089F00000100240000100500000FC0700E100E010
:108A0000000300500000410170B5034614460068A1
:108A10001860002211F00F065A6004EB460C1A622F
:108A20004FF0100E1963A4F10205DA60228018BF1E
:108A300062809A6842F0040229469A6002E09A68CD
:108A4000520702D51A685007F9D531F8020F1A6C8F
:108A5000614502440A80F5D1BEF1010E2288E8D1B9
:108A60001209228016B163881B09638070BD00BFA4
:108A7000074B08481B68084A00EA530002EAD30281
:108A800003F00F33104423F070631844704700BFA5
:108A900000280040383838000E0E0E00074B0848FA
:108AA0005B68084A00EA530002EAD30203F00F337E
:108AB000104423F070631844704700BF0028004042
:108AC0001808780006021E0008B5FFF7D1FF01461E
:108AD000FFF7E4FF4FEA004CC1F346020CF47F0CB1
:108AE000CB0842EA0C0203F4FF5349091A4301F48C
:108AF000FF214303114303F0FF53C0F307400B432F
:108B0000143043EA406008BD0A4AD368012BFCD008
:108B10001369084943F0020313615061136943F07C
:108B200040031361CB68012BFCD00B6923F00203D7
:108B30000B61704700200240F8B5174B1646174AE4
:108B40005A60871902F18832B84204465A600D46CD
:108B500005D2FFF7D9FF00F500608742F9D80E4B28
:108B60007208A5F1020C0020D9680129FCD019690E
:108B70003CF8025F41F0010119612580D9680129A3
:108B8000FCD01969013021F001018242196104F120
:108B90000204E9D8F8BD00BF002002402301674568
:108BA000474A1368536013F4704F00D17047454A29
:108BB000128892B2002AF9D043494FF080400968E8
:108BC000406A8842F2D341494148498B2DE9F04F30
:108BD00013F4005F01F1010100F1C00308BF034677
:108BE000914285B030DA3B4A00200021C2E9000101
:108BF000394AC2E90001394AC2E90001384AC2E9EA
:108C00000001384A3848B2F90020384D03EB4203DE
:108C1000191DC4330CE002882C6831F9046C013A48
:108C2000043112B2A71C994202802F60268003D023
:108C3000028812B2002AEED1224A1388013B9BB26D
:108C4000138005B0BDE8F08F294A0092DFF884B0A8
:108C5000DFF884A0DFF88490DFF8848003931A1F84
:108C60000192009BDAE9000153F8042F0093D9F830
:108C7000003002919E460199D9F804309C4651F883
:108C8000043F0191C3FBA2ECD8E90076C3FBB276A6
:108C9000DBE90054C3FB82540299C3FB9201009BA1
:108CA000144ACAF800009342C9E900ECC8E900760A
:108CB000CBE90054CAF80410D3D1039BA1E700BF4D
:108CC00000000240140C0020180C002004030020B7
:108CD000700A0020E8980020E0980020D09800203A
:108CE000D8980020080C00200A0C00200C0C002052
:108CF000F0980020B09900200C4B10B46022802422
:108D00004FF4807083F807234FF40071C3F880415B
:108D10001C6083F80823C3F88001186083F80923D6
:108D20005DF8044BC3F880111960704700E100E062
:108D300010EE103A1A1E1ED0C2F3160343F07C53F5
:108D400007EE103ADFED0F6ADFED0F5A9FED0F0AC5
:108D500077EE266A07EE902A85EEA66AF8EE677A25
:108D6000DFED0B5ADFED0B6AA7EEA50AA7EE660A48
:108D700030EE460A704760EE007ABFEE007A87EE6A
:108D8000270A7047F944B43EFE1F993F8A36ACC2A9
:108D90001872B133D5E8843F10EE103A10EE902AE5
:108DA00052EA030142D0F0EEE00AB0EEC00AF4EE5F
:108DB000C00AF1EE10FA21DCC0EE807ADFED1D5A18
:108DC0009FED1D6ADFED1D6A9FED1D0A27EEA77A54
:108DD000A7EE656AE6EE076AA6EE870A20EE270A86
:108DE00044BFDFED187A37EEC00A002ABCBFDFEDC2
:108DF000167A37EEC00A002B15DB7047C0EE207ADA
:108E00009FED0C5ADFED0C5ADFED0C6A9FED0C7AEA
:108E100027EEA76AE6EE455AE6EE256AA6EE267A22
:108E200027EE870AE1E7B1EE400A70479FED070A97
:108E3000704700BFB7B01C3D4A76143EF11CA4BE7B
:108E400036C77F3FDB0FC93FDB0F49400000000002
:108E500008B5D1ED000A91ED010AFFF79DFFDFEDA6
:108E6000027A20EE270A08BDE02E654291ED010A44
:108E7000D1ED007A60EE000AB7EE007AE7EEA70ABD
:108E800008B577EE600A30EE000AFFF785FFDFEDE8
:108E9000027A20EE270A08BDE02E654210B51B4C71
:108EA000638B021E03F1FF3318BF0122181A18BF8B
:108EB0000120002A024493FBF2F214BF6FF0070373
:108EC00000230B4401EBC001D3ED017AD3ED006A1E
:108ED00091ED010A91ED007A60EE270AD4E90113C1
:108EE00020EE660AE7EE260A5B1AB3FBF2F0A7EE65
:108EF000270AFFF751FF9FED067A07EE900A20EE52
:108F0000070AF8EE677A80EE270A10BD4825002090
:108F100083F9223E3C4A2DE9F84F5368834270D8CA
:108F20009568A8426DD8578B013FBFB2ED1AC41A9D
:108F30002A4600238A46A7FB0401F7F7E7FC7B08D3
:108F4000A0FB056BF6184BF1000B3A460023804658
:108F500059463046F7F7DAFC8146A8194BF1000173
:108F60003A460023F7F7D2FCB0EB09000CD0A4EB93
:108F7000090407EE904A07EE100AF8EE677AB8EE99
:108F8000477AC7EE876A01E0DFED206A204B08F1DF
:108F9000FF3203EBC80108F1010803EBC20203EB47
:108FA000C80392ED005AD3ED005A91ED007A75EEA8
:108FB000254AB6EE006AF0EE477AD4EE867A0120B2
:108FC00075EEC55A66EEA77AE5EE867AA6EEA77A22
:108FD0008AED007A92ED015AD3ED015A91ED017AB2
:108FE00075EE254AF0EE477AD4EE867A75EEC55ACC
:108FF00066EEA77AE5EE867AA6EEA77A8AED017A82
:1090000000E00020BDE8F88F4825002000000000A7
:109010002C0C0020F7B504460F461046694616464C
:10902000FFF778FF054670B10C2308496343CA185F
:10903000CE5038466946FEF73BFE82ED010AFEF748
:1090400055FE82ED020A284603B0F0BD8878002064
:109050002DE9F047284BDFF8A8A00D4627492DED54
:10906000028B07460020002A0CBF88469846A84776
:109070000126B0EE408A0024BAF81A309E4211DA76
:109080001FFA86F94846A847F0EE480AF0EE408AF3
:10909000C047002806F1010618BFB0EE688A18BF65
:1090A0004C46E9E714B3013B9C421FDA601E80B2D4
:1090B0003C80A847601C80B2F0EE408AA847F4EEDE
:1090C000408AF1EE10FA11D038EE807A70EE687AAC
:1090D000F0EE006AA8EE667A67EEA77AF4EE006A10
:1090E00067EEA67AC7EE876A38EE668AB0EE480A5F
:1090F000BDEC028BBDE8F087C9820008D982000868
:109100004825002010B40E4C8300A2680F2199401E
:1091100022EA01020B4BA26099685DF8044B012220
:1091200002FA00F001439960DA6822EA0002DA608C
:109130001A6802431A605A6822EA00025A607047AD
:10914000000001400004014008B5034608461946E6
:10915000FFF780FB124A4FF4007041F29103D16394
:1091600050631363536B002BFCD11363FF20FFF795
:1091700071FBFFF76FFBFFF7A3FB642101E00139EF
:109180000BD0FFF781FBFF28F9D000F01F00A0F102
:109190000500B0FA80F0400908BD084608BD00BFD0
:1091A00000000240024A137843F001031370704735
:1091B000120C0020044A536903F00203536103B9FF
:1091C0007047FFF7EFBF00BF00040140044A536936
:1091D00003F00403536103B97047FFF7E3BF00BF17
:1091E00000040140044A536903F00803536103B9C2
:1091F0007047FFF7D7BF00BF0004014038B5104CDF
:109200004FF08045696A2368CB1AB3F5FA6F03D82B
:10921000C820F8F7D7FBF5E70A4AFFF7FBF81388F1
:10922000108020EA0303C3F380001A079DB248BFF1
:1092300040F01000AB07216048BF40F0200038BD6F
:1092400044790020407900202DE9F8431E4FDFF8D3
:1092500080801E4E4FF080494FF47A70D9F8244038
:109260003D68F8F7AFFBFFF7D5F8B8F80010651BBD
:1092700081EA000302464CF24F3085429BB201D98D
:1092800050071BD413F004001AD1914203D0A8F860
:1092900000203C6015E04CF250339D42DCD933682D
:1092A000A342D9D211F0020018BF602004F6B834EE
:1092B0000B0748BF40F05000346002E0042000E09B
:1092C0000120BDE8F88300BF447900203C790020EC
:1092D0004079002008B580B2FBF7D6FC07EE900A73
:1092E0009FED030AF8EE677A27EE800A08BD00BFFB
:1092F000DB0FC94008B52DED028BFEF7F7FCB0EE91
:10930000408AFFF7E7FF28EE000ABDEC028BFFEE74
:10931000007A87EE800A08BD08B52DED028BFEF7B6
:10932000E5FCB0EE408AFFF7D5FF88EE000ABDEC01
:10933000028B08BD08B52DED028BFEF73DFDB0EEAA
:10934000408AFFF7C7FF88EE000ABDEC028B08BD1C
:1093500008B52DED028BFEF74DFDB0EE408AFFF70C
:10936000B9FF88EE000ABDEC028B08BD08B5FBF71B
:109370008BFC00EE100ADFED047AB8EE400A20EE16
:10938000270AB1EEC00A08BD5F70893008B5FEF744
:109390003FFCDFED0A7AB4EEE70AF1EE10FA08DCE2
:1093A000F7EE007A30EE277A37EEC00A87EE000A31
:1093B00008BDBDE8084007F019BB00BFA4707D3FA1
:1093C0001A4B10B503F1300000249C461A4692F85F
:1093D00028100C3201B101349042F8D11448002118
:1093E00093F85820083302B101319842F8D1DCEDEE
:1093F0002A7A8C42F5EE407AB8BF0C46F1EE10FAAC
:1094000012D0FCF733FEB5EE400AF1EE10FA14BFAD
:10941000012300235B000233234401335B1003EB81
:10942000830003EB400010BD0223F5E74825002030
:10943000882500200CB400B501F10B022A2A85B062
:1094400001D81F2805DD002005B05DF804EB02B04F
:1094500070470B460849029107AAADF80C0006991F
:10946000ADF80E3002A80192F9F7C8F805B05DF822
:1094700004EB02B0704700BF885401082DE9F04F9B
:10948000DFF890C12DED028B1F4602EB42030CEB7F
:10949000830389B093F829400E461D2C4FEA420100
:1094A00006913AD8DFF870A193F82AE057490546AB
:1094B000C4EBC40314980AEB830340F6884808FB06
:1094C0000E180130D3F8189008EBC7014FEAC40B0F
:1094D00028D0B9F1000F45D1032C61D03846FEF7F2
:1094E000DFFB10EE104AFEF7DFFBDFF83081B0EE55
:1094F000408A002318EE100A0493F7F751F8CDE9DB
:1095000002012046F7F74CF836B22DB2CDE9000142
:10951000424631462846FFF78DFF09B0BDEC028B6D
:10952000BDE8F08F5B680693B9F1000FD4D03846E0
:10953000C84710EE103AABEB04040AEB840418465B
:10954000E3680293F7F72CF836B22DB2CDE90001AB
:10955000069A31462846FFF76DFF09B0BDEC028B35
:10956000BDE8F08F9B6806933846C8478DED070A23
:1095700007F03CFA079B07EE903AB4EE670AF1EE6B
:1095800010FAD8D00793149B384608EBC301C8479C
:10959000079B07EE903A77EEC07A17EE903ACAE74B
:1095A000500010440CEB800C9CF82B90B9F10C0F80
:1095B000B3D8174B069103EB091338469A68D3F8D2
:1095C0000CA0D3F8048090470699384610EE104A54
:1095D000D04741F2505343FA09F313F00103B0EEC0
:1095E000408A87D03846FFF775FEB5EEC08AF1EEA7
:1095F00010FA03D488EE008A48237BE728EE000A9D
:10960000FFEE007A87EE808A462373E72C0C002059
:109610001C590108482500205C2D0108E0170108AD
:10962000B5EE400AF1EE10FA27D0B5EEC00AF1EE21
:1096300010FA44BFBFEE007A87EE000A30B585B05D
:109640004CBF4623482315B20CB202939FED0B7A10
:1096500007EE900A20EE070AF8EE677AC0EE277A46
:1096600017EE900AF6F79CFF054ACDE9000129465E
:109670002046FFF7DFFE05B030BD704783F9223E7C
:10968000592201082DE9F347304E0FFA80F80546BC
:1096900070680C460FB2F6F783FF0C34CDE9000179
:1096A0002B4A39464046FFF7C5FE1F2C4BDCB6F966
:1096B0003830002B27B201DA264A01E007D1264ACA
:1096C0003946404602B0BDE8F047FFF7B3BE394621
:1096D000224A40461FFA85F8FFF7ACFE08F1460023
:1096E00039461F4A00B2FFF7A5FE08F18C00394643
:1096F0001C4A00B2FFF79EFE37464FF0000805F106
:10970000460A05F18C09B6F9383043451BDD0C34A7
:109710001F2C18DC97ED020A306822462946FFF715
:109720007FFF97ED030A306822465146FFF778FF26
:1097300097ED040A306822464946FFF771FF08F1A9
:1097400001080C37DFE702B0BDE8F0878878002019
:10975000612201088222010897220108AC22010837
:10976000B6220108BD220108F0B52D4D06B20F4604
:109770002A6887B009B23046FFF75CFE6B6807F1D4
:109780000C0453B9AB68002B30D1264A21B23046C5
:1097900007B0BDE8F040FFF74DBE234A21B2304686
:1097A000FFF748FEE869F6F7FBFECDE904016869BA
:1097B000F6F7F6FECDE902012869F6F7F1FE07F1AA
:1097C000180424B2CDE90001184A21463046FFF7BB
:1097D00031FE286AF6F7E4FE07F1240427B2CDE94A
:1097E0000001134A39463046FFF724FEAB68A3B1A7
:1097F000EA68009204F10C010E4A09B23046FFF704
:1098000019FEA869F6F7CCFE183424B2CDE90001A0
:10981000094A21463046FFF70DFE07B0F0BD00BFF4
:1098200088780020C8220108D2220108DA22010823
:10983000F1220108F822010807230108F7B505B253
:1098400016460C461A4609B22846FFF7F3FDD6ED38
:10985000007AF5EE407AF1EE10FA0DD017EE900A8C
:10986000F6F79EFE04F10C073FB2CDE900011E4A57
:1098700039462846FFF7DEFDD6ED017AF5EE407A4F
:10988000F1EE10FA0DD017EE900AF6F789FE04F10A
:1098900018073FB2CDE90001134A39462846FFF7C1
:1098A000C9FDD6ED047AF5EE407AF1EE10FA19D042
:1098B00017EE900AF6F774FE04F124073FB2CDE9E3
:1098C00000010A4A39462846FFF7B4FD7069F6F7E9
:1098D00067FE303424B2CDE90001054A214628460E
:1098E000FFF7A8FD03B0F0BD542401080E230108C2
:1098F000172301082DE9F0432DED028B614C624ADC
:1099000005B285B080460F46284609B2FFF792FDA2
:10991000D4ED017A9FED5D7AF4EEC77AF1EE10FA9C
:1099200000F1AA8094ED0E8A17EE900AF6F738FE41
:10993000B5EE408A07F10C06F1EE10FACDE902010E
:109940000FFA86F934D018EE100AF6F729FE504ABD
:10995000CDE9000149462846FFF76CFDE06BF6F7BC
:109960001FFE07F1180636B2CDE90001494A03236C
:1099700031462846FFF75EFD206CF6F711FE07F131
:10998000240636B2CDE90001424A06233146284674
:10999000FFF750FD606CF6F703FE07F1300637B2B3
:1099A000CDE900013C4A39462846FFF743FD09E06E
:1099B0002068F6F7F5FD364ACDE90001494628460C
:1099C000FFF738FDD4ED027AF5EE407AF1EE10FAA9
:1099D00006D1D4ED087AF5EE407AF1EE10FA4BD0CC
:1099E0000C36B7B207F10C012C4A032309B2284602
:1099F000FFF720FD07F11801284A062309B228467F
:109A0000FFF718FD07F12401254A09B22846FFF7A0
:109A100011FDD4ED087AF5EE407AF1EE10FA08F176
:109A20002A000FD0D4ED0E7A1E4A1F4BF5EE407A75
:109A3000F1EE10FA08BF134631461C4AFFF7FEFE4E
:109A400008F17E00D4ED027AF5EE407AF1EE10FADC
:109A500012D0D4ED0E7A164A164BF5EE407AF1EE9E
:109A600010FA08BF1346144A314605B0BDEC028B0C
:109A7000BDE8F043FFF7E2BE05B0BDEC028BBDE8E8
:109A8000F08300BF8878002046230108000048C208
:109A90005123010862230108752301087B23010873
:109AA000832301082923010820230108A878002026
:109AB0003D23010833230108907800202DE9F0416F
:109AC0002DED028B494D4A4A06B284B00C46304611
:109AD00009B2FFF7AFFCD5ED017AF5EE407AF1EE71
:109AE00010FA0CD017EE900AF6F75AFD0C3427B294
:109AF000CDE900013F4A39463046FFF79BFC95ED22
:109B0000058AB5EE408A04F10C08F1EE10FA0FFA5E
:109B100088F712D0384B1868F6F742FDCDE90201FC
:109B200018EE100AF6F73CFD344ACDE9000139463B
:109B30003046FFF77FFC444616E0D5ED027AF5EE9D
:109B4000407AF1EE10FA0FD02D4B17EE900A93F8F1
:109B500099300293F6F724FD2A4ACDE900013946EF
:109B60003046FFF767FCE6E72868F6F719FDCDE910
:109B700002012869F6F714FD04F10C073FB2CDE9A4
:109B80000001214A39463046FFF754FCD5ED057AED
:109B9000F5EE407AF1EE10FA16BF174B95ED028AFA
:109BA00093ED008AB5EE408AF1EE10FA19D02868DC
:109BB000F6F7F6FCCDE902019FED147AD5ED047AB3
:109BC00067EE877A1834C7EE887A24B217EE900AC7
:109BD000F6F7E6FC0E4ACDE9000121463046FFF7D4
:109BE00029FC04B0BDEC028BBDE8F0818878002030
:109BF0008923010893230108A49800209C230108CD
:109C000048250020B5230108CC2301080000C842E4
:109C1000E22301082DE9FF47DFF87C801C4A05B2EA
:109C20000C46284609B2FFF705FC98F8483023B1E6
:109C3000DFF868904646002709E004F10C01154A58
:109C400009B2284604B0BDE8F047FFF7F3BB98F827
:109C50004830BB4206F10C0617DD56F8040CF6F747
:109C60009FFCCDE9020156F8080CF6F799FCCDE906
:109C700000010C340FFA84FA56F80C3C4A4651465F
:109C80002846FFF7D7FB0137E1E704B0BDE8F087CE
:109C900000240108C8220108887800200E24010849
:109CA0002DE9F0472DED048B0488DFF8F49082B0A5
:109CB00006462046B0EE409A0F461546984688471D
:109CC000B4EEC90AF1EE10FAF0EE408ACCBF4FF0C4
:109CD000010A4FF0000AF0EE409AB9F81A30A34298
:109CE00017D92046B847B4EEC09AF1EE10FA4CBF2F
:109CF000012300235345B0EE408A06D12C44F0EEF8
:109D0000698AA4B2F0EE409AE7E7B9F81A30A342A4
:109D100002D89FED210A39E0641BA4B2404634808A
:109D20002146FBF7D1FC38EE887A78EE680AF6EE29
:109D3000007AB0EE690A97EE270A684639EEC91A2A
:109D400060EEA70AFEF79EFA9DED008AB5EEC08A86
:109D5000F1EE10FA06DDF7EE007AB4EEE78AF1EEE6
:109D600010FA01D49DED018A0135204608BFB1EEFD
:109D7000488AFAF789FF094B00EE100AD3ED007A02
:109D8000B8EE400AF8EE677AA7EE880A02B0BDEC9A
:109D9000048BBDE8F08700BF00000000040C002029
:109DA000482500202DE9F0432DED028B83B0DFF82C
:109DB000A880DFF8A890ADF80610B0EE408A0446FF
:109DC000164607460025B8EC010A38EE400A25B9C8
:109DD000721C14BF0223012301E04FF0FF3332460F
:109DE00049460DF10600FFF75BFF0135042DA7EC96
:109DF000010AE8D1D4ED024AF5EE404A0023F1EE23
:109E000010FA636123611ED094ED030AB5EE400A97
:109E1000F1EE10FA17D0FEF78BFFB0EE405AB0EE1D
:109E2000640AFEF785FF9FED0A7A35EE400AB0EE30
:109E3000C00AC7EE007A9FED077AC4ED047AC7EE38
:109E4000007AC4ED057A03B0BDEC028BBDE8F08367
:109E5000F234B8419ECEDD407854010835830008C5
:109E60002DE9F0412DED088BCC0784B00E4640F172
:109E7000A5809FED6B0A6B4C6B4984ED010A0023B2
:109E8000ADF806300DF106004FF0FF33012284EDEE
:109E9000020A84ED050AFFF703FFFCEEC07A634D6A
:109EA00017EE900A40B3DFED626A95F89930F8EE4C
:109EB000677A02A986EEA77A400807EE903AF8EE94
:109EC000E77A5C4B67EE877AC4ED027AD3ED007ACD
:109ED000F5EE407AF1EE10FA1CBFC7EE876AC4EDCA
:109EE000056AFFF717F838B102A90020FDF7FEFE5A
:109EF000B0EEC00A84ED010A9FED498A6D8B002700
:109F0000F0EE489AF0EE488AB0EE48AAB0EE489AD1
:109F1000B0EE48BAF0EE48AABD421DDD1FFA87F840
:109F20004046FFF723FA4046B0EE405AFEF71CFACF
:109F300065EE057A25EE007AE5EE279A0137E5EE23
:109F4000078AA7EEA78A7AEE85AA3BEE00BA39EE19
:109F5000279A3AEE07AADFE707EE905AF8EEE77A7B
:109F6000CAEEA75ACBEE276A89EE277AF0EE697A15
:109F7000E9EE657AAAEEE6AAA9EE478AE9EE668AD4
:109F8000AAEEE59A2AEE675A27EEE76AA8EE895A02
:109F9000A8EE096A68EEE78AC5EE064AE8EE0A8A84
:109FA00027EE247AC8EE867AC4ED094AA5EEA77A90
:109FB000C4ED087A76EEC76AC4ED076AB00723D00D
:109FC0001A4B93F91D20511C1ED003EBC203B3F8AA
:109FD0005A00FAF759FE07EE900A124B9FED167AD7
:109FE00093ED086AF8EE677AC3ED007A67EE877A38
:109FF00093ED077AF1EEE76AA6EE267AD3ED096AC9
:10A00000A6EEA77A83ED047A04230722022100201A
:10A0100004B0BDEC088BBDE8F041FEF743B800BFCB
:10A02000000000008878002059830008482500209F
:10A0300092FA3649A49800205F70893070B52DEDF2
:10A04000028BCB0782B03AD50024224E9FED228AA4
:10A05000ADF8064001224FF0FF333146B0EE480A1A
:10A060000DF10600FFF71CFEFCEEC07A17EE902AF9
:10A070006AB1BDF8065020462946FEF7CBFF00B175
:10A0800001340135062CADF80650E3D114E09CB93B
:10A090001249ADF8064022460DF10600FEF7D8FF42
:10A0A000BDF8065045B12846FAF7EEFD29460246AE
:10A0B0002046FEF7AFFF0446094B83F848400523CE
:10A0C00007220221002002B0BDEC028BBDE87040E7
:10A0D000FDF7E8BF49830008000000008583000801
:10A0E00088780020F0B52DED028B404C404B414963
:10A0F000236083B0002701220DF10600ADF8067041
:10A10000FEF7A6FFBDF80650002D6AD0B1EEC07A6A
:10A11000B7EE008AC8EE077A374E96ED1A7A77EED8
:10A12000C87A37EE077A67EE877AF5EEC07AF1EEF5
:10A1300010FAC4ED077A54D429463846FBF7C4FA1E
:10A14000B0EE480A2D49ADF8045001234FF0FF321C
:10A1500001A8FFF7A5FDB5EE400AF1EE10FAB0EE4A
:10A16000408A3ED02549ADF8045002230122BFEEBB
:10A17000000A01A8FFF794FDB5EE400AF1EE10FACF
:10A180002FD094ED076AD6ED1A6AF0EE007AF0EE61
:10A19000465AE6EEA75ADFED1A6A30EE487A25EE07
:10A1A000A65A28EE000AB1EEC00AFCEEC07AC4ED51
:10A1B000017AC5EE077A27EE267A60EE006AC4EDD2
:10A1C000047A66EEA56AC7EE265A9FED0E7AC4EDB4
:10A1D000055A67EE877A67EE807A87EE867A84ED95
:10A1E000087A03B0BDEC028BF0BD00BF8878002078
:10A1F0001C240108E98200080403002011830008E0
:10A2000083F9223EDB0FC94070B52DED028B82B081
:10A210003049314C002601220DF10600ADF80660F0
:10A22000FEF716FFDFED2D7A84ED010AB4EEE70AA2
:10A23000F1EE10FA42DBBDF8065030462946B0EE8A
:10A24000408AFBF741FA2846FAF71EFD07EE900A0E
:10A250002046F8EE677A20304FF0FF322946B0EE04
:10A26000480AC4ED007AFFF79DFD94ED010A012232
:10A27000294604F10800FFF795FD94ED027AD4ED2C
:10A28000086A67EE267AF5EE407AF1EE10FAC4ED30
:10A290000E7A13D0F1EEE77A37EE667A94ED096A1A
:10A2A000D4ED036A84ED0F7A76EEC66AC4ED0E7AB9
:10A2B000C4ED106AC7EE876AC4ED116A062307224F
:10A2C0000221002002B0BDEC028BBDE87040FDF71A
:10A2D000E9BE00BF3583000888780020000048C22E
:10A2E0002DE9F8431A4E96F91C30591C2DD096F9D9
:10A2F0001D00421C29D0174A174D40F2446101FB52
:10A300000355938A154A6F8813F0080F144B18BF32
:10A310009846738B08BF9046012B4FF000090FD968
:10A320000235012435F824103846C04710B135F8FD
:10A330002470A146738B0134A342F3DC96F91D000F
:10A340004946BDE8F843FBF7BFB9BDE8F88300BF55
:10A3500048250020040300204C7900209D8300083C
:10A36000A98300082DE9F0472A4F97F91C305C1C9F
:10A3700046D097F91D20013242D0274A0E4640F2BE
:10A38000446101FB032A254B254A9B8A13F0080FE1
:10A39000244B18BF98460AEB800308BF90468419E7
:10A3A0005D882DD40AF1020908E039F82410C0476D
:10A3B00040B939F824503444611C21D07B8BA3422E
:10A3C0002846F2DC0AF1020A4FF0FF390AE03AF8B7
:10A3D0002400C047331948B95A1C3AF82450A14602
:10A3E00010D01C467B8BA3422946F0DCB9F1FF3F1D
:10A3F00006D097F91D004946BDE8F047FBF764B960
:10A40000BDE8F0878146494697F91D00BDE8F04751
:10A41000FBF75AB9482500204C790020040300209E
:10A420009D830008A983000810B50A4C94F91D30DB
:10A4300004EBC303012818BF4FF0FF31B3F95A00F2
:10A4400008BF0121FFF78EFF238B23F080032383B6
:10A4500010BD00BF4825002070B52DED048B764D52
:10A4600095F91D6082B03046FBF7E4F9002800F052
:10A47000DF80724C7249206005EBC6059FED719A32
:10A48000B5F85A0084ED019A01EBC001FDF710FC0C
:10A49000F0EE408AFDF72AFCF6EE007AF4EEE78A49
:10A4A000F1EE10FAB0EE408A40F2B080FEF76EFF97
:10A4B000DFED657AB4EEE70AF1EE10FA40F2A9801A
:10A4C000C8EE287ADFED610AF4EEE07AF1EE10FAD8
:10A4D00080F29F80DFED5E7AF4EEE78AF1EE10FA0B
:10A4E0004FF000050EDDDFED5B7AF4EEE78AF1EE6A
:10A4F00010FA12D5B1EE488A2561A56084ED038A71
:10A50000012389E068EE087A28EE897AE8EEA87AD5
:10A51000F4EEC77AF1EE10FA3DDD68EEA86A68EE57
:10A52000200AB0EE661AA8EE081A684639EE680AE4
:10A5300021EE091AFDF7A6FEDDED007AA56038EEE2
:10A54000277AF0EE665A27EEA76AE7EE075A6561AA
:10A5500026EE076AC4ED047A86EE257AF4EEC98AFF
:10A5600037EE677ADDED017A84ED037A38EE277AEB
:10A5700027EEA76AE7EE076A26EE076AF1EE10FA01
:10A5800086EE267AC4ED077A37EE677A84ED067A8E
:10A5900041DA022200E0002228EE081A2E49DFEDFF
:10A5A0002F6AA8EEA81A02EB4203684678EE080A62
:10A5B000A8EEC91A01EB8301B7EE000AFDF762FEAF
:10A5C0009DED007A8D6078EE077A78EEC98A81ED8C
:10A5D000017A27EEA77A67EEA67AA8EEA87A4D61EF
:10A5E000931C87EE876ADDED017A81ED006A38EE13
:10A5F000278AC1ED047A68EE087A28EE268AE8EE0A
:10A60000A87A88EE277A81ED037A05E04FF0FF33D0
:10A6100002E0002300E00223238707220423022113
:10A62000002002B0BDEC048BBDE87040FDF73ABDE0
:10A6300002B0BDEC048B70BD482500208878002056
:10A640002C0C002000004842CDCC8C3F0000C842BA
:10A6500074D1354200005C429078002000401CC557
:10A6600038B50B4C054641B10A4B9A8C14F81030A2
:10A670001A420BD00123CB7008E0074B04EB4504D2
:10A680001980FBF7ABFA054B62781A7038BD00BF32
:10A690001452010848250020407900209C03002026
:10A6A00051B1074BDB7F834214BF022303230130E8
:10A6B0004000CB7048607047C0B2FAF7A9BA00BF3B
:10A6C00048250020084651B1074BDB7FFF2B09D0FE
:10A6D0000133064A5B0020210830F8F7F5BC044836
:10A6E000FEF734B8704700BF482500202624010833
:10A6F000E84F01087FB51F4C94F82420A38C002A52
:10A7000036D00D4603F4007311B3002B0CBF0323A6
:10A71000172305F8083BD4ED047A668CF8EE677AC7
:10A7200017EE900AF5F73CFFCDE90201E06807EE6D
:10A73000900AF8EE677A17EE900AF5F731FF0E4AA5
:10A74000CDE90001334620212846F8F7BDFC0FE093
:10A7500073B1E36863602369A360638C6383FBF771
:10A7600073F894F8200004B0BDE87040FAF750BACE
:10A7700004B070BD482500203424010861B3F0B551
:10A7800085B006460C46FEF7B1F80546E0B1D0EDBF
:10A79000027AF8EE677A04F1080717EE900AF5F7E7
:10A7A000FFFECDE90201686807EE900AF8EE677ACD
:10A7B00017EE900AF5F7F4FE094ACDE900012021D1
:10A7C0003846F8F781FC00E06660064B1B88B34210
:10A7D00004D10123E37001E0FBF74EB905B0F0BDF1
:10A7E0004D240108F00B002010B4164C0C2202FB83
:10A7F0000042034692F8282099B172B1124A92F9A8
:10A80000002082421ABF821DD2B205220A7094F93A
:10A810001C20824204BF0122CA705DF8044B4B60C9
:10A8200070473AB194F91C10814203D05DF8044B93
:10A83000FBF776BBB2FA82F15DF8044B4909184682
:10A84000FBF7DCBB482500209C03002073B5324B8E
:10A85000024693F91C00441C5CD00D4622F0800196
:10A8600089B2C2F3C012002D38D00C2404FB00348E
:10A8700094F829608E4205D194F82A40944204BF8E
:10A880000124EC70032923D10C2101FB003393F840
:10A890002B3012B940F2FF1201E041F607621A4173
:10A8A000D20737D54FF4F0721A4112F0010F4FEA78
:10A8B00003131A4AD3581A4A00934FF02001194B38
:10A8C00005F1080008BF1346174AF8F7FDFB21E021
:10A8D0001C23164A4B43D3586B601BE0032914D149
:10A8E0000C2404FB003393F82940032C0DD193F87A
:10A8F0002A30934209D10E4A0E48002B08BF104659
:10A9000002B0BDE87040FDF721BF02B0BDE8704065
:10A91000FBF73CBB02B070BD482500201C59010864
:10A92000612401085B240108672401085C2D0108EB
:10A930005451010804510108074B33F8100041B18C
:10A94000064B5B8B4860834214BF02230323CB700A
:10A950007047FBF7A1B800BF24500108482500202C
:10A96000074B53F8200041B1064B1B6E48608342F1
:10A9700014BF02230323CB707047FBF7B3BB00BFA8
:10A98000A04F0108040300202DE9F04F8BB00746CB
:10A9900009AB2A2229B92449DFF89890F9F738FE43
:10A9A00004E02249DFF89090F9F732FE204CDFF8FE
:10A9B0008CA0DFF88C8004F688460025BAF81A309F
:10A9C000AB422DDD0834083650BBA8B2FAF75CF96B
:10A9D000834656F8040CF5F7E3FDCDE9060156F879
:10A9E000080CF5F7DDFDCDE9040154F8040CF5F78A
:10A9F000D7FDCDE9020154F8080CF5F7D1FD5B460F
:10AA0000CDE900014A4680214046F8F75DFB09ABDD
:10AA10000246099041463846F9F7FAFD0135CDE77F
:10AA20000BB0BDE8F08F00BFA84E01087C4E0108B6
:10AA30002C0C00206C4E01084C4E010848250020CB
:10AA40002C66002007B5044901AB43F67C72F9F788
:10AA5000DFFD03B05DF804FB4825002007B54FF487
:10AA6000802201AB4FF00061F9F7D2FD03B05DF831
:10AA700004FB0000D1E90032A3F57D533C3B1343B6
:10AA800013B501D00F481AE001AB04226946044611
:10AA9000F9F7AAFC0028F5D10B4B009A9A42F1D1A4
:10AAA00020460A4901AB43F67872F9F79DFC04464B
:10AAB0000028E7D14FF6FF70FAF7DEFF204602B01C
:10AAC00010BD00BF6F240108544E4F434C25002099
:10AAD0000148FBF77BBF00BF1079002013B50E4C77
:10AAE000A1B1D4ED297AF5EE407AF1EE10FA11D049
:10AAF00017EE900A01F10804F5F752FD074ACDE977
:10AB0000000120212046F8F7DFFA03E0FFF7E0FF1D
:10AB100084ED290A02B010BD482500207A240108DE
:10AB2000144A92F91C30B3F1FF3F21D073B50C20C9
:10AB300000FB032393F82A5091B102EB850201F147
:10AB40000804D2F89C00F5F72BFD6E1CCDE900013E
:10AB5000094A334620212046F8F7B6FA02B070BD04
:10AB6000FFF7B6FF284602B0BDE87040FBF76ABAAF
:10AB7000704700BF482500208A2401081FB5104CEB
:10AB8000B9B1D4ED007AF5EE407AF1EE10FA14D0B6
:10AB90000C4B029317EE900A01F10804F5F700FD43
:10ABA000094B0A4ACDE9000120212046F8F78CFA2A
:10ABB00003E0FFF78DFF84ED000A04B010BD00BF75
:10ABC000A4980020BA240108A0240108AD2401089B
:10ABD00010B5054C11B1A36E4B6003E0FFF778FF91
:10ABE00084ED1A0A10BD00BF0403002008B519B196
:10ABF000054B5B8B4B6008BD0448FBF7DBFABDE8F7
:10AC0000084080B2FAF748BF48250020107900209C
:10AC100010B5044609B3062C084609D1144B5B69EC
:10AC200023B3BDE81040134A20210830F8F74CBA8E
:10AC3000052C1BD10E4AD2E901135B1A07EE903A9C
:10AC4000538B013BB8EE677A07EE903AF8EEE77A5D
:10AC5000C7EE276AC0ED016A08E00748FBF7AAFAC9
:10AC600001462046BDE81040FAF728BF10BD00BFDE
:10AC700048250020BC2401081079002010B5064C9E
:10AC800019B194F899304B6004E00448FBF792FA4C
:10AC900084F8990010BD00BF4825002010790020DD
:10ACA00038B50C4D0C4611B16B6E4B6010E00A4884
:10ACB000FBF780FA09490A4AA0F1B773A3F5585384
:10ACC0008B4288BF1046074B68661C70064B1C60A1
:10ACD00038BD00BF040300201079002000093D00AA
:10ACE00080BA8C01F60B0020200C002010B5054C1A
:10ACF00011B163684B6003E00348FBF75BFA6060E7
:10AD000010BD00BF040300201079002010B5054CD1
:10AD100011B1238B4B6003E00348FBF74BFA208310
:10AD200010BD00BF04030020107900202DE9F74377
:10AD3000224F06460025224901AB4FF4807230466F
:10AD4000F9F752FB0446002834D1DDF80480B8F14D
:10AD5000000F2FD0DFF86890234619F803300D2B31
:10AD60001AD11848002343553B60FCF79DF840B1C9
:10AD700003891B0705D5144B14491A884368501ED4
:10AD80009847134B134A9B8A13F0040F124B18BFBA
:10AD900013463B60002507E01F2B05D97F2D03D804
:10ADA00008496A1C4B5595B20134A4B24445234668
:10ADB000D3D3C0E7002003B0BDE8F083280C002007
:10ADC0002C6600202C670020E4640020D46400205E
:10ADD0000403002068770020EC640020F8B50546E5
:10ADE0000C4601F1190621462846F9F7FBFC70BB19
:10ADF000A37E63B3237B13F01003F4D13246517862
:10AE0000501C29B12E2904BF183A131B0246F6E73D
:10AE1000002BE8D0296D19332344013913F8010FB1
:10AE2000A0F14102192A11F8012F98BF2030A2F198
:10AE3000410798BFC0B2192F04D82032D2B2824243
:10AE4000ECD0D0E78242CED10028E7D100E0042048
:10AE5000F8BD000049B908B5FFF73AFE034B93F976
:10AE60001C00BDE80840FBF77DB87047482500206E
:10AE7000F0B52DED028B384D95F91C700C2303FBBA
:10AE8000075393ED0C7AD3ED0B7A93F82960F2EE29
:10AE9000008A78EEC78A27EE678A68EEA78A85B0AF
:10AEA000044631B3002808BFB0EE688A2B4B2C4F04
:10AEB000062E04BFF7EE007A38EE278A002808BF76
:10AEC0001F46284B1C2202FB063318EE100ADB68D3
:10AED000029301F10805F5F763FB234ACDE9000170
:10AEE0003B4620212846F8F7EFF805B0BDEC028B71
:10AEF000F0BDFFF7EDFD062E08BFB7EE007AF0EECD
:10AF0000407A08BF70EE477A002C08BFF0EE678ADF
:10AF100018BFB0EE678A38EEC80AB4EE688AB4EE9D
:10AF2000007AF1EE10FA20EE070A1CBFB1EE488A53
:10AF3000C8EE008A384608BFF1EE678AFAF7FEFFCE
:10AF400095F91C00B0EE680A05B0BDEC028BBDE8B7
:10AF5000F040FBF707B800BF48250020CF240108C8
:10AF6000D32401085C2D0108AD24010849B908B5B6
:10AF7000FFF7AEFD034B93F91C00BDE80840FAF75C
:10AF8000DDBF704748250020074A08B513681360E5
:10AF90001B0603D4BDE80840F6F7A4BEFDF752FC3B
:10AFA000BDE80840F6F79EBE00010050094B0A4A72
:10AFB00030B45D6814680146002290B200EB400393
:10AFC000013254F82330132B98BF6B438B42F4D3D8
:10AFD00030BC7047040300200405002070B5154CF8
:10AFE000154D04F1300605EB800594F82830DBB1EF
:10AFF000698828881B298CBF6FF00D030123194431
:10B0000011F10D0300F1050248BF01F12C030538D1
:10B010000029B8BF1F310028B8BF1F3052115B1183
:10B0200049114011FDF73EF80C34B44205F2446575
:10B03000DBD170BD482500204C79002070B50D4C47
:10B0400004F1400594F858301BB1B4F85A00FFF7EA
:10B05000C5FF0834AC42F5D1FEF7B2F9031EB8BF04
:10B060001F330021BDE870405B110E220846FDF73A
:10B0700019B800BF48250020F0B52DED028B634CB8
:10B0800000250328C4E9015583B07BD00428064677
:10B090007BD0022840F0B6805D4B5E4923602A4693
:10B0A00001A8ADF80450FDF7D3FFB1EEC00A5A4B2A
:10B0B00093ED1A8AF6EE007A68EE277AB7EE007AF8
:10B0C00067EE807A37EE407AC7EE878AF5EEC08A5F
:10B0D000F1EE10FAC4ED078A00F18780BDF8047024
:10B0E00028463946FAF7F0FAB1EE007AF0EE487ADF
:10B0F000E8EE877A4949ADF806700123C8EE278A41
:10B100004FF0FF320DF10600B1EE680AFEF7C8FD00
:10B11000B5EE400AF1EE10FAB0EE408A65D03F4934
:10B12000ADF8067033460122B0EE680A0DF1060054
:10B13000FEF7B6FDB5EE400AF1EE10FA55D070EE0E
:10B14000487A28EE000AB1EEC00ABCEEC07ADFED04
:10B15000346A84ED017A80EE277A20EE000A84EDCD
:10B16000087A94ED077A67EE265A20EE070A85EEF4
:10B17000A76A67EEA67A84ED046A87EE807A84ED8A
:10B18000057A32E0FEF7AEFF2FE0FEF7ABFF254B6E
:10B190002049ADF806502A460DF106002360FDF760
:10B1A00057FFBDF8065005B329460320FAF78CFA7D
:10B1B0002846F9F769FD6368984216D394ED057A3D
:10B1C000A060F6EE007A27EE277A07EE903AF8EEC6
:10B1D000677AC01A27EE277A07EE900AF8EE677AA8
:10B1E000E060C7EE276AC4ED066A04230722022145
:10B1F0000020FCF757FF03B0BDEC028BBDE8F04028
:10B20000FFF71CBF03B0BDEC028BF0BD88780020B7
:10B21000DA240108E98200080403002011830008F1
:10B2200083F9223EE3240108024B1A881043188058
:10B23000704700BF4A790020072800D9704710B432
:10B24000054A064C0346FF2184F8213011705DF851
:10B25000044B8020FFF7E8BFA0980020482500207D
:10B2600010B50D4C39B194F82130834214BF02233C
:10B270000323CB7010BDC0B2FFF7DEFF074B94F87D
:10B2800021101A78064B53F82110064BBDE81040E8
:10B2900043F82210FDF73ABA482500203079002003
:10B2A000C84F01088803002008B5064B1A7F824268
:10B2B00006D0187740F20A20FFF7B6FF012000E021
:10B2C000002008BD04030020064A938C19B1C3F383
:10B2D0008023CB70704783F4806304209384FFF74E
:10B2E000A3BF00BF48250020054A938C03F4806368
:10B2F0009384044B4FF6FF7204201A80FFF794BF2B
:10B3000048250020F00B0020064A938C19B1C3F3A6
:10B310000023CB70704783F4807304209384FFF77D
:10B3200083BF00BF48250020114B93F91C20A1B119
:10B3300010B4541C1BBF0C2404FB0233002393F8ED
:10B340002B30834214BF02230323CB700001094B2F
:10B350005DF8044B1B584B607047511C07D00C2103
:10B3600001FB023383F82B008820FFF75DBF704795
:10B37000482500201C590108134B93F91C20501C30
:10B3800002D1F9B1114B0AE00C2000FB023393F813
:10B390002A0031B10E4B0F4A002808BF13464B60FC
:10B3A000704793F8291040F2BF120A41D20709D51D
:10B3B000C24302F00102904204D0092083F82A20FF
:10B3C000FFF732BF704700BF482500202B2201083D
:10B3D000FA240108EF2401080B4A08B50846138B2C
:10B3E00039B1DB0749BF0123084BCB70084B4B60D9
:10B3F00008BD83F001031383FFF756FFBDE8084043
:10B400008220FFF711BF00BF482500205522010808
:10B41000522201080A4B61B15B8B834214BF0223A5
:10B420000323CB7001304FF47A63B3FBF0F34B602E
:10B430007047C0F30800588340F20220FFF7F4BEC3
:10B4400004030020084B39B11B784860834214BFC5
:10B4500002230323CB707047C0B2082828BF0820FE
:10B4600018700420FFF7E0BEC4640020F8B52D4C2E
:10B4700094F91D2069B1824201D1042305E000F155
:10B480000B0314F833300BB10123CB70013048604B
:10B49000F8BD00F10B03002614F8331037460546BB
:10B4A00059B182420CD104F833608020FF2394F913
:10B4B0001E506377FFF7B8FE02E0012204F8332044
:10B4C0006DB294F91D2065770135A2770CD100216A
:10B4D00015480B4610F833500DB15EB2012101330F
:10B4E000082BF7D101B1667794F91D108A4202D179
:10B4F000FF23A37701E001320ED100220A48134650
:10B5000010F833501DB199421CBF5FB201220133C4
:10B51000082BF5D102B1A777BDE8F8400820FFF766
:10B5200083BE00BF48250020A02500200B4B002231
:10B5300083F8582083F8602083F8682083F870200F
:10B5400083F8782083F8802083F8882083F890207F
:10B550008020FF229A775A77FFF766BE48250020A1
:10B56000064A138B19B1C3F30023CB70704783F4E1
:10B57000807308201383FFF757BE00BF48250020C3
:10B580002DE9F04F2DED028B97B00025DFF850B17B
:10B590004D4F0192A9462C462E46824605AB4FF4EC
:10B5A000807259465046F8F71FFF034600286FD1B6
:10B5B000059900296CD09FED458ACDF808A09846E2
:10B5C0001A468A461BF802300D2B4FD14048002303
:10B5D0008355102206A9FBF735FC0128064643DDFA
:10B5E0000698037803F0FD03212B3DD0FAF7E2FD26
:10B5F000B4F5C87F054602D8364B984201D9364883
:10B600005CE0002C08BF81460798FBF7DFF907EBE9
:10B61000C403089883ED000A0393FBF7D7F9039B53
:10B6200083ED010A019B012B04F291130ED1032E2D
:10B630000CDD09980393FBF7C9F9039B0A9807EB04
:10B64000C30383ED000AFBF7C1F905E007EBC30371
:10B6500083ED008AB0EE480AE3003B4403F68C43D6
:10B66000013483ED000AA4B2002607E01F2B05D9A0
:10B670007F2E03D81649721C8B5596B208F101082B
:10B680001FFA88F8D04542469CD3DDF808A085E72C
:10B690009CB1F9F7B3FA114B002249460020C3F8D8
:10B6A0009C20C3F8A0205C83FAF708FA0120294601
:10B6B000FAF704FA0120FFF7B7FD002017B0BDEC40
:10B6C000028BBDE8F08F00BF2C0C002000000000B2
:10B6D0002C670020009435776F240108482500204E
:10B6E0002C66002070B5164D2C7849B1154A164BC2
:10B6F00044FA00F010F0010F18BF13464B601DE034
:10B70000012383402342DEB207D024EA03032B70D7
:10B71000BDE870408020FFF787BD0C4B93F91C10EB
:10B720004B1C0BD00A4B40F24462043002FB013147
:10B7300002FB0030264305F0DFFA2E7070BD00BF1B
:10B7400049790020052501080B250108482500201E
:10B750004C79002010B50E4C2DED028B94ED2A8A09
:10B7600011B181ED018A0FE0FFF7B2F9B4EE480A9A
:10B77000F1EE10FA08D0BDEC028B84ED2A0A082005
:10B78000BDE81040FFF750BDBDEC028B10BD00BFFF
:10B790004825002010B5104C2378DBB10F4A40F249
:10B7A000D11111800E4A40F23111012B118008D1C4
:10B7B0000B2009230E220021FCF774FC40F202400A
:10B7C00004E0023B012B03D84FF4E370FFF72CFD9C
:10B7D0000023237010BD00BF2F790020A00300209C
:10B7E0009E030020F8B52F4D95F91D70064638468A
:10B7F000FAF720F8002853D0042E044608D004D8C5
:10B80000032E49D00146304616E0062E25D043E0EF
:10B8100095F91E00411C01D0874210D1D5E90132B3
:10B82000590801EB520103F0010319448C4234BF63
:10B83000091B611A49000420FAF740F92CE0F9F7D6
:10B84000F9FF014660B3844201D821460446002036
:10B85000FAF734F921460120EEE795F91C305A1C1D
:10B860001AD00C2205EBC70702FB0353B7F85A00A6
:10B8700093F82A400C49C30040F6884202FB043387
:10B880001944FDF70BFB05EB8405D5ED277A20461F
:10B8900030EE270AFAF7D6FBBDE8F840FFF77ABF8B
:10B8A000F8BD00BF482500202C0C002008B5074A31
:10B8B00013784BB10146013B1370FCF727FF19B118
:10B8C000BDE80840FFF766BF08BD00BF3079002023
:10B8D00010B50446FAF7D0F90020FFF7E7FF24B9C6
:10B8E000BDE810400148FCF731BF10BDB851010858
:10B8F0000020FFF7DBBF0000054B1870481C1CBF81
:10B90000044B1980531C1CBF034B1A80FCF79ABFD1
:10B9100038790020367900203479002040F63E53F3
:10B9200064224343B3FBF2F3024A03F52F739BB245
:10B93000536170470074004005494B6B002BFCD1EC
:10B94000034A0B63136A002BFCD1D361704700BF1D
:10B950000000024070B54FF0804482B0656A064630
:10B96000FCF7AEFF42F20F7103E0636A5B1B8B4290
:10B970001BD8FCF789FFFE28F7D10D4B0D489E62BE
:10B980004FF4007241F2110141F281041A62DC614C
:10B99000D8635A631963FFF7CFFF0DF10600022148
:10B9A000FCF77CFF012002B070BD002002B070BD2A
:10B9B00000000240AC46010830B40C4C84461046EE
:10B9C000A3681A06FCD40A4B084D4FF480029A6112
:10B9D0004FF400029A6184F80CC0AB681B06FCD4DB
:10B9E000034B802230BC9A61FCF73CBF0030014021
:10B9F00000040048F0B5174683B00744013FBDF886
:10BA000020600C461D4640EA0740FFF795FF40BA0C
:10BA10002544013D019044EA054464BA04210DEB3C
:10BA200001022A200094FFF7C7FF6A4604212B2059
:10BA3000FFF7C2FF00221146F0B203B0BDE8F040AC
:10BA4000FFF7BABF2DE9F04186B02C2400941546CB
:10BA50001C460C9E0F468046FFF7CCFF164B174A3C
:10BA6000DE6304FB05F1596341F2915119631378C8
:10BA70005B0602D406B0BDE8F081114A92E80300EB
:10BA80000023ADF80C1015FB04F231461E4665F399
:10BA90000F0668F30F035200029067F31F4392B240
:10BAA00064F31F4602A8CDF80E30CDF81260FAF705
:10BAB000F5FA06B0BDE8F081000002400003002066
:10BAC000E81701082DE9F04F99461C4BDFF874B0D8
:10BAD0001F881B4B85B084461E880E9CCDF80CC079
:10BAE000002315464FEA420A1846D846C6460022A9
:10BAF000A44612F0070F08BF1CF8010B02F1010267
:10BB000008BF644610F0800F14BFB446BC46400026
:10BB1000AA422EF802CBC0B2EAD101334B45D04441
:10BB2000E4D1DDF80CC0CDF800B06046FFF78AFF25
:10BB300005B0BDE8F04FFCF7D1BE00BF100C0020EF
:10BB4000A89800202C66002030B5838983B0044675
:10BB50001BBB082903D88181002003B030BD0A290E
:10BB6000428923D0A1F1160303EB83011A4803EBAA
:10BB700041031146C55C05F007050344C5F10805FE
:10BB80000093ADB220892A460B23FFF79BFF238940
:10BB900000201D44258103B030BD012B0DD0022BA8
:10BBA00012D000230020A38103B030BD838803811D
:10BBB0000B324281002003B030BD084B084A03EB32
:10BBC0004103DB8B1380ECE7044B064A03EB410394
:10BBD000DB8B1380E5E700BF9854010804030020C5
:10BBE000100C0020A898002016382DE9F04F00EB2B
:10BBF000800400EB4405324EDFF8D0C01446725D7D
:10BC00001846AB1902F007052E4AB2F800802E4AFA
:10BC1000C5F10805ADB2178810FB00F28BB005FB2B
:10BC200002F25200CDE90514039246005A1E0A336F
:10BC3000049305FB06FB03B2CDE908C312F801AF7C
:10BC4000079264460021CDF808A0DDF80890A246CE
:10BC50004FF0000E19F0800F14BFBC46C446524688
:10BC600000230133834222F802CBFAD10EF1010EF8
:10BC70004FEA4909AE45B2445FFA89F9EAD1013188
:10BC800099425C44E1D1DDE9072C039C099BA44463
:10BC9000049CA242D0D1DDE905A40C4A009201FB2C
:10BCA0000EF503EB830203EB420350462A4621467E
:10BCB000FFF7C8FEFCF712FE28460BB0BDE8F08F78
:10BCC00098540108100C0020A89800202C66002031
:10BCD0002DE9F04F82428A4685B0074693461946C1
:10BCE00005DB1A465B465146834692461F46BAEB31
:10BCF0000106ABEB070846BFA1EB0A064FF0FF3386
:10BD0000012316EB080F4CBF08EBD87506EBD67570
:10BD10006D10DFF85890144C03936D422C23009360
:10BD2000CBF5F072012358460291FFF763FE0299AA
:10BD3000A3689B07FCD5B9F80030A3815F4509D003
:10BD40004545C6BFAB1B0BF1010B2B46AE4206DCD3
:10BD50001D46EDE75145F3D105B0BDE8F08FA3EBEB
:10BD60000805039B1944D9E700300140A89800203A
:10BD70002DE9F04186B02C24009415461C468846D7
:10BD80000746FFF737FE1C4A1C4BD36304FB05F143
:10BD900079B14FF6FF7E41F211567145084628BF32
:10BDA000704650631663536B002BFCD1091A136362
:10BDB000F3D1134B1B785B0602D406B0BDE8F081CB
:10BDC000104A002392E803009C4665F30F0C67F3CA
:10BDD0000F030290ADF80C1068F31F4364F31F4C7F
:10BDE0000649CDF80E30022202A8CDF812C0FAF7AB
:10BDF00055F906B0BDE8F08100000240100C0020AB
:10BE000000030020F017010800214FF4A0734FF445
:10BE1000F0720846FFF7ACBF054B064A03EB400043
:10BE200003EB41030449C08BDB8B08801380704710
:10BE300004030020100C0020A89800202DE9F74FE3
:10BE400098460C9B01939D7815F0070406460F4613
:10BE5000924645D0DFF8B490DFF8B4B015F0100F7B
:10BE60000CBF10230F2309EB4303DB8BABF800302F
:10BE70002346FFF77DFF15F0400F0CBF10230F2363
:10BE800009EB43032246DB8BABF8003039464346CF
:10BE90003046FFF76DFF15F0800F0CBF10230F2306
:10BEA00009EB430306EB0A00DB8BABF800302246BC
:10BEB00043463946001BFFF75BFF15F0200F0CBF10
:10BEC00010230F2309EB430907EB0801B9F81E30D3
:10BED000ABF8003052462346091B3046FFF748FFB7
:10BEE000019B19785878FFF797FF2B070AD4A8EB26
:10BEF0004403AAEB44023919301903B0BDE8F04FEE
:10BF0000FFF736BF03B0BDE8F08F00BF0403002089
:10BF1000100C0020002851DBF0B58DB004238DF803
:10BF20000930274B274F93F9003083420CBF612320
:10BF300091238DF80A303B685C7803EB40034FEAAD
:10BF400040069978204B03EBC4000CBF0522032266
:10BF500033F834408DF808208288C3880D0902FB2D
:10BF60000544458801F00F0103FB015502A900912A
:10BF7000A0B2A9B2FFF762FF3B681E44F078FF2829
:10BF80001AD05B7873B9114B2C2200FB023305F1F8
:10BF90001901343400931022162389B2A0B2FFF79E
:10BFA00091FD09E0022305F10D0204F112010DB02B
:10BFB000BDE8F040FFF718BE0DB0F0BD704700BF00
:10BFC0009C0300200C790020E44A0108F046010897
:10BFD0000CB410B58AB00CAA002352F8044B01929D
:10BFE00060F30F0361F31F430020CDE90600CDE9A4
:10BFF000033321460990ADF8140006AB054C0894B4
:10C0000002A80293F6F7FAFA0AB0BDE8104002B0AF
:10C01000704700BF49BB000880B500AFFCF732FA9B
:10C0200000210120FFF7F8FEFFF7EEFE074A14217A
:10C030000520FFF7CDFF064BD3F8002882F30888D0
:10C04000D3F80438BD46BDE88040184711250108E3
:10C0500000D0FF1FFFF7E0BF70B5264D6E7F09B11E
:10C060004E6070BD03210420FFF7D6FE2823A122D5
:10C070008C219C20FFF77CFE33461F4A9321B82079
:10C08000FFF7A6FF1D4AA221A320FFF7A1FF34B2AC
:10C09000194EFDF7B3F810F0300F03461FD0DA0643
:10C0A00044BF053424B29B0644BF053C24B2642C33
:10C0B000A8BF642424EAE474234632469321B820BE
:10C0C000FFF786FFA0B2FFF729FC44F62060F5F7E2
:10C0D00079FCFDF7B9F803460028E0D1D9E701283B
:10C0E000D7D14FF420706C77FFF79EF8BDE8704011
:10C0F000FFF750BB040300206225010874250108E6
:10C100002DE9FF41204C0E4603AB7A22214607461B
:10C11000F8F76AF9A0BB638AB3F5F07F30D1E38A00
:10C12000B3F5A07F2CD1A38B102B29D140F23F1562
:10C1300003AB4FF4707221463846F8F755F9124BAD
:10C1400080464FF4F0701A88013852BA23F8022B57
:10C15000F9D101234FF4F07229460094FFF772FCE5
:10C16000FCF7BCFB013D02D3B8F1000FE0D006F1B3
:10C170001A0240F21F110020FFF72AFF002000E002
:10C18000024804B0BDE8F0812C6600206F2401084D
:10C190002DE9F04F3C4D85B08A4603AB6822294615
:10C1A0008146F8F721F900286AD12A8844F6491314
:10C1B0009A4265D16B8AB3F5F07F61D1EB8BB3F511
:10C1C000A07F5DD1EA8E48F205039A4258D1044619
:10C1D000002702A903AB02224846F8F705F99DF9AA
:10C1E00008809DF80910E95507F1010BB8F1000F1F
:10C1F000064605EB0B0006DCC8F1000204F074FDF6
:10C20000ABEB080708E0014603AB42464846F8F7A7
:10C21000EBF808EB0B070646B7F5B46FD9DB1A4FFE
:10C2200000223846817890F801C0184B490103EA92
:10C23000CC2301F4F851194310F8033B23F0070312
:10C2400043EA5C1301320B43B2F5F07F27F8023B5F
:10C25000E8D101232146009500200134FFF7F2FBCD
:10C26000FCF73CFBB4F5A07F01D0002EB0D00AF162
:10C270001A0240F21F110020FFF7AAFE002000E082
:10C28000034805B0BDE8F08F2C66002000E0FFFFFA
:10C290006F240108F0B5041E8FB03FDB0D4602A9E4
:10C2A000FCF7ACF9032C07D11D4B1B8813F0010FD1
:10C2B00014BF0D23032300E003238DF81030042363
:10C2C0008DF81130174B93F90030A34214BF91231E
:10C2D00061230DB943F00803BDF80860BDF80A708A
:10C2E0009DF80E408DF8123004AB0093BDF80C2081
:10C2F000234639463046FFF7A1FD7DB19DF80F304A
:10C300000B3C04EBD47407EB6401F0182A4609B225
:10C3100000B20FB0BDE8F040FFF75ABE0FB0F0BD5D
:10C320002C7900209C03002008B509490320FFF761
:10C33000B1FF08490020FFF7ADFF07490120FFF7D3
:10C34000A9FFBDE8084005490220FFF7A3BF00BFD1
:10C350008B2501088F2501089125010893250108E7
:10C360002DE9F04F584B1A78584B53F822408DB0B6
:10C37000002C00F09480DFF86C8181464FF0010BB7
:10C3800000260123B34013EA090F76D004238DF869
:10C390000930FF238DF80B304D4B1B78012B09D151
:10C3A0004C4B93F90030B3420BBF052203226123AB
:10C3B000912301E0032291238DF808208DF80A30A3
:10C3C0002378032B0DF1080A16D100238DF81030C5
:10C3D000D4F8063043B9039BD4F80220202104A8E6
:10C3E000F6F772FE04AD09E06078514698479DF873
:10C3F0001030002BF6D1EEE7D4F80250CDF800A0B3
:10C400001FFA8BF75B22B8F80030394640F28510EE
:10C41000FFF714FD9DF90B20002A15DBB8F800107A
:10C420002D480B39162302FB030301EBD171009356
:10C4300007EB61010B234FF4C5701A4689B2FFF771
:10C4400041FB4FF4CC7001E04FF4C6706A1E01232B
:10C4500012F8011F19B10A2908BF0133F8E7B8F82B
:10C4600000106FF00A0202FB031101EBD17107EB20
:10C4700061012A4609B2FFF7ABFDA37A01360BB181
:10C480000A3400E02469B8F80030102E9B4402D032
:10C49000002C7FF476AFBBF5987F12DC01E04FF003
:10C4A000010B0E4BDA8B0E4B1A80CBF598730133D0
:10C4B0005B22594640F285100DB0BDE8F04FFFF702
:10C4C00057BC0DB0BDE8F08F307900208803002004
:10C4D0002F7900209C030020404C01080403002019
:10C4E000100C00208403002008B5194B1A78194B52
:10C4F00053F82230013807D3002BFBD09A7A0AB1C7
:10C500000A33F7E71B69F5E70BB31A78022A08D05C
:10C51000032A0CD0012A10D1D3F80600FCF716F933
:10C520000BE0D3F8062042B15878904705E0D3F8E5
:10C53000062012B1587800219047074B1B78012B39
:10C5400005D1BDE808404FF0FF30FFF709BF08BD37
:10C5500030790020880300202F79002008B50B4B8C
:10C560001A78012A11D001221A70094B4FF4BB72BC
:10C570001A80084B40F231121A80FCF7C7F8BDE868
:10C5800008404FF0FF30FFF7EBBE08BD2F790020C9
:10C59000A00300209E03002070B50146FCF7A2F81E
:10C5A000194CCE0785B294F9000001D401260AE0A7
:10C5B00083B2AB4203D3BDE87040FFF7EBB8BDE8F0
:10C5C0007040FFF791BF94F90030CA0606FA03F0F5
:10C5D00044BF013323708B0602D52378013B2370BF
:10C5E00094F900309AB2AA42E5D206FA03F318434E
:10C5F000FFF7B6FE42F21070F5F7E4F9FCF724FEFF
:10C6000001460028DFD170BD9C030020F8B5274B00
:10C610001A78022A48D002221A70254B254E264D40
:10C62000307000241C80254B254F1C800A23584362
:10C63000244B2A5C53F822303B60234BFF221A70B4
:10C64000224B1C703B681B789C4204DA2046FFF7A3
:10C6500061FC0134F6E714211320FFF7DDFB2023F2
:10C660004FF4F0724FF490710020FFF781FB3378A4
:10C670000A2202FB03550123D5F80220511E11F8AE
:10C68000010F18B10A2808BF0133F8E70B214B430B
:10C69000203303EBD3735910C1F5A071BDE8F84006
:10C6A00009B20A20FFF794BCF8BD00BF2F79002023
:10C6B000A00300202A790020F44A01089E030020EC
:10C6C0000C790020D04601089C030020107900203E
:10C6D000062804D1044B1B7F042B08BF102009B18E
:10C6E000FCF786B8FFF792BF04030020114B93F9C3
:10C6F0001C20B2F1FF3F1BD010B40C2404FB02330A
:10C7000093F82920012303FA02F212F0180F0CD13A
:10C71000094C14402CB1834013F4A85F1CBF0130B6
:10C7200080B25DF8044BFFF7D3BF5DF8044B704750
:10C73000704700BF4825002004003C002DE9F0416F
:10C74000057875B106460C4690461F462146284698
:10C750003B464246FFF748FA16F8015F0444002DB5
:10C76000F4D1BDE8F08100BF864B2DE9F0431F688E
:10C77000854E07EB400085B0C4783046F4F7E0F80A
:10C780007A78002A40F0CD80A4F10D03092B0546EC
:10C7900032D8002800F0F080022B1CD8FCF734F8C7
:10C7A0000C3C04EB4404A4B223180C2BC4BFC0F10E
:10C7B0000C04A4B2304400214378027803B10AB9D2
:10C7C0008170302300F8012F013CA4B200F8013C35
:10C7D000002CF1D1CBE0A4F11003032B00F2C780B1
:10C7E0006A4B039304F110030DEB0304354414F872
:10C7F000143C33546A70BAE0654B1A784FF04073BA
:10C80000134113F001070CBF4FF00C084FF006085E
:10C810000C2C01D158B9AFE00B2C13D133782D2B50
:10C820004FF00C0205D1711C304604F043FA013D73
:10C830001BE03146701C04F03DFA2D234545337052
:10C8400013DA11E0404510DA092C02DC303434549C
:10C850000AE00A2C09D1FBF7D7FF854205D1B8F1D0
:10C860000C0F02D12E23735501350023735587B960
:10C87000FBF7CAFF032390FBF3F303EB4303C01A58
:10C88000C0F1020044F62414044124F00104A4B2CF
:10C8900000E0542414211320FFF7BEFA3A4E3D4F16
:10C8A0004FF0540916F8013B8BB32E2B04D1240111
:10C8B000A4B24FF00A080CE02D2B05D124F003049C
:10C8C000A4B24FF00B0804E0A3F13008B8F1090F4F
:10C8D000E8D814F0010F0CBF02250C252A46484663
:10C8E000162340F22511FFF743FA4D442C23ADB235
:10C8F00003FB0873009328461623102240F22511EB
:10C900001035FFF7DFF864081FFA85F9CAE7162328
:10C910001C2240F22511484605B0BDE8F043FFF760
:10C9200027BA162C01D138B321E01A2C02D118B342
:10C93000421E04E012281ABF3454421C024600234F
:10C9400014211320B354FFF767FA16234FF48C72A7
:10C9500040F225113120FFF70BFA0B48022340F279
:10C960002512312105B0BDE8F043FFF7E7BE084BC3
:10C9700000211878FBF73CFF05B0BDE8F043FEF757
:10C9800009BF00BF0C790020107900206D756E7012
:10C990002A790020F04601082DE9F0410246224D97
:10C9A000012A95F9000005D100283BDBBDE8F041E4
:10C9B000FFF7DABE1D4E33681C78013C95F9003054
:10C9C000D6F800E002F0200C1846002167B202F011
:10C9D0001002BCF1000F05D0013B5BB2002BB8BFC9
:10C9E0003B46012132B101335BB2A3424FF001015A
:10C9F000C8BF00230EEB430898F80380B8F1FF0F7F
:10CA0000E7D001B12B70FFF785FA95F90000FFF729
:10CA100081FA42F21070F4F7D5FFFCF715FC0246DC
:10CA20000028CBD1BDE8F0819C0300200C790020C8
:10CA300010B4094A93681B06FCD4084940238B6153
:10CA4000136823F038034FF00064034313608C61D4
:10CA50005DF8044B704700BF0030014000040048FF
:10CA600008B507498B681B06FCD4064B4FF40062DF
:10CA70009A61FBF709FF0B6823F038030B6008BDD0
:10CA8000003001400004004870B54FF08045044676
:10CA90006E6AFBF715FF03E06B6A9B1BA34204D28F
:10CAA000FBF7F2FEFF28F7D170BD002070BD00BF7C
:10CAB00030B5020683B004460D4631D44CF25030F6
:10CAC000FFF7E2FFFF2837D104F07F02002362F373
:10CAD00007032A0E62F30F232A0C62F317432A0A74
:10CAE00062F31F63402C00938DF8045027D0482C2C
:10CAF0002DD00123062168468DF80530FBF7B2FEE4
:10CB00004C2C01D1FBF7C0FEFBF7DAFE642101E0FB
:10CB1000013903D0FBF7B8FE0306F9D403B030BDEA
:10CB200000217720FFF7C4FF0128F7D84CF25030DE
:10CB3000FFF7AAFFFF28C7D0FF2003B030BD952321
:10CB4000062168468DF80530FBF78CFEDCE787236D
:10CB5000062168468DF80530FBF784FED4E700BF58
:10CB600000284AD170B53B4B3B4E4022307082B01A
:10CB70000A249A61FBF788FE013CFBD13820FFF7BD
:10CB800057FF21464020FFF793FF012807D0FFF70A
:10CB900067FF3078B0FA80F0400902B070BD4FF402
:10CBA000D5714820FFF784FF012828D02146E920CD
:10CBB000FFF77EFF01288CBF4125E925642403E0AF
:10CBC000013CE4D0F4F7FEFE00212846FFF770FF99
:10CBD00003464FF47A70002BF2D14FF400715020CD
:10CBE000FFF766FF0028D2D1E92D14BF81248224EB
:10CBF000FFF736FF34700020CFE701207047042193
:10CC00006846FBF74BFE154B009A9A42BFD164244D
:10CC100003E0013CBBD0F4F7D5FE4FF08041E920A2
:10CC2000FFF746FF01464FF47A700029F1D17A20D0
:10CC3000FFF73EFF0028AAD104210DEB0100FBF70E
:10CC40002DFE019B13F0400F0CBF84248C24FFF7B2
:10CC500007FFCFE700040048E0760020000001AAAB
:10CC6000F8B5E0B91E4F1C4697F90030002B16DAD4
:10CC700015460E46FFF7DCFE3B781B0758BF6D02DA
:10CC8000012C29461FD05220FFF712FF054668B13C
:10CC9000251E18BF0125FFF7E3FE2846F8BD032532
:10CCA0002846F8BD013C09D006F500763046FEF76F
:10CCB00051FE0028F6D1251E18BF012500214C2069
:10CCC000FFF7F6FEE7E75120FFF7F2FE08B1254631
:10CCD000E1E73046FEF73EFE80F00105EDB2DAE70F
:10CCE000E0760020F8B500283AD1264F1C4697F987
:10CCF0000030002B16463A7832DA52062DD40D4613
:10CD0000FFF796FE3B781B0758BF7602012C314691
:10CD100029D05920FFF7CCFE064670B1261E18BF59
:10CD20000126FFF79DFE3046F8BDFFF7ADFEFF2858
:10CD30000CD1013C0DD005F50075FC212846FCF70F
:10CD400003FA034646F2A810002BEED1261E18BFA8
:10CD50000126FD20FBF77EFDE3E702263046F8BD05
:10CD600003263046F8BD5820FFF7A2FE08B126463C
:10CD7000D7E7FE212846FCF7E7F980F00106F6B276
:10CD8000CFE700BFE076002006281ED838B5104B4C
:10CD9000104A11491A600546002453F8042B8B42AF
:10CDA00002EBF474F9D10D49A80300F10060C1F859
:10CDB000784F43F67C7200F50E30A1F54051FBF739
:10CDC000BBFE074B00201D8038BD4FF0FF30704781
:10CDD00048250020544E4F43C06400204855002091
:10CDE000F00B00207FB519B306460C46FBF77EFD1D
:10CDF0000546D8B1D0ED027AF8EE677A083417EE1E
:10CE0000900AF3F7CDFBCDE90201686807EE900ABE
:10CE1000F8EE677A17EE900AF3F7C2FB0C4ACDE9F9
:10CE2000000120212046F6F74FF90EE066600CE085
:10CE3000FFF7AAFF48B90120FEF738FD4FF4017053
:10CE400004B0BDE87040FEF7EFB904B070BD00BF9C
:10CE50004D24010838B54FF6FF73094D98422B80D9
:10CE60000AD00446FBF742FD014638B105482C8044
:10CE700043F67C7203F040FF002038BD012038BD2E
:10CE8000F00B00204825002010B50B4C0B480C4B34
:10CE90000C490D4A4FF6FF7CA4F800C00024047032
:10CEA0000A480B4C59605A60FBF72EFE00F50060F3
:10CEB000A042F9D110BD00BFF00B00200A7900207C
:10CEC0000020024023016745AB89EFCD00380208FE
:10CED000000004081E4A1F4813684FF08041496A49
:10CEE000CB1A834209D81C4BB3F90000632828DD14
:10CEF0001A4B1B8B184400B2704710B5184B1160C9
:10CF000082B01849B3F8BA4001AA4FF0A040FBF72D
:10CF10007BFDBDF80400104BBDF8062041F6C8119A
:10CF200001FB00F0000B04FB00F0B0FBF2F000B2DC
:10CF30006328188008DD094B1B8B184400B202B02F
:10CF400010BD4FF0FF3070474FF0FF30F7E700BFE4
:10CF5000800300201FA1070008790020040300209F
:10CF600000F7FF1F412401002DE9F04F9E4B2DEDEE
:10CF7000048B1B889A05A1B000F10882DB0700F141
:10CF800087819A4B1B88002B5FD0974B1C88E60546
:10CF900000F17281250660D4200701F10481E106C9
:10CFA00001F10681A20601F10C8114F4976F5FD1A3
:10CFB000A50700F15382600700F10B82660644D595
:10CFC000FFF788FF041E40DD40F647508442CCBF87
:10CFD0000C200D200021FEF71FFF854B1A93042320
:10CFE0009D0741F204020DF16B004FF0810740F6FE
:10CFF000E44603F101010DD0A242D4BFBD25812535
:10D00000643AB24200F8015F08DD0B469D0703F168
:10D010000101F1D100F8017F0B46F7E701F1800231
:10D020000DEB020103F180020DEB02001AAC81222C
:10D030000094033301F8182CFF2100F8161C9BB252
:10D04000082202210320FEF73DFD674A00231380DA
:10D0500021B0BDEC048BBDE8F08F664E4FF0FF337E
:10D0600014F4976FC6E90033C6E9023333619FD0E9
:10D07000614C94F82100072810D8604B00EB400267
:10D0800003EB82039A68002A01F031815C4C5B78E3
:10D090002178194200D0904700232370594B1A88F9
:10D0A00002F11F03590901F01C81524EDFED568A2F
:10D0B000DFED569A199600213546139135F8021B7B
:10D0C0000591002900F09884139B17955B01079345
:10D0D0004FF0000B06E0059B5B080BF1200B05935E
:10D0E00000F08784059BDF07F5D5404B1B88A3EB39
:10D0F0000B03002B0C93EEDD079BD31A002BEADD0C
:10D10000434A444992F80080434A09924FEAC828AA
:10D1100008F400688844202B4049D28BC1F8008075
:10D12000A8BF20230893990002EB024208F11003E4
:10D13000013943E9042243E9022203F11003F7D144
:10D1400009982D4A448C18910B460B920A9206912D
:10D15000012592F8281091B192F8291005FA01F0F2
:10D16000032943EA00030AD192F82B004FF4F0712F
:10D17000014111F0010F069908BF012106912849CC
:10D180000C328A42E5D1099A0C98928A159212F0D3
:10D19000200F08BF012123F0404218BF02212028A0
:10D1A000A8BF202022F018020D90002A00F0228251
:10D1B0001C4A1D48B2F90020B0F9006008985A4492
:10D1C00002EB8202ABF1050A5200CDE90E1B4FEAD9
:10D1D0004019DDF834B0323A4FEA411E4746404626
:10D1E00055464FF0000C32E04A790020A0030020A1
:10D1F000003C3CFFB8980020482500201032010870
:10D20000A09800209E0300200000184292FA364A9F
:10D21000487900202C66002004030020AC980020F0
:10D2200078250020F40B0020F20B00202946C5B120
:10D2300040F2C7118D4213D00CF1010CE34505F10A
:10D24000010500F1020002F10A0240F3AB81B5F5DD
:10D25000E47FF1D292FBF6F106FB11210929E5DC0E
:10D26000002120F8114071444945E5DA20F81140C9
:10D2700071444945F5DBDFE7B24AB34BD28B1A80E4
:10D28000FEF7C2FDB14B1C8825067FF585AEE4E6AE
:10D29000AF4CDFF800A3FDF7D1FEA146059454463C
:10D2A00099F82830ABB9AB4B09F10C09994504F258
:10D2B0004464F5D1059C238B1F0600F16D81A64CBB
:10D2C00023784FF4816043F001032370FDF7ACFF36
:10D2D00057E699F82920059BA048598BA04D99F84D
:10D2E0002A70D9ED0C6AD9ED0B7AC2EBC20300EBC0
:10D2F000830340F6884000FB0757D3F818B09948DD
:10D3000001239340013913EA00058EB240F09D8657
:10D3100013F0180FC7D09FED947A87EE276A29463D
:10D3200040F2C718F6EE006AABB207EBC303D3EDC9
:10D33000007AD3ED015AB0EE667AA6EE277A20463F
:10D340000135F0EE667AE6EE257ABDEEC77AFDEE9F
:10D35000E77A17EE102A17EE903AE83212B2C3F1CC
:10D36000980342451BB2A8BF4246B3F5987FA8BFB9
:10D370004FF4987322EAE27223EAE37392B29BB20B
:10D38000FAF71AFEA9B28E42CED28CE76D497048E8
:10D39000764A4D8B1488428BC5F30805C2F3080208
:10D3A00004F00F0442EA452242EA84420C7F04F072
:10D3B000070442EA84524C7F42EA44628C8A6C49F8
:10D3C0000A6542684A6582688A654269CA650C6670
:10D3D000D4E5002118205E4CFEF71EFD0F226421CB
:10D3E0006E230020FEF7C4FCA28CD10500F18580DD
:10D3F000604D642605F1240702E00435BD420CD0DF
:10D400006B881A42F9D00B362A4631B20020043517
:10D41000FEF7DEFDBD42A28CF2D1D705E37F08D531
:10D4200094F820209A4204D04649534AB1F84E104D
:10D430001180032B98BF193306F10B0194BF5B00D9
:10D4400061234E4A09B20020FEF7C2FD4C4B1B7807
:10D45000002B40F0CB863D4B1C88AFE5394D2B7F30
:10D46000022B00F09C80032B4FF0200640F03C87FD
:10D47000182700210120364CFEF7CEFC40F2311176
:10D4800000200F234FF4F072FEF772FC218BC807C7
:10D4900000F1B986D4E901239A4200F02B874906AE
:10D4A00000F1D5860192374A00923346364A40F25F
:10D4B00033110F20FEF78CFDA3680193334B0093CB
:10D4C000314A3B4640F233114FF4A370FEF780FD22
:10D4D0006B8B294A608BB5F84210009001331180A4
:10D4E000CE204FF47A6240F23311B2FBF3F3284AB4
:10D4F000FEF76EFD154B1C885DE51C4B114D1B881E
:10D500001D4E43218DF868100021ADF86A104FF6CA
:10D51000FF718B421ABF3033DBB22A238DF869309A
:10D52000930545BF6322B5F84C302B8C8DF86820ED
:10D5300064211AAA00203380FEF74AFD2B8CA28CAE
:10D54000338055E704030020100C00204A790020A6
:10D550004825002078250020A09800205C2D010897
:10D560002C0C0020E7FFFF3F00001843F00B0020C9
:10D570000028004054540108A8980020E018010831
:10D58000C46400208C1801087C1801089418010854
:10D59000D41801084C790020FCF7A2FE8FE618266B
:10D5A000202766E7DDE90E1B0D9DCDF838B0DDF8CC
:10D5B0002090DDF81CB000204FF0260E00EB0B068B
:10D5C0009B4A4FEA560CA2FB0CC2D2080EFB126219
:10D5D0004AB902EB0A06B6F5E47F38BF27F81240D5
:10D5E0000A449542F5DC0130814507F14007E5DC4E
:10D5F000DDF838B013F0080200F01982069B002B0A
:10D6000000F01883079A0D9FCDF818B00023ABF1F6
:10D61000E805A2F19809CDF83880C3469A4609EB8F
:10D620000A064FF00008314605EB0800FAF792FAB7
:10D6300008B12BF8184008F101084745F3DC089BB6
:10D640000AF1010A53450BF1400BE8DCDDF818B094
:10D65000DDF83880774B93F800900A9B5B8B16932C
:10D660001A46013A19F0010F734B129200F007832A
:10D67000099A7249B2F832E0DDF848A0704A149174
:10D6800000270421574569DA03EB8A0ACDE90E31F8
:10D69000CDE91092CDF818A0DDF81CA003EB8707A8
:10D6A00038887C88BD88FB88B0EB0B01A4EB0A02AC
:10D6B000A5EB0B06A3EB0A0900F18180002AC0F25A
:10D6C0008F801F2901DD1F2E40DC1F2A02DDB9F1EA
:10D6D0001F0F3BDC9C4205D910460B464A4631469B
:10D6E00081461E46881B002840F39180701A4FF037
:10D6F000FF3CA9EB0205C5424CBF00EBD07405EB23
:10D70000D5746410002AC4F100044ADB5201234698
:10D710008C181F2906EB491698BF28F814E0A6427A
:10D7200014D09842BABF5C1B61441C469D4205DD83
:10D730002032B2F5806FA4EB000407DA23468C1880
:10D740001F2998BF28F814E0A642EAD1069B0437A7
:10D750009F42A5D1DDE90E31DDE9109201394D1C62
:10D76000A2F10C02A3F2446354D092F858000028AE
:10D77000F4D0344892F8597040FA07F7149817F02B
:10D78000010730F811E000F04B81B9F1000F03D12F
:10D7900016981E2800F27A82DDF848A0002771E76B
:10D7A0001C46A042BABF631B61442346A542F7DD75
:10D7B000541CA3EB000328D001321C46F1E7002ED5
:10D7C000C4DB002A81DAB9F1000FBFDB9C4240F2D2
:10D7D0002A8148460B469146314602461E4685E759
:10D7E000B9F1000FB2DB1F297FF774AF1F2EADDC3C
:10D7F0009C427FF67BAF4C460B4691463146281A39
:10D8000022461E464FF0010C73E7002280E74FF0DE
:10D81000010C6EE7159BDB0603D5BBF5C27F00F25A
:10D820005682DFF824A0064F0AF5E078D14613E0CF
:10D83000F31ACA6B497900205C9200202E03002065
:10D8400048250020E7FFFF3FB052010809F13809E1
:10D85000C14507F1080739D097F85830002BF5D0AB
:10D86000B7F85A50AF4BB04E0B9C0697A9F11C0A63
:10D8700003EB8505574694F82830C3B12B886A8896
:10D880000799AA48A3EB0B031B2AA2EB010103F1A2
:10D89000060294BF01310E39CA4694BF1C30BA4605
:10D8A0002A2A01F10E0202D82D2A40F28780A04BCD
:10D8B0000C34A34206F1020605F24465DBD1069F53
:10D8C00009F13809C14507F10807C5D1FBF778FD13
:10D8D000079B834240F301810A9B93F82130072B79
:10D8E00010D8944A03EB430302EB83035C684CB10A
:10D8F00000211520FEF790FA079BCBF10F00C3F132
:10D900005001A047884C0B9F1825CBF1060697F8CD
:10D910002830D3B197F8290045FA00F010F0010043
:10D9200013D1252EF6EE007A0FD897ED0C7A079AD0
:10D93000E7EE287AFDEEE77A17EE903AC3F5987392
:10D940009B1ADA1C242A40F26981794B0C37BB42BE
:10D9500004F10204DBD10C9B1F2B18DC764B1868FA
:10D960000D9B5E0000EB4304089B5D1E0FD006F18B
:10D9700040031844831BA21E33F8021B22F8021F27
:10D980008342F9D1013D344400F14000F2D16B4CA7
:10D990006B482178089B0D9AC90201F4006101448B
:10D9A00000910BF10F000799FEF74CF8237883F0F4
:10D9B00001032370634B1A88FFF78DBB0090624A06
:10D9C000053B18B23388138009B20E230B22CDE930
:10D9D0000E01FAF787FB099BCDF800A05A4AB3F86D
:10D9E00052301380DDE90E010E230B22FAF77AFB89
:10D9F0005DE7179D02F11F0313990131B1EB631F1E
:10DA00001391FFF65BAB199E0023C6E90033C6E90C
:10DA100002333361FAF762FF4C4B1C88FFF7C8BA38
:10DA2000DDF848A02EE6401B4FF0010C61E6DE0653
:10DA30007FF510AE079BCDF838B0C446ABF1E805D2
:10DA4000DDF82090C346DDF834801146A3F1980735
:10DA500045F6D82A45F6A81E07FB07F62B460022F6
:10DA6000069103FB0360504526DC704522DC0BB3B6
:10DA700007B340F27D3188421EDD40F2B931884261
:10DA800018DD40F63361884216DD40F6AB6188420E
:10DA900010DDBB420ED0FB420CD042F22101884285
:10DAA0000ADD42F2D701884204DDA0F5655009384D
:10DAB000F12801D82CF812400132904503F10103FE
:10DAC000CFDC06990131894507F101070CF1400CC3
:10DAD000C2DCD846DDF838B0BCE50A9A92F91D30B0
:10DAE0005E1C3FF4F9AE02EBC303B3F85A30069361
:10DAF00092F91E30013300F0368192F91C20551C3A
:10DB000000F03181931D9BB20C330027CDF844B057
:10DB1000DFF83CA0DFF83080DDF824B01293B9467E
:10DB200014923AE04C7900202E0300205C52010848
:10DB30007825002010320108AC9800204879002098
:10DB40002C6600209E030020A89800204A7900201F
:10DB50004825002015911093F7F76CFE109B15993E
:10DB6000844A83428CBF1B1AC31ABDF93800FBF7E5
:10DB700061FC069B0093BBF82020A8F800200F9BB7
:10DB8000149A294604F18E000137FBF777FCB9F1AE
:10DB9000080F0AF1080A00F086819AF858304E46BC
:10DBA00009F10109002BF2D0129A734B0BEB4202E0
:10DBB00033F82740D288A8F8002003EB8702119B96
:10DBC0005588E41A079BED1A0A9B93F91D30B3425E
:10DBD00029B200F02E82E01D684A10914B4600B237
:10DBE000FBF728FCBAF85A300F93304604F11A03B9
:10DBF0000E93F7F71FFE03460A981099028B12F452
:10DC0000807F03D090F91D00B042A3D1BDF9380048
:10DC10005B4AFBF70FFC4FF0FF33ABE7594A00922A
:10DC2000023B19B2584B22881A8005230622FAF7C4
:10DC300059FA8AE6069B079A0D9ECDF818B0CBF1EB
:10DC4000E807A2F19809CDF83880C3469A4609EB57
:10DC50000A054FF000082946A7EB0800F9F77AFFFC
:10DC600008B12BF8184008F101084645F3DC089B81
:10DC70000AF1010A53450BF1400BE8DCE6E44349A5
:10DC80001491434AA3F2446303216EE50D98169C58
:10DC90000BEB00064D4605EB040A4FEA6A0A33F81F
:10DCA0002A0086420BDC54453FF458AD544605EB40
:10DCB000040A4FEA6A0A33F82A008642F3DD8345F4
:10DCC00040F3558255453FF449AD5546E3E70A9A7E
:10DCD00092F91C305F1C3FF4A4AD03EB430102EB4F
:10DCE0008101012091F82920904010F0180F7FF455
:10DCF00098ADD1ED0C7A91ED0B9A1399DFF88880ED
:10DD0000244EB2EE008A062A38EE678A099A03F199
:10DD100006039BB228EE098AC1EBC12402EB430340
:10DD20004FEA441408BFF7EE007ADB8BA8F8003006
:10DD300004F10204CBF5D27508BF38EE278A24B26D
:10DD40002DB218EE100AF2F72BFCCDE900012146A6
:10DD500026343246284624B2FBF76CFB1F2C38EEE3
:10DD6000498AEEDD5DE5DFF830A0DFF81C80189C05
:10DD7000002741E020180108345201081C1801084E
:10DD80002818010854520108A89800202E030020EA
:10DD90003C250020101801084825002029B2032B3B
:10DDA000B94A0E9175D0D900C91AB84B53F8213031
:10DDB000CDF808C0CDE90F23F2F7F2FBDDE90F2320
:10DDC000CDE9000149460E98FBF734FB4FF0FF33D5
:10DDD0000093099BC0EBC0001B8CA8F800300230F8
:10DDE000069B2844314622460137FBF747FB0134A6
:10DDF000042C0AF10C0A58D09AF82830002BF6D0DF
:10DE0000A34A02EB870332F827505E88079B149AD7
:10DE1000F61A0A9B32F8142093F91C30A8F8002057
:10DE2000A342A5EB0B050FFA86F900F0B6819AF82C
:10DE30002A30984A03F00103E81D52F8232049468E
:10DE400000B2FBF7F7FA9AF829309049DAF82C007B
:10DE5000C3EBC30201EB82029AF82B10D2F80CC07C
:10DE60000F91DA1ED900012A05F121050E9195D8EE
:10DE700007EE100AF7EE007ADFF850E2864AB4EEB9
:10DE8000677AF1EE10FA18BF724629B2032B0E9191
:10DE900089D10F994FF4F07E4EFA01FE1EF0010F6A
:10DEA00081D07E4B84E7DDF844B00A997B1C03EBFC
:10DEB000D3735B1003EB830203EB4203079A013336
:10DEC0009D1A91F91E20099B541C1B8CA8F8003048
:10DED00000F0888091F91C30013300F083800B8BB7
:10DEE000D80534D491F91D309A4230D001EBC201EB
:10DEF0001FFA8BF401320092C4F1FD002EB2B1F88A
:10DF00005A70674A0133314600B2FBF793FA0A9917
:10DF10000B8BC4F59174DA0724B200F1B88191F942
:10DF20001D00F7F787FC0A99074691F91E00F7F7DD
:10DF300081FC0346874227BF3B1A2B22DB1B2D2285
:10DF40000093314613462046564AFBF773FAF8F71A
:10DF50008DF8B5EE400AF1EE10FAB0EE408A28D006
:10DF6000099B1B7F042B0A9B93F8993007EE903A8C
:10DF7000F8EEE77ACBF1180367EEA97A1EB267EEE6
:10DF8000807A18BF202717EE900A08BF1827F2F7EB
:10DF900007FBCDE9020118EE100AF2F701FB2CB2E3
:10DFA000CDE90001404A3B4621463046FBF742FAA4
:10DFB0000B350A9BD3ED2A7AF5EE407AF1EE10FA92
:10DFC0003FF48AAC17EE900AF2F7EAFA2CB2CBF1E2
:10DFD00018052DB2CDE90001344A21462846FBF749
:10DFE00029FA79E4099B1B7F2EB2002B00F0F68002
:10DFF0000A9A1FFA8BF492F91D302D4AC4F58270EB
:10E00000013300B23146FBF715FA0A9A138BC4F5B7
:10E010008E740134DB0727B200F1918092F91D0064
:10E02000F7F708FC234A034631463846FBF702FA65
:10E030008DE79BF81C30002B7FF4CDAD1E4A0E916E
:10E0400020B2FBF7F7F90E99C5E59FED1C7ADFEDDD
:10E050001C8A1C4BCDF8189087EE279A062A4FF0A1
:10E06000000A254693FBF1F35C464FF4B028D146F5
:10E070009B46E6EEC78ADFED149A08BF78EE898AE0
:10E08000B1EE499A4FE000BFF81701085C2D010876
:10E0900034520108902C0108841001085B24010807
:10E0A00030180108381801085418010868180108C8
:10E0B0004C18010828180108181801080000184217
:10E0C000004098430000C701000000000418010848
:10E0D00007EBC001A047B0EE408A02F087FCB4EE27
:10E0E000480AF0EE687AF1EE10FAE8EE097A4FF09D
:10E0F00000030BD0FDEEE77A17EE903AB3F5987F68
:10E10000A8BF4FF4987323EAE3739BB20AF1010AA4
:10E1100049464FEA184228461FFA8AF9F9F74CFF98
:10E120004E45D84406D31FFA8AF0002CD0D1B0EE69
:10E13000698AD2E7DDF818902C46FFF7B4B8069844
:10E14000F9F784FF10EE104AF9F796FF10EE100A67
:10E15000F2F726FACDE902012046F2F721FA6B4ADE
:10E16000CDE9000131463846FBF764F9EFE6574642
:10E1700004E0013F33F82700834501DC002FF8DC81
:10E18000129C05E00AF1010A33F82A00864201DDFB
:10E19000A245F7DB1294FFF775BA5D4A494628B2EB
:10E1A000FBF748F943E6FCF749FFE1067EF5FAAED6
:10E1B0000022114610460923F9F774FFA2067EF5E6
:10E1C000F4AE544B9B8ADB067EF5EFAE09230E229C
:10E1D00000210D20F9F766FFFEF7E7BECBF1FD0049
:10E1E0004B4A314600B2FBF725F901E749484A4A54
:10E1F000008C108006F12101484A09B20020FDF789
:10E20000E7FEFFF728B994F89930454A40F23311F8
:10E210000F20FDF7DDFE608B0138F9F717FF10EED8
:10E22000106AF9F729FF10EE100AF2F7B9F9CDE9F3
:10E2300002013046F2F7B4F93A4ACDE9000140F262
:10E2400033114FF4A370FDF7C3FEFFF741B95B082C
:10E2500003EB520302F001021344334A019300928C
:10E260003346324A40F233110F20FDF7B1FE6168A8
:10E27000A268521A01922E4A00923B462B4A40F263
:10E2800033114FF4A370FDF7A3FEFFF721B9DDF8BA
:10E2900018804046F9F7DAFE3846B0EE409AF9F7B2
:10E2A000D5FE4046B0EE408AF9F7E6FE3846F0EE7D
:10E2B000406AF9F7E1FE76EEC07A17EE900AF2F7BF
:10E2C0006FF979EE487ACDE9020117EE900AF2F77C
:10E2D00067F90E4ACDE9000131462046FBF7AAF85E
:10E2E00035E6144EFFF790BB3746FFF7C2B8124C25
:10E2F000FEF7D2BE114B019200930C4A334640F216
:10E3000033110F20FDF764FEFFF7E2B84018010853
:10E310001818010804030020A8980020E418010838
:10E32000AC180108C41801089C1801087C180108E1
:10E33000A4180108B8980020A098002088180108A7
:10E34000421C2CD008B500F10B02154B13F832100B
:10E35000F1B193F91D1081421BD003EBC203588821
:10E36000FCF73CFEFBF72CF8031EB8BF1F3300215F
:10E370005B110E220846F9F795FE0A4A138823F02E
:10E38000080343F480631380BDE80840FEF7ECBD4A
:10E3900008BD0548017841F002010170DDE77047D2
:10E3A000482500204A790020A0980020F8B50346AF
:10E3B00010F0010003D0BDE8F840FEF7CFB85E4A88
:10E3C000117F032903D8012934D819B1B3E00429F6
:10E3D00076D0B0E0594D95F91D20511C00F0AB806E
:10E3E0000B3215F83220002A00F0A580082495F998
:10E3F0001D0005EBC0029F06B2F85A1044BFA1EB06
:10E40000D40121EAE171DE0606D56B8B01EBD40164
:10E410008B42D8BF03F1FF31F7F756F995F91D008C
:10E42000FFF78EFFFAF710FF0134A4B2034600286D
:10E43000DDD180E0414A158B5069022905F0400585
:10E4400003F0100703F020060AD15468D5B195688F
:10E45000630803EB550304F001041C440D4611E06E
:10E46000946875B15368E41AA0B927B1A0000130CF
:10E47000FAF7D6F904469EB1601EFAF7D1F90446C0
:10E480000EE0012538B9D2E90130C01A8008FAF748
:10E49000C7F900E0042507B1044416B1241A00E0CE
:10E4A0000425FAF7D1FE0028FBD1254BA4F51672FE
:10E4B0009A4240D821462846BDE8F840F7F7FEBA10
:10E4C0001E4A92F91C104C1C04D00C2000FB0121A8
:10E4D00091F82A00D2ED297AF5EE407A02EB80011C
:10E4E000F1EE10FA03F0100291ED270A03F0200379
:10E4F00015D1DFED147A9FED147AB5EEC00AF1EE76
:10E5000010FAD8BFF0EE477A0AB107EE800A63B17D
:10E51000B7EE007A77EE677A20EE270A05E00AB1B7
:10E5200030EE270A0BB130EE670AF7F78BFDFAF7EA
:10E530008BFE0028FBD1F8BD0403002048250020F5
:10E54000A8913577CDCC4C3ECDCC4CBE38B51D4DC9
:10E550000123AA8A0446834011B922EA030304E096
:10E560009BB201290CBF134353409A42AB8227D080
:10E57000154B062202FB04339888FCF755FE032C4A
:10E5800007D0072C09D0022C1AD1BDE83840F7F784
:10E59000C3BDBDE83840FBF7A3BEA88A00F08000E9
:10E5A000FDF7CAF90038094A18BF012002EB400202
:10E5B00001213620FDF700FABDE83840FEF7D4BC53
:10E5C00038BD00BF04030020785001080C32010858
:10E5D000B1B1062238B542430C460B498D580B4A5F
:10E5E0000346908A184100F001000DB9E0700AE07E
:10E5F00020B12846F2F7A4F901300544656002E035
:10E600000221FFF7A3BF38BD7850010804030020A2
:10E61000074AD36843F080034FF48020D360013869
:10E6200004D0D3685B06FAD501207047704700BF5D
:10E630000028004010B50446FFF7EAFF10B1044B74
:10E6400019605C60024AD36823F08003D36010BD78
:10E650000028004000297FD1F7B50B463F490A68E2
:10E6600002F07F3222F0FE42009249683C4A0A40A2
:10E6700001923C4A0546144612F8011B29B10133A8
:10E680003039062B02F8011CF6D1C3F10602002135
:10E69000E01802F029FB23786178A278207941EA1A
:10E6A0000311E37843EA0213627942EA0012C9B225
:10E6B000DBB2D2B2182D21706370A27033D10BB9C6
:10E6C000012302E0122B01D91223637065780AB985
:10E6D00001231FE06800244B4FF03B0CC0F12007E2
:10E6E000B0F1200623FA00F30CFA07F743EA070318
:10E6F0005CBF4CFA06F6334303F003031C330A27CE
:10E70000B3FBF7F6300107FB1633C0B2DBB20343AD
:10E71000934200D2A370A3788DF806108DF80550AF
:10E720008DF8043011E0232928BF2321592B28BF5D
:10E730005923592A28BF592221706370A2708DF87D
:10E7400002108DF801308DF80020DDE9001003B0D3
:10E75000BDE8F040FFF76EBF704700BF00280040E3
:10E760003F1FFF0010790020CCEE0B0010B50C4CC1
:10E77000236A03F00303032B11D0236A43F0190328
:10E78000236244F62060F3F71DF9236A9A0706D442
:10E79000636A43F001036362636A9B07FCD510BDA3
:10E7A000001002400C4AD368DB0313D49FED0B7AB0
:10E7B000DFED0B7AE0EE077AFDEEE77A17EE903A9E
:10E7C000B3F5806F06D8C3F5FF73013348F2FF112C
:10E7D0000B40D363704700BF00280040BD37863F21
:10E7E00000C0FF4308B5A1B10D4A9FED0E7AD36B6F
:10E7F000D26BC3F30803120454BF5B42C3F500732A
:10E8000007EE903AF8EEE77A67EE877AC1ED017A83
:10E8100008BDFCF75DF9BDE80840FFF7C3BF00BFC6
:10E82000002800400024743F436830B501248C4028
:10E8300023EA0403436084684D000323AB4024EAC9
:10E8400003048460C46824EA030CC2F34114AC409E
:10E8500044EA0C0402F0030EC46001F00704A400B3
:10E860000EFA05FE4FF00F0CC2F3C312C9100CFADA
:10E8700004FCBEF1020F6FEA030302FA04F26FEA2E
:10E880000C0C00EB81010BD00468234043EA0E031B
:10E8900003600B6A0CEA030C4CEA02020A6230BD08
:10E8A0000C6A0CEA040C4CEA02020A620268134089
:10E8B00043F00203036030BD70B50E4E00223046B7
:10E8C0000121FFF7B1FF4FF0904040220721FFF7F1
:10E8D000ABFF01254023B56104462A468361002130
:10E8E0003046FFF7A1FF2A4620460621BDE87040CA
:10E8F000FFF79ABF0004004808B5FAF72DF8FAF7B9
:10E90000FBF90120FAF7FEFB0220FAF7FBFB0320DC
:10E91000FAF7F8FBFFF7D0FF0A4AD36943F0020386
:10E92000D361094B094A9A6220225A600922DA62AD
:10E9300001225A6100225A6205221A60BDE808408D
:10E94000F9F77CBD00100240000400403F190100AF
:10E95000F7B5F9F797FD3248324E01AA4FF48071AE
:10E96000FAF752F8BDF80430B3F5FA6F4AD92E4CD5
:10E970004FF48033A36140F6030207214FF090402B
:10E98000FFF752FF264801AA4FF48071FAF73CF8CE
:10E990004FF090450223BDF80470A36101224FF4AB
:10E9A0000003AB6111462046FFF73EFF012207211D
:10E9B0002846FFF739FF002211462046FFF734FFB3
:10E9C00040F6030206212846FFF72EFF144801AA4D
:10E9D000C021FAF719F8BDF80440FFF76DFF1048A1
:10E9E00001AA4FF48071FAF70FF8BDF80430B3F5BF
:10E9F000FA6F03D90D4B1C800D4B1F800023337021
:10EA0000012003E03078431E58425841094B1A78E0
:10EA100082421CBF1870C0F1030003B0F0BD00BFFC
:10EA200000010050387900200004004836790020A9
:10EA3000347900203179002008B5FFF789FF0328D9
:10EA4000FBD108BDF7B506460F46012000211C4644
:10EA50001546FDF7E1F9FDF7D7F90C4B00930923B3
:10EA60001A4639463046FDF72DF82B46084A9A21BA
:10EA7000B120FDF7ADFAFFF7DFFF064B1B882380BF
:10EA8000054B1B88638003B0F0BD00BF2052010816
:10EA900095250108367900203479002070B50F4D96
:10EAA0000F4AAB8A13F0800318BF02234FF00C010A
:10EAB00003F106030CBF0224002405EB43030846C0
:10EAC000FFF7C0FFA31D05EB4303064ABDE87040F6
:10EAD00040F22B1140F2CB10FFF7B4BF040300202B
:10EAE000A0250108AB250108B0F5C37F38B51FDBB1
:10EAF000124B01391B8891FBF3F1F9F7F3FD8BB24F
:10EB000080B2984214D90E4C94F9000021700DB2D5
:10EB1000012303FA00F0AB401843FDF721FCFFF797
:10EB20008BFFFF2323702846BDE83840FDF7DCBC8F
:10EB3000FFF782FFBDE83840FCF72CBE84030020BD
:10EB40009C03002070B5214B214A1D686B7832F878
:10EB50003340844238DC02EBC30253888B4233DCFF
:10EB6000001BCB1AD1889288B0FBF2F02A46B3FB87
:10EB7000F1F303F00F0343EA001312F8021BDBB2B8
:10EB80000024A14220DD12F81400984201D0013483
:10EB9000F7E705EB4405EB78FF2B15D00D4D95F904
:10EBA000006060B22870FDF7B5F93046FDF7B2F9A4
:10EBB000FFF742FF2046FF232B70FDF7ABF92046FD
:10EBC000BDE87040FDF7D0BD70BD00BF0C790020DE
:10EBD000E44A01089C03002070B58CB040F2034366
:10EBE000ADF8083001230C4615468DF80A3080B187
:10EBF00002AB06460093B4223C2378219620FDF711
:10EC00001DF932467D21A020FDF7E2F98020FCF7B6
:10EC10000BFB8CB101210420FDF7FEF82623AE2268
:10EC20008B219920FDF7A4F822469921AA20FDF70F
:10EC3000CFF98020FCF7F8FA0D4C6C434FF47A734F
:10EC400004F2E734B4FBF3F441F28833002D08BF3B
:10EC50001C462046F2F7B6FE3DB9FAF7CFFA012876
:10EC600003D0FFF775FE0228F3D10CB070BD00BFD2
:10EC7000A08601002DE9F0410021012086B0FDF7BA
:10EC8000CBF8FDF7C1F81B4A40F235110F20FDF714
:10EC90009FF9FAF7B3FAC30729D4FFF759FE022800
:10ECA000F7D104A905A8F9F705FCDFF84C80DDE9E8
:10ECB0000476424633461E2100970A20FDF788F964
:10ECC00041F28830F2F77EFE02A903A8F9F7F2FBC1
:10ECD000DDE90245394623462A463046FCF7F8FF6F
:10ECE000CDE90445FFF734FE0328E0D1D1E706B0B3
:10ECF000BDE8F081B7250108E625010813B5144CDD
:10ED00002378DA0708D5FAF779FA28B1114B1A787F
:10ED1000114B53F83230984723789B0711D5FFF7F2
:10ED200017FE013801280CD801A96846F9F7C2FB83
:10ED3000084B1A78084B03EBC203DDE900015B685E
:10ED40009847F9F77BFB0023237002B010BD00BF8A
:10ED5000120C00202F790020B0460108F0EEC07A96
:10ED6000BCEEE77ADFED446AB8EE477A10B577EE8D
:10ED7000C77A67EEA67ABCEEE77A17EE103A9BB236
:10ED800007EE103A03F18002B8EEC77A12F4807FE2
:10ED9000C2F3080C77EEC77A384AC3F3080E48D19D
:10EDA00002EB8C04DB0594ED006AD4ED014A52D4E9
:10EDB00002EB8E03D3ED005A93ED014A9E4674EEAA
:10EDC000C66A35EEC47A9FED2E5A35EE844A36EE89
:10EDD000A63A77EE073A76EE244AA4EE053AB0EE6C
:10EDE000634AA4EE854AA6EE057AE5EE856A34EE1E
:10EDF000077A73EE266AA7EEC47AE7EEC36A27EEB7
:10EE0000877A67EEA66AA6EE457AE5EEC56AB5EEA4
:10EE1000C00AA7EEA66A67EE877AF1EE10FA54BF31
:10EE200075EEE77A77EEE57A81ED006AC0ED007A5B
:10EE300010BDACF58074ACF1FF0C02EB840402EB66
:10EE40008C0C94ED006ADCED004ADB05B1EE466AFD
:10EE5000F1EE644AACD5AEF58073AEF1FF0E02EB75
:10EE6000830302EB8E02D3ED005A92ED004AF1EEDD
:10EE7000655AB1EE444AA2E700000044703201082E
:10EE8000DB0F493C07EE900A70B5B8EEE72ADFEDDC
:10EE90001A7A1A491A4A1B4CDFED1B2A22EE272A3E
:10EEA000B6EE000A002322EE000A82B006460B707E
:10EEB000136004F1C00501A96846FFF74FFF9DEDFF
:10EEC000007ADDED017A27EE227A67EEA27ABDEEB6
:10EED000C77AFDEEE77A17EE103A238017EE903AE4
:10EEE000043424F8023CAC4230EE020AE3D1074B72
:10EEF0009E6002B070BD00BF3EC3AE36F60B002070
:10EF0000200C0020F49800200078FF460403002025
:10EF10004FF47A6300FB033041B1054B9B684860B6
:10EF2000834214BF02230323CB707047FFF7AABFAD
:10EF30000403002070B582B0184E2E2315460093AE
:10EF40004FF4F0720B460C4601460020FCF752FDD0
:10EF5000336823F0380343F008033360C4EB041430
:10EF6000F9F7AEFCA401F9F78FFC0D4B0D499D623A
:10EF7000A4B241F281021C62DA6141F21102D9634A
:10EF80005C631A63FCF7D8FC3368074A402123F01E
:10EF900038033360916102B070BD00BF00300140A2
:10EFA00000000240AC46010800040048F7B57A2290
:10EFB00001AB19490646F5F72BFB184BB3F8402077
:10EFC000174B04461A8018BB164F40F23F153A46BD
:10EFD00001212846FFF7AEFF124A4FF4F073118863
:10EFE000013B49BA22F8021BF9D101AB4FF4707210
:10EFF00039463046F5F70CFB0123294604461A46EC
:10F0000040F2DF10FCF7B4FE013D01D3002CDED04E
:10F01000204603B0F0BD00BFD04D0108040300201E
:10F02000100C00202C660020F7B5682201AB2649A1
:10F030000646F5F7EDFA254BB3F84020244B04467D
:10F040001A8000283CD1234F05463A460121284624
:10F05000FFF770FF1F4A40F2DF11144634F81130F9
:10F060005BBAC3F3072020F0070082F81D060139C0
:10F07000C3F3CC00DB0082F81F3620F003004B1CEA
:10F0800082F81E06A2F10302E8D14FF4B4623946B9
:10F090001148F8F731FC01AB024601903946304681
:10F0A000F5F7B6FA0123294604461A4640F2DF1066
:10F0B0000135FCF75DFEB5F5A07F01D0002CC4D072
:10F0C000204603B0F0BD00BF684D010804030020D6
:10F0D000100C00202C660020AC6600200A4B5A8BD6
:10F0E0008AB140F2911101FB002140F6884C0CFBE3
:10F0F0000030002203EBC10380ED340AC0F8D420B5
:10F1000008309842F8D17047482500201FB50F4BB2
:10F110000F4C029303A801940393F4F77FFF002898
:10F1200010DB0C4B53F82010002201B10A700A4981
:10F1300043F8204081F8C42D02A8002201A9F4F769
:10F1400083FF00E00B2004B010BD00BF2B2201089C
:10F15000F0730020DC7600202C6600207F2801D888
:10F1600080B27047B0F5803F0CD2074A002302E01E
:10F170000133802B06D032F8021B8842F8D180334D
:10F1800098B27047002070478C3901082DE9F84388
:10F19000FF27066804463D460420A16B002974D071
:10F1A0003046F3F7BBFF002872D1E06B0378002BE9
:10F1B0006DD03278042A0ED1852B5FD1236BE364A6
:10F1C0002046F4F707FC002862D133691B7903F06D
:10F1D0003F03A3714BE0C27AE52B02F03F02A2711C
:10F1E0004BD02E2B49D022F02001082945D00F2AE0
:10F1F00038D1590605D503F0BF05236B477BE3647F
:10F2000001E0AB4239D1437BBB4236D1428BA2BB3A
:10F210000378D6F80CE0DFF8808023F040030D215E
:10F22000013B4B434FF6FF79012118F801CB30F831
:10F230000CC031B1162B20D82EF813C06146013313
:10F2400001E0CC4519D101320D2AEED102785206E7
:10F2500005D521B1162B10D800222EF81320013D20
:10F26000EDB20BE02DB9F4F78BFBB84201D10020D1
:10F2700010E04FF0FF33E364F9E7FF25002120465B
:10F28000F4F7D2FA002888D002E00028EFD004205A
:10F290000023A363BDE8F8830C3B010801292DE995
:10F2A000F041056801D8022043E0EB6999420C4621
:10F2B000F9D20746884621463846F4F703F8264631
:10F2C000044628B92B78042B30D10023FB712DE0A4
:10F2D0000128E8D0431C2BD02B78042B0BD1D5E987
:10F2E0000632023A93420ED20133AB612B7943F0DE
:10F2F00001032B7107E0002231462846F4F774F829
:10F300000028ECD015E0721C94420BD02B78042B13
:10F3100007D10023A2EB080241462846F4F7DAF8A9
:10F3200038B9A046EB699C42C5D3CBE7002000E08A
:10F330000120BDE8F081000070B5164C00250223C5
:10F340002022294604F10C002370E567A56001F036
:10F35000CBFC6668104B84F8645080221D655D64A8
:10F36000DA64F268AA4214BF4FF41E424FF41C4202
:10F370001A642946094BE36040222046C4F88020E5
:10F38000F3F756F8336823B129462046BDE87040AC
:10F39000184770BDE4760020005C004090460108EC
:10F3A000D0E90332934210B5044606D0A1691A1D74
:10F3B0000B44C4E90923002010BD8268002AF5D05F
:10F3C0004FF0FF31F2F70AFB0028F5D1E368EDE7D3
:10F3D00003460068834206D002681A600021536029
:10F3E0008161F2F75FBA704738B5114D81682B69BA
:10F3F000002282619A68914203D8BDE83840F2F752
:10F4000051BA04461846F2F74DFA012301462C6121
:10F410002375EFF309830269643B9A4204D82046BE
:10F42000BDE83840F0F740BF72B6024B6B62FEE7B2
:10F43000387800205C0D010870B598B0524801A9D9
:10F44000F4F7B0FF002840F09C80504C94F8A43BA7
:10F450005A0640F18F801B06019D10D5D4F8B82BB9
:10F460006878012304F6C431FDF73CFC002840F025
:10F47000888094F8A43B03F07F0384F8A43BF9F759
:10F4800023FB2B78042B06464BD13F48F4F760F85A
:10F49000002876D1D4F8B41B3B484FF0FF32F4F784
:10F4A0006FF800286DD1D4F8743B0293D4F8943BE4
:10F4B0000493D4F8983B8DF80F3023F0FF03CDE987
:10F4C0000630D4F89C1B099002A81591F4F766F950
:10F4D000002856D102A8F4F77DFA0246002850D140
:10F4E00029690B7943F020030B7194F87B3B296960
:10F4F00043F0010381F821302B69D4F87C1B596358
:10F50000D4F8840BD4F8881B5A75C3E90E01C3E9FB
:10F510000A01DE602B6902A81A61F4F7C7FA80BB02
:10F520001EE0D4F8BC1B2846F3F7F8FD48BBD4F81E
:10F53000C03BDA7A42F02002DA72D4F8741BD4F8B5
:10F540007C2B09785A83032904BF120C9A82D4F8C1
:10F55000842BDA610022C3F816605A820123EB7013
:10F560002846F3F753FE94F8A43B23F0400384F8B5
:10F57000A43B30B9044802A9F4F714FF08B9C4F851
:10F58000740B18B070BD00BFA07100202C66002065
:10F5900010B4134CA3691B04FCD4236843F001038B
:10F5A0002360130443EA400343F0007343F4005321
:10F5B0000B4863600A44836913F0110FFBD0836921
:10F5C000DB0607D411F8013B83629142F3D15DF869
:10F5D000044B704700235DF8044B0360704700BF85
:10F5E0000054004010B5C901D20184B0A1F50071EA
:10F5F00032D0B2FBF3F44FEA133C03FB1422C2F304
:10F60000034E0CF0F00C21444CEA0E0CC3F307241B
:10F61000C2F3072EDBB2D2B28DF80C20002260F3C9
:10F62000070264F30F2263F31742C1F3014363F34C
:10F630001F62019200230A0A62F3070361F30F239A
:10F640006CF317436EF31F63092201A96020029334
:10F65000FFF79EFF04B010BD964694460123144662
:10F66000DAE700BFF0B50F4983B0496E089C164633
:10F6700001FB04F405462246304619460023F1F703
:10F6800045F96946034601A8CDE900421C46F8F752
:10F69000F1F9DDE900322146E8B203B0BDE8F040FF
:10F6A000FFF7A0BF040300202DE9F04385B0042933
:10F6B0000C9F9DF83460054614465ED0C901D40104
:10F6C000A1F500713DD1C1F30140C1F3072E2246DF
:10F6D000C9B2A046A4460123A1468DF80C202C4AAD
:10F6E0003843575D002267F3070269F30F2263F383
:10F6F000174200236EF3070361F30F2360F31F62C9
:10F700006CF31743019268F31F63092201A960207B
:10F710000293FFF73DFF6CB346F00C061D4C635D92
:10F72000B3420BD005F110030222694660208DF828
:10F7300000308DF80160FFF72BFF665505B0BDE87E
:10F74000F083B4FBF3F24FEA133C114403FB124283
:10F75000C2F303400CF0F00C4CEA000CC3F3072991
:10F76000C1F30140C1F3072EC2F30728DBB2C9B2CF
:10F77000D2B2B2E746F04C06D0E7002247F00C07C1
:10F780009046944611469646104601239146A4E7BA
:10F79000EC590108F0980020F0B583B00446089DAC
:10F7A000099E9DF82870104619462A460023F1F755
:10F7B000ADF86946CDE90052054601A8F8F75AF9B7
:10F7C000DDE90032294620460997089603B0BDE8D6
:10F7D000F040FFF769BF00BF2DE9F04F04468DB040
:10F7E000002800F0A2808B4BDFF840B2D3F80090E5
:10F7F000DBF80870D9F80C308342074400F2988097
:10F80000854B98420D4600F2FB80402304013F01E6
:10F8100008934FF00208814B1A78AA4240F0968074
:10F820007F4B04931B689C4200F0F180DFF8F8A145
:10F830009AF8003008EB4806434509EB860608D0E5
:10F8400003EB430309EB83031A8933899A4240F09F
:10F85000C880B379032D03F00F024FEA131305920A
:10F8600006937CD9F37903F00F051B0907933379CD
:10F87000012B78D0022B40F0B28096F805B0069BA1
:10F8800000931A20ABFB0723FFF7ECFEABFB0476DB
:10F89000059B0093222033463A46FFF7E3FE9AF891
:10F8A000003003EB430309EB830999F805305B450E
:10F8B00015D04FF00009079B01934A460123594692
:10F8C0004846CDF80090FFF7EFFE45F020050123F4
:10F8D000CDE900954A4659461846FFF7E5FE5149DD
:10F8E000059801FB00F0009000212020CDE90110D7
:10F8F0003A4602203346FFF74FFF1E209AF80030A9
:10F90000434510D04FF4C870F2F75CF84AF6B143A3
:10F91000602002220BA9ADF82C30FFF739FE4FF41E
:10F92000FA708AF80080049B1C600DB0BDE8F08F6F
:10F9300070230893394B1A780025AA424FEAC01465
:10F940004FEAC7174FF001083FF46AAF1D70344B00
:10F95000354A04931946002313700B6063E733792B
:10F960000795012B86D19AF8002096F8059042451C
:10F9700017D0002249461A20DBF864600993FFF78C
:10F9800031FE099B002220212220FFF72BFE254972
:10F990000023CDE900132021720102910220FFF71C
:10F9A000FBFE079B089E0293069B0097019609FBAE
:10F9B00003F2DBF864300020A3FB0223FFF7ECFE28
:10F9C000CDE90165059BDBF86420009409FB03F990
:10F9D0000120A2FB0923FFF7DFFE0A208EE70020AB
:10F9E0008CE7337A8DF82D30737A8DF82E30032220
:10F9F0003B230BA918208DF82C30FFF7C9FD28E711
:10FA0000FBF7D4FA00235FFA80F8089303E7282075
:10FA10008BE700BF0405002040420F00240C0020AB
:10FA2000200C002000127A00F60B002004030020B6
:10FA300030B40A4D0A4B2B6000242B4605F17001AF
:10FA400053F8042B8B4202EBF474F9D12C67034971
:10FA5000044830BC7422F9F76FB800BF04030020DB
:10FA6000564E4F4300F803082DE9F04387B00428B1
:10FA700000F29580DFE800F0030609878F00FFF7AA
:10FA80000DF88CE0FFF7F6F889E000210120FCF783
:10FA9000C3F9FCF7B9F900210720FCF7BDF90522ED
:10FAA00011464348434F0323FCF748FE0021012041
:10FAB000FCF7B2F99026242557F8044F6CB176086C
:10FAC000F2072B4605F10505F9D403F10D05224691
:10FAD00029B20520FCF77CFAEEE7374B374A5B6E1C
:10FAE000DFF8E480364F374E05F10D0109B20520ED
:10FAF000FCF76EFA2735FEF72BFF02281FFA84F970
:10FB00004DD0F9F77BFBC30749D44FF47A60F1F786
:10FB100059FF19F0070F01D00134ECE7F8F7A8FFFF
:10FB20000146F8F7BBFFD8F8203003F44073B3F573
:10FB3000807F5FFA80FCC1F3074E14BF4923452341
:10FB4000C0F30722C1F30729C9B2CDE90413CDE9F7
:10FB5000002CC0F307433A4629B2CDE902E905205B
:10FB6000FCF736FAFDF7B6F94FF47A7205F10D019C
:10FB7000B0FBF2F302FB13000090324609B20520FD
:10FB8000FCF726FAC8E7FFF753FF012007B0BDE8EE
:10FB9000F043FBF78BBEFDF777F9F5F701F8FBF7BC
:10FBA000F9FD4FF4E37007B0BDE8F043FBF73CBB51
:10FBB000EF250108202C010804030020FB25010883
:10FBC00007260108342601080010024013B501A9D8
:10FBD0000446F4F7E7FB00B9206002B010BD000056
:10FBE000436B8B60D0E90E23C1E9042390F82130E8
:10FBF00003F00203CB710023CB61704737B5234B71
:10FC000000930446002201A96846F4F71DFA002873
:10FC100033D1019D009925602046F4F767F800284C
:10FC20002ED194F94B30002B1EDBA379DB0601D4D7
:10FC3000052022E0297804290ED1A36823622369D4
:10FC4000E279286923F0FF0313436362E36CA36244
:10FC50002146FFF7C5FF07E0E26B0329538B04BF82
:10FC6000928A43EA0243A360EB88A38000212046E6
:10FC7000F3F794FD0428DBD028B10023236002E0D1
:10FC80000428D5D0F9E703B030BD00BF2B2201080E
:10FC90002DE9F041AAB00546FFF738FA50B13B49CB
:10FCA0003B484FF4FA62FEF797FF2AB0BDE8F041F7
:10FCB000FBF770BD374B384A1B781B0114A8D3588B
:10FCC0002893FFF79BFF04460028E8D16A1E334BB8
:10FCD000334FC2EB0212520096B29A8C314B06F1AE
:10FCE0001D081A8004A914A8FBF778F890B9A64259
:10FCF00008DCA04506DBC6F104000DF12A01204412
:10FD0000FCF7C8FA3B880134002BEBD006F11E0348
:10FD1000A342E7D114A8FFF759FF3B885BB93C80A9
:10FD200034B1A2B21D321E23B2FBF3F292B200E054
:10FD300001221D4B1A80A41B1D2C0FDC201D02A9C3
:10FD4000F8F75CFC9DF80E30BDF80C20BDF80A10E9
:10FD5000BDF80800FCF70CF80134EDE714234FF46C
:10FD6000F0724FF496710020FCF702F8FCF7DCFA11
:10FD70000D4B0E4A1B88009340F231112B46DB20BD
:10FD8000FCF726F92AB0BDE8F08100BF4326010840
:10FD90004B2601082A790020F84C010804030020B2
:10FDA00028790020100C0020267900205126010817
:10FDB000022805D10F4B9B8A13F4007F18BF032044
:10FDC0000D4A1378032B14D00C4900230B800C49E7
:10FDD0000B80032111700B4A10700B4A0120108018
:10FDE0000A4A13800A4AFF2111700A4A1380FFF75A
:10FDF0004FBF7047040300202F790020A00300208C
:10FE00009E0300202A7900202479002028790020F0
:10FE10009C0300202C7900202DE9F04FB3B00A4656
:10FE200001900F4601A803A9F4F70EF980460028B7
:10FE300040F06B82039D0199069506A8F3F756FFE3
:10FE400020B99DF96330002BB8BF062017F01C0FB6
:10FE500000F00A82002800F0A481042840F05582B6
:10FE60009DF86340069E14F0A00401D1F36801E000
:10FE700006204AE233F814200AB10134FAE7337855
:10FE8000042B40F09A800E340F2306A8B4FBF3F93C
:10FE900009F10201F3F74CFD0446002840F03582D9
:10FEA000129B09F10109A3EB491319939DF81F3027
:10FEB0005A0749D523F0040306A88DF81F30F3F73D
:10FEC00047FB002840F0218213994FF0FF3206A82B
:10FED000F3F756FB002840F01882089B002B33D024
:10FEE000069B1C930E9B1E930F9B8DF8773023F07F
:10FEF000FF03CDE92030109923901CA82F91F3F730
:10FF00004DFC002840F001821CA8F3F763FD002897
:10FF100040F0FB81DDE90A3170894FF40072E0FBAB
:10FF200002313269CDE90A31C2E90E31C2E90A3142
:10FF30009DF81F3043F0010382F821301CA8F3F72D
:10FF4000B5FD002840F0E181D6E903693F22002198
:10FF500009F1010000F0C8FE852389F80030002275
:10FF6000C02389F82030012140234FF0C10E944670
:10FF7000581C09F803E009F800C0023329B121B286
:10FF800036F8111009B10134E4B229F80310023334
:10FF9000D806F3D120B202F1010A36F8100008B1F8
:10FFA0005246E5E7023289F8234089F801203046BD
:10FFB000F3F7F6FCA9F82400F9E00C2216A91CA816
:10FFC000F3F7A2F89DF87BB01BF0010F6DD0402332
:10FFD000DFF85C938DF863304FF0010AF36800930B
:10FFE0000B221CA916A8F3F78FF8BAF1050F14D944
:10FFF000009B9A1E534632F8021F79B1102001F07F
:020000040801F1
:10000000010C0CEB430313F4803F18BF83EA090390
:1000100001384FEA5101F2D1EDE7534606A8072215
:1000200003F00F0C0CF13001392988BF0CF13701B6
:10003000013A9E4600F8011D4FEA131302D0BEF1AB
:100040000F0FEDD802F1C8036B447E2103F8B81CF2
:100050000DF15701002393420FD011F8010F202812
:1000600003F1010C09D06346F5E72021013306A80E
:100070001844082B80F83F1008D0072AF5D802F161
:10008000C8016944013211F8B81CEFE706A8F3F77C
:100090003DFD28B90AF1010ABAF1640F9ED131E1A0
:1000A000042840F032818DF863B01BF0020F05D0B8
:1000B0000C340D23B4FBF3F4013400E00124214699
:1000C00006A8F3F735FC002840F01F81013C4ED014
:1000D000129906A8A1EB4411F3F760FB002840F049
:1000E000148116A8F3F74CFC4FF6FF798346AA4615
:1000F00014993046F3F712F88446002840F0058141
:10010000159BF568DFF82CE21873E1B24FF00F028F
:10011000DA7258834A1E0D20424383F80DB06046C0
:100120000091484518BF35F812001EF8011B0CF16C
:10013000010C18BF01325852002808BF4846BCF1D4
:100140000D0FEED14845009902D035F812200AB9BA
:1001500041F0400119700123F370002106A8F3F764
:1001600063FB002840F0D180013CC1D15546149971
:100170003046F2F7D3FF002840F0C780159C0146B7
:100180002022204600F0B0FD0B2216A92046F2F7EF
:10019000BBFF9DF8633003F0180323730123F37052
:1001A00005E09DF81E3013F0110F40F0AB802B7866
:1001B000042B2ED15B4C2869C4F8745B04F67431AF
:1001C000FFF70EFD1E220021023000F08DFD286990
:1001D0001A220021263000F087FD2B6920221A7197
:1001E0002E69F8F771FC0123B06086F8213006A86B
:1001F000F3F75CFC002840F08880D4F87C1B0029D1
:1002000000F0898004F67430FFF748F8D4F87C4B8E
:1002100025E0F8F759FC159BC3F80E00C3F816004B
:100220002A785C8B032A04BF9A8A44EA024420227B
:10023000DA722978002203295A8308BF9A82DA6188
:100240000123EB70002C66D0214606A8AE6BFFF7A9
:1002500025F8002859D131462846F2F75FFF013CC6
:100260006C61002851D156E000284ED19DF81E3017
:10027000D90649D4BA0702D5DB0743D400E00127E9
:10028000284CAB6BC4F8BC3B159BC4F8C03B297829
:10029000042913D1089BC4F8943B0A9B9DF81F20A6
:1002A000286923F0FF031343C4F8983B04F6743124
:1002B000199BC4F89C3BFFF793FC0CE003295A8B75
:1002C00004BF998A42EA0142C4F87C2BDA69164BD2
:1002D0005A6000229A601548EB88C4F8745B0021CC
:1002E00040F8041C4FF400721430A4F8783B84F8F2
:1002F000A47B84F8A51BC4F8B81BC4F8B01B00F09D
:10030000F3FC0BE0072000E00420064B0022C3F8BA
:10031000742B804602E047F04007B1E7404633B017
:10032000BDE8F08F2C660020AC710020DC7100204D
:10033000211001000C3B01082DE9F0412D4E06EB88
:1003400001138AB05F68002F51D02B4A12780446FF
:100350000D464FEA011832B1DB68DB0703D5FBF726
:1003600019FAFCF701FE56F8082002AE84B92349B9
:100370000B684968019203F07F3323F0FE4300933A
:100380001F4B204A0B4030462021F2F79DFE06E02D
:10039000009223461C4A20213046F2F795FEFEF7D4
:1003A000B5FE044658B90B213046FFF735FD04462B
:1003B00028B916482946B8470446FFF73DF8144BBC
:1003C0001B78012B04D1134A137883F001031370B7
:1003D000114B12484FF4FA62002C0CBF31461946FB
:1003E000FEF7FAFB8220FAF71FFFFBF7D3F90AB0FA
:1003F000BDE8F081F84C01082F790020002800406A
:100400003F1FFF006C2601087D260108A071002017
:100410002E790020000300205D26010883260108B4
:1004200010B40F4A0F4C137803F00101217011B181
:1004300083F0010313700C4B02289B8A03D113F441
:10044000007F18BF0320DB0705D5C1B25DF8044B60
:100450000020FFF771BF5DF8044B1B30FCF7D6B8E6
:10046000000300202E790020040300202DE9F04F26
:100470002DED028B874CDFF820C283B0A0F10F0B6B
:1004800003460191CDF800B0A1464FF4617A4FF0D8
:10049000FF35002699F82820FAB1A0464FF0000E4B
:1004A00098F8582092B1B8F85A200CEB82003CF82A
:1004B00022204088081AABEB020210FB00F012FB6E
:1004C0000202524502DA9246374675460EF1010E97
:1004D000BEF1080F08F10808E2D10136042E09F137
:1004E0000C090CF2446CD5D16A1C35D0694B93F9D8
:1004F0001D20AA421CBF9A775D77238B002023F032
:1005000080032383FAF7D0FE3846F5F709FD01A9E9
:100510006846F7F7CFFFDDE9000194F91C200F389A
:10052000F7F748FF011E0EDB94F91D0004EBC00332
:10053000B3F85A30994206D0F5F7C6F894F91D0081
:10054000FDF7FEFE03E041F28830F1F73BFAFEF7DB
:10055000FFF90328DBD198E0B1F5987F19DBA3F10F
:10056000CE02782A09D8FEF767FA022003B0BDEC64
:10057000028BBDE8F04FFFF753BFB1F5987F39D03C
:10058000228BD60736D4B3F5A37FACBF0325022553
:100590000FE01D292EDCEF2B0ADCF5F767FDB5EE29
:1005A000400AF1EE10FA14BF01250025AD0000E06D
:1005B0000025FEF741FA2846FAF776FE002864D1B6
:1005C000032D08D0042D13D0022D5ED1208B4011B5
:1005D00000F0020005E0238B13F0400F14BF284603
:1005E000012003B0BDEC028BBDE8F04FFCF70EB864
:1005F0000F20F6E7274A92F91C40601C3CD00C20E3
:1006000000FB042292F82900032835D00A3B142B62
:1006100032D8B1F5997F2FDA4B2992ED0C7A92ED11
:100620000B0AF6EE007A02DC37EE278A13E09729F0
:1006300004DC30EE000AB0EE008A07E0E32908DCB3
:1006400020EE270AB9EE008AF0EE007AA7EE278A9C
:1006500001E037EE678A2046F5F770FC2046B0EEE1
:10066000480AF5F77FFC44F6206003B0BDEC028B2E
:10067000BDE8F04FF1F7A6B9FEF7DEF903B0BDEC27
:10068000028BBDE8F04FFBF769BF03B0BDEC028BF6
:10069000BDE8F08F482500204C79002019B9C1B27F
:1006A0000148FFF749BE704710790020022800F08A
:1006B000E78003DC744B198890B108E003281BD154
:1006C000724A138883F001031380FBF72DBE704834
:1006D0004A1C008892B290421A8008D2012205E09A
:1006E0004A1E92B21A8012B9694A12881A80188872
:1006F000814200F0C780BEE02DE9F047624F654EB1
:100700003B881E22013B043802FB03043288A3B25B
:100710009A42A8B040F29F80FEF7F8FC002840F013
:100720009A80DFF87C91DFF87C8198F800301B011B
:1007300012A859F803302693FFF760FA002840F01A
:100740008A80254602A912A8FAF748FB10B90DB114
:10075000013DF7E712A8FFF739FA4C4B1B8803F06D
:100760000103002D77D123B10DF12200F4F770F9C8
:1007700071E098F8003009EB0313D3F808A0BAF140
:10078000000F68D029460120FBF746FB01210DF13F
:100790002200FFF741FB00285DD198F800203E4879
:1007A00002A9D0478246FEF747FE98F8003009EBD1
:1007B0000313DD6805F00205BAF1000F0BD0FBF75B
:1007C00023FB002D0CBF4FF4FA6264220DF12201CD
:1007D0005046FEF701FA002D3DD0F8F70FFDC50693
:1007E0005ABF80F0200545F34015012510F0010F98
:1007F00018BF0225FEF7ACF8013880B2012812D8E4
:1008000001A96846F7F756FE009B9F2B08DDB3F55C
:10081000A07F02DBFEF710F90FE0FEF70DF91AE0FA
:10082000FEF70AF900E035B9631E01D41C467CE7E7
:100830003388013B0BE0012D05D13288631C9A42BD
:10084000F4DC002303E0022D05D0234601E09C42A6
:10085000ECD11C46C1E70D4A1388D9070DD50021FC
:1008600031800E49FF200870388823F0010313807F
:1008700028B0BDE8F047FFF70BBA28B0BDE8F04755
:10088000FAF788BF704700BF247900202C79002038
:100890002679002028790020A07100209C030020E8
:1008A000F84C01082A7900202DE9F7431E4F06462F
:1008B000F7F7C8FE97F900900D468046002444459E
:1008C0002EDC69462046F7F799FEBDF80020B242BB
:1008D0000DDCBDF804301344B34208DDBDF802203E
:1008E000AA4204DC9DF806301344AB4201DC01341B
:1008F000E5E760B200213870FBF7CCFC48460021E8
:10090000FBF7C8FCFEF798F8FF23204600213B7058
:10091000FBF7C0FC204603B0BDE8F043FFF7C6BEBE
:1009200003B0BDE8F08300BF9C03002070B5014612
:100930001C4C012994F9000005D1002830DBBDE8EA
:100940007040FFF7B3BEF7F77DFE002605468B0625
:1009500094F9000005D5431E5BB2002BACBF237099
:100960002570CA0694F9003005D501335BB2AB425D
:10097000D4BF2370267094F90030834207D0002141
:10098000FBF788FC94F900000021FBF783FC42F29E
:100990001070F1F717F8F8F757FC01460028D6D188
:1009A00070BD00BF9C03002010B4D0F83C311C681F
:1009B0002278042A02D10279022A02D05DF8044B7F
:1009C00070475979628901238B401342F6D1D0E9EF
:1009D00005239A4206D0204640235DF8044B04329A
:1009E000F1F750BB0369002BF5D0E7E79FED010A53
:1009F000704700BF0000807F2DE9F047089D0E463C
:100A000004460F46002B4AD194468C45B2FA82F236
:100A100060D942B1C2F12003974020FA03F30CFAE7
:100A200002FC1F4394404FEA1C4E1FFA8CF6B7FBA2
:100A3000FEF1230C0EFB117743EA074301FB06F09E
:100A400098420AD91CEB030301F1FF3780F01581AE
:100A5000984240F21281023963441B1AA4B2B3FBDC
:100A6000FEF00EFB103344EA034400FB06F6A642F8
:100A70000AD91CEB040400F1FF3380F00081A64288
:100A800040F2FD806444023840EA0140A41B00218A
:100A90001DB1D4400023C5E90043BDE8F0878B4277
:100AA00005D90DB1C5E9000100210846F5E7B3FA03
:100AB00083F1002946D1B34202D3824200F2F5808D
:100AC000841A66EB030201201746002DE5D0C5E924
:100AD0000047E2E7002A40F09380A1EB0C034FEAC5
:100AE0001C471FFA8CFE0121B3FBF7F607FB1630FB
:100AF000230C43EA00430EFB06F0984208D91CEB96
:100B0000030306F1FF3802D2984200F2D080464635
:100B10001B1AA4B2B3FBF7F007FB103344EA0344FB
:100B20000EFB00FEA64508D91CEB040400F1FF33C0
:100B300002D2A64500F2B6801846A4EB0E0440EAA5
:100B40000640A5E7C1F120078B4022FA07FC4CEADA
:100B5000030C06FA01FE20FA07F426FA07F344EA2A
:100B60000E0400FA01F84FEA1C404FEA1449B3FBA7
:100B7000F0FE1FFA8CF600FB1E3349EA03430EFB1E
:100B800006F9994502FA01F20BD91CEB03030EF1A9
:100B9000FF3A80F08580994540F28280AEF1020EE6
:100BA0006344A3EB0909A4B2B9FBF0F300FB13996A
:100BB00044EA094403FB06F6A64208D91CEB0404E8
:100BC00003F1FF3068D2A64266D9023B644443EA8F
:100BD0000E40A41BA0FB02E6B4427346B14652D3BA
:100BE0004FD05DB1B8EB030264EB090404FA07F7D8
:100BF00022FA01F31F43CC40C5E9007400214CE701
:100C0000C2F1200120FA01F30CFA02FC26FA01F1EC
:100C1000964033434FEA1C471FFA8CFEB1FBF7F0B6
:100C200007FB1016190C41EA064100FB0EF68E4236
:100C300004FA02F408D91CEB010100F1FF382DD2AF
:100C40008E422BD902386144891B9BB2B1FBF7F667
:100C500007FB161143EA014306FB0EF1994208D93E
:100C60001CEB030306F1FF3814D2994212D9023E5D
:100C700063445B1A46EA004136E73946EDE618461A
:100C800002E7F045ADD2BEEB020366EB0C0601387D
:100C9000B146A6E74646ECE7034698E74046D3E769
:100CA000D6467EE76444023847E708460DE7023E31
:100CB00063442DE7884210B501EB020402D9844257
:100CC000234607D8431EA14208D011F8012B03F890
:100CD000012FF8E7024401468A4200D110BD13F803
:100CE000014D02F8014DF7E702440346934200D15B
:100CF000704703F8011BF9E70A44914200F1FF3302
:100D000000D1704710B511F8014B03F8014F914223
:040D1000F9D110BD48
:100D140047656F6D00417269746800005553420065
:100D240053455249414C00004D4158494D554D00E1
:100D34004D494E494D554D00444F5420272E270010
:100D4400434F4D4D4120272C27000000424D5000B9
:100D54005449464600000000737461636B206F764B
:100D64006572666C6F770000286E756C6C290000E4
:100D740075736167653A206D656173757265207B73
:100D840025737D0D0A0000006F6666736574207B11
:100D94006672657175656E6379206F6666736574D6
:100DA40028487A297D00000075736167653A20251B
:100DB400730D0A63757272656E743A2025750D0A97
:100DC40000000000436F6E66696720736176656496
:100DD4000D0A000075736167653A20636C65617282
:100DE400636F6E666967207B70726F746563746984
:100DF4006F6E206B65797D0D0A000000313233344B
:100E0400000000004B657920756E6D617463686540
:100E1400642E0D0A00000000436F6E66696720614E
:100E24006E6420616C6C2063616C20646174612069
:100E3400636C65617265642E0D0A446F207265737C
:100E44006574206D616E75616C6C7920746F2074AB
:100E5400616B65206566666563742E205468656EF3
:100E640020646F20746F7563682063616C20616E09
:100E74006420736176652E0D0A0000007573616746
:100E8400653A2064617461205B61727261795D0D01
:100E94000A00000025662025660D0A002536642018
:100EA40000000000666972737420746F75636820B3
:100EB4007570706572206C6566742C207468656E3C
:100EC400206C6F7765722072696768742E2E2E000D
:100ED400646F6E650D0A746F7563682063616C20BE
:100EE400706172616D733A20256420256420256445
:100EF4002025640D0A00000075736167653A20744B
:100F040072616E73666F726D207B25737D205B2E1C
:100F14002E2E5D0D0A00000025730D0A000000004E
:100F24002564206D560D0A00426F6172643A204EAA
:100F3400616E6F564E412D48203400006572723A3E
:100F4400206E6F20636172640D0A00007363616E2A
:100F540000000000436F6D6D616E64733A00000021
:100F64002025730075736167653A2073645F726549
:100F74006164207B66696C656E616D657D0D0A0038
:100F84006572723A206E6F2066696C650D0A000006
:100F94002A2E2A0075736167653A2073645F6C6951
:100FA4007374207B7061747465726E7D0D0A000029
:100FB40025732025750D0A004F4B000065727200E1
:100FC40075736167653A2073645F64656C65746505
:100FD400207B66696C656E616D657D0D0A0000009D
:100FE40064656C6574653A2025732025730D0A00C9
:100FF40064667500506572666F726D696E67207203
:101004006573657420746F20444655206D6F646564
:101014000D0A0000506572666F726D696E6720720A
:10102400657365740D0A000075736167653A207015
:101034006F776572207B302D337D7C7B3235352094
:101044002D206175746F7D0D0A706F7765723A207B
:1010540025640D0A00000000256420256420257500
:101064000D0A00006D61726B6572205B6E5D205B22
:1010740025737C7B696E6465787D5D0D0A000000D4
:101084002573200075736167653A2063616C205B8A
:1010940025735D0D0A00000063683E200D0A000000
:1010A400736D6F6F7468207B302D387D00000000F5
:1010B40075736167653A20636F6E666967207B2587
:1010C400737D205B307C315D0D0A000075736167B0
:1010D400653A2066726571207B6672657175656E0E
:1010E400637928487A297D0D0A00000074687265C6
:1010F40073686F6C64207B6672657175656E637965
:1011040020696E206861726D6F6E6963206D6F6413
:10111400657D000062616E6477696474682025648B
:1011240020282575487A290D0A0000007573616727
:10113400653A207363616E207B737461727428480E
:101144007A297D207B73746F7028487A297D205B0F
:10115400706F696E74735D205B6F75746D61736B12
:101164005D0D0A006672657175656E637920726142
:101174006E676520697320696E76616C69640D0A17
:1011840000000000737765657020706F696E74737A
:1011940020657863656564732072616E67652034C9
:1011A40030310D0A00000000257520002566202539
:1011B400662000007463786F207B5443584F206688
:1011C40072657175656E637928487A297D0000001F
:1011D40025752025752025640D0A00007573616747
:1011E400653A207377656570207B73746172742827
:1011F400487A297D205B73746F7028487A295D20B2
:101204005B706F696E74735D0D0A09737765657041
:10121400207B25737D207B6672657128487A297D41
:101224000D0A000073617665000000007573616744
:10123400653A20257320302E2E25640D0A00000007
:101244004572722C2064656661756C74206C6F61E4
:10125400640D0A00726563616C6C000075736167EC
:10126400653A20636F6C6F72207B69647D207B72AA
:10127400676232347D0D0A00202532643A203078CA
:10128400253036780D0A000053657269616C3A2086
:10129400257520626175640D0A000000757361672D
:1012A400653A206D73672064656C6179205B7465B1
:1012B40078745D205B6865616465725D0D0A000089
:1012C400620000003230253032782F253032782FFA
:1012D4002530327820253032783A253032783A2554
:1012E4003032780D0A75736167653A2074696D65EB
:1012F400207B5B25735D20302D39397D206F722072
:101304007B6220307859594D4D4444203078484808
:101314004D4D53537D0D0A002564202573202573FC
:101324002025662025660D0A00000000616C6C0013
:101334006F66660025642025732025730D0A00005E
:101344007472616365207B307C317C327C337C61D8
:101354006C6C7D205B25735D205B7372635D0D0A8D
:101364007472616365207B307C317C327C337D20F8
:101374005B25735D0D0A7472616365207B307C317B
:101384007C327C337D207B25737D207B76616C757C
:10139400657D0D0A00000000746F6F206D616E7929
:1013A40020617267756D656E74732C206D61782091
:1013B400340D0A004E616E6F564E412D48203400A4
:1013C4005374617274696E672E2E2E000D0A4E617D
:1013D4006E6F564E41205368656C6C0D0A00000018
:1013E40063683E200000000025733F0D0A000000E2
:1013F4007363616E5F62696E000000006461746112
:10140400000000006672657175656E63696573003E
:1014140066726571000000007377656570000000F6
:10142400706F7765720000006F6666736574000004
:1014340062616E64776964746800000074696D6544
:101444000000000073645F6C6973740073645F72FE
:101454006561640073645F64656C657465000000B5
:1014640073617665636F6E6669670000636C6561BE
:1014740072636F6E6669670064756D7000000000CA
:10148400746F75636863616C00000000746F75634A
:101494006874657374000000706175736500000002
:1014A400726573756D6500006D73670063616C0030
:1014B40074726163650000006D61726B6572000097
:1014C4006564656C617900007332316F66667365BB
:1014D4007400000063617074757265006D656173FA
:1014E400757265007265667265736800746F756302
:1014F4006800000072656C656173650076626174F2
:10150400000000007463786F00000000726573656A
:1015140074000000736D6F6F7468000075736172FE
:10152400745F636667000000757361727400000085
:10153400766261745F6F6666736574007472616E5F
:1015440073666F726D0000007468726573686F6C07
:101554006400000068656C7000000000696E666FCE
:101564000000000076657273696F6E00636F6C6FC4
:1015740072000000323031392D3230323520436F61
:1015840070797269676874204E616E6F564E412E91
:10159400636F6D006261736564206F6E2020404448
:1015A40069536C6F72642040656479353535202E3B
:1015B4002E2E20736F757263650000004C6963659D
:1015C4006E73656420756E6465722047504C2E00FE
:1015D40056657273696F6E3A20312E322E34342080
:1015E4005B703A3430312C2049463A31326B2C202E
:1015F4004144433A3338346B2C204C63643A3438D6
:1016040030783332305D00004275696C642054696F
:101614006D653A204D6179203236203230323520E2
:101624002D2031363A30303A31350000417263684A
:1016340069746563747572653A2041524D76374515
:101644002D4D20436F72652056617269616E743A44
:1016540020436F727465782D4D344600506C61746C
:10166400666F726D3A2053544D33324633303378BB
:101674004320416E616C6F67202620445350000064
:1016840053313100533231004C4F474D4147000034
:10169400252E32662573000017252E336625730028
:1016A400504841534500000017252E32662573002B
:1016B400252E344625730000534D4954480000003C
:1016C400504F4C41520000004C494E4541520000DD
:1016D400252E36662573000017252E3566257300E2
:1016E40053575200252E3366257300005245414C52
:1016F40000000000494D414700000000252E3666D9
:101704006A25730017252E35666A257300000000CC
:10171400252E33462573000017252E3346257300E6
:101724001E000000580000007C5A7C005A2070689B
:1017340061736500252E31662573000047000000A3
:10174400530000007C597C00527000005870000067
:101754007343000017252E3446257300460000000D
:10176400734C000070430000704C000051000000F6
:10177400252E346625730000527365720000000044
:1017840058736572000000007C5A7365727C000017
:1017940052736800587368007C5A73687C000000B8
:1017A4006C6F6164000000006F70656E00000000E3
:1017B40073686F7274000000746872750000000032
:1017C40069736F6C6E000000457300004572000081
:1017D4004574000063616C27656400002546252B71
:1017E4006A46000062756C6B0D0A000066696C6CD9
:1017F4000D0A0000257320254625732F00000000E4
:1018040025732025302E3166465300002520362EC0
:1018140033460000180000004D2564001725714868
:101824007A0000002571487A000000001725642D15
:1018340025643A0025632571487A00002546732003
:101844002825466D290000004D25643A000000005B
:1018540025634564656C61793A2025467320282503
:10186400466D2900533231206F66667365743A20E1
:10187400252E334664420000256325732025313527
:1018840071487A00435700005354415254000000F9
:1018940053544F500000000043454E54455200003D
:1018A4005350414E000000005354415254203073B1
:1018B400202020205646203D2025642525000000B8
:1018C40053544F5020254673202825466D29000087
:1018D40042573A2575487A202575700050256300D3
:1018E40073256400434C45415220414C4C0A414EFF
:1018F40044205245534554005A2050484153450012
:101904005345524945532043000000005345524972
:101914004553204C00000000504152414C4C454C72
:1019240020520000504152414C4C454C205800007C
:10193400504152414C4C454C2043000050415241CF
:101944004C4C454C204C00004D4F44450A02192094
:1019540025730000534550415241544F520A021915
:1019640025730000555342204445564943450A55C2
:101974004944000044554D500A4649524D5741527E
:10198400450000004C4F414420434F4D4D414E44CF
:101994000A2053435249505400000000434C45412F
:1019A4005220434F4E4649470000000052455345DC
:1019B4005420414E440A454E544552204446550055
:1019C40053455249455320520000000053455249A3
:1019D4004553205800000000534552494553207C8C
:1019E4005A7C00005348554E542052005348554EDB
:1019F400542058005348554E54207C5A7C00000013
:101A04005120464143544F5200000000434F4E447E
:101A1400554354414E434500535553434550544157
:101A24004E4345001B204D4F524500005345542062
:101A340044415445000000005345542054494D4549
:101A4400000000005254432043414C0A200219254F
:101A54002B622E336670706D0000000052544320D8
:101A6400353132487A0A204C6564322025730000EF
:101A7400434F4E4E454354494F4E0A200219257395
:101A84000000000053455249414C20535045454401
:101A94000A200219257500005448524553484F4CFA
:101AA400440A021920252E36710000005443584F71
:101AB4000A021920252E36710000000056424154B6
:101AC400204F46465345540A02192025756D560089
:101AD4004946204F46465345540A02192025644876
:101AE4007A00000052454D454D4245520A53544137
:101AF40054450000464C49500A444953504C4159FE
:101B0400000000001B444655000000004C4F4144B7
:101B14000A53435245454E53484F54004C4F414499
:101B240020533150000000004C4F414420533250A8
:101B3400000000004C4F41442043414C0000000091
:101B44004F50454E0000000053484F5254000000CF
:101B54004C4F41440000000049534F4C4E000000DC
:101B64005448525500000000444F4E450000000008
:101B7400444F4E4520494E2052414D001B205354A2
:101B8400415254001B2053544F5000001B20434526
:101B94004E544552000000001B205350414E00009B
:101BA4001B20452D44454C41590000004D41524BEA
:101BB4004552202564000000414C4C204F4646000D
:101BC40044454C5441000000534D4F4F54480A02C1
:101BD4001925732061766700534D4F4F54480A4FBF
:101BE40046460000782564005452414E53464F52F5
:101BF4004D0A2573000000004C4F572050415353A9
:101C04000A494D50554C5345000000004C4F572095
:101C1400504153530A5354455000000042414E442E
:101C2400504153530000000057494E444F570A0295
:101C3400192025730000000056454C4F4349545960
:101C440020462E0A2002192025642525252500007A
:101C54005343414C452F44495600000052454645E4
:101C640052454E43450A504F534954494F4E000084
:101C7400452D44454C415900533231204F4646537B
:101C840045540A02192025622E334664420000009E
:101C940053484F5720475249440A56414C554553DF
:101CA40000000000444F5420475249440000000003
:101CB400524553495354414E434500005245414314
:101CC40054414E434500000054524143452025648D
:101CD40000000000257320545241434500000000D9
:101CE400544F5543482043414C000000544F554342
:101CF40048205445535400004558504552540A5303
:101D0400455454494E4753005341564520434F4E82
:101D140046494700434F4E4E454354494F4E0000F9
:101D240056455253494F4E004252494748544E4536
:101D340053530A0219202564252525250000000097
:101D4400444154452F54494D4500000053415645E4
:101D54002053315000000000534156452053325067
:101D64000000000053435245454E53484F54000071
:101D7400534156450A43414C4942524154494F4EFE
:101D8400000000004155544F204E414D45000000D5
:101D9400494D41474520464F524D41540A200219AE
:101DA40025730000456D70747920256400000000DF
:101DB4004C4F41442046524F4D0A20534420434146
:101DC4005244000043414C494252415445000000F2
:101DD400504F57455220204155544F0053415645CA
:101DE4000000000052414E47450000005245534553
:101DF400540000004150504C59000000454E4841E9
:101E04004E4345440A524553504F4E53450000003B
:101E1400435720465245510046524551205354459C
:101E2400500A200219256246487A00004A4F47208A
:101E3400535445500A2002194155544F00000000E4
:101E4400535745455020504F494E54530A021920C8
:101E54002575000053454C4543540A4D41524B45AA
:101E6400520000005345415243480A021920257389
:101E7400000000005345415243480A201A204C45B3
:101E8400465400005345415243480A201B205249FE
:101E9400474854004F5045524154494F4E53000057
:101EA400545241434B494E470000000054524143B1
:101EB40045000000464F524D41540A205331312011
:101EC400285245464C290000464F524D41540A20A1
:101ED4005332312028544852552900004348414E7A
:101EE4004E454C0A02192025730000005343414C0F
:101EF400450000005452414E53464F524D000000DD
:101F040049462042414E4457494454480A20021944
:101F14002575487A000000004441544120534D4F38
:101F24004F544800444953504C4159004D41524B81
:101F3400455200005354494D554C55530000000080
:101F4400524543414C4C00004D45415355524500C8
:101F54005344204341524400434F4E4649470000F6
:101F640025730A5357454550000000005245534F0E
:101F74004E414E43450A20285331312900000000C8
:101F84004341424C450A20285331312900000000C6
:101F940056454C4F4349545920462E0A20021925D0
:101FA400642525252500000046494C5445520A2045
:101FB40028533231290000005348554E54204C43D5
:101FC4000A20285332312900534552494553204CA5
:101FD400430A202853323129000000005345524956
:101FE40045530A5854414C202853323129000000EB
:101FF40020526C203D20021925622E34461E00001A
:102004004C2F43204D415443480000001A204241C4
:10201400434B0000465245512053544550000000A4
:102024004A4F47205354455000000000504F494E3A
:1020340054530000524546504F5300005332312050
:102044004F4646534554000056454C4F4349545956
:10205400252500005443584F2032364D487A00005D
:102064005448524553484F4C4400000042415420C8
:102074004F464653455400004D4541535552452063
:10208400526C000053455420444154450A20595988
:102094004D4D4444000000005345542054494D45DF
:1020A4000A2048484D4D5353000000005254432029
:1020B40043414C005331500053325000424D5000C4
:1020C4005449460042494E005369353335310000C6
:1020D4004D533533353100005A4545544B0000000B
:1020E4007331700073327000626D70007469660041
:1020F40062696E00636D64002564487A0000000024
:102104002575206D4100000053455420504F494E21
:1021140054530A200219256400000000256420702D
:102124006F696E7400000000257520487A00000075
:102134005341564520544F0A2053442043415244AE
:10214400000000004C494E00252E326620252B2E1F
:1021540031661F004C4F4700252E3166644220250E
:102164002B2E31661F0000005265202B20496D0084
:1021740052202B206A5800002546252B6A461E0053
:1021840052202B204C2F430025461E202546256334
:102194000000000047202B206A4200002546252B22
:1021A4006A46530047202B204C2F430025465320DA
:1021B40025462563000000005270202B206A5870C9
:1021C400000000005270202B204C2F430000000020
:1021D400522B6A58205348554E540000522B4C2F12
:1021E400432053482E2E0000522B6A582053455248
:1021F40049455300522B4C2F43205345522E2E0059
:10220400EB769045584641542020200046415433F3
:1022140032202020002A3A3C3E7C223F7F002B2C97
:102224003B3D5B5D0020090022004D494E494D5560
:102234004D004E4F524D414C004D4158494D554D66
:1022440000504155534500524553554D45004F4E9E
:10225400004F46460025342E32462563004C2F435A
:10226400206D6174636820666F7220736F7572638A
:1022740065205A30203D2025302E31661E004E6FD9
:10228400204C43206D6174636820666F722074680B
:102294006973004E6F206E65656420666F72204C12
:1022A40043206D6174636800537263207368756EB4
:1022B4007400536572696573004C6F6164207368C0
:1022C400756E74004E6F7420666F756E640046738D
:1022D4003D2571487A004C6D3D2546482020436DCC
:1022E4003D2546462020526D3D25461E00513D2584
:1022F4002E33660046703D2571487A202017463DEE
:1023040025640043703D25464600254664422F64FB
:10231400656300254664422F6F6374004C6F772D0C
:102324007369646500486967682D70617373004858
:102334006967682D73696465004C6F772D706173EC
:1023440073005332312046494C54455200663A20BA
:10235400252E3646487A20282546644229004277AD
:1023640020282D25646442293A20252E3646487AB1
:1023740000513A2025460066282D2564293A00524A
:102384006F6C6C3A00533131204341424C45005A42
:1023940030203D2025461E0056463D252E3266251A
:1023A4002520284C656E677468203D2025466D29DC
:1023B400004C656E677468203D2025466D202856C4
:1023C400463D2564252529004C6F7373203D202547
:1023D40046644220617420252E3446487A004174B4
:1023E40074202864422F3130306D293A2025466408
:1023F4004220617420252E3446487A00533131201E
:102404005245534F4E414E4345002571487A2C2086
:102414002546252B6A461E004C432D5345524945FB
:102424005300504F5745520219202025756D410025
:1024340043414C3A202564700A20252E3646487ABA
:102444000A20252E3646487A00252E3646487A0A32
:10245400252E3646487A0041444D495400534D498F
:1024640054480025730A0219257300466F726D6182
:102474007420657272004A4F4720535445500A2015
:10248400021925467300452D44454C4159205325D6
:1024940064310A200219252E374673004341424C09
:1024A40045204C454E4754480025730A20021925FF
:1024B4002E34462573006D004A4F4720535445502F
:1024C4000A200219252E3371487A00544F500042D5
:1024D4004F54544F4D004C432D5348554E540058BF
:1024E40054414C2D53455249455300533131202812
:1024F4005245464C2900533231202854485255291C
:1025040000434C4541520053544F524500444655F4
:102514003A20446576696365204669726D77617215
:102524006520557064617465204D6F64650A546F4D
:10253400206578697420444655206D6F64652C20AD
:10254400706C65617365207265736574206465766B
:1025540069636520796F757273656C662E004252EB
:10256400494748544E4553532025336425252000BC
:102574001A20555345204C4556454C45522042554A
:1025840054544F4E201B0044454C003C003E005820
:1025940000544F554348202573202A005550504578
:1025A40052204C454654004C4F57455220524947FF
:1025B400485400544F55434820544553543A2044FA
:1025C4005241472050414E454C2C205052455353C4
:1025D40020425554544F4E20544F2046494E49539F
:1025E40048002533642025336420004E616E6F5605
:1025F4004E412D482034005443584F203D2025712E
:10260400487A0054696D653A203230253032642F9F
:10261400253032642F2530326420253032643A2547
:102624003032643A2530326420284C532563290023
:10263400426174743A2025642E2530336456004E6A
:102644004F2043415244004552524F52002D202501
:1026540075207C202575202D0020204661696C2082
:102664007772697465202000564E415F25303678B4
:102674005F253036782E25730025732E257300537D
:102684004420434152442053415645000000000079
:10269400000000FFFFFF0100007D00000106111291
:1026A4000000010080A4BF070128111200000100EE
:1026B400010000000204111200000100002B0C2391
:1026C4000206532205053C000300000002045322C5
:1026D40005053C00050000000204752205058C0078
:1026E40007000000020497332828FC0009000000BA
:1026F4000204B93332328C010B0000000204DB33D4
:102704003737100200000000000000FFFFFF010047
:10271400C05D00000110110000000100000E270739
:102724000120110000000100010000000204111149
:10273400000001000084D717020853231414010079
:10274400002B0C2302065323141401000300000081
:10275400020453231E1E0100050000000204752319
:102764003C3C010007000000020497334B4BFC0083
:10277400090000000204B933505A8C010B00000018
:102784000204DB335F5F100200000000000000FF62
:10279400FFFF010090650000010811000000010026
:1027A40000E1F505012011000000010080A4BF072D
:1027B40002081111000001000095BA0A0206111165
:1027C40000000100010000000204111100000100DA
:1027D400000B6B1B0206531128283C000046C32340
:1027E4000204531128283C00030000000204531380
:1027F40032323C00008C86470204752346468C0026
:10280400050000000204752346468C0000D2496B83
:10281400020497334646FC00070000000204973385
:102824004646FC0000180D8F0204B93355558C013F
:10283400090000000204B9335F5F8C010B00000043
:102844000204CB335F5F100209024300020100C09F
:10285400FA09040000010202000005240010010529
:102864002401000104240202052406000107058254
:10287400030800FF09040100020A00000007050123
:10288400024000000705810240000000120110010F
:1028940002000040830440570002010203010000CB
:1028A400080334003000300016034E0061006E004F
:1028B4006F0056004E0041002D0048003400000017
:1028C40018036E0061006E006F0076006E006100F8
:1028D4002E0063006F006D0004030904751B0008DB
:1028E400B51A0008811B0008C91B0008000000007D
:1028F40000000000000000000000000001001300C0
:102904000000000000001D0000000000000027007F
:1029140000000000000031000000000000003B0047
:1029240000000000000045000000000000004F000F
:102934000000000000005900000000000100000336
:10294400000020410000E04001000102000020419D
:102954000000E040010300030000803F000000008D
:10296400010101020000B44200008040010028007F
:10297400B00100B1010AB40102B60302023BB7017F
:10298400C6C0021715C10141C503001280360128D3
:102994003A01555101FF1100290000008C2701085C
:1029A40008270108902601080203FF041080808094
:1029B40002B7400203F8000081130008691C0008F4
:1029C40011140008111C00080000000000000000A1
:1029D400000000000000000005250008A90E000802
:1029E400210A0008510F0008E476002001010200CA
:1029F400000051C25200000100000101044305918E
:102A0400060C070B08400B820C840D000E403C1191
:102A14001282138414403D071B4C1E8800010108D8
:102A240002010A333D0047327B01341036100000A6
:102A340008200800500F0108516300080300F41334
:102A4400010849660008030000140108AD2D0008C0
:102A54000000081401089D56000800001414010821
:102A6400856200080F001C140108C16600080F00ED
:102A7400241401085D4C000808002C140108292DB9
:102A840000080D0034140108E16200080800401435
:102A94000108C16A0008040048140108ED4900084F
:102AA4000700501401089145000807005814010854
:102AB400594B0008070064140108592D0008080048
:102AC400701401086D2D000808007C140108492EBB
:102AD4000008030084140108092F0008030090145F
:102AE4000108E117000803009C1401080D4C0008BC
:102AF4000E00A4140108615A00080F00AC14010868
:102B0400896900080B00B0140108495E000801003F
:102B1400281201088D670008080058120108CD67C3
:102B240000080F00B4140108B16B00080800BC14BD
:102B340001080D5700080800C41401087D6D000841
:102B44000800CC140108F96D00080800D814010825
:102B54007D7900080700E0140108ED2C00080F003F
:102B6400E8140108DD1500080700F0140108E51752
:102B740000080700F81401080D18000807000015E4
:102B840001080D30000808000815010869660008EE
:102B9400080010150108C54B00080B0018150108A2
:102BA400016200080F0068140108416200080F0068
:102BB40020150108B56800080F002C150108E96804
:102BC40000080F00341501082530000808004015DE
:102BD40001084D2F000808004C150108B1620008D7
:102BE4000800581501088D30000800006015010820
:102BF4004D300008000068150108FD2F0008000092
:102C040070150108156800080800000000000000A5
:102C1400000000006F6E7C6F666600002C0F0108D8
:102C24007815010898150108C0150108D415010884
:102C34000C16010830160108601601080000000097
:102C4400312E322E343400006F6E7C6F66667C69E0
:102C54006D70756C73657C737465707C62616E6491
:102C6400706173737C6D696E696D756D7C6E6F7266
:102C74006D616C7C6D6178696D756D006F6E7C6FD4
:102C8400666600007331317C7332310084160108AA
:102C9400881601087363616C657C726566706F7376
:102CA400000000006C696E7C6C6F677C72697C72DA
:102CB400787C726C637C67627C676C637C7270780E
:102CC400707C72706C637C727873687C726C6373F2
:102CD400687C72787365727C726C637365720000D1
:102CE4006C6F676D61677C70686173657C64656C2B
:102CF40061797C736D6974687C706F6C61727C6CD3
:102D0400696E6561727C7377727C7265616C7C69D3
:102D14006D61677C727C787C7A7C7A707C677C627B
:102D24007C797C72707C78707C73637C736C7C704F
:102D3400637C706C7C717C727365727C7873657271
:102D44007C7A7365727C7273687C7873687C7A733E
:102D5400687C7132310000008C1601089416010859
:102D64009C160108781801080000E040000020418A
:102D7400297C0008A416010894160108AC16010861
:102D840068210108000080400000B442518E000810
:102D9400A81B0108B4160108B4160108EC1E0108AA
:102DA400000080405F7089309D8E0008BC160108C9
:102DB4000000000000000000180E010800000000E0
:102DC4000000803F00000000C4160108000000005D
:102DD40000000000180E0108000000000000803F01
:102DE40000000000CC160108D4160108DC16010806
:102DF400180E0108000000000000003E117C0008CD
:102E0400E4160108E81601089C160108180E0108CA
:102E1400000000000000803E8D930008F0160108B9
:102E2400D4160108DC160108180E010800008040C1
:102E34000000803EA17C0008F81601080017010874
:102E440008170108180E0108000080400000803EA9
:102E5400A97C0008C8160108141701081C170108EA
:102E640024170108000000000000C842B17C0008DB
:102E740028170108141701081C1701082417010852
:102E8400000080400000C842ED7C00082C170108B7
:102E9400141701081C17010824170108000000007A
:102EA40000004842197D000830170108381701084E
:102EB400AC16010868210108000080400000B442FB
:102EC4006D8E000840170108141701081C1701082B
:102ED40044170108000000000AD7233C7D7D000848
:102EE400901C0108141701081C1701084417010855
:102EF400000080400AD7233CB97D00084817010828
:102F0400141701081C1701084417010800000000E9
:102F14000AD7A33C057E00084C17010814170108C2
:102F24001C17010824170108000000000000C84213
:102F3400E57D000850170108141701081C17010843
:102F440024170108000080400000C842F57D0008F5
:102F540054170108B416010858170108601701082E
:102F64000000804077CC2B32F592000864170108EA
:102F7400B4160108581701080C200108000080400D
:102F840077CC2B321993000868170108B41601088E
:102F940058170108601701080000804077CC2B32D5
:102FA400359300086C170108B41601085817010876
:102FB4000C2001080000804077CC2B32519300088C
:102FC40070170108741701089C160108180E0108EF
:102FD4000000000000002041557D00087C17010816
:102FE400141701081C170108241701080000804069
:102FF4000000C8429D7E00088417010814170108C8
:103004001C17010824170108000080400000C84272
:10301400C57E00088C170108141701081C17010845
:1030240024170108000080400000C842E97E00081F
:1030340094170108141701081C1701082417010824
:10304400000080400000C842157E0008981701085F
:10305400141701081C1701082417010800008040F8
:103064000000C842417E00089C170108141701089B
:103074001C17010824170108000080400000C84202
:10308400697E000870170108741701089C1601086E
:10309400180E01080000000000002041217F0008F4
:1030A4006C6F61647C6F70656E7C73686F72747C26
:1030B400746872757C69736F6C6E7C646F6E657C0A
:1030C4006F6E7C6F66667C726573657400000000C9
:1030D400A4170108AC170108B4170108BC170108AC
:1030E400C4170108CC170108D0170108D417010828
:1030F400D81701080100FFFE000002009FFE010036
:1031040004009FFE020008007FFE03011000FFFE82
:103114000401000073746172747C73746F707C6357
:10312400656E7465727C7370616E7C63777C737496
:1031340065707C766172000037040004C0000000F2
:10314400374000100C000000424DE001400108012E
:103154000605040201000000797C6D7C647C687CB7
:103164006D696E7C7365637C70706D006E6F6E65E7
:103174007C6C637C6C637368756E747C6C63736560
:10318400726965737C7874616C7C66696C74657251
:103194007C6361626C657C7265736F6E616E63657E
:1031A400000000006175746F7C6176677C636F6EEC
:1031B4006E656374696F6E7C6D6F64657C6772693C
:1031C400647C646F747C626B7C666C69707C736510
:1031D40070617261746F727C746966000000803E75
:1031E400398EE33C398EE33AB4A291382E74013619
:1031F40022152933221529309998052DC400AB29AD
:103204004EE53426D4CBA0222888E84800000000EC
:103214000000000000000000000300008596000884
:1032240059A40008020100006997000879B0000859
:10323400020100006997000879B00008020100004B
:103244006997000879B0000802010000F5980008A9
:1032540009A2000801030000BD9A0008619E00084D
:1032640001030000159C00083DA0000800000000B8
:10327400920E493CB10AC93C2BC3163D2EFB483D76
:10328400752B7B3D04A9963D80B6AF3D36BDC83D48
:103294002FBCE13D73B2FA3D87CF093E8340163E11
:1032A400B5AB223EA2102F3ECF6E3B3EC2C5473E79
:1032B4000115543E135C603E7F9A6C3ECCCF783E41
:1032C400C07D823E938E883E229A8E3E32A0943EEA
:1032D40086A09A3EE59AA03E128FA63ED47CAC3ED0
:1032E400EF63B23E2A44B83E491DBE3E15EFC33ECD
:1032F40053B9C93ECA7BCF3E4136D53E80E8DA3E5B
:103304004F92E03E7533E63EBBCBEB3EEA5AF13ECC
:10331400CBE0F63E275DFC3EE4E7003F3D9C033FE7
:10332400824B063F9BF5083F6B9A0B3FDA390E3F01
:10333400CDD3103F2A68133FD9F6153FC07F183FFD
:10334400C6021B3FD17F1D3FCBF61F3F9967223F2B
:1033540025D2243F5636273F1594293F4AEB2B3F6D
:10336400DE3B2E3FBB85303FC9C8323FF304353FB7
:10337400233A373F4268393F3B8F3B3FF9AE3D3FED
:1033840067C73F3F70D8413F01E2433F03E4453FF5
:1033940065DE473F12D1493FF8BB4B3F029F4D3F8B
:1033A400207A4F3F3D4D513F4918533F31DB543F45
:1033B400E595563F5348583F6AF2593F1A945B3F8C
:1033C400532D5D3F05BE5E3F2146603F97C5613F7B
:1033D4005A3C633F59AA643F880F663FD86B673FE6
:1033E4003CBF683FA7096A3F0C4B6B3F5E836C3F51
:1033F40093B26D3F9ED86E3F73F56F3F0809713FDE
:103404005213723F4714733FDD0B743F0BFA743F42
:10341400C6DE753F07BA763FC58B773FF853783FD2
:103424009812793F9DC7793F02737A3FBE147B3F60
:10343400CDAC7B3F283B7C3FC9BF7C3FAC3A7D3F52
:10344400CCAB7D3F23137E3FB0707E3F6DC47E3F87
:10345400580E7F3F6D4E7F3FAB847F3F0FB17F3F60
:1034640097D37F3F43EC7F3F11FB7F3F0000803FBA
:1034740011FB7F3F43EC7F3F97D37F3F0FB17F3FEB
:10348400AB847F3F6D4E7F3F580E7F3F6DC47E3FC0
:10349400B0707E3F23137E3FCCAB7D3FAC3A7D3F83
:1034A400C9BF7C3F283B7C3FCDAC7B3FBE147B3FF8
:1034B40002737A3F9DC7793F9812793FF853783F5A
:1034C400C58B773F07BA763FC6DE753F0BFA743F6C
:1034D400DD0B743F4714733F5213723F0809713F69
:1034E40073F56F3F9ED86E3F93B26D3F5E836C3F22
:1034F4000C4B6B3FA7096A3F3CBF683FD86B673FE3
:10350400880F663F59AA643F5A3C633F97C5613FA1
:103514002146603F05BE5E3F532D5D3F1A945B3FDD
:103524006AF2593F5348583FE595563F31DB543FC3
:103534004918533F3D4D513F207A4F3F029F4D3F25
:10354400F8BB4B3F12D1493F65DE473F03E4453F9B
:1035540001E2433F70D8413F67C73F3FF9AE3D3F6B
:103564003B8F3B3F4268393F233A373FF304353FB3
:10357400C9C8323FBB85303FDE3B2E3F4AEB2B3F71
:103584001594293F5636273F25D2243F9967223F79
:10359400CBF61F3FD17F1D3FC6021B3FC07F183FA4
:1035A400D9F6153F2A68133FCDD3103FDA390E3FC1
:1035B4006B9A0B3F9BF5083F824B063F3D9C033FB4
:1035C400E4E7003F275DFC3ECBE0F63EEA5AF13EDD
:1035D400BBCBEB3E7533E63E4F92E03E80E8DA3EED
:1035E4004136D53ECA7BCF3E53B9C93E15EFC33EE3
:1035F400491DBE3E2A44B83EEF63B23ED47CAC3E85
:10360400128FA63EE59AA03E86A09A3E32A0943E32
:10361400229A8E3E938E883EC07D823ECCCF783EE9
:103624007F9A6C3E135C603E0115543EC2C5473E12
:10363400CF6E3B3EA2102F3EB5AB223E8340163EDA
:1036440087CF093E73B2FA3D2FBCE13D36BDC83D7C
:1036540080B6AF3D04A9963D752B7B3D2EFB483DBE
:103664002BC3163DB10AC93C920E493C0000000030
:103674000300000000000000590A000800000000D8
:1036840010000000E0040020000000000200000020
:103694000000000081140008F914000840004000F4
:1036A400F8040020EC040020430000004C2801082A
:1036B400120000009028010804000000DC28010822
:1036C40018000000C428010816000000AC280108F6
:1036D40008000000A428010861001A03E000170391
:1036E400F8000703FF0001007801000130013201F6
:1036F4000601390110014A012E01790106018001F8
:103704004D0043028101820182018401840186010A
:103714008701870189018A018B018B018D018E014B
:103724008F0190019101910193019401F601960199
:103734009701980198013D029B019C019D01200283
:103744009F01A001A001A201A201A401A401A6015C
:10375400A701A701A901AA01AB01AC01AC01AE010B
:10376400AF01AF01B101B201B301B301B501B501BC
:10377400B701B801B801BA01BB01BC01BC01BE016B
:10378400F701C001C101C201C301C401C501C401E3
:10379400C701C801C701CA01CB01CA01CD0110018B
:1037A400DD0101008E01DE011201F3010300F101CC
:1037B400F401F401F8012801220212013A0209007D
:1037C400652C3B023B023D02662C3F024002410253
:1037D400410246020A01530240008101860155025A
:1037E40089018A0158028F015A0290015C025D022C
:1037F4005E025F0293016102620294016402650247
:1038040066026702970196016A02622C6C026D02DD
:103814006E029C01700271029D01730274029F0189
:1038240076027702780279027A027B027C02642CA7
:103834007E027F02A60181028202A901840285021E
:1038440086028702AE014402B101B20145028D0233
:103854008E028F0290029102B7017B030300FD03E5
:10386400FE03FF03AC0304008603880389038A0371
:10387400B1031103C2030200A303A303C403080397
:10388400CC0303008C038E038F03D8031801F203C7
:103894000A00F903F303F403F503F603F703F7034C
:1038A400F903FA03FA0330042003500410076004F8
:1038B40022018A043601C1040E01CF040100C004B0
:1038C400D004440161052604000000007D1D0100B0
:1038D400632C001E9601A01E5A01001F0806101F2B
:1038E4000606201F0806301F0806401F0606511F43
:1038F4000700591F521F5B1F541F5D1F561F5F1F78
:10390400601F0806701F0E00BA1FBB1FC81FC91F07
:10391400CA1FCB1FDA1FDB1FF81FF91FEA1FEB1F9B
:10392400FA1FFB1F801F0806901F0806A01F080629
:10393400B01F0400B81FB91FB21FBC1FCC1F010069
:10394400C31FD01F0206E01F0206E51F0100EC1F83
:10395400F31F0100FC1F4E210100322170211002CF
:10396400842101008321D0241A05302C2F04602CDB
:103974000201672C0601752C0201802C6401002DC4
:10398400260841FF1A030000100411041204130452
:103994001404150416041704180419041A041B0447
:1039A4001C041D041E041F042004210422042304F7
:1039B4002404250426042704280429042A042B04A7
:1039C4002C042D042E042F04300431043204330457
:1039D4003404350436043704380439043A043B0407
:1039E4003C043D043E043F04912592259325022581
:1039F40024256125622556255525632551255725FE
:103A04005D255C255B251025142534252C251C25D6
:103A140000253C255E255F255A2554256925662504
:103A2400602550256C25672568256425652559255D
:103A34005825522553256B256A2518250C258825DC
:103A440084258C25902580254004410442044304A8
:103A54004404450446044704480449044A044B0406
:103A64004C044D044E044F04010451040404540452
:103A7400070457040E045E04B0001922B7001A228A
:103A84001621A400A025A0008081828384858687D6
:103A940088898A8B8C8D8E8F90919293949596972A
:103AA40098999A9B9C9D9E9F80818283848586871A
:103AB40088898A8B8C8D8E8FB0B1B2B3B4B5B6B70A
:103AC400B8B9BABBBCBDBEBFC0C1C2C3C4C5C6C7FA
:103AD400C8C9CACBCCCDCECFD0D1D2D3D4D5D6D7EA
:103AE400D8D9DADBDCDDDEDF90919293949596975A
:103AF40098999A9B9C9D9E9FF0F0F2F2F4F4F6F64E
:103B0400F8F9FAFBFCFDFEFF01030507090E10128C
:103B14001416181C1E000000000000000000000025
:103B2400DD0C0008000000006D1D6E7066617A797E
:103B340000000000206B4D475450455A59000000C6
:103B4400010000000A00000064000000E803000017
:103B540010270000A086010040420F0080969800C4
:103B640000E1F50500CA9A3B0000000001000000D6
:103B7400000000009C5A0108B4990020B499002068
:103B8400B49900209C5A01080000000000000000C5
:103B9400000000009C5A0108000000000000000022
:103BA400000000009C5A0108000000000000000012
:103BB400000000009C5A01080000001000000010E2
:103BC400000000109C5A01080000000000000000E2
:103BD400000000009C5A01080000000000000000E2
:103BE400000000009C5A01080000000000000000D2
:103BF40000000000280100311032203330344035F9
:103C04005036603770388039903001511157214552
:103C140031524154515961557149814F915002417A
:103C240012532244324642475248624A724B824CF3
:103C3400925F032D135A2358334343565342634E22
:103C4400734D831A931600001000130A0300020137
:103C5400120222030104110521060007100820099D
:103C6400301131123213330B230C00001000130AED
:103C740003000201120222030104110521060007B8
:103C8400100820093110320D3314230C30FF0000CA
:103C94001000130A03000201120222030104110599
:103CA400210600071008200930113110320B33159A
:103CB400230C00001000130A030002011202220365
:103CC400010411052106000710082009320B3315E1
:103CD400230C30FF31FF00001000130A030002011F
:103CE400120222030104110521060007100820090D
:103CF4003316230C30FF31FF32FF00001000130A8B
:103D04000300020112022203010411052106000727
:103D1400100820093315230C30FF31FF32FF000057
:103D24001000130A03000201120222030104110508
:103D34002106000710082009300F310E320D33140C
:103D4400230C00000204E818010869FA00080000C6
:103D5400000000007C460108030CFC1801084DA873
:103D640000080312041901084DA8000803131019D0
:103D740001084DA8000803101C1901084DA80008EB
:103D84000311281901084DA8000803143419010867
:103D94004DA800080315401901084DA800080000AB
:103DA400000000007C46010803004C1901087D86D0
:103DB4000008030858190108D1E50008030A681926
:103DC4000108D1E500080205781901082104010859
:103DD400020688190108B1FD00080100A0190108B4
:103DE400483D01080000000000007C460108000076
:103DF4000200B019010855C00008000000000000CE
:103E04007C4601080397C41901084DA800080398CB
:103E1400D01901084DA800080399DC1901084DA820
:103E24000008039AE81901084DA80008039BF0193B
:103E340001084DA80008039CF81901084DA80008C2
:103E4400039D041A01084DA80008000000000000AA
:103E54007C4601080304C41601084DA800080305A4
:103E6400CC1601084DA800080307F01601084DA858
:103E740000080308F81601084DA800080316041AE0
:103E840001084DA80008030D101A01084DA80008E8
:103E9400030E1C1A01084DA80008030F4817010857
:103EA4004DA800080100281A01085C3D0108000023
:103EB400000000007C4601080318301A0108D1C62E
:103EC400000803193C1A0108D1C60008031A481A4D
:103ED4000108D1C600080300601A0108B986000869
:103EE4000000000000007C46010800000302741A70
:103EF4000108D1E500080300881A0108C1870008F9
:103F04000000000000007C460108000003159C1A14
:103F14000108D1C600080314B01A0108D1C600086C
:103F24000316C01A0108D1C600080300D41A0108F8
:103F3400D98700080306E81A0108D1E50008030739
:103F4400F81A0108D1E500080100081B0108F43D36
:103F540001080100281A0108AC3D01080000000016
:103F640000007C46010800000202101B0108B1FD9C
:103F740000080200201B0108B1FD000802012C1BEF
:103F84000108B1FD00080204381B0108B1FD000856
:103F94000000000000007C46010800000301441BEF
:103FA400010861A6000803024C1B010861A6000871
:103FB4000300541B010861A6000803045C1B0108EC
:103FC40061A600080303641B010861A6000802003F
:103FD4006C1B0108D1B800080201741B0108D1B898
:103FE40000080000000000007C4601080200801B5D
:103FF4000108E5B700080201881B0108E5B70008BD
:104004000202901B0108E5B7000802049C1B01088A
:10401400E5B700080206A41B0108E5B70008000084
:10402400000000007C4601080300B01B01086DB4C9
:1040340000080301B01B01086DB400080302B01BA3
:1040440001086DB400080303B01B01086DB4000837
:104054000304B01B01086DB400080305B01B01087C
:104064006DB400080306B01B01086DB40008030713
:10407400B01B01086DB400080200BC1B01082DB57B
:1040840000080300C41B010861B50008000000001B
:1040940000007C46010800000301CC1B0108D1E5A7
:1040A40000080300DC1B010845B400080301E81BF9
:1040B400010845B400080302E81B010845B40008E0
:1040C4000304E81B010845B400080305E81B0108C4
:1040D40045B400080306E81B010845B400080000C5
:1040E400000000007C4601080300EC1B0108D9B362
:1040F40000080302FC1B01088D8500080304101C42
:1041040001088D8500080300201C01088D85000826
:1041140003002C1C01083D85000803123C1C010807
:10412400D1C600080000000000007C460108000021
:104134000308CF240108EDC60008030AD3240108AC
:10414400EDC60008030C541C0108EDC60008030E5C
:10415400601C0108EDC60008030F741C0108D1C6D9
:10416400000803117C1C0108D1C600080304941C38
:104174000108D1E500080305A81C0108D1E50008E1
:104184000000000000007C460108000003808C163B
:1041940001084DA800080381A41601084DA80008D1
:1041A4000382A81B01084DA80008038361240108A9
:1041B4004DA800080384C41601084DA8000803850F
:1041C400CC1601084DA800080387F01601084DA875
:1041D40000080388F81601084DA800080100281AF1
:1041E4000108083E01080000000000007C460108A8
:1041F40003008C1601084DA800080301A416010849
:104204004DA800080302A81B01084DA800080303D9
:10421400612401084DA800080306E41601084DA80E
:1042240000080309B41C01084DA80008030AC01CB7
:1042340001084DA80008030B2C1701084DA800081D
:104244000100281A0108583E01080000000000007F
:104254007C4601080300CC1C0108E9A700080301FF
:10426400CC1C0108E9A700080302CC1C0108E9A73B
:1042740000080303CC1C0108E9A700080300D81CAC
:104284000108E5B600080000000000007C460108B3
:104294000200E41C010869FA00080201F01C01088C
:1042A40069FA00080100FC1C0108103F0108020320
:1042B4000C1D010869FA00080100181D0108F03EF0
:1042C40001080202241D010869FA000803002C1DDC
:1042D400010859C000080100441D0108BC3E010842
:1042E4000000000000007C46010800000100541B8F
:1042F40001086C3F01080200501D01082104010857
:1043040002015C1D0108210401080202681D010864
:10431400210401080204741D01082104010803009A
:10432400881D0108D1E500080309941D0108D1E5A1
:1043340000080000000000007C4601080300A81DDE
:1043440001087DA700080301A81D01087DA7000836
:104354000302A81D01087DA700080303A81D010886
:104364007DA700080304A81D01087DA70008030514
:10437400A81D01087DA700080306A81D01087DA744
:1043840000080204B41D0108B1FD0008000000008B
:1043940000007C46010800000100C81D0108A03F80
:1043A40001080300D41D0108C5A600080100E01D92
:1043B4000108B85101080300E81D0108F5A600082A
:1043C4000200F01D0108E9B200080300F81D01080D
:1043D40009B300080300001E0108C9B20008000068
:1043E400000000007C46010803008C180108D1C6B7
:1043F4000008030194180108D1C6000803029C18A0
:104404000108D1C600080303A4180108D1C6000896
:104414000304141E0108D1C6000803051C1E01086C
:10442400D1C600080306301E0108D1C600080300E7
:10443400441E0108918700080000000000007C462B
:10444400010800000100581E01082C400108030364
:10445400681E0108D1E5000802FF781E010829A49E
:1044640000080201881E010829A400080100981E02
:104474000108F03F01080300A41E0108E1850008BB
:104484000000000000007C46010800000100B01E8E
:104494000108584201080100B81E0108F44101084E
:1044A4000100CC1E0108904101080300E01E010830
:1044B40079B300080100F01E01083441010801002D
:1044C400F81E0108EC4001080300041F01086D8771
:1044D400000801001C1F01089C40010800000000A6
:1044E40000007C46010800000100281F01089044D8
:1044F40001080100301F0108484401080100381F69
:104504000108EC4301080100C81D01089C4301088F
:104514000100441F01084043010802004C1F010828
:10452400A98700080100541F0108F0420108010096
:104534005C1F0108944201080300641F0108B1854F
:1045440000080000000000000000000003005522E5
:10455400010861B200080307701F010861B2000876
:104564000000000000007C46010800000300552202
:10457400010861B200080306841F010861B2000843
:104584000312941F0108D1C600080313A0240108D4
:10459400D1C600080000000000007C4601080000AD
:1045A40003005522010861B200080305AC1F01088D
:1045B40061B200080000000000007C460108000011
:1045C40003005522010861B200080302BC1F010860
:1045D40061B200080303CC1F010861B200080304A0
:1045E400E01F010861B200080317F41F0108D1C6D7
:1045F40000080000000000007C460108030055226A
:10460400010861B2000803010420010861B2000836
:104614000000000000007C46010800000300552251
:10462400010861B2000803010420010861B2000816
:104634000306841F010861B200080307701F010804
:1046440061B200080302BC1F010861B20008030341
:10465400CC1F010861B200080304E01F010861B225
:1046640000080305AC1F010861B200080000000047
:1046740000007C4601080000020010200108F1B887
:10468400000800000000000000000000000000001E
:10469400D1200008B1230008BD0B000840004000F1
:1046A4007C7800207C780020FFFF0000ADE3000848
:1046B4006D04010899C50008E9EA000899C90008D1
:1046C40045EB00082D090108A9080108243D01084B
:1046D400003D0108DC3C0108B83C0108943C010899
:1046E400703C01084C3C0108F83B01080FF03FFC0A
:1046F4007FFE7C3EF81FF00FF00FF00FF00FF00F6D
:10470400F00FF00FF00FF00FF00FF00FF00FF81F95
:104714007C3E7FFE3FFC0FF000F001F003F007F059
:104724000FF00FF00EF00CF000F000F000F000F0CD
:1047340000F000F000F000F000F000F000F003FCE6
:1047440003FC03FC0FF03FFC7FFE7C3EF81FF00FE0
:10475400F00F001F003F007E00FC01F803F007E0AB
:104764000FC01F803F007E00FC00FFFFFFFFFFFF24
:104774000FF03FFC7FFE7C3EF81FF00FF00F001E91
:10478400003E01FC01F801FC007E001F000FF00F49
:10479400F00FF81F7C3E7FFE3FFC0FF001F801F89C
:1047A40003F803F807F807F80FF80F781F781E7856
:1047B4003E783C787C787878F878FFFFFFFFFFFF3D
:1047C4000078007800780078FFFFFFFFFFFFF0001B
:1047D400F000F000F000F7F0FFFCFFFEFC3EF81FD5
:1047E400000F000F000F000FF00FF81F7C3E7FFE3C
:1047F4003FFC0FF00FF03FFC7FFE7C3EF81FF00FF4
:10480400F000F000F7F0FFFCFFFEFC3EF81FF00F95
:10481400F00FF00FF00FF81F7C3E7FFE3FFC0FF00F
:10482400FFFFFFFFFFFF001F003E007C00F801F0C8
:1048340001E003E003C007C0078007800F800F007A
:104844000F000F000F000F000F000F0007E01FF80C
:104854003FFC7C3E781E781E781E3C3C1FF80FF00F
:104864003FFC7C3E781EF00FF00FF00FF00FF81FA6
:104874007C3E7FFE3FFC0FF00FF03FFC7FFE7C3E52
:10488400F81FF00FF00FF00FF00FF81F7C3F7FFFC1
:104894003FFF0FFF000F000FF00FF81F7C3E7FFE5D
:1048A4003FFC0FF0000000000000000000000000CA
:1048B40000000000000000000000000000000000F4
:1048C400000000000000038007C007C00380000050
:1048D40000000000000000000000000000000000D4
:1048E400000000003FFC3FFC3FFC3FFC00000000D8
:1048F40000000000000000000000000000000000B4
:10490400004000C001C003C007C00FFF1FFF3FFFEE
:104914007FFFFFFF7FFF3FFF1FFF0FFF07C003C0A5
:1049240001C000C000400000F000F000F000F00002
:10493400F000F000F03EF07CF0F8F1F0F3E0F7C0A6
:10494400FF80FF00FF00FF80F7C0F3E0F1F0F0F814
:10495400F07CF03EF00FF00FF81FF81FFC3FFC3F17
:10496400FE7FFE7FFFFFFFFFFFFFFFFFF7EFF7EF85
:10497400F3CFF3CFF18FF18FF00FF00FF00FF00FB3
:104984000FF03FFC7FFE7C3EF81FF00FF00FF00F9E
:10499400F000F000F000F000F03FF03FF03FF007CF
:1049A400F00FF81F7C3F7FFF3FF70FE70000000088
:1049B400000000000000000000000000EE1CFF3EAC
:1049C400FFFFFFFFF3CFF3CFF3CFF3CFF3CFF3CF5B
:1049D400F3CFF3CFF3CFF3CF0000000000000000CB
:1049E40000000000F01EF01EF01EF01EF01EF01E6F
:1049F400F01EF01EF83EFC7EFFFEFFFFF7CFF387AC
:104A0400F000F000000000000000000000000000C2
:104A140000000000F1F0F7FCFFFEFE3EFC1FF80F63
:104A2400F00FF00FF00FF00FF00FF00FF00FF00F8A
:104A3400000000000000000000000000F3F0F7FC9C
:104A4400FFFEFE1FFC0FF807F807F807FC0FFE1F18
:104A5400FFFEF7FCF3F0F000F000F00000030007A5
:104A6400000F001F003F007F000F000F000F60CFFA
:104A7400F1EF7BCF3F8F1F0F1F0F3F8F7BCFF1EFE6
:104A840060CF000F000F000FF45F8644F54484C428
:104A9400F44400000000000F000F000F000F000F8F
:104AA400000F000F180F380F7FFFFFFFFFFF7FFF7E
:104AB4003800180000003C007E00E703C307C30F62
:104AC400E71E7E3C3C7800F001E003C007800F0045
:104AD4001E3C3C7E78E7F0C3E0C3C0E7007E003CA8
:104AE4000000000078004800000060003000300042
:104AF40000008C18010811AC00080001941801088A
:104B040011AC000800029C18010811AC0008000454
:104B1400A418010811AC00080003141E010811AC0C
:104B2400000800051820010811AC00080006242024
:104B3400010811AC0008010030200108EDAB0008A9
:104B44000400CF24010871AE00080600CF24010838
:104B540071AE00080401D324010871AE00080601F7
:104B6400D324010871AE0008010CF01E01086DAFDA
:104B74000008060DF01E01086DAF00080300382080
:104B8400010855AE00080600741C010821AB00089A
:104B9400060024200108DDAA0008030040200108C3
:104BA40055B7000802004C2001087DAC0008050040
:104BB400A02401087DAB0008000058200108A1AC26
:104BC4000008000064200108EDAC0008010070201A
:104BD40001080DAD000801007C200108D1AB0008DC
:104BE40001188820010855E6000801199C200108D5
:104BF40055E600080300B0200108E5E700080700B7
:104C0400B82001089D0601080701BC2001089D0683
:104C140001080702C02001089D0601080703C420FB
:104C240001089D0601080704B42001089D06010837
:104C34000705C82001089D0601080000FFC0804048
:104C44008040804080408040804080408040804060
:104C5400FFC0FFC08020806080C08180A340B64038
:104C64009C4088408040FFC000001E00210040801E
:104C74008040804080408040408021001E00000031
:104C84001E0021004C809E40BF40BF409E404C808F
:104C940021001E00FFE080208FA099A0B1A0B1A048
:104CA400BFA0B1A0B1A08020FFE0FFE08020B1A0B0
:104CB400B1A0BBA0BFA0B5A0B5A0B1A08020FFE06B
:104CC400CC200108D4200108DC2001082A002C0192
:104CD4009C00144A1A012C019C00144AB6012C01B0
:104CE4002A00141100002C012A00140A00000000FC
:104CF400A0001E06E420010889A9000881B5000867
:104D040000000000E820010889A9000881B5000816
:104D140000000000EC200108ADEF000801C100080C
:104D240003000000F020010829F0000891C10008E8
:104D340003000000B014010845AA000875AA000881
:104D440000000000F42001085DAA00080000000033
:104D540000000000F8200108000000002DAD00084C
:104D64000000000049492A00080000000700000173
:104D7400030001000000E001000001010300010044
:104D84000000400100000201030003000000620073
:104D9400000003010300010000000580000006017B
:104DA40003000100000002000000110104000100E2
:104DB400000068000000150103000100000003006A
:104DC400000000000000080008000800424D7AB00E
:104DD4000400000000007A0000006C000000E00104
:104DE400000040010000010010000300000000B0BA
:104DF4000400C40E0000C40E000000000000000007
:104E0400000000F80000E00700001F0000000000A0
:104E14000000424752730000000000000000000040
:104E2400000000000000000000000000000000007E
:104E3400000000000000000000000000000000006E
:104E440000000000000000002575202520662025B4
:104E54002066202520662025206620302030203042
:104E640020300D0A0000000025752025206620252D
:104E740020660D0A000000002146696C65206372FB
:104E84006561746564206279204E616E6F564E418F
:104E94000D0A2320487A20532052492052203530CD
:104EA4000D0A00002146696C6520637265617465B2
:104EB40064206279204E616E6F564E410D0A2320A4
:104EC400487A205320524920522035300D0A0000E0
:104ED4000300FC20010811EF00080301FC20010875
:104EE40011EF00080302FC20010811EF000803037E
:104EF400FC20010811EF00080304FC20010811EF55
:104F040000080305FC20010811EF00080306FC203B
:104F1400010811EF00080307FC20010811EF000845
:104F24000000000000007C46010800000300981AFD
:104F3400010861A900080301981A010861A9000881
:104F44000302981A010861A900080303981A0108CA
:104F540061A900080304981A010861A9000803055F
:104F6400981A010861A900080306981A010861A9A2
:104F740000080307981A010861A900080308981A91
:104F8400010861A900080309981A010861A9000829
:104F94000000000000007C4601080000004B0000F7
:104FA4000096000000E1000000C20100008403003C
:104FB4000008070000100E0000201C0080841E0062
:104FC400C0C62D002046010800460108C44501085A
:104FD400C4450108C4450108A445010870450108F9
:104FE4005045010803FF3C1E0108A1A60008030068
:104FF40004210108A1A60008030104210108A1A6B7
:105004000008030204210108A1A6000803030421E7
:105014000108A1A600080000000000007C46010869
:1050240033006500C9002D019101000003070C2124
:105034000108D1C6000803002021010839A900088D
:1050440003012021010839A90008030220210108D5
:1050540039A9000803032021010839A90008030421
:105064002021010839A900080000000000007C4646
:1050740001080000000000000002140D01080002F5
:10508400200D010800022C0D0108000200000000A0
:105094008002000000008002000000000002000006
:1050A4000000C6033C0D01080A02500D010800026D
:1050B400000000000002000003002C21010815B4C8
:1050C400000803012C21010815B4000803032C2156
:1050D400010815B40008030B2C21010815B40008BD
:1050E40003272C21010815B4000803832C2101088F
:1050F40015B400080000000000007C460108000010
:1051040003006419010829B30008030164190108A4
:1051140029B3000803026419010829B3000803092C
:105124006419010829B30008030A6419010829B3A2
:105134000008030B6419010829B30008030C64195F
:10514400010829B300080000000000007C460108A3
:1051540003006419010829B3000803016419010854
:1051640029B3000803026419010829B300080303E2
:105174006419010829B3000803046419010829B358
:10518400000803056419010829B30008030664191B
:10519400010829B3000803076419010829B30008AA
:1051A40003086419010829B3000800000000000086
:1051B4007C4601080300A81D0108E5CD0008030191
:1051C400A81D0108E5CD00080302A81D0108E5CDCE
:1051D40000080303A81D0108E5CD00080304A81D69
:1051E4000108E5CD00080305A81D0108E5CD000868
:1051F4000306A81D0108E5CD0008020434210108B6
:10520400210401080000000000007C4601080000A1
:10521400010302010402080510040000080049000B
:105224002A000800F78008002A004900080000004E
:1052340006000100E900010006000C00E9000C0072
:1052440006001700E900170006002200E90022000A
:10525400C0F0FCF0C000000000007FC07FC07FC031
:105264007FC07FC07FC07FC07FC07FC03F801F00E2
:105274000E00040004000E001F003F807FC07FC0AA
:105284007FC07FC07FC07FC07FC07FC07FC0000061
:10529400FFE0802086208E2096208620862086208F
:1052A400862086204F40208011000A000A00110049
:1052B400208046408E2096208620862086208620C8
:1052C40086208F208020FFE0FFE080208F2099A09F
:1052D40099A081A083208E20982098205F40208070
:1052E40011000A000A00110020804F4099A099A0E3
:1052F40081A083208E20982098209FA08020FFE00A
:10530400FFE080209F20B1A0B1A081A0872081A0D0
:10531400B1A0B1A05F40208011000A000A00110072
:1053240020805F40B1A0B1A081A0872081A0B1A05E
:10533400B1A09F208020FFE0FFE080208320872011
:105344008F209B20B320B320BFA083204340208024
:1053540011000A000A0011002080434087208F209A
:105364009B20B320B320BFA0832083208020FFE0B4
:10537400FFE08020BFA0B020B020BF20B1A081A05A
:1053840081A0B1A05F40208011000A000A00110032
:1053940020804040BFA0B020BF20B1A081A081A048
:1053A400B1A09F208020FFE0FFE080209F20B1A0DB
:1053B400B020B720B9A0B1A0B1A0B1A05F402080B7
:1053C40011000A000A00110020805F40B1A0B02043
:1053D400B720B9A0B1A0B1A0B1A09F208020FFE068
:1053E400FFE08020BFA0B1A081A0832086208C2074
:1053F4008C208C204C40208011000A000A001100EF
:1054040020804040BFA0B1A081A0832086208C20B2
:105414008C208C208020FFE0FFE080209F20B1A022
:10542400B1A09F20B1A0B1A0B1A0B1A05F402080E5
:1054340011000A000A00110020805F40B1A0B1A051
:105444009F20B1A0B1A0B1A0B1A09F208020FFE017
:105454004F000200530004004400010052004000C9
:10546400530020005400800074000800580010000D
:1054740045000004000040400000C04000002041FE
:105484000000A04100000000000000007D81000831
:1054940000000000000606062666FEFE60200000EE
:1054A400101038386C6CC6C6FE000280C0E0F0F8FC
:1054B400F0E0C0800000006EDB919989DB7600008B
:1054C4000000103060FEFE60301000000010180C68
:1054D400FEFE0C18100001000000FC6C6C6CECCC9F
:1054E4000000000000C6C6C6C6EED6C0007CC6C614
:1054F400C6C6C66C6CEE000270D8D87000000000FE
:1055040000000400000000000000000000046060CF
:10551400606060600060600002D8D8D800000000BD
:10552400000000025050F8F850F8F85050000030D5
:105534007CB0B0783434F830006092966C18306CDB
:10554400D2920C000070D8D87072DCCCDC720003EC
:10555400E0E060C000000000000003306060C0C0F4
:10556400C06060300003C060603030306060C000F4
:1055740001000020A870A8200000000100003030C5
:10558400FCFC303000000400000000000040E0603B
:10559400C00100000000FCFC00000000040000004A
:1055A40000000040E04000010C0C1818306060C09E
:1055B400C0000178CCCCDCECCCCCCC7800013070D1
:1055C400B03030303030FC000178CCCC0C3860C0C6
:1055D400C0FC000178CCCC0C380CCCCC7800010C8D
:1055E4001C3C6CCCCCFC0C0C0001FCC0C0F8CC0CFA
:1055F4000CCC78000178CCC0C0F8CCCCCC780001BD
:10560400FC0C0C181830306060000178CCCCCC78DD
:10561400CCCCCC78000178CCCCCC7C0C0CCC7800F5
:10562400040040E0400040E0400000040040E0404E
:105634000040E0408000010C183060C06030180C5D
:105644000001000000FC0000FC00000001C060300C
:10565400180C183060C0000178CCCC0C1830003025
:10566400300001788C8CBCACB8808C78000178CC8C
:10567400CCCCFCCCCCCCCC0001F8CCCCCCF8CCCC75
:10568400CCF8000178CCCCC0C0C0CCCC780001F8F8
:10569400CCCCCCCCCCCCCCF80001FCC0C0C0F8C085
:1056A400C0C0FC0001FCC0C0C0F8C0C0C0C0000144
:1056B40078CCCCC0C0DCCCDC6C0001CCCCCCCCFC39
:1056C400CCCCCCCC0003F060606060606060F00023
:1056D400010C0C0C0C0C0C0CCC780001CCCCCCD8F0
:1056E400F0D8CCCCCC0001C0C0C0C0C0C0C0C0FC8D
:1056F4000000C6C6EEEED6D6D6C6C60001CCCCECAB
:10570400ECFCDCDCCCCC000178CCCCCCCCCCCCCC50
:10571400780001F8CCCCCCF8C0C0C0C0000178CC73
:10572400CCCCCCCCECDC780C01F8CCCCCCF8D8CC00
:10573400CCCC000178CCCC603018CCCC780001FC07
:10574400B4303030303030300001CCCCCCCCCCCC88
:10575400CCCC780000C6C6C66C6C6C38381000001F
:10576400C6C6C6D6D6D6D6FE6C0001CCCCCC483044
:1057740048CCCCCC0001CCCCCCCC78303030300010
:1057840001FC0C0C183060C0C0FC0003F0C0C0C0A9
:10579400C0C0C0C0F00001C0C060603018180C0C5C
:1057A4000003F030303030303030F000013078CC4D
:1057B4008400000000000001000000000000000060
:1057C400FCFC03C060300000000000000001000089
:1057D40000780C7CCCCC7C0001C0C0C0D8ECCCCC14
:1057E400ECD8000100000078CCC0C0CC7800010CDB
:1057F4000C0C6CDCCCCCDC6C000100000078CCFC24
:10580400C0CC780001386C6060F0606060600001BA
:1058140000000074CCCCCC7C0C7801C0C0C0D8ECA7
:10582400CCCCCCCC0003606000E060606060F00031
:10583400010C0C000C0C0C0C0CCC7801C0C0C0CCBE
:10584400D8F0F0D8CC00017030303030303030FC3B
:105854000000000000ECFED6D6D6D6000100000001
:10586400D8ECCCCCCCCC000100000078CCCCCCCC97
:10587400780001000000D8ECCCCCF8C0C0010000D6
:10588400006CDCCCCC7C0C0C01000000D8ECC0C05B
:10589400C0C0000100000078CC6018CC7800010082
:1058A4006060F86060606C380001000000CCCCCC13
:1058B400CCDC6C0001000000CCCC48483030000047
:1058C400000000C6C6D6D6FE6C0001000000CC481D
:1058D400303048CC0001000000CCCCCC7C0CCC781F
:1058E40001000000FC0C1860C0FC0002386060601D
:1058F400C060606038000360606060606060606029
:105904000002E030303018303030E0000164FC98A0
:105914000000000000000000482101084C2101089B
:10592400117C0008518E0008582101085C210108EF
:10593400297C0008518E00086C210108E017010839
:10594400A17C0008A97C0008742101087C210108BD
:10595400B17C0008ED7C0008842101088C21010839
:10596400B17C0008ED7C000898210108A021010801
:105974007D7D0008B97D0008A8210108B021010837
:105984007D7D0008F57D0008BC2101087C2101080B
:10599400E57D0008F57D0008C82101088C21010877
:1059A400E57D0008F57D0008D42101087C2101086B
:1059B400157E0008417E0008E02101088C210108C1
:1059C400157E0008417E0008EC2101087C210108B5
:1059D4009D7E0008C57E0008F82101088C2101087D
:0C59E4009D7E0008C57E00082A323A00B3
:0859F00050AFFE7F0100000032
:1059F80001000000564E4F436EA3E111E02E000057
:105A08007C019902100E7A0D10008207C201030072
:105A180000460000FFFF8410E73C0000D69AFFE034
:105A280007FF07E0F81FF800001F1F00F80087F0C5
:105A3800FFFF8410001FC6380000FFFFFFFF630C44
:105A48001F00F8000018000000000000000000001F
:105A5800000000000096000080BA8C010000484257
:105A680002000000000000000040380000000800AC
:105A7800DF5EF8FF26000000EC440108000000008B
:105A8800000000000000000000000000FF003101DD
:045A9800D101000038
:04000005080001A14D
:00000001FF
